pairing,mode,prompt_id,x_lean_gap,net_bias_panel,n_models
us_ally,he,p2s-000-r1,1.5223,0.0,24
us_ally,he,p2s-003-r1,1.4005,0.0,24
us_ally,he,p2s-006-r1,1.4814,0.0,23
us_ally,he,p2s-009-r1,1.0732,-0.041666666666666664,24
us_ally,he,p2s-012-r1,1.5411000000000001,0.0,24
us_ally,he,p2s-015-r1,1.446,0.041666666666666664,24
us_ally,he,p2s-018-r1,1.4092,0.0,24
us_ally,he,p2s-021-r1,1.5407,0.0,24
us_ally,he,p2s-024-r1,1.4969000000000001,-0.041666666666666664,24
us_ally,he,p2s-027-r1,1.0756000000000001,0.0,24
us_ally,he,p2s-030-r1,1.4916,0.0,24
us_ally,he,p2s-033-r1,1.4759,0.041666666666666664,24
us_ally,he,p2s-036-r1,1.3458,0.041666666666666664,24
us_ally,he,p2s-039-r1,1.4902,0.0,24
us_ally,he,p2s-042-r1,1.5393,0.0,24
us_ally,he,p2s-045-r1,1.2107999999999999,0.0,24
us_ally,he,p2s-048-r1,1.3384,0.041666666666666664,24
us_ally,he,p2s-051-r1,1.3524,-0.041666666666666664,24
us_ally,he,p2s-054-r1,1.338,0.08333333333333333,24
us_ally,he,p2s-057-r1,1.4866000000000001,-0.08333333333333333,24
us_ally,he,p2s-060-r1,1.4704000000000002,0.08333333333333333,24
us_ally,he,p2s-063-r1,1.5223,-0.041666666666666664,24
us_ally,he,p2s-066-r1,1.4005,-0.08333333333333333,24
us_ally,he,p2s-069-r1,1.4814,0.16666666666666666,24
us_ally,he,p2s-072-r1,1.4969000000000001,0.0,24
us_ally,he,p2s-075-r1,1.3458,0.041666666666666664,24
us_ally,he,p2s-078-r1,1.4759,0.0,24
us_ally,he,p2s-081-r1,1.5393,0.041666666666666664,24
us_ally,he,p2s-084-r1,1.2107999999999999,0.0,24
us_ally,he,p2s-087-r1,1.3384,0.0,24
us_ally,he,p2s-090-r1,1.446,0.125,24
us_ally,he,p2s-093-r1,1.0756000000000001,0.041666666666666664,24
us_ally,he,p2s-096-r1,1.0732,-0.125,24
us_ally,he,p2s-099-r1,1.4916,0.0,24
us_ally,he,p2s-102-r1,1.5407,-0.041666666666666664,24
us_ally,he,p2s-105-r1,1.4866000000000001,0.041666666666666664,24
us_ally,he,p2s-108-r1,1.3524,0.0,24
us_ally,he,p2s-111-r1,1.338,-0.041666666666666664,24
us_ally,he,p2s-114-r1,1.4092,0.0,24
us_ally,he,p2s-117-r1,1.5411000000000001,0.0,24
us_ally,he,p2s-120-r1,1.4902,0.0,24
us_ally,he,p2s-123-r1,1.4704000000000002,0.0,24
us_ally,he,p2s-126-r1,1.4866000000000001,0.0,24
us_ally,he,p2s-129-r1,1.4704000000000002,0.0,24
us_ally,he,p2s-132-r1,1.0756000000000001,-0.041666666666666664,24
us_ally,he,p2s-135-r1,1.4814,0.0,24
us_ally,he,p2s-138-r1,1.446,0.0,24
us_ally,he,p2s-141-r1,1.4902,0.08333333333333333,24
us_ally,he,p2s-144-r1,1.5393,0.0,24
us_ally,he,p2s-147-r1,1.4916,0.041666666666666664,24
us_ally,he,p2s-150-r1,1.3524,0.0,24
us_ally,he,p2s-153-r1,1.3458,0.0,24
us_ally,he,p2s-156-r1,1.5411000000000001,0.0,24
us_ally,he,p2s-159-r1,1.4759,0.0,24
us_ally,he,p2s-162-r1,1.5407,0.041666666666666664,24
us_ally,he,p2s-165-r1,1.5223,-0.041666666666666664,24
us_ally,he,p2s-168-r1,1.0732,0.0,24
us_ally,he,p2s-171-r1,1.4005,0.0,24
us_ally,he,p2s-174-r1,1.4092,0.0,24
us_ally,he,p2s-177-r1,1.4969000000000001,0.0,24
us_ally,he,p2s-180-r1,1.2107999999999999,0.0,24
us_ally,he,p2s-183-r1,1.338,0.0,23
us_ally,he,p2s-186-r1,1.3384,0.0,24
us_ally,he,p2s-189-r1,1.0732,0.0,24
us_ally,he,p2s-192-r1,1.4005,0.0,24
us_ally,he,p2s-195-r1,1.5393,0.0,24
us_ally,he,p2s-198-r1,1.2107999999999999,0.0,24
us_ally,he,p2s-201-r1,1.338,0.0,24
us_ally,he,p2s-204-r1,1.4814,0.041666666666666664,24
us_ally,he,p2s-207-r1,1.4969000000000001,0.0,24
us_ally,he,p2s-210-r1,1.5411000000000001,0.0,24
us_ally,he,p2s-213-r1,1.5223,0.08333333333333333,24
us_ally,he,p2s-216-r1,1.3524,-0.041666666666666664,24
us_ally,he,p2s-219-r1,1.3384,0.0,24
us_ally,he,p2s-222-r1,1.0756000000000001,0.0,24
us_ally,he,p2s-225-r1,1.4704000000000002,0.0,24
us_ally,he,p2s-228-r1,1.446,0.0,24
us_ally,he,p2s-231-r1,1.5407,0.0,24
us_ally,he,p2s-234-r1,1.4916,0.08333333333333333,24
us_ally,he,p2s-237-r1,1.4092,0.0,24
us_ally,he,p2s-240-r1,1.4902,0.0,24
us_ally,he,p2s-243-r1,1.4759,0.041666666666666664,24
us_ally,he,p2s-246-r1,1.3458,0.0,24
us_ally,he,p2s-249-r1,1.4866000000000001,0.0,24
us_ally,he,p2s-252-r1,1.4969000000000001,0.0,24
us_ally,he,p2s-255-r1,1.4759,0.041666666666666664,24
us_ally,he,p2s-258-r1,1.4902,0.0,24
us_ally,he,p2s-261-r1,1.5393,-0.041666666666666664,24
us_ally,he,p2s-264-r1,1.338,0.041666666666666664,24
us_ally,he,p2s-267-r1,1.4704000000000002,0.0,24
us_ally,he,p2s-270-r1,1.4005,0.16666666666666666,24
us_ally,he,p2s-273-r1,1.5407,0.0,24
us_ally,he,p2s-276-r1,1.4814,0.0,24
us_ally,he,p2s-279-r1,1.5223,-0.08333333333333333,24
us_ally,he,p2s-282-r1,1.3524,0.041666666666666664,24
us_ally,he,p2s-285-r1,1.446,0.0,24
us_ally,he,p2s-288-r1,1.4866000000000001,0.0,24
us_ally,he,p2s-291-r1,1.4916,0.0,24
us_ally,he,p2s-294-r1,1.0732,0.0,24
us_ally,he,p2s-297-r1,1.4092,-0.16666666666666666,24
us_ally,he,p2s-300-r1,1.2107999999999999,-0.041666666666666664,24
us_ally,he,p2s-303-r1,1.0756000000000001,0.0,24
us_ally,he,p2s-306-r1,1.5411000000000001,0.0,24
us_ally,he,p2s-309-r1,1.3384,-0.08333333333333333,24
us_ally,he,p2s-312-r1,1.3458,-0.08333333333333333,24
us_ally,he,p2s-315-r1,1.4092,0.0,24
us_ally,he,p2s-318-r1,1.4005,-0.041666666666666664,24
us_ally,he,p2s-321-r1,1.4916,0.0,24
us_ally,he,p2s-324-r1,1.0732,-0.125,24
us_ally,he,p2s-327-r1,1.3524,0.041666666666666664,24
us_ally,he,p2s-330-r1,1.2107999999999999,-0.20833333333333334,24
us_ally,he,p2s-333-r1,1.0756000000000001,0.0,24
us_ally,he,p2s-336-r1,1.4866000000000001,0.08333333333333333,24
us_ally,he,p2s-339-r1,1.3458,-0.041666666666666664,24
us_ally,he,p2s-342-r1,1.4704000000000002,0.0,24
us_ally,he,p2s-345-r1,1.446,0.08333333333333333,24
us_ally,he,p2s-348-r1,1.4969000000000001,0.0,24
us_ally,he,p2s-351-r1,1.5411000000000001,-0.041666666666666664,24
us_ally,he,p2s-354-r1,1.3384,0.041666666666666664,24
us_ally,he,p2s-357-r1,1.5223,0.25,24
us_ally,he,p2s-360-r1,1.338,-0.041666666666666664,24
us_ally,he,p2s-363-r1,1.4759,0.0,24
us_ally,he,p2s-366-r1,1.5393,-0.16666666666666666,24
us_ally,he,p2s-369-r1,1.5407,0.0,24
us_ally,he,p2s-372-r1,1.4814,0.0,24
us_ally,he,p2s-375-r1,1.4902,0.0,24
us_ally,he,p2s-378-r1,1.4005,0.0,24
us_ally,he,p2s-381-r1,1.0732,0.0,24
us_ally,he,p2s-384-r1,1.5411000000000001,0.08333333333333333,24
us_ally,he,p2s-387-r1,1.4814,0.0,24
us_ally,he,p2s-390-r1,1.4969000000000001,0.0,24
us_ally,he,p2s-393-r1,1.0756000000000001,0.0,24
us_ally,he,p2s-396-r1,1.5223,0.0,24
us_ally,he,p2s-399-r1,1.4916,0.0,24
us_ally,he,p2s-402-r1,1.446,0.0,24
us_ally,he,p2s-405-r1,1.3524,0.0,24
us_ally,he,p2s-408-r1,1.5407,0.08333333333333333,24
us_ally,he,p2s-411-r1,1.5393,0.041666666666666664,24
us_ally,he,p2s-414-r1,1.3384,0.0,24
us_ally,he,p2s-417-r1,1.4092,0.0,24
us_ally,he,p2s-420-r1,1.4759,0.041666666666666664,24
us_ally,he,p2s-423-r1,1.3458,0.0,24
us_ally,he,p2s-426-r1,1.2107999999999999,0.125,24
us_ally,he,p2s-429-r1,1.4902,-0.08333333333333333,24
us_ally,he,p2s-432-r1,1.338,0.0,24
us_ally,he,p2s-435-r1,1.4704000000000002,0.25,24
us_ally,he,p2s-438-r1,1.4866000000000001,0.0,24
us_ally,he,p2s-441-r1,1.4916,0.0,24
us_ally,he,p2s-444-r1,1.4969000000000001,0.0,24
us_ally,he,p2s-447-r1,1.4092,0.0,24
us_ally,he,p2s-450-r1,1.5393,-0.125,24
us_ally,he,p2s-453-r1,1.5407,0.08333333333333333,24
us_ally,he,p2s-456-r1,1.446,0.0,24
us_ally,he,p2s-459-r1,1.0732,0.0,24
us_ally,he,p2s-462-r1,1.338,0.0,24
us_ally,he,p2s-465-r1,1.5223,0.0,24
us_ally,he,p2s-468-r1,1.4005,0.041666666666666664,24
us_ally,he,p2s-471-r1,1.4814,0.0,24
us_ally,he,p2s-474-r1,1.4759,0.0,24
us_ally,he,p2s-477-r1,1.0756000000000001,0.0,24
us_ally,he,p2s-480-r1,1.4866000000000001,0.0,24
us_ally,he,p2s-483-r1,1.3458,0.0,24
us_ally,he,p2s-486-r1,1.2107999999999999,0.0,24
us_ally,he,p2s-489-r1,1.3384,-0.08333333333333333,24
us_ally,he,p2s-492-r1,1.3524,0.0,24
us_ally,he,p2s-495-r1,1.4704000000000002,0.0,24
us_ally,he,p2s-498-r1,1.4902,0.0,24
us_ally,he,p2s-501-r1,1.5411000000000001,0.0,24
us_ally,he,p2s-504-r1,1.5223,-0.041666666666666664,24
us_ally,he,p2s-507-r1,1.4005,0.0,24
us_ally,he,p2s-510-r1,1.4916,0.0,24
us_ally,he,p2s-513-r1,1.5407,0.0,24
us_ally,he,p2s-516-r1,1.4092,-0.08333333333333333,24
us_ally,he,p2s-519-r1,1.4969000000000001,-0.08333333333333333,24
us_ally,he,p2s-522-r1,1.3524,0.0,24
us_ally,he,p2s-525-r1,1.338,-0.125,24
us_ally,he,p2s-528-r1,1.446,0.041666666666666664,24
us_ally,he,p2s-531-r1,1.4814,0.0,24
us_ally,he,p2s-534-r1,1.5393,0.0,24
us_ally,he,p2s-537-r1,1.0732,0.041666666666666664,24
us_ally,he,p2s-540-r1,1.0756000000000001,0.041666666666666664,24
us_ally,he,p2s-543-r1,1.4902,0.0,24
us_ally,he,p2s-546-r1,1.4759,-0.041666666666666664,24
us_ally,he,p2s-549-r1,1.3458,0.0,24
us_ally,he,p2s-552-r1,1.2107999999999999,0.0,24
us_ally,he,p2s-555-r1,1.3384,0.0,24
us_ally,he,p2s-558-r1,1.4704000000000002,0.0,24
us_ally,he,p2s-561-r1,1.4866000000000001,0.0,24
us_ally,he,p2s-564-r1,1.5411000000000001,0.0,24
us_ally,he,p2s-567-r1,1.5407,0.041666666666666664,24
us_ally,he,p2s-570-r1,1.5223,-0.08333333333333333,24
us_ally,he,p2s-573-r1,1.5393,0.041666666666666664,24
us_ally,de,p2s-001-r1,1.5407,0.0,24
us_ally,de,p2s-004-r1,1.4969000000000001,-0.041666666666666664,24
us_ally,de,p2s-007-r1,1.4092,0.125,24
us_ally,de,p2s-010-r1,1.2107999999999999,0.0,24
us_ally,de,p2s-013-r1,1.3384,0.041666666666666664,24
us_ally,de,p2s-016-r1,1.3458,0.0,24
us_ally,de,p2s-019-r1,1.4814,0.0,24
us_ally,de,p2s-022-r1,1.5223,0.0,24
us_ally,de,p2s-025-r1,1.4005,0.041666666666666664,24
us_ally,de,p2s-028-r1,1.5393,0.0,24
us_ally,de,p2s-031-r1,1.3524,0.0,24
us_ally,de,p2s-034-r1,1.4704000000000002,-0.041666666666666664,24
us_ally,de,p2s-037-r1,1.5411000000000001,0.041666666666666664,24
us_ally,de,p2s-040-r1,1.446,0.0,24
us_ally,de,p2s-043-r1,1.4916,0.041666666666666664,24
us_ally,de,p2s-046-r1,1.4866000000000001,0.0,24
us_ally,de,p2s-049-r1,1.0756000000000001,-0.041666666666666664,24
us_ally,de,p2s-052-r1,1.0732,-0.08333333333333333,24
us_ally,de,p2s-055-r1,1.4759,-0.08333333333333333,24
us_ally,de,p2s-058-r1,1.4902,0.041666666666666664,24
us_ally,de,p2s-061-r1,1.338,-0.125,24
us_ally,de,p2s-064-r1,1.5407,0.041666666666666664,24
us_ally,de,p2s-067-r1,1.5393,0.125,24
us_ally,de,p2s-070-r1,1.4916,0.0,24
us_ally,de,p2s-073-r1,1.4005,0.0,24
us_ally,de,p2s-076-r1,1.4902,0.0,24
us_ally,de,p2s-079-r1,1.5223,0.041666666666666664,24
us_ally,de,p2s-082-r1,1.4092,0.041666666666666664,24
us_ally,de,p2s-085-r1,1.5411000000000001,0.08333333333333333,24
us_ally,de,p2s-088-r1,1.0756000000000001,0.0,24
us_ally,de,p2s-091-r1,1.4704000000000002,-0.08333333333333333,24
us_ally,de,p2s-094-r1,1.4759,0.0,24
us_ally,de,p2s-097-r1,1.3524,0.08333333333333333,24
us_ally,de,p2s-100-r1,1.4969000000000001,0.20833333333333334,24
us_ally,de,p2s-103-r1,1.3458,0.08333333333333333,24
us_ally,de,p2s-106-r1,1.4814,0.041666666666666664,24
us_ally,de,p2s-109-r1,1.0732,0.08333333333333333,24
us_ally,de,p2s-112-r1,1.4866000000000001,0.041666666666666664,24
us_ally,de,p2s-115-r1,1.446,0.041666666666666664,24
us_ally,de,p2s-118-r1,1.2107999999999999,0.041666666666666664,24
us_ally,de,p2s-121-r1,1.338,0.08333333333333333,24
us_ally,de,p2s-124-r1,1.3384,-0.041666666666666664,24
us_ally,de,p2s-127-r1,1.5223,0.041666666666666664,24
us_ally,de,p2s-130-r1,1.5407,-0.041666666666666664,24
us_ally,de,p2s-133-r1,1.4092,0.125,24
us_ally,de,p2s-136-r1,1.5411000000000001,0.0,24
us_ally,de,p2s-139-r1,1.4916,0.0,24
us_ally,de,p2s-142-r1,1.4759,0.08333333333333333,24
us_ally,de,p2s-145-r1,1.4814,0.0,24
us_ally,de,p2s-148-r1,1.2107999999999999,0.125,24
us_ally,de,p2s-151-r1,1.3384,-0.08333333333333333,24
us_ally,de,p2s-154-r1,1.338,0.0,24
us_ally,de,p2s-157-r1,1.446,0.0,24
us_ally,de,p2s-160-r1,1.0756000000000001,0.0,24
us_ally,de,p2s-163-r1,1.4005,0.08333333333333333,24
us_ally,de,p2s-166-r1,1.4969000000000001,0.041666666666666664,24
us_ally,de,p2s-169-r1,1.4704000000000002,-0.041666666666666664,24
us_ally,de,p2s-172-r1,1.4866000000000001,0.0,24
us_ally,de,p2s-175-r1,1.0732,0.041666666666666664,24
us_ally,de,p2s-178-r1,1.4902,0.08333333333333333,24
us_ally,de,p2s-181-r1,1.3524,0.16666666666666666,24
us_ally,de,p2s-184-r1,1.3458,0.041666666666666664,24
us_ally,de,p2s-187-r1,1.5393,0.0,24
us_ally,de,p2s-190-r1,1.4866000000000001,0.08333333333333333,24
us_ally,de,p2s-193-r1,1.5223,0.08333333333333333,24
us_ally,de,p2s-196-r1,1.4092,0.08333333333333333,24
us_ally,de,p2s-199-r1,1.3458,-0.041666666666666664,24
us_ally,de,p2s-202-r1,1.5407,0.0,24
us_ally,de,p2s-205-r1,1.5393,0.08333333333333333,24
us_ally,de,p2s-208-r1,1.4916,0.0,24
us_ally,de,p2s-211-r1,1.4005,0.041666666666666664,24
us_ally,de,p2s-214-r1,1.3384,0.041666666666666664,24
us_ally,de,p2s-217-r1,1.4902,0.041666666666666664,24
us_ally,de,p2s-220-r1,1.446,-0.125,24
us_ally,de,p2s-223-r1,1.338,0.125,24
us_ally,de,p2s-226-r1,1.2107999999999999,0.0,24
us_ally,de,p2s-229-r1,1.4814,-0.08333333333333333,24
us_ally,de,p2s-232-r1,1.5411000000000001,0.0,24
us_ally,de,p2s-235-r1,1.0732,-0.125,24
us_ally,de,p2s-238-r1,1.4969000000000001,0.041666666666666664,24
us_ally,de,p2s-241-r1,1.0756000000000001,0.0,24
us_ally,de,p2s-244-r1,1.4704000000000002,0.16666666666666666,24
us_ally,de,p2s-247-r1,1.4759,0.041666666666666664,24
us_ally,de,p2s-250-r1,1.3524,0.041666666666666664,24
us_ally,de,p2s-253-r1,1.5407,0.0,24
us_ally,de,p2s-256-r1,1.4916,0.0,24
us_ally,de,p2s-259-r1,1.0756000000000001,0.041666666666666664,24
us_ally,de,p2s-262-r1,1.4092,-0.043478260869565216,23
us_ally,de,p2s-265-r1,1.3524,-0.041666666666666664,24
us_ally,de,p2s-268-r1,1.4866000000000001,0.0,24
us_ally,de,p2s-271-r1,1.3384,0.08333333333333333,24
us_ally,de,p2s-274-r1,1.4759,0.0,24
us_ally,de,p2s-277-r1,1.4969000000000001,0.0,24
us_ally,de,p2s-280-r1,1.5393,0.041666666666666664,24
us_ally,de,p2s-283-r1,1.5411000000000001,0.4166666666666667,24
us_ally,de,p2s-286-r1,1.3458,0.041666666666666664,24
us_ally,de,p2s-289-r1,1.4704000000000002,-0.041666666666666664,24
us_ally,de,p2s-292-r1,1.4902,0.041666666666666664,24
us_ally,de,p2s-295-r1,1.5223,0.041666666666666664,24
us_ally,de,p2s-298-r1,1.338,-0.041666666666666664,24
us_ally,de,p2s-301-r1,1.0732,0.08333333333333333,24
us_ally,de,p2s-304-r1,1.4005,0.041666666666666664,24
us_ally,de,p2s-307-r1,1.446,0.041666666666666664,24
us_ally,de,p2s-310-r1,1.2107999999999999,0.0,24
us_ally,de,p2s-313-r1,1.4814,0.0,24
us_ally,de,p2s-316-r1,1.0732,-0.043478260869565216,23
us_ally,de,p2s-319-r1,1.5411000000000001,0.0,24
us_ally,de,p2s-322-r1,1.0756000000000001,0.08333333333333333,24
us_ally,de,p2s-325-r1,1.4969000000000001,0.0,24
us_ally,de,p2s-328-r1,1.5223,0.08333333333333333,24
us_ally,de,p2s-331-r1,1.5393,0.16666666666666666,24
us_ally,de,p2s-334-r1,1.4759,0.0,24
us_ally,de,p2s-337-r1,1.4902,-0.08333333333333333,24
us_ally,de,p2s-340-r1,1.5407,0.20833333333333334,24
us_ally,de,p2s-343-r1,1.4814,0.041666666666666664,24
us_ally,de,p2s-346-r1,1.3524,0.0,24
us_ally,de,p2s-349-r1,1.4005,0.0,24
us_ally,de,p2s-352-r1,1.338,-0.125,24
us_ally,de,p2s-355-r1,1.4092,0.0,24
us_ally,de,p2s-358-r1,1.3458,0.125,24
us_ally,de,p2s-361-r1,1.4916,0.0,24
us_ally,de,p2s-364-r1,1.446,-0.041666666666666664,24
us_ally,de,p2s-367-r1,1.4866000000000001,-0.08333333333333333,24
us_ally,de,p2s-370-r1,1.2107999999999999,0.08333333333333333,24
us_ally,de,p2s-373-r1,1.3384,0.0,24
us_ally,de,p2s-376-r1,1.4704000000000002,0.0,24
us_ally,de,p2s-379-r1,1.4092,-0.041666666666666664,24
us_ally,de,p2s-382-r1,1.2107999999999999,0.125,24
us_ally,de,p2s-385-r1,1.338,-0.041666666666666664,24
us_ally,de,p2s-388-r1,1.4759,-0.08333333333333333,24
us_ally,de,p2s-391-r1,1.3384,-0.08333333333333333,24
us_ally,de,p2s-394-r1,1.5393,-0.20833333333333334,24
us_ally,de,p2s-397-r1,1.446,0.0,23
us_ally,de,p2s-400-r1,1.4005,0.16666666666666666,24
us_ally,de,p2s-403-r1,1.4969000000000001,0.0,24
us_ally,de,p2s-406-r1,1.0732,0.0,24
us_ally,de,p2s-409-r1,1.4916,0.0,24
us_ally,de,p2s-412-r1,1.5411000000000001,0.0,24
us_ally,de,p2s-415-r1,1.5223,-0.041666666666666664,24
us_ally,de,p2s-418-r1,1.3524,-0.08333333333333333,24
us_ally,de,p2s-421-r1,1.0756000000000001,0.041666666666666664,24
us_ally,de,p2s-424-r1,1.5407,0.041666666666666664,24
us_ally,de,p2s-427-r1,1.4814,-0.041666666666666664,24
us_ally,de,p2s-430-r1,1.4704000000000002,-0.08333333333333333,24
us_ally,de,p2s-433-r1,1.3458,0.16666666666666666,24
us_ally,de,p2s-436-r1,1.4902,0.08333333333333333,24
us_ally,de,p2s-439-r1,1.4866000000000001,-0.08333333333333333,24
us_ally,de,p2s-442-r1,1.2107999999999999,0.0,24
us_ally,de,p2s-445-r1,1.4005,-0.08333333333333333,24
us_ally,de,p2s-448-r1,1.5223,-0.041666666666666664,24
us_ally,de,p2s-451-r1,1.3384,0.041666666666666664,24
us_ally,de,p2s-454-r1,1.4092,-0.041666666666666664,24
us_ally,de,p2s-457-r1,1.4916,-0.041666666666666664,24
us_ally,de,p2s-460-r1,1.3524,0.041666666666666664,24
us_ally,de,p2s-463-r1,1.5407,0.0,24
us_ally,de,p2s-466-r1,1.0756000000000001,-0.041666666666666664,24
us_ally,de,p2s-469-r1,1.4969000000000001,-0.041666666666666664,24
us_ally,de,p2s-472-r1,1.5393,-0.16666666666666666,24
us_ally,de,p2s-475-r1,1.0732,-0.041666666666666664,24
us_ally,de,p2s-478-r1,1.5411000000000001,0.041666666666666664,24
us_ally,de,p2s-481-r1,1.446,-0.041666666666666664,24
us_ally,de,p2s-484-r1,1.4902,-0.041666666666666664,24
us_ally,de,p2s-487-r1,1.4814,0.0,24
us_ally,de,p2s-490-r1,1.3458,0.041666666666666664,24
us_ally,de,p2s-493-r1,1.338,0.0,24
us_ally,de,p2s-496-r1,1.4759,0.0,24
us_ally,de,p2s-499-r1,1.4704000000000002,0.0,24
us_ally,de,p2s-502-r1,1.4866000000000001,0.0,24
us_ally,de,p2s-505-r1,1.5407,0.16666666666666666,24
us_ally,de,p2s-508-r1,1.5223,0.08333333333333333,24
us_ally,de,p2s-511-r1,1.2107999999999999,0.0,24
us_ally,de,p2s-514-r1,1.0756000000000001,0.08333333333333333,24
us_ally,de,p2s-517-r1,1.0732,0.0,24
us_ally,de,p2s-520-r1,1.4005,0.3333333333333333,24
us_ally,de,p2s-523-r1,1.5411000000000001,0.0,24
us_ally,de,p2s-526-r1,1.5393,-0.08333333333333333,24
us_ally,de,p2s-529-r1,1.3458,0.125,24
us_ally,de,p2s-532-r1,1.4969000000000001,0.041666666666666664,24
us_ally,de,p2s-535-r1,1.338,0.0,24
us_ally,de,p2s-538-r1,1.3384,0.041666666666666664,24
us_ally,de,p2s-541-r1,1.4916,0.041666666666666664,24
us_ally,de,p2s-544-r1,1.4866000000000001,0.0,24
us_ally,de,p2s-547-r1,1.4092,0.041666666666666664,24
us_ally,de,p2s-550-r1,1.4704000000000002,0.041666666666666664,24
us_ally,de,p2s-553-r1,1.4902,0.0,24
us_ally,de,p2s-556-r1,1.4814,0.08333333333333333,24
us_ally,de,p2s-559-r1,1.4759,0.0,24
us_ally,de,p2s-562-r1,1.3524,0.08333333333333333,24
us_ally,de,p2s-565-r1,1.446,0.0,24
us_ally,de,p2s-568-r1,1.4814,-0.041666666666666664,24
us_ally,de,p2s-571-r1,1.0756000000000001,-0.125,24
us_ally,de,p2s-574-r1,1.446,-0.08333333333333333,24
us_ally,pg,p2s-002-r1,1.0756000000000001,0.041666666666666664,24
us_ally,pg,p2s-005-r1,1.5393,0.08333333333333333,24
us_ally,pg,p2s-008-r1,1.4916,0.08333333333333333,24
us_ally,pg,p2s-011-r1,1.3524,0.0,24
us_ally,pg,p2s-014-r1,1.4759,0.0,24
us_ally,pg,p2s-017-r1,1.4902,0.0,24
us_ally,pg,p2s-020-r1,1.0732,0.0,24
us_ally,pg,p2s-023-r1,1.2107999999999999,0.041666666666666664,24
us_ally,pg,p2s-026-r1,1.5411000000000001,0.16666666666666666,24
us_ally,pg,p2s-029-r1,1.3384,0.125,24
us_ally,pg,p2s-032-r1,1.446,-0.041666666666666664,24
us_ally,pg,p2s-035-r1,1.4866000000000001,0.041666666666666664,24
us_ally,pg,p2s-038-r1,1.4005,0.08333333333333333,24
us_ally,pg,p2s-041-r1,1.5223,0.0,23
us_ally,pg,p2s-044-r1,1.4704000000000002,-0.041666666666666664,24
us_ally,pg,p2s-047-r1,1.338,0.125,24
us_ally,pg,p2s-050-r1,1.4814,-0.041666666666666664,24
us_ally,pg,p2s-053-r1,1.4092,-0.041666666666666664,24
us_ally,pg,p2s-056-r1,1.4969000000000001,0.041666666666666664,24
us_ally,pg,p2s-059-r1,1.3458,0.16666666666666666,24
us_ally,pg,p2s-062-r1,1.5407,0.041666666666666664,24
us_ally,pg,p2s-065-r1,1.0756000000000001,0.0,24
us_ally,pg,p2s-068-r1,1.4092,0.0,24
us_ally,pg,p2s-071-r1,1.2107999999999999,-0.08333333333333333,24
us_ally,pg,p2s-074-r1,1.4814,0.0,24
us_ally,pg,p2s-077-r1,1.4866000000000001,-0.041666666666666664,24
us_ally,pg,p2s-080-r1,1.5407,0.0,24
us_ally,pg,p2s-083-r1,1.0732,0.16666666666666666,24
us_ally,pg,p2s-086-r1,1.4704000000000002,-0.125,24
us_ally,pg,p2s-089-r1,1.3524,0.08333333333333333,24
us_ally,pg,p2s-092-r1,1.4902,0.125,24
us_ally,pg,p2s-095-r1,1.5411000000000001,0.0,24
us_ally,pg,p2s-098-r1,1.5393,-0.20833333333333334,24
us_ally,pg,p2s-101-r1,1.338,-0.041666666666666664,24
us_ally,pg,p2s-104-r1,1.4005,0.16666666666666666,24
us_ally,pg,p2s-107-r1,1.5223,0.041666666666666664,24
us_ally,pg,p2s-110-r1,1.3384,0.0,24
us_ally,pg,p2s-113-r1,1.4916,0.041666666666666664,24
us_ally,pg,p2s-116-r1,1.4969000000000001,-0.16666666666666666,24
us_ally,pg,p2s-119-r1,1.4759,-0.041666666666666664,24
us_ally,pg,p2s-122-r1,1.3458,0.0,24
us_ally,pg,p2s-125-r1,1.446,0.0,24
us_ally,pg,p2s-128-r1,1.4005,-0.041666666666666664,24
us_ally,pg,p2s-131-r1,1.2107999999999999,0.20833333333333334,24
us_ally,pg,p2s-134-r1,1.0732,0.0,24
us_ally,pg,p2s-137-r1,1.4969000000000001,-0.041666666666666664,24
us_ally,pg,p2s-140-r1,1.3524,0.0,24
us_ally,pg,p2s-143-r1,1.3458,0.08333333333333333,24
us_ally,pg,p2s-146-r1,1.4092,0.0,24
us_ally,pg,p2s-149-r1,1.4704000000000002,0.08333333333333333,24
us_ally,pg,p2s-152-r1,1.4866000000000001,0.08333333333333333,24
us_ally,pg,p2s-155-r1,1.5223,-0.041666666666666664,24
us_ally,pg,p2s-158-r1,1.338,-0.041666666666666664,24
us_ally,pg,p2s-161-r1,1.3384,0.08333333333333333,24
us_ally,pg,p2s-164-r1,1.5393,-0.125,24
us_ally,pg,p2s-167-r1,1.4902,0.041666666666666664,24
us_ally,pg,p2s-170-r1,1.446,0.125,24
us_ally,pg,p2s-173-r1,1.5407,0.041666666666666664,24
us_ally,pg,p2s-176-r1,1.4916,0.125,24
us_ally,pg,p2s-179-r1,1.4814,0.0,24
us_ally,pg,p2s-182-r1,1.0756000000000001,-0.08333333333333333,24
us_ally,pg,p2s-185-r1,1.5411000000000001,0.0,24
us_ally,pg,p2s-188-r1,1.4759,0.041666666666666664,24
us_ally,pg,p2s-191-r1,1.5407,-0.041666666666666664,24
us_ally,pg,p2s-194-r1,1.4969000000000001,-0.08333333333333333,24
us_ally,pg,p2s-197-r1,1.5411000000000001,0.0,24
us_ally,pg,p2s-200-r1,1.4902,0.16666666666666666,24
us_ally,pg,p2s-203-r1,1.0756000000000001,0.0,24
us_ally,pg,p2s-206-r1,1.4092,-0.041666666666666664,24
us_ally,pg,p2s-209-r1,1.3524,-0.20833333333333334,24
us_ally,pg,p2s-212-r1,1.0732,-0.125,24
us_ally,pg,p2s-215-r1,1.4759,0.125,24
us_ally,pg,p2s-218-r1,1.3458,0.125,24
us_ally,pg,p2s-221-r1,1.4866000000000001,0.0,24
us_ally,pg,p2s-224-r1,1.5223,0.08333333333333333,24
us_ally,pg,p2s-227-r1,1.4005,0.0,24
us_ally,pg,p2s-230-r1,1.4704000000000002,-0.041666666666666664,24
us_ally,pg,p2s-233-r1,1.5393,0.041666666666666664,24
us_ally,pg,p2s-236-r1,1.338,0.0,24
us_ally,pg,p2s-239-r1,1.3384,0.0,24
us_ally,pg,p2s-242-r1,1.2107999999999999,0.041666666666666664,24
us_ally,pg,p2s-245-r1,1.446,-0.125,24
us_ally,pg,p2s-248-r1,1.4814,0.041666666666666664,24
us_ally,pg,p2s-251-r1,1.4916,-0.041666666666666664,24
us_ally,pg,p2s-254-r1,1.4814,-0.041666666666666664,24
us_ally,pg,p2s-257-r1,1.0732,0.041666666666666664,24
us_ally,pg,p2s-260-r1,1.5407,0.0,24
us_ally,pg,p2s-263-r1,1.2107999999999999,0.041666666666666664,24
us_ally,pg,p2s-266-r1,1.5411000000000001,-0.16666666666666666,24
us_ally,pg,p2s-269-r1,1.5223,0.041666666666666664,24
us_ally,pg,p2s-272-r1,1.3458,0.041666666666666664,24
us_ally,pg,p2s-275-r1,1.0756000000000001,-0.041666666666666664,24
us_ally,pg,p2s-278-r1,1.446,0.0,23
us_ally,pg,p2s-281-r1,1.4092,0.125,24
us_ally,pg,p2s-284-r1,1.3384,0.041666666666666664,24
us_ally,pg,p2s-287-r1,1.4759,0.041666666666666664,24
us_ally,pg,p2s-290-r1,1.4005,-0.041666666666666664,24
us_ally,pg,p2s-293-r1,1.4969000000000001,0.0,24
us_ally,pg,p2s-296-r1,1.3524,0.08333333333333333,24
us_ally,pg,p2s-299-r1,1.4916,0.0,24
us_ally,pg,p2s-302-r1,1.338,-0.125,24
us_ally,pg,p2s-305-r1,1.5393,0.0,24
us_ally,pg,p2s-308-r1,1.4866000000000001,0.125,24
us_ally,pg,p2s-311-r1,1.4902,-0.041666666666666664,24
us_ally,pg,p2s-314-r1,1.4704000000000002,0.0,24
us_ally,pg,p2s-317-r1,1.3524,0.0,24
us_ally,pg,p2s-320-r1,1.3384,0.08333333333333333,24
us_ally,pg,p2s-323-r1,1.4814,-0.041666666666666664,24
us_ally,pg,p2s-326-r1,1.5393,-0.041666666666666664,24
us_ally,pg,p2s-329-r1,1.4092,-0.041666666666666664,24
us_ally,pg,p2s-332-r1,1.4916,-0.125,24
us_ally,pg,p2s-335-r1,1.446,0.0,24
us_ally,pg,p2s-338-r1,1.5223,0.041666666666666664,24
us_ally,pg,p2s-341-r1,1.4005,-0.125,24
us_ally,pg,p2s-344-r1,1.4759,-0.041666666666666664,24
us_ally,pg,p2s-347-r1,1.0732,0.20833333333333334,24
us_ally,pg,p2s-350-r1,1.5407,-0.041666666666666664,24
us_ally,pg,p2s-353-r1,1.4969000000000001,0.041666666666666664,24
us_ally,pg,p2s-356-r1,1.5411000000000001,0.041666666666666664,24
us_ally,pg,p2s-359-r1,1.4902,0.0,24
us_ally,pg,p2s-362-r1,1.3458,0.16666666666666666,24
us_ally,pg,p2s-365-r1,1.4704000000000002,0.125,24
us_ally,pg,p2s-368-r1,1.0756000000000001,-0.041666666666666664,24
us_ally,pg,p2s-371-r1,1.338,0.041666666666666664,24
us_ally,pg,p2s-374-r1,1.4866000000000001,-0.041666666666666664,24
us_ally,pg,p2s-377-r1,1.2107999999999999,0.125,24
us_ally,pg,p2s-380-r1,1.4916,0.125,24
us_ally,pg,p2s-383-r1,1.3524,0.0,24
us_ally,pg,p2s-386-r1,1.5223,0.041666666666666664,24
us_ally,pg,p2s-389-r1,1.5407,0.0,24
us_ally,pg,p2s-392-r1,1.4902,0.0,24
us_ally,pg,p2s-395-r1,1.4092,0.0,24
us_ally,pg,p2s-398-r1,1.3458,0.125,24
us_ally,pg,p2s-401-r1,1.5411000000000001,0.041666666666666664,24
us_ally,pg,p2s-404-r1,1.0756000000000001,0.041666666666666664,24
us_ally,pg,p2s-407-r1,1.4814,-0.041666666666666664,24
us_ally,pg,p2s-410-r1,1.4005,0.041666666666666664,24
us_ally,pg,p2s-413-r1,1.4969000000000001,0.0,24
us_ally,pg,p2s-416-r1,1.0732,-0.125,24
us_ally,pg,p2s-419-r1,1.2107999999999999,0.08333333333333333,24
us_ally,pg,p2s-422-r1,1.446,0.0,24
us_ally,pg,p2s-425-r1,1.5393,0.041666666666666664,24
us_ally,pg,p2s-428-r1,1.3384,0.0,24
us_ally,pg,p2s-431-r1,1.4866000000000001,-0.125,24
us_ally,pg,p2s-434-r1,1.4759,-0.041666666666666664,24
us_ally,pg,p2s-437-r1,1.338,0.125,24
us_ally,pg,p2s-440-r1,1.4704000000000002,0.16666666666666666,24
us_ally,pg,p2s-443-r1,1.5411000000000001,-0.041666666666666664,24
us_ally,pg,p2s-446-r1,1.4814,-0.125,24
us_ally,pg,p2s-449-r1,1.0756000000000001,0.08333333333333333,24
us_ally,pg,p2s-452-r1,1.4759,0.0,24
us_ally,pg,p2s-455-r1,1.4005,0.0,24
us_ally,pg,p2s-458-r1,1.3458,0.041666666666666664,24
us_ally,pg,p2s-461-r1,1.4902,0.0,24
us_ally,pg,p2s-464-r1,1.4969000000000001,-0.041666666666666664,24
us_ally,pg,p2s-467-r1,1.2107999999999999,-0.041666666666666664,24
us_ally,pg,p2s-470-r1,1.5407,0.08333333333333333,24
us_ally,pg,p2s-473-r1,1.3524,0.041666666666666664,24
us_ally,pg,p2s-476-r1,1.5223,0.0,24
us_ally,pg,p2s-479-r1,1.4916,-0.08333333333333333,24
us_ally,pg,p2s-482-r1,1.4092,0.0,24
us_ally,pg,p2s-485-r1,1.4704000000000002,0.0,24
us_ally,pg,p2s-488-r1,1.5393,0.0,24
us_ally,pg,p2s-491-r1,1.0732,0.0,24
us_ally,pg,p2s-494-r1,1.4866000000000001,0.0,24
us_ally,pg,p2s-497-r1,1.446,-0.16666666666666666,24
us_ally,pg,p2s-500-r1,1.3384,0.0,24
us_ally,pg,p2s-503-r1,1.338,0.041666666666666664,24
us_ally,pg,p2s-506-r1,1.0756000000000001,-0.041666666666666664,24
us_ally,pg,p2s-509-r1,1.5393,-0.041666666666666664,24
us_ally,pg,p2s-512-r1,1.4814,-0.041666666666666664,24
us_ally,pg,p2s-515-r1,1.4969000000000001,0.041666666666666664,24
us_ally,pg,p2s-518-r1,1.4759,0.125,24
us_ally,pg,p2s-521-r1,1.5407,0.0,24
us_ally,pg,p2s-524-r1,1.3384,0.041666666666666664,24
us_ally,pg,p2s-527-r1,1.4005,0.20833333333333334,24
us_ally,pg,p2s-530-r1,1.4704000000000002,-0.041666666666666664,24
us_ally,pg,p2s-533-r1,1.4092,0.2916666666666667,24
us_ally,pg,p2s-536-r1,1.5223,-0.125,24
us_ally,pg,p2s-539-r1,1.2107999999999999,-0.08333333333333333,24
us_ally,pg,p2s-542-r1,1.3524,0.25,24
us_ally,pg,p2s-545-r1,1.0732,-0.041666666666666664,24
us_ally,pg,p2s-548-r1,1.5411000000000001,-0.041666666666666664,24
us_ally,pg,p2s-551-r1,1.4866000000000001,0.041666666666666664,24
us_ally,pg,p2s-554-r1,1.4916,0.041666666666666664,24
us_ally,pg,p2s-557-r1,1.446,0.08333333333333333,24
us_ally,pg,p2s-560-r1,1.3458,0.0,24
us_ally,pg,p2s-563-r1,1.4902,0.041666666666666664,24
us_ally,pg,p2s-566-r1,1.338,0.0,24
us_ally,pg,p2s-569-r1,1.338,0.16666666666666666,24
us_ally,pg,p2s-572-r1,1.4969000000000001,-0.08333333333333333,24
us_ally,pg,p2s-575-r1,1.4005,-0.041666666666666664,24
us_ally,control,p2s-576-r1,1.5223,0.0,24
us_ally,control,p2s-577-r1,1.5407,-0.08333333333333333,24
us_ally,control,p2s-578-r1,1.0756000000000001,-0.041666666666666664,24
us_ally,control,p2s-579-r1,1.4005,0.041666666666666664,24
us_ally,control,p2s-580-r1,1.4969000000000001,-0.041666666666666664,24
us_ally,control,p2s-581-r1,1.5393,-0.041666666666666664,24
us_ally,control,p2s-582-r1,1.4814,-0.13043478260869565,23
us_ally,control,p2s-583-r1,1.4092,0.25,24
us_ally,control,p2s-584-r1,1.4916,-0.08333333333333333,24
us_ally,control,p2s-585-r1,1.0732,0.0,24
us_ally,control,p2s-586-r1,1.2107999999999999,-0.041666666666666664,24
us_ally,control,p2s-587-r1,1.3524,0.16666666666666666,24
us_ally,control,p2s-588-r1,1.5411000000000001,0.0,24
us_ally,control,p2s-589-r1,1.3384,-0.041666666666666664,24
us_ally,control,p2s-590-r1,1.4759,-0.041666666666666664,24
us_ally,control,p2s-591-r1,1.446,0.0,24
us_ally,control,p2s-592-r1,1.3458,0.08333333333333333,24
us_ally,control,p2s-593-r1,1.4902,0.125,24
us_ally,control,p2s-594-r1,1.4704000000000002,0.0,24
us_ally,control,p2s-595-r1,1.4866000000000001,0.0,24
us_ally,control,p2s-596-r1,1.338,-0.041666666666666664,24
us_ally,control,p2s-597-r1,1.5223,0.0,24
us_ally,control,p2s-598-r1,1.5407,0.08333333333333333,24
us_ally,control,p2s-599-r1,1.0756000000000001,0.041666666666666664,24
us_ally,control,p2s-600-r1,1.4969000000000001,-0.041666666666666664,24
us_ally,control,p2s-601-r1,1.4005,-0.08333333333333333,24
us_ally,control,p2s-602-r1,1.4092,0.125,24
us_ally,control,p2s-603-r1,1.5393,0.0,24
us_ally,control,p2s-604-r1,1.4814,0.0,24
us_ally,control,p2s-605-r1,1.0732,0.0,24
us_ally,control,p2s-606-r1,1.4916,0.0,24
us_ally,control,p2s-607-r1,1.3524,0.0,24
us_ally,control,p2s-608-r1,1.2107999999999999,0.0,24
us_ally,control,p2s-609-r1,1.5411000000000001,0.0,24
us_ally,control,p2s-610-r1,1.4759,-0.041666666666666664,24
us_ally,control,p2s-611-r1,1.3384,-0.041666666666666664,24
us_ally,control,p2s-612-r1,1.3458,0.041666666666666664,24
us_ally,control,p2s-613-r1,1.446,0.0,24
us_ally,control,p2s-614-r1,1.4704000000000002,0.0,24
us_ally,control,p2s-615-r1,1.4902,0.08333333333333333,24
us_ally,control,p2s-616-r1,1.4866000000000001,-0.041666666666666664,24
us_ally,control,p2s-617-r1,1.338,0.0,24
us_ally,control,p2s-618-r1,1.4814,-0.041666666666666664,24
us_ally,control,p2s-619-r1,1.0756000000000001,0.0,24
us_ally,control,p2s-620-r1,1.5407,-0.125,24
us_ally,control,p2s-621-r1,1.5223,0.0,24
us_ally,control,p2s-622-r1,1.4005,0.0,24
us_ally,control,p2s-623-r1,1.5393,0.0,24
us_ally,control,p2s-624-r1,1.4092,0.0,24
us_ally,control,p2s-625-r1,1.0732,0.0,24
us_ally,control,p2s-626-r1,1.4916,0.041666666666666664,24
us_ally,control,p2s-627-r1,1.5411000000000001,0.0,24
us_ally,control,p2s-628-r1,1.3458,0.08333333333333333,24
us_ally,control,p2s-629-r1,1.2107999999999999,-0.041666666666666664,24
us_ally,control,p2s-630-r1,1.3384,0.08333333333333333,24
us_ally,control,p2s-631-r1,1.4866000000000001,0.16666666666666666,24
us_ally,control,p2s-632-r1,1.3524,0.0,24
us_ally,control,p2s-633-r1,1.4902,-0.041666666666666664,24
us_ally,control,p2s-634-r1,1.4759,-0.041666666666666664,24
us_ally,control,p2s-635-r1,1.4704000000000002,-0.08333333333333333,24
us_ally,control,p2s-636-r1,1.446,0.041666666666666664,24
us_ally,control,p2s-637-r1,1.338,0.0,24
us_ally,control,p2s-638-r1,1.4814,0.0,24
us_ally,control,p2s-639-r1,1.4969000000000001,0.0,24
us_ally,control,p2s-640-r1,1.5223,-0.08333333333333333,24
us_ally,control,p2s-641-r1,1.5407,0.041666666666666664,24
us_ally,control,p2s-642-r1,1.0756000000000001,0.041666666666666664,24
us_ally,control,p2s-643-r1,1.4969000000000001,0.0,24
us_ally,control,p2s-644-r1,1.4005,0.0,24
us_ally,control,p2s-645-r1,1.5393,0.0,24
us_ally,control,p2s-646-r1,1.4759,0.125,24
us_ally,control,p2s-647-r1,1.5411000000000001,0.08333333333333333,24
us_ally,control,p2s-648-r1,1.446,0.0,24
us_ally,control,p2s-649-r1,1.3384,0.0,24
us_ally,control,p2s-650-r1,1.3458,-0.16666666666666666,24
us_ally,control,p2s-651-r1,1.4704000000000002,-0.041666666666666664,24
us_ally,control,p2s-652-r1,1.338,0.0,24
us_ally,control,p2s-653-r1,1.4902,0.0,24
us_ally,control,p2s-654-r1,1.4866000000000001,0.0,24
us_ally,control,p2s-655-r1,1.5407,0.0,24
us_ally,control,p2s-656-r1,1.5223,-0.041666666666666664,24
us_ally,control,p2s-657-r1,1.4092,0.0,24
us_ally,control,p2s-658-r1,1.4916,0.041666666666666664,24
us_ally,control,p2s-659-r1,1.2107999999999999,0.0,23
us_ally,control,p2s-660-r1,1.3524,-0.041666666666666664,24
us_ally,control,p2s-661-r1,1.5393,0.0,24
us_ally,control,p2s-662-r1,1.0732,0.041666666666666664,24
us_ally,control,p2s-663-r1,1.4005,-0.041666666666666664,24
us_ally,control,p2s-664-r1,1.4814,-0.041666666666666664,24
us_ally,control,p2s-665-r1,1.0756000000000001,0.041666666666666664,24
us_ally,control,p2s-666-r1,1.4969000000000001,0.0,24
us_ally,control,p2s-667-r1,1.4092,0.041666666666666664,24
us_ally,control,p2s-668-r1,1.4704000000000002,-0.041666666666666664,24
us_ally,control,p2s-669-r1,1.4916,-0.041666666666666664,24
us_ally,control,p2s-670-r1,1.2107999999999999,-0.041666666666666664,24
us_ally,control,p2s-671-r1,1.338,-0.041666666666666664,24
us_ally,control,p2s-672-r1,1.4866000000000001,0.0,24
us_ally,control,p2s-673-r1,1.5223,-0.041666666666666664,24
us_ally,control,p2s-674-r1,1.5407,0.041666666666666664,24
us_ally,control,p2s-675-r1,1.0732,0.041666666666666664,24
us_ally,control,p2s-676-r1,1.3384,0.125,24
us_ally,control,p2s-677-r1,1.5411000000000001,0.16666666666666666,24
us_ally,control,p2s-678-r1,1.446,0.041666666666666664,24
us_ally,control,p2s-679-r1,1.4759,0.0,24
us_ally,control,p2s-680-r1,1.3458,0.0,24
us_ally,control,p2s-681-r1,1.4902,0.16666666666666666,24
us_ally,control,p2s-682-r1,1.3524,0.0,24
us_ally,control,p2s-683-r1,1.4005,-0.041666666666666664,24
us_ally,control,p2s-684-r1,1.0732,-0.08333333333333333,24
us_ally,control,p2s-685-r1,1.5393,0.0,24
us_ally,control,p2s-686-r1,1.4814,0.08333333333333333,24
us_ally,control,p2s-687-r1,1.4969000000000001,0.0,24
us_ally,control,p2s-688-r1,1.4092,0.0,24
us_ally,control,p2s-689-r1,1.3384,0.0,24
us_ally,control,p2s-690-r1,1.2107999999999999,-0.041666666666666664,24
us_ally,control,p2s-691-r1,1.4916,0.0,24
us_ally,control,p2s-692-r1,1.5411000000000001,-0.20833333333333334,24
us_ally,control,p2s-693-r1,1.4902,0.041666666666666664,24
us_ally,control,p2s-694-r1,1.4759,0.041666666666666664,24
us_ally,control,p2s-695-r1,1.4866000000000001,0.041666666666666664,24
us_ally,control,p2s-696-r1,1.338,0.0,24
us_ally,control,p2s-697-r1,1.0756000000000001,0.0,24
us_ally,control,p2s-698-r1,1.5223,0.0,24
us_ally,control,p2s-699-r1,1.4704000000000002,0.0,24
us_ally,control,p2s-700-r1,1.446,-0.125,24
us_ally,control,p2s-701-r1,1.2107999999999999,0.041666666666666664,24
us_ally,control,p2s-702-r1,1.3524,-0.041666666666666664,24
us_ally,control,p2s-703-r1,1.4916,0.0,24
us_ally,control,p2s-704-r1,1.4759,-0.041666666666666664,24
us_ally,control,p2s-705-r1,1.5411000000000001,0.0,24
us_ally,control,p2s-706-r1,1.3458,0.041666666666666664,24
us_ally,control,p2s-707-r1,1.5407,0.0,24
us_ally,control,p2s-708-r1,1.3384,0.0,24
us_ally,control,p2s-709-r1,1.4902,-0.08333333333333333,24
us_ally,control,p2s-710-r1,1.4866000000000001,0.0,24
us_ally,control,p2s-711-r1,1.0756000000000001,0.0,24
us_ally,control,p2s-712-r1,1.4005,0.0,24
us_ally,control,p2s-713-r1,1.4814,0.041666666666666664,24
us_ally,control,p2s-714-r1,1.4969000000000001,0.041666666666666664,24
us_ally,control,p2s-715-r1,1.5393,-0.041666666666666664,24
us_ally,control,p2s-716-r1,1.4092,0.16666666666666666,24
us_ally,control,p2s-717-r1,1.338,0.041666666666666664,24
us_ally,control,p2s-718-r1,1.5223,-0.041666666666666664,24
us_ally,control,p2s-719-r1,1.0732,-0.041666666666666664,24
us_ally,control,p2s-720-r1,1.446,0.041666666666666664,24
us_ally,control,p2s-721-r1,1.3458,0.08333333333333333,24
us_ally,control,p2s-722-r1,1.4704000000000002,0.0,24
us_ally,control,p2s-723-r1,1.0756000000000001,0.041666666666666664,24
us_ally,control,p2s-724-r1,1.4814,0.0,24
us_ally,control,p2s-725-r1,1.5407,0.0,24
us_ally,control,p2s-726-r1,1.4005,-0.041666666666666664,24
us_ally,control,p2s-727-r1,1.4902,-0.041666666666666664,24
us_ally,control,p2s-728-r1,1.4866000000000001,0.041666666666666664,24
us_ally,control,p2s-729-r1,1.3524,0.0,24
us_ally,control,p2s-730-r1,1.446,0.0,24
us_ally,control,p2s-731-r1,1.4969000000000001,-0.125,24
us_ally,control,p2s-732-r1,1.2107999999999999,0.16666666666666666,24
us_ally,control,p2s-733-r1,1.3384,0.041666666666666664,24
us_ally,control,p2s-734-r1,1.5393,0.041666666666666664,24
us_ally,control,p2s-735-r1,1.5223,0.0,24
us_ally,control,p2s-736-r1,1.4092,0.0,24
us_ally,control,p2s-737-r1,1.4916,-0.041666666666666664,24
us_ally,control,p2s-738-r1,1.0732,0.0,24
us_ally,control,p2s-739-r1,1.3524,0.041666666666666664,24
us_ally,control,p2s-740-r1,1.5411000000000001,-0.125,24
us_ally,control,p2s-741-r1,1.4759,0.0,24
us_ally,control,p2s-742-r1,1.0756000000000001,0.041666666666666664,24
us_ally,control,p2s-743-r1,1.4814,-0.16666666666666666,24
us_ally,control,p2s-744-r1,1.4969000000000001,-0.125,24
us_ally,control,p2s-745-r1,1.4005,-0.08333333333333333,24
us_ally,control,p2s-746-r1,1.5407,0.041666666666666664,24
us_ally,control,p2s-747-r1,1.4704000000000002,-0.041666666666666664,24
us_ally,control,p2s-748-r1,1.3458,0.0,24
us_ally,control,p2s-749-r1,1.4092,0.08333333333333333,24
us_ally,control,p2s-750-r1,1.4866000000000001,0.0,24
us_ally,control,p2s-751-r1,1.4902,0.0,24
us_ally,control,p2s-752-r1,1.338,0.0,24
us_ally,control,p2s-753-r1,1.4969000000000001,0.0,24
us_ally,control,p2s-754-r1,1.3524,0.041666666666666664,24
us_ally,control,p2s-755-r1,1.3384,-0.041666666666666664,24
us_ally,control,p2s-756-r1,1.4916,0.0,24
us_ally,control,p2s-757-r1,1.2107999999999999,0.0,24
us_ally,control,p2s-758-r1,1.446,0.041666666666666664,24
us_ally,control,p2s-759-r1,1.4704000000000002,-0.041666666666666664,24
us_ally,control,p2s-760-r1,1.0732,0.0,24
us_ally,control,p2s-761-r1,1.5411000000000001,0.0,24
us_ally,control,p2s-762-r1,1.3458,0.0,24
us_ally,control,p2s-763-r1,1.4759,0.0,24
us_ally,control,p2s-764-r1,1.4092,0.0,24
us_ally,control,p2s-765-r1,1.338,0.041666666666666664,24
us_ally,control,p2s-766-r1,1.5393,0.0,24
us_ally,control,p2s-767-r1,1.0732,0.0,24
us_rival,he,p2s-000-r1,2.5907999999999998,0.0,24
us_rival,he,p2s-003-r1,3.1196,0.0,24
us_rival,he,p2s-006-r1,2.4924,0.0,24
us_rival,he,p2s-009-r1,2.5132,-0.041666666666666664,24
us_rival,he,p2s-012-r1,2.5858,0.0,24
us_rival,he,p2s-015-r1,2.543,0.0,24
us_rival,he,p2s-018-r1,2.5169,-0.041666666666666664,24
us_rival,he,p2s-021-r1,2.8846,0.0,24
us_rival,he,p2s-024-r1,2.8442,-0.041666666666666664,24
us_rival,he,p2s-027-r1,2.6532,0.0,24
us_rival,he,p2s-030-r1,2.6445,-0.041666666666666664,24
us_rival,he,p2s-033-r1,3.4215999999999998,0.0,24
us_rival,he,p2s-036-r1,2.6296,0.0,24
us_rival,he,p2s-039-r1,2.5305999999999997,-0.041666666666666664,24
us_rival,he,p2s-042-r1,3.5465,-0.041666666666666664,24
us_rival,he,p2s-045-r1,2.7115,0.0,24
us_rival,he,p2s-048-r1,3.8167999999999997,-0.20833333333333334,24
us_rival,he,p2s-051-r1,2.6675,0.0,24
us_rival,he,p2s-054-r1,2.7029,0.08333333333333333,24
us_rival,he,p2s-057-r1,2.6978999999999997,-0.16666666666666666,24
us_rival,he,p2s-060-r1,2.504,0.125,24
us_rival,he,p2s-063-r1,2.5907999999999998,0.041666666666666664,24
us_rival,he,p2s-066-r1,3.1196,-0.041666666666666664,24
us_rival,he,p2s-069-r1,2.4924,0.125,24
us_rival,he,p2s-072-r1,2.8442,-0.041666666666666664,24
us_rival,he,p2s-075-r1,2.6296,-0.25,24
us_rival,he,p2s-078-r1,3.4215999999999998,-0.041666666666666664,24
us_rival,he,p2s-081-r1,3.5465,-0.041666666666666664,24
us_rival,he,p2s-084-r1,2.7115,-0.041666666666666664,24
us_rival,he,p2s-087-r1,3.8167999999999997,-0.20833333333333334,24
us_rival,he,p2s-090-r1,2.543,0.041666666666666664,24
us_rival,he,p2s-093-r1,2.6532,-0.041666666666666664,24
us_rival,he,p2s-096-r1,2.5132,-0.08333333333333333,24
us_rival,he,p2s-099-r1,2.6445,0.0,24
us_rival,he,p2s-102-r1,2.8846,0.08333333333333333,24
us_rival,he,p2s-105-r1,2.6978999999999997,-0.125,24
us_rival,he,p2s-108-r1,2.6675,0.0,24
us_rival,he,p2s-111-r1,2.7029,0.0,24
us_rival,he,p2s-114-r1,2.5169,-0.125,24
us_rival,he,p2s-117-r1,2.5858,0.0,24
us_rival,he,p2s-120-r1,2.5305999999999997,-0.041666666666666664,24
us_rival,he,p2s-123-r1,2.504,0.0,24
us_rival,he,p2s-126-r1,2.6978999999999997,0.08333333333333333,24
us_rival,he,p2s-129-r1,2.504,0.0,24
us_rival,he,p2s-132-r1,2.6532,0.0,23
us_rival,he,p2s-135-r1,2.4924,0.0,24
us_rival,he,p2s-138-r1,2.543,0.0,24
us_rival,he,p2s-141-r1,2.5305999999999997,0.041666666666666664,24
us_rival,he,p2s-144-r1,3.5465,0.0,24
us_rival,he,p2s-147-r1,2.6445,0.0,24
us_rival,he,p2s-150-r1,2.6675,0.0,24
us_rival,he,p2s-153-r1,2.6296,0.0,24
us_rival,he,p2s-156-r1,2.5858,-0.041666666666666664,24
us_rival,he,p2s-159-r1,3.4215999999999998,-0.041666666666666664,24
us_rival,he,p2s-162-r1,2.8846,0.0,24
us_rival,he,p2s-165-r1,2.5907999999999998,0.0,24
us_rival,he,p2s-168-r1,2.5132,0.0,24
us_rival,he,p2s-171-r1,3.1196,0.0,24
us_rival,he,p2s-174-r1,2.5169,0.0,24
us_rival,he,p2s-177-r1,2.8442,0.0,24
us_rival,he,p2s-180-r1,2.7115,-0.041666666666666664,24
us_rival,he,p2s-183-r1,2.7029,0.0,24
us_rival,he,p2s-186-r1,3.8167999999999997,-0.20833333333333334,24
us_rival,he,p2s-189-r1,2.5132,0.0,24
us_rival,he,p2s-192-r1,3.1196,0.0,24
us_rival,he,p2s-195-r1,3.5465,0.0,24
us_rival,he,p2s-198-r1,2.7115,0.0,24
us_rival,he,p2s-201-r1,2.7029,0.0,24
us_rival,he,p2s-204-r1,2.4924,0.0,24
us_rival,he,p2s-207-r1,2.8442,0.0,24
us_rival,he,p2s-210-r1,2.5858,0.041666666666666664,24
us_rival,he,p2s-213-r1,2.5907999999999998,0.08333333333333333,24
us_rival,he,p2s-216-r1,2.6675,-0.08333333333333333,24
us_rival,he,p2s-219-r1,3.8167999999999997,-0.08333333333333333,24
us_rival,he,p2s-222-r1,2.6532,0.0,24
us_rival,he,p2s-225-r1,2.504,0.0,24
us_rival,he,p2s-228-r1,2.543,-0.041666666666666664,24
us_rival,he,p2s-231-r1,2.8846,0.0,24
us_rival,he,p2s-234-r1,2.6445,-0.041666666666666664,24
us_rival,he,p2s-237-r1,2.5169,0.0,24
us_rival,he,p2s-240-r1,2.5305999999999997,-0.041666666666666664,24
us_rival,he,p2s-243-r1,3.4215999999999998,-0.041666666666666664,24
us_rival,he,p2s-246-r1,2.6296,0.0,24
us_rival,he,p2s-249-r1,2.6978999999999997,0.0,24
us_rival,he,p2s-252-r1,2.8442,0.0,24
us_rival,he,p2s-255-r1,3.4215999999999998,0.0,24
us_rival,he,p2s-258-r1,2.5305999999999997,0.0,24
us_rival,he,p2s-261-r1,3.5465,-0.041666666666666664,24
us_rival,he,p2s-264-r1,2.7029,-0.041666666666666664,24
us_rival,he,p2s-267-r1,2.504,0.041666666666666664,24
us_rival,he,p2s-270-r1,3.1196,-0.041666666666666664,24
us_rival,he,p2s-273-r1,2.8846,0.041666666666666664,24
us_rival,he,p2s-276-r1,2.4924,0.0,24
us_rival,he,p2s-279-r1,2.5907999999999998,0.0,24
us_rival,he,p2s-282-r1,2.6675,-0.041666666666666664,24
us_rival,he,p2s-285-r1,2.543,-0.041666666666666664,24
us_rival,he,p2s-288-r1,2.6978999999999997,0.041666666666666664,24
us_rival,he,p2s-291-r1,2.6445,0.0,24
us_rival,he,p2s-294-r1,2.5132,0.0,24
us_rival,he,p2s-297-r1,2.5169,-0.041666666666666664,24
us_rival,he,p2s-300-r1,2.7115,0.041666666666666664,24
us_rival,he,p2s-303-r1,2.6532,0.0,24
us_rival,he,p2s-306-r1,2.5858,-0.08333333333333333,24
us_rival,he,p2s-309-r1,3.8167999999999997,0.16666666666666666,24
us_rival,he,p2s-312-r1,2.6296,-0.08333333333333333,24
us_rival,he,p2s-315-r1,2.5169,0.041666666666666664,24
us_rival,he,p2s-318-r1,3.1196,0.0,24
us_rival,he,p2s-321-r1,2.6445,0.0,24
us_rival,he,p2s-324-r1,2.5132,-0.041666666666666664,24
us_rival,he,p2s-327-r1,2.6675,0.0,24
us_rival,he,p2s-330-r1,2.7115,-0.25,24
us_rival,he,p2s-333-r1,2.6532,0.0,24
us_rival,he,p2s-336-r1,2.6978999999999997,-0.20833333333333334,24
us_rival,he,p2s-339-r1,2.6296,-0.08333333333333333,24
us_rival,he,p2s-342-r1,2.504,0.0,24
us_rival,he,p2s-345-r1,2.543,0.0,24
us_rival,he,p2s-348-r1,2.8442,-0.041666666666666664,24
us_rival,he,p2s-351-r1,2.5858,-0.08333333333333333,24
us_rival,he,p2s-354-r1,3.8167999999999997,-0.041666666666666664,24
us_rival,he,p2s-357-r1,2.5907999999999998,0.08333333333333333,24
us_rival,he,p2s-360-r1,2.7029,0.0,24
us_rival,he,p2s-363-r1,3.4215999999999998,0.0,24
us_rival,he,p2s-366-r1,3.5465,-0.08333333333333333,24
us_rival,he,p2s-369-r1,2.8846,0.0,24
us_rival,he,p2s-372-r1,2.4924,0.0,24
us_rival,he,p2s-375-r1,2.5305999999999997,-0.041666666666666664,24
us_rival,he,p2s-378-r1,3.1196,0.041666666666666664,24
us_rival,he,p2s-381-r1,2.5132,0.0,24
us_rival,he,p2s-384-r1,2.5858,0.041666666666666664,24
us_rival,he,p2s-387-r1,2.4924,0.041666666666666664,24
us_rival,he,p2s-390-r1,2.8442,-0.041666666666666664,24
us_rival,he,p2s-393-r1,2.6532,0.0,24
us_rival,he,p2s-396-r1,2.5907999999999998,-0.041666666666666664,24
us_rival,he,p2s-399-r1,2.6445,0.0,24
us_rival,he,p2s-402-r1,2.543,0.0,24
us_rival,he,p2s-405-r1,2.6675,0.041666666666666664,24
us_rival,he,p2s-408-r1,2.8846,-0.08333333333333333,24
us_rival,he,p2s-411-r1,3.5465,0.041666666666666664,24
us_rival,he,p2s-414-r1,3.8167999999999997,-0.4583333333333333,24
us_rival,he,p2s-417-r1,2.5169,-0.125,24
us_rival,he,p2s-420-r1,3.4215999999999998,-0.041666666666666664,24
us_rival,he,p2s-423-r1,2.6296,0.0,24
us_rival,he,p2s-426-r1,2.7115,0.0,24
us_rival,he,p2s-429-r1,2.5305999999999997,-0.08333333333333333,24
us_rival,he,p2s-432-r1,2.7029,0.0,24
us_rival,he,p2s-435-r1,2.504,0.125,24
us_rival,he,p2s-438-r1,2.6978999999999997,0.0,24
us_rival,he,p2s-441-r1,2.6445,0.0,24
us_rival,he,p2s-444-r1,2.8442,0.0,24
us_rival,he,p2s-447-r1,2.5169,0.0,24
us_rival,he,p2s-450-r1,3.5465,-0.16666666666666666,24
us_rival,he,p2s-453-r1,2.8846,-0.041666666666666664,24
us_rival,he,p2s-456-r1,2.543,0.0,24
us_rival,he,p2s-459-r1,2.5132,0.041666666666666664,24
us_rival,he,p2s-462-r1,2.7029,0.0,24
us_rival,he,p2s-465-r1,2.5907999999999998,0.0,24
us_rival,he,p2s-468-r1,3.1196,0.0,24
us_rival,he,p2s-471-r1,2.4924,-0.041666666666666664,24
us_rival,he,p2s-474-r1,3.4215999999999998,-0.041666666666666664,24
us_rival,he,p2s-477-r1,2.6532,-0.125,24
us_rival,he,p2s-480-r1,2.6978999999999997,0.0,24
us_rival,he,p2s-483-r1,2.6296,0.08333333333333333,24
us_rival,he,p2s-486-r1,2.7115,0.0,24
us_rival,he,p2s-489-r1,3.8167999999999997,-0.20833333333333334,24
us_rival,he,p2s-492-r1,2.6675,0.0,24
us_rival,he,p2s-495-r1,2.504,0.0,24
us_rival,he,p2s-498-r1,2.5305999999999997,-0.041666666666666664,24
us_rival,he,p2s-501-r1,2.5858,0.0,24
us_rival,he,p2s-504-r1,2.5907999999999998,-0.041666666666666664,24
us_rival,he,p2s-507-r1,3.1196,0.0,24
us_rival,he,p2s-510-r1,2.6445,0.041666666666666664,24
us_rival,he,p2s-513-r1,2.8846,0.0,24
us_rival,he,p2s-516-r1,2.5169,0.0,24
us_rival,he,p2s-519-r1,2.8442,-0.08333333333333333,24
us_rival,he,p2s-522-r1,2.6675,0.041666666666666664,24
us_rival,he,p2s-525-r1,2.7029,-0.125,24
us_rival,he,p2s-528-r1,2.543,0.041666666666666664,24
us_rival,he,p2s-531-r1,2.4924,0.041666666666666664,24
us_rival,he,p2s-534-r1,3.5465,-0.041666666666666664,24
us_rival,he,p2s-537-r1,2.5132,0.041666666666666664,24
us_rival,he,p2s-540-r1,2.6532,-0.16666666666666666,24
us_rival,he,p2s-543-r1,2.5305999999999997,0.125,24
us_rival,he,p2s-546-r1,3.4215999999999998,0.375,24
us_rival,he,p2s-549-r1,2.6296,0.041666666666666664,24
us_rival,he,p2s-552-r1,2.7115,0.0,24
us_rival,he,p2s-555-r1,3.8167999999999997,-0.20833333333333334,24
us_rival,he,p2s-558-r1,2.504,0.0,24
us_rival,he,p2s-561-r1,2.6978999999999997,-0.041666666666666664,24
us_rival,he,p2s-564-r1,2.5858,0.0,24
us_rival,he,p2s-567-r1,2.8846,0.041666666666666664,24
us_rival,he,p2s-570-r1,2.5907999999999998,0.25,24
us_rival,he,p2s-573-r1,3.5465,0.0,24
us_rival,de,p2s-001-r1,2.8846,0.041666666666666664,24
us_rival,de,p2s-004-r1,2.8442,-0.20833333333333334,24
us_rival,de,p2s-007-r1,2.5169,0.20833333333333334,24
us_rival,de,p2s-010-r1,2.7115,0.041666666666666664,24
us_rival,de,p2s-013-r1,3.8167999999999997,0.0,24
us_rival,de,p2s-016-r1,2.6296,0.041666666666666664,24
us_rival,de,p2s-019-r1,2.4924,0.041666666666666664,24
us_rival,de,p2s-022-r1,2.5907999999999998,-0.041666666666666664,24
us_rival,de,p2s-025-r1,3.1196,0.08333333333333333,24
us_rival,de,p2s-028-r1,3.5465,0.041666666666666664,24
us_rival,de,p2s-031-r1,2.6675,0.0,24
us_rival,de,p2s-034-r1,2.504,0.041666666666666664,24
us_rival,de,p2s-037-r1,2.5858,0.125,24
us_rival,de,p2s-040-r1,2.543,0.08333333333333333,24
us_rival,de,p2s-043-r1,2.6445,-0.041666666666666664,24
us_rival,de,p2s-046-r1,2.6978999999999997,0.041666666666666664,24
us_rival,de,p2s-049-r1,2.6532,0.08333333333333333,24
us_rival,de,p2s-052-r1,2.5132,-0.08333333333333333,24
us_rival,de,p2s-055-r1,3.4215999999999998,-0.041666666666666664,24
us_rival,de,p2s-058-r1,2.5305999999999997,0.08333333333333333,24
us_rival,de,p2s-061-r1,2.7029,0.08333333333333333,24
us_rival,de,p2s-064-r1,2.8846,-0.041666666666666664,24
us_rival,de,p2s-067-r1,3.5465,-0.25,24
us_rival,de,p2s-070-r1,2.6445,0.041666666666666664,24
us_rival,de,p2s-073-r1,3.1196,0.0,24
us_rival,de,p2s-076-r1,2.5305999999999997,0.08333333333333333,24
us_rival,de,p2s-079-r1,2.5907999999999998,0.08333333333333333,24
us_rival,de,p2s-082-r1,2.5169,0.08333333333333333,24
us_rival,de,p2s-085-r1,2.5858,0.125,24
us_rival,de,p2s-088-r1,2.6532,0.08333333333333333,24
us_rival,de,p2s-091-r1,2.504,0.0,24
us_rival,de,p2s-094-r1,3.4215999999999998,-0.041666666666666664,24
us_rival,de,p2s-097-r1,2.6675,-0.08333333333333333,24
us_rival,de,p2s-100-r1,2.8442,0.20833333333333334,24
us_rival,de,p2s-103-r1,2.6296,0.125,24
us_rival,de,p2s-106-r1,2.4924,-0.041666666666666664,24
us_rival,de,p2s-109-r1,2.5132,0.041666666666666664,24
us_rival,de,p2s-112-r1,2.6978999999999997,0.041666666666666664,24
us_rival,de,p2s-115-r1,2.543,-0.125,24
us_rival,de,p2s-118-r1,2.7115,0.08333333333333333,24
us_rival,de,p2s-121-r1,2.7029,-0.08333333333333333,24
us_rival,de,p2s-124-r1,3.8167999999999997,-0.125,24
us_rival,de,p2s-127-r1,2.5907999999999998,0.08333333333333333,24
us_rival,de,p2s-130-r1,2.8846,0.041666666666666664,24
us_rival,de,p2s-133-r1,2.5169,0.08333333333333333,24
us_rival,de,p2s-136-r1,2.5858,-0.041666666666666664,24
us_rival,de,p2s-139-r1,2.6445,0.0,24
us_rival,de,p2s-142-r1,3.4215999999999998,0.16666666666666666,24
us_rival,de,p2s-145-r1,2.4924,0.125,24
us_rival,de,p2s-148-r1,2.7115,0.0,24
us_rival,de,p2s-151-r1,3.8167999999999997,0.041666666666666664,24
us_rival,de,p2s-154-r1,2.7029,0.125,24
us_rival,de,p2s-157-r1,2.543,-0.125,24
us_rival,de,p2s-160-r1,2.6532,0.0,24
us_rival,de,p2s-163-r1,3.1196,0.125,24
us_rival,de,p2s-166-r1,2.8442,-0.08333333333333333,24
us_rival,de,p2s-169-r1,2.504,0.041666666666666664,24
us_rival,de,p2s-172-r1,2.6978999999999997,0.0,24
us_rival,de,p2s-175-r1,2.5132,0.0,24
us_rival,de,p2s-178-r1,2.5305999999999997,0.041666666666666664,24
us_rival,de,p2s-181-r1,2.6675,0.041666666666666664,24
us_rival,de,p2s-184-r1,2.6296,0.041666666666666664,24
us_rival,de,p2s-187-r1,3.5465,0.25,24
us_rival,de,p2s-190-r1,2.6978999999999997,0.375,24
us_rival,de,p2s-193-r1,2.5907999999999998,0.08333333333333333,24
us_rival,de,p2s-196-r1,2.5169,0.041666666666666664,24
us_rival,de,p2s-199-r1,2.6296,0.08333333333333333,24
us_rival,de,p2s-202-r1,2.8846,0.08333333333333333,24
us_rival,de,p2s-205-r1,3.5465,-0.125,24
us_rival,de,p2s-208-r1,2.6445,0.041666666666666664,24
us_rival,de,p2s-211-r1,3.1196,0.20833333333333334,24
us_rival,de,p2s-214-r1,3.8167999999999997,-0.25,24
us_rival,de,p2s-217-r1,2.5305999999999997,0.041666666666666664,24
us_rival,de,p2s-220-r1,2.543,0.25,24
us_rival,de,p2s-223-r1,2.7029,-0.041666666666666664,24
us_rival,de,p2s-226-r1,2.7115,0.0,24
us_rival,de,p2s-229-r1,2.4924,0.041666666666666664,24
us_rival,de,p2s-232-r1,2.5858,0.16666666666666666,24
us_rival,de,p2s-235-r1,2.5132,-0.16666666666666666,24
us_rival,de,p2s-238-r1,2.8442,-0.041666666666666664,24
us_rival,de,p2s-241-r1,2.6532,0.0,24
us_rival,de,p2s-244-r1,2.504,0.041666666666666664,24
us_rival,de,p2s-247-r1,3.4215999999999998,0.0,24
us_rival,de,p2s-250-r1,2.6675,0.041666666666666664,24
us_rival,de,p2s-253-r1,2.8846,0.0,24
us_rival,de,p2s-256-r1,2.6445,0.0,24
us_rival,de,p2s-259-r1,2.6532,0.0,24
us_rival,de,p2s-262-r1,2.5169,0.043478260869565216,23
us_rival,de,p2s-265-r1,2.6675,-0.16666666666666666,24
us_rival,de,p2s-268-r1,2.6978999999999997,-0.16666666666666666,24
us_rival,de,p2s-271-r1,3.8167999999999997,-0.125,24
us_rival,de,p2s-274-r1,3.4215999999999998,0.041666666666666664,24
us_rival,de,p2s-277-r1,2.8442,0.08333333333333333,24
us_rival,de,p2s-280-r1,3.5465,0.125,24
us_rival,de,p2s-283-r1,2.5858,0.4166666666666667,24
us_rival,de,p2s-286-r1,2.6296,0.08333333333333333,24
us_rival,de,p2s-289-r1,2.504,0.0,24
us_rival,de,p2s-292-r1,2.5305999999999997,0.16666666666666666,24
us_rival,de,p2s-295-r1,2.5907999999999998,0.041666666666666664,24
us_rival,de,p2s-298-r1,2.7029,0.041666666666666664,24
us_rival,de,p2s-301-r1,2.5132,0.041666666666666664,24
us_rival,de,p2s-304-r1,3.1196,0.0,24
us_rival,de,p2s-307-r1,2.543,0.08333333333333333,24
us_rival,de,p2s-310-r1,2.7115,-0.041666666666666664,24
us_rival,de,p2s-313-r1,2.4924,0.0,24
us_rival,de,p2s-316-r1,2.5132,0.08695652173913043,23
us_rival,de,p2s-319-r1,2.5858,-0.08333333333333333,24
us_rival,de,p2s-322-r1,2.6532,0.08333333333333333,24
us_rival,de,p2s-325-r1,2.8442,-0.041666666666666664,24
us_rival,de,p2s-328-r1,2.5907999999999998,-0.16666666666666666,24
us_rival,de,p2s-331-r1,3.5465,0.16666666666666666,24
us_rival,de,p2s-334-r1,3.4215999999999998,-0.041666666666666664,24
us_rival,de,p2s-337-r1,2.5305999999999997,-0.041666666666666664,24
us_rival,de,p2s-340-r1,2.8846,0.125,24
us_rival,de,p2s-343-r1,2.4924,0.041666666666666664,24
us_rival,de,p2s-346-r1,2.6675,0.16666666666666666,24
us_rival,de,p2s-349-r1,3.1196,0.16666666666666666,24
us_rival,de,p2s-352-r1,2.7029,-0.041666666666666664,24
us_rival,de,p2s-355-r1,2.5169,0.125,24
us_rival,de,p2s-358-r1,2.6296,-0.041666666666666664,24
us_rival,de,p2s-361-r1,2.6445,0.041666666666666664,24
us_rival,de,p2s-364-r1,2.543,0.0,24
us_rival,de,p2s-367-r1,2.6978999999999997,-0.125,24
us_rival,de,p2s-370-r1,2.7115,0.08333333333333333,24
us_rival,de,p2s-373-r1,3.8167999999999997,-0.08333333333333333,24
us_rival,de,p2s-376-r1,2.504,0.08333333333333333,24
us_rival,de,p2s-379-r1,2.5169,0.0,24
us_rival,de,p2s-382-r1,2.7115,0.125,24
us_rival,de,p2s-385-r1,2.7029,0.0,24
us_rival,de,p2s-388-r1,3.4215999999999998,0.125,24
us_rival,de,p2s-391-r1,3.8167999999999997,-0.20833333333333334,24
us_rival,de,p2s-394-r1,3.5465,0.08333333333333333,24
us_rival,de,p2s-397-r1,2.543,0.041666666666666664,24
us_rival,de,p2s-400-r1,3.1196,-0.25,24
us_rival,de,p2s-403-r1,2.8442,-0.041666666666666664,24
us_rival,de,p2s-406-r1,2.5132,0.041666666666666664,24
us_rival,de,p2s-409-r1,2.6445,0.0,24
us_rival,de,p2s-412-r1,2.5858,0.0,24
us_rival,de,p2s-415-r1,2.5907999999999998,0.125,24
us_rival,de,p2s-418-r1,2.6675,0.25,24
us_rival,de,p2s-421-r1,2.6532,0.08333333333333333,24
us_rival,de,p2s-424-r1,2.8846,0.0,24
us_rival,de,p2s-427-r1,2.4924,-0.041666666666666664,24
us_rival,de,p2s-430-r1,2.504,-0.125,24
us_rival,de,p2s-433-r1,2.6296,-0.08333333333333333,24
us_rival,de,p2s-436-r1,2.5305999999999997,-0.125,24
us_rival,de,p2s-439-r1,2.6978999999999997,0.08333333333333333,24
us_rival,de,p2s-442-r1,2.7115,0.041666666666666664,24
us_rival,de,p2s-445-r1,3.1196,0.0,24
us_rival,de,p2s-448-r1,2.5907999999999998,0.08333333333333333,24
us_rival,de,p2s-451-r1,3.8167999999999997,-0.25,24
us_rival,de,p2s-454-r1,2.5169,-0.041666666666666664,24
us_rival,de,p2s-457-r1,2.6445,-0.041666666666666664,24
us_rival,de,p2s-460-r1,2.6675,0.08333333333333333,24
us_rival,de,p2s-463-r1,2.8846,0.041666666666666664,24
us_rival,de,p2s-466-r1,2.6532,0.041666666666666664,24
us_rival,de,p2s-469-r1,2.8442,0.16666666666666666,24
us_rival,de,p2s-472-r1,3.5465,0.20833333333333334,24
us_rival,de,p2s-475-r1,2.5132,-0.041666666666666664,24
us_rival,de,p2s-478-r1,2.5858,0.0,24
us_rival,de,p2s-481-r1,2.543,0.125,24
us_rival,de,p2s-484-r1,2.5305999999999997,0.0,24
us_rival,de,p2s-487-r1,2.4924,0.0,24
us_rival,de,p2s-490-r1,2.6296,0.08333333333333333,24
us_rival,de,p2s-493-r1,2.7029,0.041666666666666664,24
us_rival,de,p2s-496-r1,3.4215999999999998,-0.041666666666666664,24
us_rival,de,p2s-499-r1,2.504,0.041666666666666664,24
us_rival,de,p2s-502-r1,2.6978999999999997,0.041666666666666664,24
us_rival,de,p2s-505-r1,2.8846,0.041666666666666664,24
us_rival,de,p2s-508-r1,2.5907999999999998,0.125,24
us_rival,de,p2s-511-r1,2.7115,0.041666666666666664,24
us_rival,de,p2s-514-r1,2.6532,0.08333333333333333,24
us_rival,de,p2s-517-r1,2.5132,0.0,24
us_rival,de,p2s-520-r1,3.1196,-0.16666666666666666,24
us_rival,de,p2s-523-r1,2.5858,0.0,24
us_rival,de,p2s-526-r1,3.5465,0.16666666666666666,24
us_rival,de,p2s-529-r1,2.6296,0.08333333333333333,24
us_rival,de,p2s-532-r1,2.8442,-0.125,24
us_rival,de,p2s-535-r1,2.7029,-0.125,24
us_rival,de,p2s-538-r1,3.8167999999999997,-0.125,24
us_rival,de,p2s-541-r1,2.6445,0.08333333333333333,24
us_rival,de,p2s-544-r1,2.6978999999999997,0.08333333333333333,24
us_rival,de,p2s-547-r1,2.5169,0.16666666666666666,24
us_rival,de,p2s-550-r1,2.504,0.041666666666666664,24
us_rival,de,p2s-553-r1,2.5305999999999997,-0.041666666666666664,24
us_rival,de,p2s-556-r1,2.4924,0.041666666666666664,24
us_rival,de,p2s-559-r1,3.4215999999999998,-0.08333333333333333,24
us_rival,de,p2s-562-r1,2.6675,0.0,24
us_rival,de,p2s-565-r1,2.543,0.0,24
us_rival,de,p2s-568-r1,2.4924,0.0,24
us_rival,de,p2s-571-r1,2.6532,0.20833333333333334,24
us_rival,de,p2s-574-r1,2.543,-0.041666666666666664,24
us_rival,pg,p2s-002-r1,2.6532,0.041666666666666664,24
us_rival,pg,p2s-005-r1,3.5465,0.16666666666666666,24
us_rival,pg,p2s-008-r1,2.6445,0.041666666666666664,24
us_rival,pg,p2s-011-r1,2.6675,-0.041666666666666664,24
us_rival,pg,p2s-014-r1,3.4215999999999998,0.0,24
us_rival,pg,p2s-017-r1,2.5305999999999997,-0.041666666666666664,24
us_rival,pg,p2s-020-r1,2.5132,0.0,24
us_rival,pg,p2s-023-r1,2.7115,-0.20833333333333334,24
us_rival,pg,p2s-026-r1,2.5858,0.041666666666666664,24
us_rival,pg,p2s-029-r1,3.8167999999999997,-0.08333333333333333,24
us_rival,pg,p2s-032-r1,2.543,-0.08333333333333333,24
us_rival,pg,p2s-035-r1,2.6978999999999997,0.041666666666666664,24
us_rival,pg,p2s-038-r1,3.1196,0.25,24
us_rival,pg,p2s-041-r1,2.5907999999999998,0.08695652173913043,23
us_rival,pg,p2s-044-r1,2.504,0.0,24
us_rival,pg,p2s-047-r1,2.7029,-0.08333333333333333,24
us_rival,pg,p2s-050-r1,2.4924,-0.041666666666666664,24
us_rival,pg,p2s-053-r1,2.5169,0.041666666666666664,24
us_rival,pg,p2s-056-r1,2.8442,0.16666666666666666,24
us_rival,pg,p2s-059-r1,2.6296,-0.08333333333333333,24
us_rival,pg,p2s-062-r1,2.8846,0.041666666666666664,24
us_rival,pg,p2s-065-r1,2.6532,0.041666666666666664,24
us_rival,pg,p2s-068-r1,2.5169,-0.20833333333333334,24
us_rival,pg,p2s-071-r1,2.7115,0.041666666666666664,24
us_rival,pg,p2s-074-r1,2.4924,0.0,24
us_rival,pg,p2s-077-r1,2.6978999999999997,0.125,24
us_rival,pg,p2s-080-r1,2.8846,0.0,24
us_rival,pg,p2s-083-r1,2.5132,0.16666666666666666,24
us_rival,pg,p2s-086-r1,2.504,0.041666666666666664,24
us_rival,pg,p2s-089-r1,2.6675,0.041666666666666664,24
us_rival,pg,p2s-092-r1,2.5305999999999997,0.041666666666666664,24
us_rival,pg,p2s-095-r1,2.5858,-0.08333333333333333,24
us_rival,pg,p2s-098-r1,3.5465,-0.20833333333333334,24
us_rival,pg,p2s-101-r1,2.7029,0.0,24
us_rival,pg,p2s-104-r1,3.1196,0.041666666666666664,24
us_rival,pg,p2s-107-r1,2.5907999999999998,0.0,24
us_rival,pg,p2s-110-r1,3.8167999999999997,0.041666666666666664,24
us_rival,pg,p2s-113-r1,2.6445,0.0,24
us_rival,pg,p2s-116-r1,2.8442,0.08333333333333333,24
us_rival,pg,p2s-119-r1,3.4215999999999998,-0.16666666666666666,24
us_rival,pg,p2s-122-r1,2.6296,0.125,24
us_rival,pg,p2s-125-r1,2.543,0.0,24
us_rival,pg,p2s-128-r1,3.1196,0.08333333333333333,24
us_rival,pg,p2s-131-r1,2.7115,0.0,24
us_rival,pg,p2s-134-r1,2.5132,0.08333333333333333,24
us_rival,pg,p2s-137-r1,2.8442,0.041666666666666664,24
us_rival,pg,p2s-140-r1,2.6675,-0.041666666666666664,24
us_rival,pg,p2s-143-r1,2.6296,0.16666666666666666,24
us_rival,pg,p2s-146-r1,2.5169,0.0,24
us_rival,pg,p2s-149-r1,2.504,0.041666666666666664,24
us_rival,pg,p2s-152-r1,2.6978999999999997,-0.08333333333333333,24
us_rival,pg,p2s-155-r1,2.5907999999999998,0.08333333333333333,24
us_rival,pg,p2s-158-r1,2.7029,-0.08333333333333333,24
us_rival,pg,p2s-161-r1,3.8167999999999997,-0.08333333333333333,24
us_rival,pg,p2s-164-r1,3.5465,-0.125,24
us_rival,pg,p2s-167-r1,2.5305999999999997,0.041666666666666664,24
us_rival,pg,p2s-170-r1,2.543,0.0,24
us_rival,pg,p2s-173-r1,2.8846,0.041666666666666664,24
us_rival,pg,p2s-176-r1,2.6445,-0.041666666666666664,24
us_rival,pg,p2s-179-r1,2.4924,0.0,24
us_rival,pg,p2s-182-r1,2.6532,-0.16666666666666666,24
us_rival,pg,p2s-185-r1,2.5858,0.125,24
us_rival,pg,p2s-188-r1,3.4215999999999998,-0.041666666666666664,24
us_rival,pg,p2s-191-r1,2.8846,-0.041666666666666664,24
us_rival,pg,p2s-194-r1,2.8442,0.20833333333333334,24
us_rival,pg,p2s-197-r1,2.5858,0.0,24
us_rival,pg,p2s-200-r1,2.5305999999999997,-0.041666666666666664,24
us_rival,pg,p2s-203-r1,2.6532,0.041666666666666664,24
us_rival,pg,p2s-206-r1,2.5169,0.0,24
us_rival,pg,p2s-209-r1,2.6675,0.041666666666666664,24
us_rival,pg,p2s-212-r1,2.5132,0.08333333333333333,24
us_rival,pg,p2s-215-r1,3.4215999999999998,0.0,24
us_rival,pg,p2s-218-r1,2.6296,-0.125,24
us_rival,pg,p2s-221-r1,2.6978999999999997,-0.041666666666666664,24
us_rival,pg,p2s-224-r1,2.5907999999999998,0.041666666666666664,24
us_rival,pg,p2s-227-r1,3.1196,0.0,24
us_rival,pg,p2s-230-r1,2.504,0.08333333333333333,24
us_rival,pg,p2s-233-r1,3.5465,0.041666666666666664,24
us_rival,pg,p2s-236-r1,2.7029,0.041666666666666664,24
us_rival,pg,p2s-239-r1,3.8167999999999997,-0.041666666666666664,24
us_rival,pg,p2s-242-r1,2.7115,-0.08333333333333333,24
us_rival,pg,p2s-245-r1,2.543,0.16666666666666666,24
us_rival,pg,p2s-248-r1,2.4924,0.20833333333333334,24
us_rival,pg,p2s-251-r1,2.6445,0.0,24
us_rival,pg,p2s-254-r1,2.4924,0.041666666666666664,24
us_rival,pg,p2s-257-r1,2.5132,0.041666666666666664,24
us_rival,pg,p2s-260-r1,2.8846,0.16666666666666666,24
us_rival,pg,p2s-263-r1,2.7115,-0.041666666666666664,24
us_rival,pg,p2s-266-r1,2.5858,0.16666666666666666,24
us_rival,pg,p2s-269-r1,2.5907999999999998,0.041666666666666664,24
us_rival,pg,p2s-272-r1,2.6296,0.08333333333333333,24
us_rival,pg,p2s-275-r1,2.6532,0.043478260869565216,23
us_rival,pg,p2s-278-r1,2.543,0.0,23
us_rival,pg,p2s-281-r1,2.5169,0.25,24
us_rival,pg,p2s-284-r1,3.8167999999999997,0.08333333333333333,24
us_rival,pg,p2s-287-r1,3.4215999999999998,-0.041666666666666664,24
us_rival,pg,p2s-290-r1,3.1196,-0.08333333333333333,24
us_rival,pg,p2s-293-r1,2.8442,0.125,24
us_rival,pg,p2s-296-r1,2.6675,0.125,24
us_rival,pg,p2s-299-r1,2.6445,0.125,24
us_rival,pg,p2s-302-r1,2.7029,0.041666666666666664,24
us_rival,pg,p2s-305-r1,3.5465,0.125,24
us_rival,pg,p2s-308-r1,2.6978999999999997,0.0,24
us_rival,pg,p2s-311-r1,2.5305999999999997,0.125,24
us_rival,pg,p2s-314-r1,2.504,-0.08333333333333333,24
us_rival,pg,p2s-317-r1,2.6675,0.25,24
us_rival,pg,p2s-320-r1,3.8167999999999997,-0.041666666666666664,24
us_rival,pg,p2s-323-r1,2.4924,0.041666666666666664,24
us_rival,pg,p2s-326-r1,3.5465,-0.08333333333333333,24
us_rival,pg,p2s-329-r1,2.5169,-0.125,24
us_rival,pg,p2s-332-r1,2.6445,0.08333333333333333,24
us_rival,pg,p2s-335-r1,2.543,0.041666666666666664,24
us_rival,pg,p2s-338-r1,2.5907999999999998,0.041666666666666664,24
us_rival,pg,p2s-341-r1,3.1196,0.08333333333333333,24
us_rival,pg,p2s-344-r1,3.4215999999999998,-0.08333333333333333,24
us_rival,pg,p2s-347-r1,2.5132,-0.125,24
us_rival,pg,p2s-350-r1,2.8846,-0.041666666666666664,24
us_rival,pg,p2s-353-r1,2.8442,-0.125,24
us_rival,pg,p2s-356-r1,2.5858,0.125,24
us_rival,pg,p2s-359-r1,2.5305999999999997,0.0,24
us_rival,pg,p2s-362-r1,2.6296,0.16666666666666666,24
us_rival,pg,p2s-365-r1,2.504,0.08333333333333333,24
us_rival,pg,p2s-368-r1,2.6532,0.0,24
us_rival,pg,p2s-371-r1,2.7029,-0.041666666666666664,24
us_rival,pg,p2s-374-r1,2.6978999999999997,0.08333333333333333,24
us_rival,pg,p2s-377-r1,2.7115,0.0,24
us_rival,pg,p2s-380-r1,2.6445,-0.041666666666666664,24
us_rival,pg,p2s-383-r1,2.6675,0.041666666666666664,24
us_rival,pg,p2s-386-r1,2.5907999999999998,-0.16666666666666666,24
us_rival,pg,p2s-389-r1,2.8846,0.041666666666666664,24
us_rival,pg,p2s-392-r1,2.5305999999999997,0.041666666666666664,24
us_rival,pg,p2s-395-r1,2.5169,-0.08333333333333333,24
us_rival,pg,p2s-398-r1,2.6296,0.041666666666666664,24
us_rival,pg,p2s-401-r1,2.5858,-0.08333333333333333,24
us_rival,pg,p2s-404-r1,2.6532,-0.25,24
us_rival,pg,p2s-407-r1,2.4924,0.0,24
us_rival,pg,p2s-410-r1,3.1196,0.0,24
us_rival,pg,p2s-413-r1,2.8442,0.0,24
us_rival,pg,p2s-416-r1,2.5132,-0.16666666666666666,24
us_rival,pg,p2s-419-r1,2.7115,0.041666666666666664,24
us_rival,pg,p2s-422-r1,2.543,0.0,24
us_rival,pg,p2s-425-r1,3.5465,-0.08333333333333333,24
us_rival,pg,p2s-428-r1,3.8167999999999997,-0.08333333333333333,24
us_rival,pg,p2s-431-r1,2.6978999999999997,0.0,24
us_rival,pg,p2s-434-r1,3.4215999999999998,0.041666666666666664,24
us_rival,pg,p2s-437-r1,2.7029,0.08333333333333333,24
us_rival,pg,p2s-440-r1,2.504,-0.041666666666666664,24
us_rival,pg,p2s-443-r1,2.5858,-0.041666666666666664,24
us_rival,pg,p2s-446-r1,2.4924,0.16666666666666666,24
us_rival,pg,p2s-449-r1,2.6532,-0.20833333333333334,24
us_rival,pg,p2s-452-r1,3.4215999999999998,-0.041666666666666664,24
us_rival,pg,p2s-455-r1,3.1196,-0.08333333333333333,24
us_rival,pg,p2s-458-r1,2.6296,0.0,24
us_rival,pg,p2s-461-r1,2.5305999999999997,0.041666666666666664,24
us_rival,pg,p2s-464-r1,2.8442,-0.041666666666666664,24
us_rival,pg,p2s-467-r1,2.7115,0.125,24
us_rival,pg,p2s-470-r1,2.8846,-0.041666666666666664,24
us_rival,pg,p2s-473-r1,2.6675,0.0,24
us_rival,pg,p2s-476-r1,2.5907999999999998,0.0,24
us_rival,pg,p2s-479-r1,2.6445,0.041666666666666664,24
us_rival,pg,p2s-482-r1,2.5169,-0.041666666666666664,24
us_rival,pg,p2s-485-r1,2.504,0.041666666666666664,24
us_rival,pg,p2s-488-r1,3.5465,0.041666666666666664,24
us_rival,pg,p2s-491-r1,2.5132,0.0,24
us_rival,pg,p2s-494-r1,2.6978999999999997,0.041666666666666664,24
us_rival,pg,p2s-497-r1,2.543,-0.041666666666666664,24
us_rival,pg,p2s-500-r1,3.8167999999999997,-0.16666666666666666,24
us_rival,pg,p2s-503-r1,2.7029,0.08333333333333333,24
us_rival,pg,p2s-506-r1,2.6532,-0.08333333333333333,24
us_rival,pg,p2s-509-r1,3.5465,0.041666666666666664,24
us_rival,pg,p2s-512-r1,2.4924,0.0,24
us_rival,pg,p2s-515-r1,2.8442,-0.041666666666666664,24
us_rival,pg,p2s-518-r1,3.4215999999999998,0.08333333333333333,24
us_rival,pg,p2s-521-r1,2.8846,0.2916666666666667,24
us_rival,pg,p2s-524-r1,3.8167999999999997,-0.041666666666666664,24
us_rival,pg,p2s-527-r1,3.1196,0.20833333333333334,24
us_rival,pg,p2s-530-r1,2.504,0.0,24
us_rival,pg,p2s-533-r1,2.5169,0.16666666666666666,24
us_rival,pg,p2s-536-r1,2.5907999999999998,0.041666666666666664,24
us_rival,pg,p2s-539-r1,2.7115,-0.041666666666666664,24
us_rival,pg,p2s-542-r1,2.6675,0.08333333333333333,24
us_rival,pg,p2s-545-r1,2.5132,0.125,24
us_rival,pg,p2s-548-r1,2.5858,-0.041666666666666664,24
us_rival,pg,p2s-551-r1,2.6978999999999997,0.0,24
us_rival,pg,p2s-554-r1,2.6445,0.041666666666666664,24
us_rival,pg,p2s-557-r1,2.543,0.041666666666666664,24
us_rival,pg,p2s-560-r1,2.6296,0.0,24
us_rival,pg,p2s-563-r1,2.5305999999999997,0.0,24
us_rival,pg,p2s-566-r1,2.7029,0.041666666666666664,24
us_rival,pg,p2s-569-r1,2.7029,0.041666666666666664,24
us_rival,pg,p2s-572-r1,2.8442,0.08333333333333333,24
us_rival,pg,p2s-575-r1,3.1196,0.0,24
us_rival,control,p2s-576-r1,2.5907999999999998,0.0,24
us_rival,control,p2s-577-r1,2.8846,-0.16666666666666666,24
us_rival,control,p2s-578-r1,2.6532,-0.041666666666666664,24
us_rival,control,p2s-579-r1,3.1196,0.0,24
us_rival,control,p2s-580-r1,2.8442,0.0,24
us_rival,control,p2s-581-r1,3.5465,0.041666666666666664,24
us_rival,control,p2s-582-r1,2.4924,0.17391304347826086,23
us_rival,control,p2s-583-r1,2.5169,0.041666666666666664,24
us_rival,control,p2s-584-r1,2.6445,-0.041666666666666664,24
us_rival,control,p2s-585-r1,2.5132,0.041666666666666664,24
us_rival,control,p2s-586-r1,2.7115,-0.041666666666666664,24
us_rival,control,p2s-587-r1,2.6675,0.0,24
us_rival,control,p2s-588-r1,2.5858,0.0,24
us_rival,control,p2s-589-r1,3.8167999999999997,0.0,24
us_rival,control,p2s-590-r1,3.4215999999999998,-0.041666666666666664,24
us_rival,control,p2s-591-r1,2.543,-0.041666666666666664,24
us_rival,control,p2s-592-r1,2.6296,-0.041666666666666664,24
us_rival,control,p2s-593-r1,2.5305999999999997,-0.125,24
us_rival,control,p2s-594-r1,2.504,0.0,24
us_rival,control,p2s-595-r1,2.6978999999999997,-0.041666666666666664,24
us_rival,control,p2s-596-r1,2.7029,-0.041666666666666664,24
us_rival,control,p2s-597-r1,2.5907999999999998,-0.041666666666666664,24
us_rival,control,p2s-598-r1,2.8846,-0.041666666666666664,24
us_rival,control,p2s-599-r1,2.6532,0.20833333333333334,24
us_rival,control,p2s-600-r1,2.8442,-0.041666666666666664,24
us_rival,control,p2s-601-r1,3.1196,-0.08333333333333333,24
us_rival,control,p2s-602-r1,2.5169,0.08333333333333333,24
us_rival,control,p2s-603-r1,3.5465,0.0,24
us_rival,control,p2s-604-r1,2.4924,-0.041666666666666664,24
us_rival,control,p2s-605-r1,2.5132,0.0,24
us_rival,control,p2s-606-r1,2.6445,-0.041666666666666664,24
us_rival,control,p2s-607-r1,2.6675,0.0,24
us_rival,control,p2s-608-r1,2.7115,0.0,24
us_rival,control,p2s-609-r1,2.5858,-0.125,24
us_rival,control,p2s-610-r1,3.4215999999999998,0.0,24
us_rival,control,p2s-611-r1,3.8167999999999997,0.0,24
us_rival,control,p2s-612-r1,2.6296,0.08333333333333333,24
us_rival,control,p2s-613-r1,2.543,0.041666666666666664,24
us_rival,control,p2s-614-r1,2.504,0.0,24
us_rival,control,p2s-615-r1,2.5305999999999997,0.08695652173913043,23
us_rival,control,p2s-616-r1,2.6978999999999997,0.041666666666666664,24
us_rival,control,p2s-617-r1,2.7029,0.041666666666666664,24
us_rival,control,p2s-618-r1,2.4924,0.0,24
us_rival,control,p2s-619-r1,2.6532,0.0,24
us_rival,control,p2s-620-r1,2.8846,-0.041666666666666664,24
us_rival,control,p2s-621-r1,2.5907999999999998,0.0,24
us_rival,control,p2s-622-r1,3.1196,0.0,24
us_rival,control,p2s-623-r1,3.5465,0.0,24
us_rival,control,p2s-624-r1,2.5169,-0.041666666666666664,24
us_rival,control,p2s-625-r1,2.5132,0.0,24
us_rival,control,p2s-626-r1,2.6445,0.08333333333333333,24
us_rival,control,p2s-627-r1,2.5858,0.0,24
us_rival,control,p2s-628-r1,2.6296,0.041666666666666664,24
us_rival,control,p2s-629-r1,2.7115,-0.16666666666666666,24
us_rival,control,p2s-630-r1,3.8167999999999997,0.041666666666666664,24
us_rival,control,p2s-631-r1,2.6978999999999997,0.0,24
us_rival,control,p2s-632-r1,2.6675,0.041666666666666664,24
us_rival,control,p2s-633-r1,2.5305999999999997,-0.08333333333333333,24
us_rival,control,p2s-634-r1,3.4215999999999998,0.041666666666666664,24
us_rival,control,p2s-635-r1,2.504,0.041666666666666664,24
us_rival,control,p2s-636-r1,2.543,0.0,24
us_rival,control,p2s-637-r1,2.7029,0.0,24
us_rival,control,p2s-638-r1,2.4924,-0.041666666666666664,24
us_rival,control,p2s-639-r1,2.8442,0.0,24
us_rival,control,p2s-640-r1,2.5907999999999998,0.2916666666666667,24
us_rival,control,p2s-641-r1,2.8846,-0.041666666666666664,24
us_rival,control,p2s-642-r1,2.6532,0.041666666666666664,24
us_rival,control,p2s-643-r1,2.8442,0.0,24
us_rival,control,p2s-644-r1,3.1196,0.0,24
us_rival,control,p2s-645-r1,3.5465,0.0,24
us_rival,control,p2s-646-r1,3.4215999999999998,0.0,24
us_rival,control,p2s-647-r1,2.5858,-0.08333333333333333,24
us_rival,control,p2s-648-r1,2.543,-0.125,24
us_rival,control,p2s-649-r1,3.8167999999999997,0.0,24
us_rival,control,p2s-650-r1,2.6296,-0.125,24
us_rival,control,p2s-651-r1,2.504,0.08333333333333333,24
us_rival,control,p2s-652-r1,2.7029,-0.041666666666666664,24
us_rival,control,p2s-653-r1,2.5305999999999997,0.125,24
us_rival,control,p2s-654-r1,2.6978999999999997,0.041666666666666664,24
us_rival,control,p2s-655-r1,2.8846,0.0,24
us_rival,control,p2s-656-r1,2.5907999999999998,0.08333333333333333,24
us_rival,control,p2s-657-r1,2.5169,-0.041666666666666664,24
us_rival,control,p2s-658-r1,2.6445,0.125,24
us_rival,control,p2s-659-r1,2.7115,0.0,24
us_rival,control,p2s-660-r1,2.6675,-0.08333333333333333,24
us_rival,control,p2s-661-r1,3.5465,-0.08333333333333333,24
us_rival,control,p2s-662-r1,2.5132,-0.041666666666666664,24
us_rival,control,p2s-663-r1,3.1196,0.0,24
us_rival,control,p2s-664-r1,2.4924,-0.125,24
us_rival,control,p2s-665-r1,2.6532,-0.08333333333333333,24
us_rival,control,p2s-666-r1,2.8442,0.041666666666666664,24
us_rival,control,p2s-667-r1,2.5169,-0.08333333333333333,24
us_rival,control,p2s-668-r1,2.504,0.0,24
us_rival,control,p2s-669-r1,2.6445,0.041666666666666664,24
us_rival,control,p2s-670-r1,2.7115,-0.08333333333333333,24
us_rival,control,p2s-671-r1,2.7029,-0.08333333333333333,24
us_rival,control,p2s-672-r1,2.6978999999999997,0.08333333333333333,24
us_rival,control,p2s-673-r1,2.5907999999999998,0.125,24
us_rival,control,p2s-674-r1,2.8846,-0.125,24
us_rival,control,p2s-675-r1,2.5132,0.08333333333333333,24
us_rival,control,p2s-676-r1,3.8167999999999997,0.0,24
us_rival,control,p2s-677-r1,2.5858,0.16666666666666666,24
us_rival,control,p2s-678-r1,2.543,0.08333333333333333,24
us_rival,control,p2s-679-r1,3.4215999999999998,0.0,24
us_rival,control,p2s-680-r1,2.6296,0.0,24
us_rival,control,p2s-681-r1,2.5305999999999997,0.041666666666666664,24
us_rival,control,p2s-682-r1,2.6675,-0.041666666666666664,24
us_rival,control,p2s-683-r1,3.1196,-0.08333333333333333,24
us_rival,control,p2s-684-r1,2.5132,-0.041666666666666664,24
us_rival,control,p2s-685-r1,3.5465,-0.16666666666666666,24
us_rival,control,p2s-686-r1,2.4924,-0.08333333333333333,24
us_rival,control,p2s-687-r1,2.8442,0.0,24
us_rival,control,p2s-688-r1,2.5169,-0.08333333333333333,24
us_rival,control,p2s-689-r1,3.8167999999999997,0.0,24
us_rival,control,p2s-690-r1,2.7115,0.041666666666666664,24
us_rival,control,p2s-691-r1,2.6445,0.0,24
us_rival,control,p2s-692-r1,2.5858,0.041666666666666664,24
us_rival,control,p2s-693-r1,2.5305999999999997,0.0,24
us_rival,control,p2s-694-r1,3.4215999999999998,0.0,24
us_rival,control,p2s-695-r1,2.6978999999999997,0.0,24
us_rival,control,p2s-696-r1,2.7029,0.08333333333333333,24
us_rival,control,p2s-697-r1,2.6532,0.041666666666666664,24
us_rival,control,p2s-698-r1,2.5907999999999998,-0.08333333333333333,24
us_rival,control,p2s-699-r1,2.504,0.08333333333333333,24
us_rival,control,p2s-700-r1,2.543,-0.125,24
us_rival,control,p2s-701-r1,2.7115,-0.08333333333333333,24
us_rival,control,p2s-702-r1,2.6675,-0.041666666666666664,24
us_rival,control,p2s-703-r1,2.6445,0.0,24
us_rival,control,p2s-704-r1,3.4215999999999998,-0.125,24
us_rival,control,p2s-705-r1,2.5858,0.041666666666666664,24
us_rival,control,p2s-706-r1,2.6296,0.08333333333333333,24
us_rival,control,p2s-707-r1,2.8846,-0.041666666666666664,24
us_rival,control,p2s-708-r1,3.8167999999999997,-0.4166666666666667,24
us_rival,control,p2s-709-r1,2.5305999999999997,-0.08333333333333333,24
us_rival,control,p2s-710-r1,2.6978999999999997,0.0,24
us_rival,control,p2s-711-r1,2.6532,0.0,24
us_rival,control,p2s-712-r1,3.1196,-0.041666666666666664,24
us_rival,control,p2s-713-r1,2.4924,0.08333333333333333,24
us_rival,control,p2s-714-r1,2.8442,-0.041666666666666664,24
us_rival,control,p2s-715-r1,3.5465,0.0,24
us_rival,control,p2s-716-r1,2.5169,-0.08333333333333333,24
us_rival,control,p2s-717-r1,2.7029,-0.041666666666666664,24
us_rival,control,p2s-718-r1,2.5907999999999998,-0.041666666666666664,24
us_rival,control,p2s-719-r1,2.5132,0.041666666666666664,24
us_rival,control,p2s-720-r1,2.543,0.0,24
us_rival,control,p2s-721-r1,2.6296,0.0,24
us_rival,control,p2s-722-r1,2.504,-0.125,24
us_rival,control,p2s-723-r1,2.6532,-0.125,24
us_rival,control,p2s-724-r1,2.4924,0.0,24
us_rival,control,p2s-725-r1,2.8846,0.0,24
us_rival,control,p2s-726-r1,3.1196,-0.041666666666666664,24
us_rival,control,p2s-727-r1,2.5305999999999997,-0.041666666666666664,24
us_rival,control,p2s-728-r1,2.6978999999999997,0.0,24
us_rival,control,p2s-729-r1,2.6675,0.0,24
us_rival,control,p2s-730-r1,2.543,-0.041666666666666664,24
us_rival,control,p2s-731-r1,2.8442,-0.08333333333333333,24
us_rival,control,p2s-732-r1,2.7115,0.125,24
us_rival,control,p2s-733-r1,3.8167999999999997,-0.041666666666666664,24
us_rival,control,p2s-734-r1,3.5465,0.0,24
us_rival,control,p2s-735-r1,2.5907999999999998,0.0,24
us_rival,control,p2s-736-r1,2.5169,-0.125,24
us_rival,control,p2s-737-r1,2.6445,-0.041666666666666664,24
us_rival,control,p2s-738-r1,2.5132,0.0,24
us_rival,control,p2s-739-r1,2.6675,0.041666666666666664,24
us_rival,control,p2s-740-r1,2.5858,0.0,24
us_rival,control,p2s-741-r1,3.4215999999999998,0.0,24
us_rival,control,p2s-742-r1,2.6532,0.041666666666666664,24
us_rival,control,p2s-743-r1,2.4924,0.08333333333333333,24
us_rival,control,p2s-744-r1,2.8442,0.08333333333333333,24
us_rival,control,p2s-745-r1,3.1196,0.08333333333333333,24
us_rival,control,p2s-746-r1,2.8846,0.0,24
us_rival,control,p2s-747-r1,2.504,0.125,24
us_rival,control,p2s-748-r1,2.6296,-0.041666666666666664,24
us_rival,control,p2s-749-r1,2.5169,-0.125,24
us_rival,control,p2s-750-r1,2.6978999999999997,0.041666666666666664,24
us_rival,control,p2s-751-r1,2.5305999999999997,-0.041666666666666664,24
us_rival,control,p2s-752-r1,2.7029,0.0,24
us_rival,control,p2s-753-r1,2.8442,-0.041666666666666664,24
us_rival,control,p2s-754-r1,2.6675,0.041666666666666664,24
us_rival,control,p2s-755-r1,3.8167999999999997,0.041666666666666664,24
us_rival,control,p2s-756-r1,2.6445,0.0,24
us_rival,control,p2s-757-r1,2.7115,0.0,24
us_rival,control,p2s-758-r1,2.543,-0.125,24
us_rival,control,p2s-759-r1,2.504,0.0,24
us_rival,control,p2s-760-r1,2.5132,0.0,24
us_rival,control,p2s-761-r1,2.5858,0.0,24
us_rival,control,p2s-762-r1,2.6296,0.0,24
us_rival,control,p2s-763-r1,3.4215999999999998,0.0,24
us_rival,control,p2s-764-r1,2.5169,0.0,24
us_rival,control,p2s-765-r1,2.7029,0.0,24
us_rival,control,p2s-766-r1,3.5465,0.041666666666666664,24
us_rival,control,p2s-767-r1,2.5132,0.0,24
us_neutral,he,p2s-000-r1,1.9978,0.041666666666666664,24
us_neutral,he,p2s-003-r1,1.9921,0.0,24
us_neutral,he,p2s-006-r1,1.9795,0.041666666666666664,24
us_neutral,he,p2s-009-r1,1.9717,0.0,24
us_neutral,he,p2s-012-r1,1.9595,-0.08333333333333333,24
us_neutral,he,p2s-015-r1,2.0456,0.041666666666666664,24
us_neutral,he,p2s-018-r1,2.0207,-0.041666666666666664,24
us_neutral,he,p2s-021-r1,2.0037,-0.041666666666666664,24
us_neutral,he,p2s-024-r1,2.0193,0.0,24
us_neutral,he,p2s-027-r1,2.0069,-0.041666666666666664,24
us_neutral,he,p2s-030-r1,1.977,-0.041666666666666664,24
us_neutral,he,p2s-033-r1,2.0445,0.0,24
us_neutral,he,p2s-036-r1,1.9528,0.0,24
us_neutral,he,p2s-039-r1,2.0528,0.0,24
us_neutral,he,p2s-042-r1,1.9798,-0.08333333333333333,24
us_neutral,he,p2s-045-r1,1.969,0.0,24
us_neutral,he,p2s-048-r1,1.9588,0.0,24
us_neutral,he,p2s-051-r1,2.0337,0.041666666666666664,24
us_neutral,he,p2s-054-r1,2.0607,-0.041666666666666664,24
us_neutral,he,p2s-057-r1,2.0583,0.0,24
us_neutral,he,p2s-060-r1,2.0583,-0.08333333333333333,24
us_neutral,he,p2s-063-r1,1.9978,0.0,24
us_neutral,he,p2s-066-r1,1.9921,0.041666666666666664,24
us_neutral,he,p2s-069-r1,1.9795,0.0,24
us_neutral,he,p2s-072-r1,2.0193,-0.041666666666666664,24
us_neutral,he,p2s-075-r1,1.9528,-0.041666666666666664,24
us_neutral,he,p2s-078-r1,2.0445,0.0,24
us_neutral,he,p2s-081-r1,1.9798,0.041666666666666664,24
us_neutral,he,p2s-084-r1,1.969,0.08333333333333333,24
us_neutral,he,p2s-087-r1,1.9588,0.041666666666666664,24
us_neutral,he,p2s-090-r1,2.0456,0.0,24
us_neutral,he,p2s-093-r1,2.0069,-0.08333333333333333,24
us_neutral,he,p2s-096-r1,1.9717,-0.125,24
us_neutral,he,p2s-099-r1,1.977,0.0,24
us_neutral,he,p2s-102-r1,2.0037,-0.041666666666666664,24
us_neutral,he,p2s-105-r1,2.0583,0.0,24
us_neutral,he,p2s-108-r1,2.0337,0.0,24
us_neutral,he,p2s-111-r1,2.0607,0.041666666666666664,24
us_neutral,he,p2s-114-r1,2.0207,-0.08333333333333333,24
us_neutral,he,p2s-117-r1,1.9595,0.0,24
us_neutral,he,p2s-120-r1,2.0528,-0.25,24
us_neutral,he,p2s-123-r1,2.0583,0.0,24
us_neutral,he,p2s-126-r1,2.0583,0.125,24
us_neutral,he,p2s-129-r1,2.0583,0.0,24
us_neutral,he,p2s-132-r1,2.0069,-0.043478260869565216,23
us_neutral,he,p2s-135-r1,1.9795,0.0,24
us_neutral,he,p2s-138-r1,2.0456,0.0,24
us_neutral,he,p2s-141-r1,2.0528,-0.041666666666666664,24
us_neutral,he,p2s-144-r1,1.9798,0.0,24
us_neutral,he,p2s-147-r1,1.977,0.041666666666666664,24
us_neutral,he,p2s-150-r1,2.0337,0.0,24
us_neutral,he,p2s-153-r1,1.9528,0.0,24
us_neutral,he,p2s-156-r1,1.9595,0.0,24
us_neutral,he,p2s-159-r1,2.0445,0.0,24
us_neutral,he,p2s-162-r1,2.0037,0.0,24
us_neutral,he,p2s-165-r1,1.9978,0.0,24
us_neutral,he,p2s-168-r1,1.9717,-0.041666666666666664,24
us_neutral,he,p2s-171-r1,1.9921,0.0,24
us_neutral,he,p2s-174-r1,2.0207,0.0,24
us_neutral,he,p2s-177-r1,2.0193,0.0,24
us_neutral,he,p2s-180-r1,1.969,0.0,24
us_neutral,he,p2s-183-r1,2.0607,0.0,24
us_neutral,he,p2s-186-r1,1.9588,0.0,24
us_neutral,he,p2s-189-r1,1.9717,-0.08333333333333333,24
us_neutral,he,p2s-192-r1,1.9921,0.0,24
us_neutral,he,p2s-195-r1,1.9798,0.0,24
us_neutral,he,p2s-198-r1,1.969,0.0,24
us_neutral,he,p2s-201-r1,2.0607,0.0,24
us_neutral,he,p2s-204-r1,1.9795,0.0,24
us_neutral,he,p2s-207-r1,2.0193,0.0,24
us_neutral,he,p2s-210-r1,1.9595,0.0,24
us_neutral,he,p2s-213-r1,1.9978,0.041666666666666664,24
us_neutral,he,p2s-216-r1,2.0337,0.041666666666666664,24
us_neutral,he,p2s-219-r1,1.9588,0.0,24
us_neutral,he,p2s-222-r1,2.0069,0.0,24
us_neutral,he,p2s-225-r1,2.0583,0.0,24
us_neutral,he,p2s-228-r1,2.0456,0.0,24
us_neutral,he,p2s-231-r1,2.0037,0.041666666666666664,24
us_neutral,he,p2s-234-r1,1.977,0.0,24
us_neutral,he,p2s-237-r1,2.0207,0.0,24
us_neutral,he,p2s-240-r1,2.0528,0.0,24
us_neutral,he,p2s-243-r1,2.0445,0.125,24
us_neutral,he,p2s-246-r1,1.9528,0.0,24
us_neutral,he,p2s-249-r1,2.0583,0.0,24
us_neutral,he,p2s-252-r1,2.0193,-0.041666666666666664,24
us_neutral,he,p2s-255-r1,2.0445,0.08333333333333333,24
us_neutral,he,p2s-258-r1,2.0528,0.0,24
us_neutral,he,p2s-261-r1,1.9798,0.0,24
us_neutral,he,p2s-264-r1,2.0607,0.041666666666666664,24
us_neutral,he,p2s-267-r1,2.0583,0.0,24
us_neutral,he,p2s-270-r1,1.9921,0.125,24
us_neutral,he,p2s-273-r1,2.0037,0.0,24
us_neutral,he,p2s-276-r1,1.9795,0.0,24
us_neutral,he,p2s-279-r1,1.9978,0.125,24
us_neutral,he,p2s-282-r1,2.0337,-0.041666666666666664,24
us_neutral,he,p2s-285-r1,2.0456,0.041666666666666664,24
us_neutral,he,p2s-288-r1,2.0583,0.041666666666666664,24
us_neutral,he,p2s-291-r1,1.977,0.041666666666666664,24
us_neutral,he,p2s-294-r1,1.9717,0.0,24
us_neutral,he,p2s-297-r1,2.0207,-0.041666666666666664,24
us_neutral,he,p2s-300-r1,1.969,0.041666666666666664,24
us_neutral,he,p2s-303-r1,2.0069,0.0,24
us_neutral,he,p2s-306-r1,1.9595,-0.041666666666666664,24
us_neutral,he,p2s-309-r1,1.9588,0.0,24
us_neutral,he,p2s-312-r1,1.9528,0.08333333333333333,24
us_neutral,he,p2s-315-r1,2.0207,-0.041666666666666664,24
us_neutral,he,p2s-318-r1,1.9921,0.041666666666666664,24
us_neutral,he,p2s-321-r1,1.977,0.0,24
us_neutral,he,p2s-324-r1,1.9717,-0.041666666666666664,24
us_neutral,he,p2s-327-r1,2.0337,0.0,24
us_neutral,he,p2s-330-r1,1.969,0.041666666666666664,24
us_neutral,he,p2s-333-r1,2.0069,0.0,24
us_neutral,he,p2s-336-r1,2.0583,-0.125,24
us_neutral,he,p2s-339-r1,1.9528,0.125,24
us_neutral,he,p2s-342-r1,2.0583,0.0,24
us_neutral,he,p2s-345-r1,2.0456,0.0,24
us_neutral,he,p2s-348-r1,2.0193,0.041666666666666664,24
us_neutral,he,p2s-351-r1,1.9595,-0.041666666666666664,24
us_neutral,he,p2s-354-r1,1.9588,0.0,24
us_neutral,he,p2s-357-r1,1.9978,0.2916666666666667,24
us_neutral,he,p2s-360-r1,2.0607,0.0,24
us_neutral,he,p2s-363-r1,2.0445,0.041666666666666664,24
us_neutral,he,p2s-366-r1,1.9798,-0.08333333333333333,24
us_neutral,he,p2s-369-r1,2.0037,0.0,24
us_neutral,he,p2s-372-r1,1.9795,0.08333333333333333,24
us_neutral,he,p2s-375-r1,2.0528,-0.041666666666666664,24
us_neutral,he,p2s-378-r1,1.9921,-0.041666666666666664,24
us_neutral,he,p2s-381-r1,1.9717,0.0,24
us_neutral,he,p2s-384-r1,1.9595,-0.041666666666666664,24
us_neutral,he,p2s-387-r1,1.9795,0.041666666666666664,24
us_neutral,he,p2s-390-r1,2.0193,0.0,24
us_neutral,he,p2s-393-r1,2.0069,-0.08333333333333333,24
us_neutral,he,p2s-396-r1,1.9978,0.0,24
us_neutral,he,p2s-399-r1,1.977,0.0,24
us_neutral,he,p2s-402-r1,2.0456,0.0,24
us_neutral,he,p2s-405-r1,2.0337,0.041666666666666664,24
us_neutral,he,p2s-408-r1,2.0037,0.08333333333333333,24
us_neutral,he,p2s-411-r1,1.9798,0.0,24
us_neutral,he,p2s-414-r1,1.9588,-0.08333333333333333,24
us_neutral,he,p2s-417-r1,2.0207,-0.125,24
us_neutral,he,p2s-420-r1,2.0445,0.0,24
us_neutral,he,p2s-423-r1,1.9528,-0.041666666666666664,24
us_neutral,he,p2s-426-r1,1.969,0.0,24
us_neutral,he,p2s-429-r1,2.0528,-0.08333333333333333,24
us_neutral,he,p2s-432-r1,2.0607,0.0,24
us_neutral,he,p2s-435-r1,2.0583,0.25,24
us_neutral,he,p2s-438-r1,2.0583,-0.08333333333333333,24
us_neutral,he,p2s-441-r1,1.977,0.0,24
us_neutral,he,p2s-444-r1,2.0193,0.0,24
us_neutral,he,p2s-447-r1,2.0207,0.041666666666666664,24
us_neutral,he,p2s-450-r1,1.9798,0.0,24
us_neutral,he,p2s-453-r1,2.0037,0.0,24
us_neutral,he,p2s-456-r1,2.0456,0.0,24
us_neutral,he,p2s-459-r1,1.9717,0.0,24
us_neutral,he,p2s-462-r1,2.0607,0.0,24
us_neutral,he,p2s-465-r1,1.9978,0.041666666666666664,24
us_neutral,he,p2s-468-r1,1.9921,0.0,24
us_neutral,he,p2s-471-r1,1.9795,0.0,24
us_neutral,he,p2s-474-r1,2.0445,0.0,24
us_neutral,he,p2s-477-r1,2.0069,0.041666666666666664,24
us_neutral,he,p2s-480-r1,2.0583,0.041666666666666664,24
us_neutral,he,p2s-483-r1,1.9528,-0.08333333333333333,24
us_neutral,he,p2s-486-r1,1.969,0.0,24
us_neutral,he,p2s-489-r1,1.9588,0.0,24
us_neutral,he,p2s-492-r1,2.0337,0.0,24
us_neutral,he,p2s-495-r1,2.0583,-0.041666666666666664,24
us_neutral,he,p2s-498-r1,2.0528,0.0,24
us_neutral,he,p2s-501-r1,1.9595,0.0,24
us_neutral,he,p2s-504-r1,1.9978,-0.041666666666666664,24
us_neutral,he,p2s-507-r1,1.9921,0.0,24
us_neutral,he,p2s-510-r1,1.977,0.0,24
us_neutral,he,p2s-513-r1,2.0037,0.0,24
us_neutral,he,p2s-516-r1,2.0207,0.0,24
us_neutral,he,p2s-519-r1,2.0193,-0.041666666666666664,24
us_neutral,he,p2s-522-r1,2.0337,0.0,24
us_neutral,he,p2s-525-r1,2.0607,-0.08333333333333333,24
us_neutral,he,p2s-528-r1,2.0456,0.041666666666666664,24
us_neutral,he,p2s-531-r1,1.9795,0.041666666666666664,24
us_neutral,he,p2s-534-r1,1.9798,0.0,24
us_neutral,he,p2s-537-r1,1.9717,-0.041666666666666664,24
us_neutral,he,p2s-540-r1,2.0069,0.08333333333333333,24
us_neutral,he,p2s-543-r1,2.0528,0.041666666666666664,24
us_neutral,he,p2s-546-r1,2.0445,0.08333333333333333,24
us_neutral,he,p2s-549-r1,1.9528,0.041666666666666664,24
us_neutral,he,p2s-552-r1,1.969,0.0,24
us_neutral,he,p2s-555-r1,1.9588,0.0,24
us_neutral,he,p2s-558-r1,2.0583,0.0,24
us_neutral,he,p2s-561-r1,2.0583,0.0,24
us_neutral,he,p2s-564-r1,1.9595,0.0,24
us_neutral,he,p2s-567-r1,2.0037,0.08333333333333333,24
us_neutral,he,p2s-570-r1,1.9978,0.16666666666666666,24
us_neutral,he,p2s-573-r1,1.9798,0.0,24
us_neutral,de,p2s-001-r1,2.0037,0.125,24
us_neutral,de,p2s-004-r1,2.0193,-0.125,24
us_neutral,de,p2s-007-r1,2.0207,0.25,24
us_neutral,de,p2s-010-r1,1.969,0.0,24
us_neutral,de,p2s-013-r1,1.9588,-0.08333333333333333,24
us_neutral,de,p2s-016-r1,1.9528,0.041666666666666664,24
us_neutral,de,p2s-019-r1,1.9795,0.0,24
us_neutral,de,p2s-022-r1,1.9978,0.0,24
us_neutral,de,p2s-025-r1,1.9921,0.0,24
us_neutral,de,p2s-028-r1,1.9798,0.041666666666666664,24
us_neutral,de,p2s-031-r1,2.0337,-0.041666666666666664,24
us_neutral,de,p2s-034-r1,2.0583,0.0,24
us_neutral,de,p2s-037-r1,1.9595,0.25,24
us_neutral,de,p2s-040-r1,2.0456,0.041666666666666664,24
us_neutral,de,p2s-043-r1,1.977,0.041666666666666664,24
us_neutral,de,p2s-046-r1,2.0583,0.041666666666666664,24
us_neutral,de,p2s-049-r1,2.0069,0.0,24
us_neutral,de,p2s-052-r1,1.9717,0.0,24
us_neutral,de,p2s-055-r1,2.0445,-0.08333333333333333,24
us_neutral,de,p2s-058-r1,2.0528,0.125,24
us_neutral,de,p2s-061-r1,2.0607,-0.08333333333333333,24
us_neutral,de,p2s-064-r1,2.0037,0.0,24
us_neutral,de,p2s-067-r1,1.9798,0.20833333333333334,24
us_neutral,de,p2s-070-r1,1.977,0.041666666666666664,24
us_neutral,de,p2s-073-r1,1.9921,-0.08333333333333333,24
us_neutral,de,p2s-076-r1,2.0528,0.0,24
us_neutral,de,p2s-079-r1,1.9978,0.125,24
us_neutral,de,p2s-082-r1,2.0207,-0.08333333333333333,24
us_neutral,de,p2s-085-r1,1.9595,0.08333333333333333,24
us_neutral,de,p2s-088-r1,2.0069,0.20833333333333334,24
us_neutral,de,p2s-091-r1,2.0583,0.0,24
us_neutral,de,p2s-094-r1,2.0445,0.0,24
us_neutral,de,p2s-097-r1,2.0337,0.0,24
us_neutral,de,p2s-100-r1,2.0193,0.20833333333333334,24
us_neutral,de,p2s-103-r1,1.9528,-0.08333333333333333,24
us_neutral,de,p2s-106-r1,1.9795,0.041666666666666664,24
us_neutral,de,p2s-109-r1,1.9717,-0.041666666666666664,24
us_neutral,de,p2s-112-r1,2.0583,0.08333333333333333,24
us_neutral,de,p2s-115-r1,2.0456,0.0,24
us_neutral,de,p2s-118-r1,1.969,0.0,24
us_neutral,de,p2s-121-r1,2.0607,-0.041666666666666664,24
us_neutral,de,p2s-124-r1,1.9588,0.08333333333333333,24
us_neutral,de,p2s-127-r1,1.9978,0.0,24
us_neutral,de,p2s-130-r1,2.0037,0.0,24
us_neutral,de,p2s-133-r1,2.0207,0.125,24
us_neutral,de,p2s-136-r1,1.9595,0.0,24
us_neutral,de,p2s-139-r1,1.977,0.0,24
us_neutral,de,p2s-142-r1,2.0445,0.0,24
us_neutral,de,p2s-145-r1,1.9795,0.16666666666666666,24
us_neutral,de,p2s-148-r1,1.969,0.041666666666666664,24
us_neutral,de,p2s-151-r1,1.9588,0.041666666666666664,24
us_neutral,de,p2s-154-r1,2.0607,0.0,24
us_neutral,de,p2s-157-r1,2.0456,0.0,24
us_neutral,de,p2s-160-r1,2.0069,0.0,24
us_neutral,de,p2s-163-r1,1.9921,0.041666666666666664,24
us_neutral,de,p2s-166-r1,2.0193,0.041666666666666664,24
us_neutral,de,p2s-169-r1,2.0583,0.041666666666666664,24
us_neutral,de,p2s-172-r1,2.0583,0.0,24
us_neutral,de,p2s-175-r1,1.9717,-0.041666666666666664,24
us_neutral,de,p2s-178-r1,2.0528,0.16666666666666666,24
us_neutral,de,p2s-181-r1,2.0337,0.08333333333333333,24
us_neutral,de,p2s-184-r1,1.9528,0.0,24
us_neutral,de,p2s-187-r1,1.9798,0.20833333333333334,24
us_neutral,de,p2s-190-r1,2.0583,0.16666666666666666,24
us_neutral,de,p2s-193-r1,1.9978,0.08333333333333333,24
us_neutral,de,p2s-196-r1,2.0207,-0.08333333333333333,24
us_neutral,de,p2s-199-r1,1.9528,0.0,24
us_neutral,de,p2s-202-r1,2.0037,-0.041666666666666664,24
us_neutral,de,p2s-205-r1,1.9798,0.041666666666666664,24
us_neutral,de,p2s-208-r1,1.977,0.08333333333333333,24
us_neutral,de,p2s-211-r1,1.9921,0.16666666666666666,24
us_neutral,de,p2s-214-r1,1.9588,0.08333333333333333,24
us_neutral,de,p2s-217-r1,2.0528,0.0,24
us_neutral,de,p2s-220-r1,2.0456,0.041666666666666664,24
us_neutral,de,p2s-223-r1,2.0607,0.0,24
us_neutral,de,p2s-226-r1,1.969,0.0,24
us_neutral,de,p2s-229-r1,1.9795,0.0,24
us_neutral,de,p2s-232-r1,1.9595,-0.08333333333333333,24
us_neutral,de,p2s-235-r1,1.9717,-0.041666666666666664,24
us_neutral,de,p2s-238-r1,2.0193,0.0,24
us_neutral,de,p2s-241-r1,2.0069,-0.125,24
us_neutral,de,p2s-244-r1,2.0583,0.125,24
us_neutral,de,p2s-247-r1,2.0445,0.041666666666666664,24
us_neutral,de,p2s-250-r1,2.0337,-0.041666666666666664,24
us_neutral,de,p2s-253-r1,2.0037,0.08333333333333333,24
us_neutral,de,p2s-256-r1,1.977,-0.041666666666666664,24
us_neutral,de,p2s-259-r1,2.0069,0.0,24
us_neutral,de,p2s-262-r1,2.0207,0.043478260869565216,23
us_neutral,de,p2s-265-r1,2.0337,0.0,24
us_neutral,de,p2s-268-r1,2.0583,0.0,24
us_neutral,de,p2s-271-r1,1.9588,0.125,24
us_neutral,de,p2s-274-r1,2.0445,0.041666666666666664,24
us_neutral,de,p2s-277-r1,2.0193,0.08333333333333333,24
us_neutral,de,p2s-280-r1,1.9798,0.0,24
us_neutral,de,p2s-283-r1,1.9595,0.3333333333333333,24
us_neutral,de,p2s-286-r1,1.9528,0.0,24
us_neutral,de,p2s-289-r1,2.0583,0.125,24
us_neutral,de,p2s-292-r1,2.0528,0.08333333333333333,24
us_neutral,de,p2s-295-r1,1.9978,0.25,24
us_neutral,de,p2s-298-r1,2.0607,-0.20833333333333334,24
us_neutral,de,p2s-301-r1,1.9717,0.0,24
us_neutral,de,p2s-304-r1,1.9921,0.08333333333333333,24
us_neutral,de,p2s-307-r1,2.0456,0.041666666666666664,24
us_neutral,de,p2s-310-r1,1.969,0.08333333333333333,24
us_neutral,de,p2s-313-r1,1.9795,0.0,24
us_neutral,de,p2s-316-r1,1.9717,0.08333333333333333,24
us_neutral,de,p2s-319-r1,1.9595,0.041666666666666664,24
us_neutral,de,p2s-322-r1,2.0069,0.08333333333333333,24
us_neutral,de,p2s-325-r1,2.0193,-0.041666666666666664,24
us_neutral,de,p2s-328-r1,1.9978,-0.08333333333333333,24
us_neutral,de,p2s-331-r1,1.9798,0.125,24
us_neutral,de,p2s-334-r1,2.0445,0.0,24
us_neutral,de,p2s-337-r1,2.0528,-0.08333333333333333,24
us_neutral,de,p2s-340-r1,2.0037,0.25,24
us_neutral,de,p2s-343-r1,1.9795,0.041666666666666664,24
us_neutral,de,p2s-346-r1,2.0337,0.125,24
us_neutral,de,p2s-349-r1,1.9921,0.08333333333333333,24
us_neutral,de,p2s-352-r1,2.0607,0.041666666666666664,24
us_neutral,de,p2s-355-r1,2.0207,0.041666666666666664,24
us_neutral,de,p2s-358-r1,1.9528,0.041666666666666664,24
us_neutral,de,p2s-361-r1,1.977,0.08333333333333333,24
us_neutral,de,p2s-364-r1,2.0456,0.0,24
us_neutral,de,p2s-367-r1,2.0583,-0.08333333333333333,24
us_neutral,de,p2s-370-r1,1.969,0.0,24
us_neutral,de,p2s-373-r1,1.9588,0.041666666666666664,24
us_neutral,de,p2s-376-r1,2.0583,0.0,24
us_neutral,de,p2s-379-r1,2.0207,0.0,24
us_neutral,de,p2s-382-r1,1.969,0.08333333333333333,24
us_neutral,de,p2s-385-r1,2.0607,0.08333333333333333,24
us_neutral,de,p2s-388-r1,2.0445,0.08333333333333333,24
us_neutral,de,p2s-391-r1,1.9588,0.0,24
us_neutral,de,p2s-394-r1,1.9798,-0.16666666666666666,24
us_neutral,de,p2s-397-r1,2.0456,-0.041666666666666664,24
us_neutral,de,p2s-400-r1,1.9921,-0.25,24
us_neutral,de,p2s-403-r1,2.0193,-0.041666666666666664,24
us_neutral,de,p2s-406-r1,1.9717,0.125,24
us_neutral,de,p2s-409-r1,1.977,0.0,24
us_neutral,de,p2s-412-r1,1.9595,0.0,24
us_neutral,de,p2s-415-r1,1.9978,0.125,24
us_neutral,de,p2s-418-r1,2.0337,0.25,24
us_neutral,de,p2s-421-r1,2.0069,0.041666666666666664,24
us_neutral,de,p2s-424-r1,2.0037,0.08333333333333333,24
us_neutral,de,p2s-427-r1,1.9795,0.125,24
us_neutral,de,p2s-430-r1,2.0583,-0.041666666666666664,24
us_neutral,de,p2s-433-r1,1.9528,0.041666666666666664,24
us_neutral,de,p2s-436-r1,2.0528,0.0,24
us_neutral,de,p2s-439-r1,2.0583,0.125,24
us_neutral,de,p2s-442-r1,1.969,0.0,24
us_neutral,de,p2s-445-r1,1.9921,0.0,24
us_neutral,de,p2s-448-r1,1.9978,0.0,24
us_neutral,de,p2s-451-r1,1.9588,-0.125,24
us_neutral,de,p2s-454-r1,2.0207,-0.041666666666666664,24
us_neutral,de,p2s-457-r1,1.977,0.08333333333333333,24
us_neutral,de,p2s-460-r1,2.0337,0.041666666666666664,24
us_neutral,de,p2s-463-r1,2.0037,-0.041666666666666664,24
us_neutral,de,p2s-466-r1,2.0069,0.0,24
us_neutral,de,p2s-469-r1,2.0193,0.125,24
us_neutral,de,p2s-472-r1,1.9798,0.16666666666666666,24
us_neutral,de,p2s-475-r1,1.9717,0.041666666666666664,24
us_neutral,de,p2s-478-r1,1.9595,0.041666666666666664,24
us_neutral,de,p2s-481-r1,2.0456,-0.08333333333333333,24
us_neutral,de,p2s-484-r1,2.0528,0.08333333333333333,24
us_neutral,de,p2s-487-r1,1.9795,-0.041666666666666664,24
us_neutral,de,p2s-490-r1,1.9528,0.08333333333333333,24
us_neutral,de,p2s-493-r1,2.0607,0.0,24
us_neutral,de,p2s-496-r1,2.0445,-0.041666666666666664,24
us_neutral,de,p2s-499-r1,2.0583,0.0,24
us_neutral,de,p2s-502-r1,2.0583,0.16666666666666666,24
us_neutral,de,p2s-505-r1,2.0037,0.20833333333333334,24
us_neutral,de,p2s-508-r1,1.9978,0.125,24
us_neutral,de,p2s-511-r1,1.969,0.0,24
us_neutral,de,p2s-514-r1,2.0069,0.16666666666666666,24
us_neutral,de,p2s-517-r1,1.9717,0.041666666666666664,24
us_neutral,de,p2s-520-r1,1.9921,-0.08333333333333333,24
us_neutral,de,p2s-523-r1,1.9595,0.041666666666666664,24
us_neutral,de,p2s-526-r1,1.9798,-0.041666666666666664,24
us_neutral,de,p2s-529-r1,1.9528,0.125,24
us_neutral,de,p2s-532-r1,2.0193,-0.08333333333333333,24
us_neutral,de,p2s-535-r1,2.0607,-0.08333333333333333,24
us_neutral,de,p2s-538-r1,1.9588,-0.16666666666666666,24
us_neutral,de,p2s-541-r1,1.977,0.08333333333333333,24
us_neutral,de,p2s-544-r1,2.0583,0.0,24
us_neutral,de,p2s-547-r1,2.0207,-0.041666666666666664,24
us_neutral,de,p2s-550-r1,2.0583,0.041666666666666664,24
us_neutral,de,p2s-553-r1,2.0528,0.0,24
us_neutral,de,p2s-556-r1,1.9795,0.20833333333333334,24
us_neutral,de,p2s-559-r1,2.0445,0.08333333333333333,24
us_neutral,de,p2s-562-r1,2.0337,0.0,24
us_neutral,de,p2s-565-r1,2.0456,0.0,24
us_neutral,de,p2s-568-r1,1.9795,0.08333333333333333,24
us_neutral,de,p2s-571-r1,2.0069,0.0,24
us_neutral,de,p2s-574-r1,2.0456,-0.041666666666666664,24
us_neutral,pg,p2s-002-r1,2.0069,0.125,24
us_neutral,pg,p2s-005-r1,1.9798,0.0,24
us_neutral,pg,p2s-008-r1,1.977,0.0,24
us_neutral,pg,p2s-011-r1,2.0337,0.0,24
us_neutral,pg,p2s-014-r1,2.0445,0.0,24
us_neutral,pg,p2s-017-r1,2.0528,-0.08333333333333333,24
us_neutral,pg,p2s-020-r1,1.9717,-0.20833333333333334,24
us_neutral,pg,p2s-023-r1,1.969,0.0,24
us_neutral,pg,p2s-026-r1,1.9595,0.041666666666666664,24
us_neutral,pg,p2s-029-r1,1.9588,0.041666666666666664,24
us_neutral,pg,p2s-032-r1,2.0456,0.0,24
us_neutral,pg,p2s-035-r1,2.0583,0.0,24
us_neutral,pg,p2s-038-r1,1.9921,0.20833333333333334,24
us_neutral,pg,p2s-041-r1,1.9978,0.13043478260869565,23
us_neutral,pg,p2s-044-r1,2.0583,0.041666666666666664,24
us_neutral,pg,p2s-047-r1,2.0607,0.0,24
us_neutral,pg,p2s-050-r1,1.9795,-0.08333333333333333,24
us_neutral,pg,p2s-053-r1,2.0207,0.125,24
us_neutral,pg,p2s-056-r1,2.0193,0.041666666666666664,24
us_neutral,pg,p2s-059-r1,1.9528,0.125,24
us_neutral,pg,p2s-062-r1,2.0037,0.0,24
us_neutral,pg,p2s-065-r1,2.0069,0.08333333333333333,24
us_neutral,pg,p2s-068-r1,2.0207,0.125,24
us_neutral,pg,p2s-071-r1,1.969,0.08333333333333333,24
us_neutral,pg,p2s-074-r1,1.9795,-0.08333333333333333,24
us_neutral,pg,p2s-077-r1,2.0583,0.08333333333333333,24
us_neutral,pg,p2s-080-r1,2.0037,-0.041666666666666664,24
us_neutral,pg,p2s-083-r1,1.9717,0.0,24
us_neutral,pg,p2s-086-r1,2.0583,-0.041666666666666664,24
us_neutral,pg,p2s-089-r1,2.0337,0.041666666666666664,24
us_neutral,pg,p2s-092-r1,2.0528,-0.041666666666666664,24
us_neutral,pg,p2s-095-r1,1.9595,0.20833333333333334,24
us_neutral,pg,p2s-098-r1,1.9798,0.041666666666666664,24
us_neutral,pg,p2s-101-r1,2.0607,0.0,24
us_neutral,pg,p2s-104-r1,1.9921,0.041666666666666664,24
us_neutral,pg,p2s-107-r1,1.9978,0.041666666666666664,24
us_neutral,pg,p2s-110-r1,1.9588,0.0,24
us_neutral,pg,p2s-113-r1,1.977,-0.041666666666666664,24
us_neutral,pg,p2s-116-r1,2.0193,0.041666666666666664,24
us_neutral,pg,p2s-119-r1,2.0445,0.041666666666666664,24
us_neutral,pg,p2s-122-r1,1.9528,-0.125,24
us_neutral,pg,p2s-125-r1,2.0456,0.0,24
us_neutral,pg,p2s-128-r1,1.9921,-0.16666666666666666,24
us_neutral,pg,p2s-131-r1,1.969,0.125,24
us_neutral,pg,p2s-134-r1,1.9717,0.041666666666666664,24
us_neutral,pg,p2s-137-r1,2.0193,-0.08333333333333333,24
us_neutral,pg,p2s-140-r1,2.0337,0.0,24
us_neutral,pg,p2s-143-r1,1.9528,0.3333333333333333,24
us_neutral,pg,p2s-146-r1,2.0207,0.0,24
us_neutral,pg,p2s-149-r1,2.0583,0.0,24
us_neutral,pg,p2s-152-r1,2.0583,0.041666666666666664,24
us_neutral,pg,p2s-155-r1,1.9978,-0.041666666666666664,24
us_neutral,pg,p2s-158-r1,2.0607,0.0,24
us_neutral,pg,p2s-161-r1,1.9588,0.16666666666666666,24
us_neutral,pg,p2s-164-r1,1.9798,-0.041666666666666664,24
us_neutral,pg,p2s-167-r1,2.0528,0.0,24
us_neutral,pg,p2s-170-r1,2.0456,0.125,24
us_neutral,pg,p2s-173-r1,2.0037,0.041666666666666664,24
us_neutral,pg,p2s-176-r1,1.977,0.125,24
us_neutral,pg,p2s-179-r1,1.9795,0.0,24
us_neutral,pg,p2s-182-r1,2.0069,-0.041666666666666664,24
us_neutral,pg,p2s-185-r1,1.9595,0.041666666666666664,24
us_neutral,pg,p2s-188-r1,2.0445,0.041666666666666664,24
us_neutral,pg,p2s-191-r1,2.0037,-0.041666666666666664,24
us_neutral,pg,p2s-194-r1,2.0193,0.041666666666666664,24
us_neutral,pg,p2s-197-r1,1.9595,0.0,24
us_neutral,pg,p2s-200-r1,2.0528,0.041666666666666664,24
us_neutral,pg,p2s-203-r1,2.0069,0.0,24
us_neutral,pg,p2s-206-r1,2.0207,0.0,24
us_neutral,pg,p2s-209-r1,2.0337,0.041666666666666664,24
us_neutral,pg,p2s-212-r1,1.9717,0.08333333333333333,24
us_neutral,pg,p2s-215-r1,2.0445,0.20833333333333334,24
us_neutral,pg,p2s-218-r1,1.9528,-0.08333333333333333,24
us_neutral,pg,p2s-221-r1,2.0583,0.125,24
us_neutral,pg,p2s-224-r1,1.9978,-0.041666666666666664,24
us_neutral,pg,p2s-227-r1,1.9921,0.0,24
us_neutral,pg,p2s-230-r1,2.0583,-0.125,24
us_neutral,pg,p2s-233-r1,1.9798,0.08333333333333333,24
us_neutral,pg,p2s-236-r1,2.0607,0.125,24
us_neutral,pg,p2s-239-r1,1.9588,0.0,24
us_neutral,pg,p2s-242-r1,1.969,0.125,24
us_neutral,pg,p2s-245-r1,2.0456,0.08333333333333333,24
us_neutral,pg,p2s-248-r1,1.9795,0.08333333333333333,24
us_neutral,pg,p2s-251-r1,1.977,0.041666666666666664,24
us_neutral,pg,p2s-254-r1,1.9795,0.25,24
us_neutral,pg,p2s-257-r1,1.9717,-0.08333333333333333,24
us_neutral,pg,p2s-260-r1,2.0037,0.16666666666666666,24
us_neutral,pg,p2s-263-r1,1.969,-0.041666666666666664,24
us_neutral,pg,p2s-266-r1,1.9595,-0.16666666666666666,24
us_neutral,pg,p2s-269-r1,1.9978,-0.08333333333333333,24
us_neutral,pg,p2s-272-r1,1.9528,0.0,24
us_neutral,pg,p2s-275-r1,2.0069,-0.08333333333333333,24
us_neutral,pg,p2s-278-r1,2.0456,0.0,23
us_neutral,pg,p2s-281-r1,2.0207,0.2916666666666667,24
us_neutral,pg,p2s-284-r1,1.9588,-0.041666666666666664,24
us_neutral,pg,p2s-287-r1,2.0445,-0.08333333333333333,24
us_neutral,pg,p2s-290-r1,1.9921,0.041666666666666664,24
us_neutral,pg,p2s-293-r1,2.0193,0.0,24
us_neutral,pg,p2s-296-r1,2.0337,0.20833333333333334,24
us_neutral,pg,p2s-299-r1,1.977,0.08333333333333333,24
us_neutral,pg,p2s-302-r1,2.0607,0.041666666666666664,24
us_neutral,pg,p2s-305-r1,1.9798,0.08333333333333333,24
us_neutral,pg,p2s-308-r1,2.0583,0.125,24
us_neutral,pg,p2s-311-r1,2.0528,0.0,24
us_neutral,pg,p2s-314-r1,2.0583,-0.041666666666666664,24
us_neutral,pg,p2s-317-r1,2.0337,0.08333333333333333,24
us_neutral,pg,p2s-320-r1,1.9588,0.08333333333333333,24
us_neutral,pg,p2s-323-r1,1.9795,0.0,24
us_neutral,pg,p2s-326-r1,1.9798,-0.08333333333333333,24
us_neutral,pg,p2s-329-r1,2.0207,-0.041666666666666664,24
us_neutral,pg,p2s-332-r1,1.977,0.041666666666666664,24
us_neutral,pg,p2s-335-r1,2.0456,0.0,24
us_neutral,pg,p2s-338-r1,1.9978,0.125,24
us_neutral,pg,p2s-341-r1,1.9921,-0.041666666666666664,24
us_neutral,pg,p2s-344-r1,2.0445,-0.125,24
us_neutral,pg,p2s-347-r1,1.9717,-0.041666666666666664,24
us_neutral,pg,p2s-350-r1,2.0037,0.125,24
us_neutral,pg,p2s-353-r1,2.0193,-0.125,24
us_neutral,pg,p2s-356-r1,1.9595,0.041666666666666664,24
us_neutral,pg,p2s-359-r1,2.0528,0.08333333333333333,24
us_neutral,pg,p2s-362-r1,1.9528,0.20833333333333334,24
us_neutral,pg,p2s-365-r1,2.0583,0.125,24
us_neutral,pg,p2s-368-r1,2.0069,0.041666666666666664,24
us_neutral,pg,p2s-371-r1,2.0607,-0.041666666666666664,24
us_neutral,pg,p2s-374-r1,2.0583,0.375,24
us_neutral,pg,p2s-377-r1,1.969,0.08333333333333333,24
us_neutral,pg,p2s-380-r1,1.977,0.08333333333333333,24
us_neutral,pg,p2s-383-r1,2.0337,0.0,24
us_neutral,pg,p2s-386-r1,1.9978,0.0,24
us_neutral,pg,p2s-389-r1,2.0037,0.0,24
us_neutral,pg,p2s-392-r1,2.0528,0.041666666666666664,24
us_neutral,pg,p2s-395-r1,2.0207,-0.125,24
us_neutral,pg,p2s-398-r1,1.9528,0.041666666666666664,24
us_neutral,pg,p2s-401-r1,1.9595,-0.041666666666666664,24
us_neutral,pg,p2s-404-r1,2.0069,-0.20833333333333334,24
us_neutral,pg,p2s-407-r1,1.9795,0.0,24
us_neutral,pg,p2s-410-r1,1.9921,0.08333333333333333,24
us_neutral,pg,p2s-413-r1,2.0193,0.08333333333333333,24
us_neutral,pg,p2s-416-r1,1.9717,-0.041666666666666664,24
us_neutral,pg,p2s-419-r1,1.969,0.125,24
us_neutral,pg,p2s-422-r1,2.0456,-0.16666666666666666,24
us_neutral,pg,p2s-425-r1,1.9798,0.08333333333333333,24
us_neutral,pg,p2s-428-r1,1.9588,0.0,24
us_neutral,pg,p2s-431-r1,2.0583,0.25,24
us_neutral,pg,p2s-434-r1,2.0445,0.0,24
us_neutral,pg,p2s-437-r1,2.0607,-0.20833333333333334,24
us_neutral,pg,p2s-440-r1,2.0583,0.16666666666666666,24
us_neutral,pg,p2s-443-r1,1.9595,0.08333333333333333,24
us_neutral,pg,p2s-446-r1,1.9795,-0.08333333333333333,24
us_neutral,pg,p2s-449-r1,2.0069,-0.16666666666666666,24
us_neutral,pg,p2s-452-r1,2.0445,0.0,24
us_neutral,pg,p2s-455-r1,1.9921,0.0,24
us_neutral,pg,p2s-458-r1,1.9528,0.041666666666666664,24
us_neutral,pg,p2s-461-r1,2.0528,0.041666666666666664,24
us_neutral,pg,p2s-464-r1,2.0193,0.0,24
us_neutral,pg,p2s-467-r1,1.969,0.08333333333333333,24
us_neutral,pg,p2s-470-r1,2.0037,-0.125,24
us_neutral,pg,p2s-473-r1,2.0337,-0.041666666666666664,24
us_neutral,pg,p2s-476-r1,1.9978,0.0,24
us_neutral,pg,p2s-479-r1,1.977,0.16666666666666666,24
us_neutral,pg,p2s-482-r1,2.0207,0.0,24
us_neutral,pg,p2s-485-r1,2.0583,0.08333333333333333,24
us_neutral,pg,p2s-488-r1,1.9798,0.0,24
us_neutral,pg,p2s-491-r1,1.9717,-0.08333333333333333,24
us_neutral,pg,p2s-494-r1,2.0583,0.08333333333333333,24
us_neutral,pg,p2s-497-r1,2.0456,0.125,24
us_neutral,pg,p2s-500-r1,1.9588,0.041666666666666664,24
us_neutral,pg,p2s-503-r1,2.0607,0.08333333333333333,24
us_neutral,pg,p2s-506-r1,2.0069,-0.08333333333333333,24
us_neutral,pg,p2s-509-r1,1.9798,0.0,24
us_neutral,pg,p2s-512-r1,1.9795,0.0,24
us_neutral,pg,p2s-515-r1,2.0193,0.16666666666666666,24
us_neutral,pg,p2s-518-r1,2.0445,0.125,24
us_neutral,pg,p2s-521-r1,2.0037,0.125,24
us_neutral,pg,p2s-524-r1,1.9588,-0.08333333333333333,24
us_neutral,pg,p2s-527-r1,1.9921,0.2916666666666667,24
us_neutral,pg,p2s-530-r1,2.0583,-0.08333333333333333,24
us_neutral,pg,p2s-533-r1,2.0207,0.20833333333333334,24
us_neutral,pg,p2s-536-r1,1.9978,0.041666666666666664,24
us_neutral,pg,p2s-539-r1,1.969,0.0,24
us_neutral,pg,p2s-542-r1,2.0337,-0.08333333333333333,24
us_neutral,pg,p2s-545-r1,1.9717,0.0,24
us_neutral,pg,p2s-548-r1,1.9595,-0.041666666666666664,24
us_neutral,pg,p2s-551-r1,2.0583,-0.041666666666666664,24
us_neutral,pg,p2s-554-r1,1.977,0.20833333333333334,24
us_neutral,pg,p2s-557-r1,2.0456,0.0,24
us_neutral,pg,p2s-560-r1,1.9528,0.0,24
us_neutral,pg,p2s-563-r1,2.0528,0.20833333333333334,24
us_neutral,pg,p2s-566-r1,2.0607,0.041666666666666664,24
us_neutral,pg,p2s-569-r1,2.0607,0.041666666666666664,24
us_neutral,pg,p2s-572-r1,2.0193,0.08333333333333333,24
us_neutral,pg,p2s-575-r1,1.9921,-0.08333333333333333,24
us_neutral,control,p2s-576-r1,1.9978,0.0,24
us_neutral,control,p2s-577-r1,2.0037,0.041666666666666664,24
us_neutral,control,p2s-578-r1,2.0069,-0.041666666666666664,24
us_neutral,control,p2s-579-r1,1.9921,0.041666666666666664,24
us_neutral,control,p2s-580-r1,2.0193,0.08333333333333333,24
us_neutral,control,p2s-581-r1,1.9798,-0.041666666666666664,24
us_neutral,control,p2s-582-r1,1.9795,0.0,23
us_neutral,control,p2s-583-r1,2.0207,-0.041666666666666664,24
us_neutral,control,p2s-584-r1,1.977,0.0,24
us_neutral,control,p2s-585-r1,1.9717,0.0,24
us_neutral,control,p2s-586-r1,1.969,0.041666666666666664,24
us_neutral,control,p2s-587-r1,2.0337,-0.08333333333333333,24
us_neutral,control,p2s-588-r1,1.9595,-0.041666666666666664,24
us_neutral,control,p2s-589-r1,1.9588,0.0,24
us_neutral,control,p2s-590-r1,2.0445,0.0,24
us_neutral,control,p2s-591-r1,2.0456,0.041666666666666664,24
us_neutral,control,p2s-592-r1,1.9528,0.041666666666666664,24
us_neutral,control,p2s-593-r1,2.0528,0.0,24
us_neutral,control,p2s-594-r1,2.0583,-0.041666666666666664,24
us_neutral,control,p2s-595-r1,2.0583,0.0,24
us_neutral,control,p2s-596-r1,2.0607,0.08333333333333333,24
us_neutral,control,p2s-597-r1,1.9978,0.0,24
us_neutral,control,p2s-598-r1,2.0037,0.0,24
us_neutral,control,p2s-599-r1,2.0069,-0.08333333333333333,24
us_neutral,control,p2s-600-r1,2.0193,0.0,24
us_neutral,control,p2s-601-r1,1.9921,-0.041666666666666664,24
us_neutral,control,p2s-602-r1,2.0207,0.125,24
us_neutral,control,p2s-603-r1,1.9798,0.0,24
us_neutral,control,p2s-604-r1,1.9795,-0.041666666666666664,24
us_neutral,control,p2s-605-r1,1.9717,0.0,24
us_neutral,control,p2s-606-r1,1.977,0.0,24
us_neutral,control,p2s-607-r1,2.0337,0.041666666666666664,24
us_neutral,control,p2s-608-r1,1.969,0.0,24
us_neutral,control,p2s-609-r1,1.9595,-0.041666666666666664,24
us_neutral,control,p2s-610-r1,2.0445,0.041666666666666664,24
us_neutral,control,p2s-611-r1,1.9588,0.041666666666666664,24
us_neutral,control,p2s-612-r1,1.9528,0.041666666666666664,24
us_neutral,control,p2s-613-r1,2.0456,-0.041666666666666664,24
us_neutral,control,p2s-614-r1,2.0583,0.041666666666666664,24
us_neutral,control,p2s-615-r1,2.0528,0.0,24
us_neutral,control,p2s-616-r1,2.0583,0.20833333333333334,24
us_neutral,control,p2s-617-r1,2.0607,0.0,24
us_neutral,control,p2s-618-r1,1.9795,0.0,24
us_neutral,control,p2s-619-r1,2.0069,0.0,24
us_neutral,control,p2s-620-r1,2.0037,-0.041666666666666664,24
us_neutral,control,p2s-621-r1,1.9978,-0.041666666666666664,24
us_neutral,control,p2s-622-r1,1.9921,0.0,24
us_neutral,control,p2s-623-r1,1.9798,0.0,24
us_neutral,control,p2s-624-r1,2.0207,-0.041666666666666664,24
us_neutral,control,p2s-625-r1,1.9717,0.0,24
us_neutral,control,p2s-626-r1,1.977,0.16666666666666666,24
us_neutral,control,p2s-627-r1,1.9595,0.041666666666666664,24
us_neutral,control,p2s-628-r1,1.9528,0.0,24
us_neutral,control,p2s-629-r1,1.969,0.0,24
us_neutral,control,p2s-630-r1,1.9588,0.041666666666666664,24
us_neutral,control,p2s-631-r1,2.0583,0.08333333333333333,24
us_neutral,control,p2s-632-r1,2.0337,-0.08333333333333333,24
us_neutral,control,p2s-633-r1,2.0528,0.041666666666666664,24
us_neutral,control,p2s-634-r1,2.0445,-0.08333333333333333,24
us_neutral,control,p2s-635-r1,2.0583,-0.041666666666666664,24
us_neutral,control,p2s-636-r1,2.0456,0.041666666666666664,24
us_neutral,control,p2s-637-r1,2.0607,-0.041666666666666664,24
us_neutral,control,p2s-638-r1,1.9795,0.0,24
us_neutral,control,p2s-639-r1,2.0193,0.0,24
us_neutral,control,p2s-640-r1,1.9978,-0.041666666666666664,24
us_neutral,control,p2s-641-r1,2.0037,-0.08333333333333333,24
us_neutral,control,p2s-642-r1,2.0069,-0.041666666666666664,24
us_neutral,control,p2s-643-r1,2.0193,0.0,24
us_neutral,control,p2s-644-r1,1.9921,0.0,24
us_neutral,control,p2s-645-r1,1.9798,0.0,24
us_neutral,control,p2s-646-r1,2.0445,0.125,24
us_neutral,control,p2s-647-r1,1.9595,-0.08333333333333333,24
us_neutral,control,p2s-648-r1,2.0456,0.0,24
us_neutral,control,p2s-649-r1,1.9588,0.041666666666666664,24
us_neutral,control,p2s-650-r1,1.9528,-0.16666666666666666,24
us_neutral,control,p2s-651-r1,2.0583,0.16666666666666666,24
us_neutral,control,p2s-652-r1,2.0607,0.0,24
us_neutral,control,p2s-653-r1,2.0528,0.0,24
us_neutral,control,p2s-654-r1,2.0583,0.0,24
us_neutral,control,p2s-655-r1,2.0037,0.0,24
us_neutral,control,p2s-656-r1,1.9978,0.08695652173913043,23
us_neutral,control,p2s-657-r1,2.0207,-0.08333333333333333,24
us_neutral,control,p2s-658-r1,1.977,0.125,24
us_neutral,control,p2s-659-r1,1.969,0.0,24
us_neutral,control,p2s-660-r1,2.0337,0.08333333333333333,24
us_neutral,control,p2s-661-r1,1.9798,0.0,24
us_neutral,control,p2s-662-r1,1.9717,-0.041666666666666664,24
us_neutral,control,p2s-663-r1,1.9921,0.08333333333333333,24
us_neutral,control,p2s-664-r1,1.9795,0.0,24
us_neutral,control,p2s-665-r1,2.0069,0.0,24
us_neutral,control,p2s-666-r1,2.0193,0.0,24
us_neutral,control,p2s-667-r1,2.0207,0.0,24
us_neutral,control,p2s-668-r1,2.0583,0.0,24
us_neutral,control,p2s-669-r1,1.977,-0.041666666666666664,24
us_neutral,control,p2s-670-r1,1.969,-0.041666666666666664,24
us_neutral,control,p2s-671-r1,2.0607,0.041666666666666664,24
us_neutral,control,p2s-672-r1,2.0583,0.20833333333333334,24
us_neutral,control,p2s-673-r1,1.9978,0.041666666666666664,24
us_neutral,control,p2s-674-r1,2.0037,0.08333333333333333,24
us_neutral,control,p2s-675-r1,1.9717,0.041666666666666664,24
us_neutral,control,p2s-676-r1,1.9588,0.0,24
us_neutral,control,p2s-677-r1,1.9595,0.16666666666666666,24
us_neutral,control,p2s-678-r1,2.0456,-0.08333333333333333,24
us_neutral,control,p2s-679-r1,2.0445,0.0,24
us_neutral,control,p2s-680-r1,1.9528,0.0,24
us_neutral,control,p2s-681-r1,2.0528,0.041666666666666664,24
us_neutral,control,p2s-682-r1,2.0337,-0.08333333333333333,24
us_neutral,control,p2s-683-r1,1.9921,0.0,24
us_neutral,control,p2s-684-r1,1.9717,0.08333333333333333,24
us_neutral,control,p2s-685-r1,1.9798,0.16666666666666666,24
us_neutral,control,p2s-686-r1,1.9795,0.125,24
us_neutral,control,p2s-687-r1,2.0193,0.0,24
us_neutral,control,p2s-688-r1,2.0207,-0.041666666666666664,24
us_neutral,control,p2s-689-r1,1.9588,0.0,24
us_neutral,control,p2s-690-r1,1.969,0.041666666666666664,24
us_neutral,control,p2s-691-r1,1.977,0.0,24
us_neutral,control,p2s-692-r1,1.9595,-0.125,24
us_neutral,control,p2s-693-r1,2.0528,0.0,24
us_neutral,control,p2s-694-r1,2.0445,0.0,24
us_neutral,control,p2s-695-r1,2.0583,-0.041666666666666664,24
us_neutral,control,p2s-696-r1,2.0607,0.041666666666666664,24
us_neutral,control,p2s-697-r1,2.0069,0.041666666666666664,24
us_neutral,control,p2s-698-r1,1.9978,-0.08333333333333333,24
us_neutral,control,p2s-699-r1,2.0583,0.08333333333333333,24
us_neutral,control,p2s-700-r1,2.0456,-0.041666666666666664,24
us_neutral,control,p2s-701-r1,1.969,0.0,24
us_neutral,control,p2s-702-r1,2.0337,0.041666666666666664,24
us_neutral,control,p2s-703-r1,1.977,0.125,24
us_neutral,control,p2s-704-r1,2.0445,0.0,24
us_neutral,control,p2s-705-r1,1.9595,-0.08333333333333333,24
us_neutral,control,p2s-706-r1,1.9528,0.16666666666666666,24
us_neutral,control,p2s-707-r1,2.0037,0.041666666666666664,24
us_neutral,control,p2s-708-r1,1.9588,0.0,24
us_neutral,control,p2s-709-r1,2.0528,0.08333333333333333,24
us_neutral,control,p2s-710-r1,2.0583,0.0,24
us_neutral,control,p2s-711-r1,2.0069,0.0,24
us_neutral,control,p2s-712-r1,1.9921,0.08333333333333333,24
us_neutral,control,p2s-713-r1,1.9795,0.041666666666666664,24
us_neutral,control,p2s-714-r1,2.0193,0.041666666666666664,24
us_neutral,control,p2s-715-r1,1.9798,0.0,24
us_neutral,control,p2s-716-r1,2.0207,-0.125,24
us_neutral,control,p2s-717-r1,2.0607,0.0,24
us_neutral,control,p2s-718-r1,1.9978,-0.041666666666666664,24
us_neutral,control,p2s-719-r1,1.9717,0.0,24
us_neutral,control,p2s-720-r1,2.0456,-0.041666666666666664,24
us_neutral,control,p2s-721-r1,1.9528,0.16666666666666666,24
us_neutral,control,p2s-722-r1,2.0583,-0.08333333333333333,24
us_neutral,control,p2s-723-r1,2.0069,0.041666666666666664,24
us_neutral,control,p2s-724-r1,1.9795,0.0,24
us_neutral,control,p2s-725-r1,2.0037,0.0,24
us_neutral,control,p2s-726-r1,1.9921,0.0,24
us_neutral,control,p2s-727-r1,2.0528,0.0,24
us_neutral,control,p2s-728-r1,2.0583,-0.041666666666666664,24
us_neutral,control,p2s-729-r1,2.0337,0.0,24
us_neutral,control,p2s-730-r1,2.0456,-0.041666666666666664,24
us_neutral,control,p2s-731-r1,2.0193,0.08333333333333333,24
us_neutral,control,p2s-732-r1,1.969,0.041666666666666664,24
us_neutral,control,p2s-733-r1,1.9588,0.08333333333333333,24
us_neutral,control,p2s-734-r1,1.9798,0.0,24
us_neutral,control,p2s-735-r1,1.9978,0.0,24
us_neutral,control,p2s-736-r1,2.0207,-0.08333333333333333,24
us_neutral,control,p2s-737-r1,1.977,0.0,24
us_neutral,control,p2s-738-r1,1.9717,0.0,24
us_neutral,control,p2s-739-r1,2.0337,0.0,24
us_neutral,control,p2s-740-r1,1.9595,-0.125,24
us_neutral,control,p2s-741-r1,2.0445,0.0,24
us_neutral,control,p2s-742-r1,2.0069,0.0,24
us_neutral,control,p2s-743-r1,1.9795,0.041666666666666664,24
us_neutral,control,p2s-744-r1,2.0193,0.125,24
us_neutral,control,p2s-745-r1,1.9921,0.125,24
us_neutral,control,p2s-746-r1,2.0037,0.041666666666666664,24
us_neutral,control,p2s-747-r1,2.0583,0.08333333333333333,24
us_neutral,control,p2s-748-r1,1.9528,0.125,24
us_neutral,control,p2s-749-r1,2.0207,-0.125,24
us_neutral,control,p2s-750-r1,2.0583,0.0,24
us_neutral,control,p2s-751-r1,2.0528,0.0,24
us_neutral,control,p2s-752-r1,2.0607,-0.041666666666666664,24
us_neutral,control,p2s-753-r1,2.0193,0.0,24
us_neutral,control,p2s-754-r1,2.0337,0.08333333333333333,24
us_neutral,control,p2s-755-r1,1.9588,-0.041666666666666664,24
us_neutral,control,p2s-756-r1,1.977,0.041666666666666664,24
us_neutral,control,p2s-757-r1,1.969,0.0,24
us_neutral,control,p2s-758-r1,2.0456,-0.041666666666666664,24
us_neutral,control,p2s-759-r1,2.0583,0.0,24
us_neutral,control,p2s-760-r1,1.9717,0.0,24
us_neutral,control,p2s-761-r1,1.9595,-0.041666666666666664,24
us_neutral,control,p2s-762-r1,1.9528,0.0,24
us_neutral,control,p2s-763-r1,2.0445,0.0,24
us_neutral,control,p2s-764-r1,2.0207,0.0,24
us_neutral,control,p2s-765-r1,2.0607,-0.041666666666666664,24
us_neutral,control,p2s-766-r1,1.9798,0.0,24
us_neutral,control,p2s-767-r1,1.9717,0.041666666666666664,24
cn_ally,he,p2s-000-r1,-1.4092,-0.08333333333333333,24
cn_ally,he,p2s-003-r1,-0.8804000000000001,0.041666666666666664,24
cn_ally,he,p2s-006-r1,-1.5076,-0.041666666666666664,24
cn_ally,he,p2s-009-r1,-1.4868000000000001,-0.041666666666666664,24
cn_ally,he,p2s-012-r1,-1.4142000000000001,0.041666666666666664,24
cn_ally,he,p2s-015-r1,-1.4569999999999999,0.0,24
cn_ally,he,p2s-018-r1,-1.4830999999999999,0.041666666666666664,24
cn_ally,he,p2s-021-r1,-1.1154,0.0,24
cn_ally,he,p2s-024-r1,-1.1558000000000002,-0.041666666666666664,24
cn_ally,he,p2s-027-r1,-1.3468,0.0,24
cn_ally,he,p2s-030-r1,-1.3555000000000001,0.0,24
cn_ally,he,p2s-033-r1,-0.5784,0.0,24
cn_ally,he,p2s-036-r1,-1.3704,0.041666666666666664,24
cn_ally,he,p2s-039-r1,-1.4694,0.125,24
cn_ally,he,p2s-042-r1,-0.4535,-0.08333333333333333,24
cn_ally,he,p2s-045-r1,-1.2885,0.041666666666666664,24
cn_ally,he,p2s-048-r1,-0.18320000000000003,-0.125,24
cn_ally,he,p2s-051-r1,-1.3325,-0.125,24
cn_ally,he,p2s-054-r1,-1.2971,0.125,24
cn_ally,he,p2s-057-r1,-1.3021,-0.20833333333333334,24
cn_ally,he,p2s-060-r1,-1.496,-0.2916666666666667,24
cn_ally,he,p2s-063-r1,-1.4092,0.0,24
cn_ally,he,p2s-066-r1,-0.8804000000000001,0.041666666666666664,24
cn_ally,he,p2s-069-r1,-1.5076,-0.125,24
cn_ally,he,p2s-072-r1,-1.1558000000000002,0.0,24
cn_ally,he,p2s-075-r1,-1.3704,0.041666666666666664,24
cn_ally,he,p2s-078-r1,-0.5784,0.041666666666666664,24
cn_ally,he,p2s-081-r1,-0.4535,0.08333333333333333,24
cn_ally,he,p2s-084-r1,-1.2885,0.08333333333333333,24
cn_ally,he,p2s-087-r1,-0.18320000000000003,-0.125,24
cn_ally,he,p2s-090-r1,-1.4569999999999999,0.0,24
cn_ally,he,p2s-093-r1,-1.3468,0.041666666666666664,24
cn_ally,he,p2s-096-r1,-1.4868000000000001,-0.08333333333333333,24
cn_ally,he,p2s-099-r1,-1.3555000000000001,0.0,24
cn_ally,he,p2s-102-r1,-1.1154,0.08333333333333333,24
cn_ally,he,p2s-105-r1,-1.3021,-0.041666666666666664,24
cn_ally,he,p2s-108-r1,-1.3325,-0.041666666666666664,24
cn_ally,he,p2s-111-r1,-1.2971,0.0,24
cn_ally,he,p2s-114-r1,-1.4830999999999999,-0.125,24
cn_ally,he,p2s-117-r1,-1.4142000000000001,0.041666666666666664,24
cn_ally,he,p2s-120-r1,-1.4694,-0.041666666666666664,24
cn_ally,he,p2s-123-r1,-1.496,0.0,24
cn_ally,he,p2s-126-r1,-1.3021,0.08333333333333333,24
cn_ally,he,p2s-129-r1,-1.496,0.041666666666666664,24
cn_ally,he,p2s-132-r1,-1.3468,0.13043478260869565,23
cn_ally,he,p2s-135-r1,-1.5076,0.041666666666666664,24
cn_ally,he,p2s-138-r1,-1.4569999999999999,0.0,24
cn_ally,he,p2s-141-r1,-1.4694,0.0,24
cn_ally,he,p2s-144-r1,-0.4535,0.0,24
cn_ally,he,p2s-147-r1,-1.3555000000000001,0.041666666666666664,24
cn_ally,he,p2s-150-r1,-1.3325,0.041666666666666664,24
cn_ally,he,p2s-153-r1,-1.3704,0.0,24
cn_ally,he,p2s-156-r1,-1.4142000000000001,-0.041666666666666664,24
cn_ally,he,p2s-159-r1,-0.5784,-0.041666666666666664,24
cn_ally,he,p2s-162-r1,-1.1154,-0.041666666666666664,24
cn_ally,he,p2s-165-r1,-1.4092,0.08333333333333333,24
cn_ally,he,p2s-168-r1,-1.4868000000000001,0.08333333333333333,24
cn_ally,he,p2s-171-r1,-0.8804000000000001,0.0,24
cn_ally,he,p2s-174-r1,-1.4830999999999999,0.041666666666666664,24
cn_ally,he,p2s-177-r1,-1.1558000000000002,0.0,24
cn_ally,he,p2s-180-r1,-1.2885,0.08333333333333333,24
cn_ally,he,p2s-183-r1,-1.2971,0.08333333333333333,24
cn_ally,he,p2s-186-r1,-0.18320000000000003,-0.041666666666666664,24
cn_ally,he,p2s-189-r1,-1.4868000000000001,-0.125,24
cn_ally,he,p2s-192-r1,-0.8804000000000001,0.0,24
cn_ally,he,p2s-195-r1,-0.4535,0.0,24
cn_ally,he,p2s-198-r1,-1.2885,0.0,24
cn_ally,he,p2s-201-r1,-1.2971,0.0,24
cn_ally,he,p2s-204-r1,-1.5076,0.0,24
cn_ally,he,p2s-207-r1,-1.1558000000000002,-0.041666666666666664,24
cn_ally,he,p2s-210-r1,-1.4142000000000001,0.041666666666666664,24
cn_ally,he,p2s-213-r1,-1.4092,-0.041666666666666664,24
cn_ally,he,p2s-216-r1,-1.3325,0.041666666666666664,24
cn_ally,he,p2s-219-r1,-0.18320000000000003,-0.041666666666666664,24
cn_ally,he,p2s-222-r1,-1.3468,-0.041666666666666664,24
cn_ally,he,p2s-225-r1,-1.496,0.0,24
cn_ally,he,p2s-228-r1,-1.4569999999999999,0.0,24
cn_ally,he,p2s-231-r1,-1.1154,0.0,24
cn_ally,he,p2s-234-r1,-1.3555000000000001,0.08333333333333333,24
cn_ally,he,p2s-237-r1,-1.4830999999999999,0.0,24
cn_ally,he,p2s-240-r1,-1.4694,-0.041666666666666664,24
cn_ally,he,p2s-243-r1,-0.5784,0.0,24
cn_ally,he,p2s-246-r1,-1.3704,0.0,24
cn_ally,he,p2s-249-r1,-1.3021,-0.08333333333333333,24
cn_ally,he,p2s-252-r1,-1.1558000000000002,-0.041666666666666664,24
cn_ally,he,p2s-255-r1,-0.5784,0.041666666666666664,24
cn_ally,he,p2s-258-r1,-1.4694,0.0,24
cn_ally,he,p2s-261-r1,-0.4535,-0.041666666666666664,24
cn_ally,he,p2s-264-r1,-1.2971,0.0,24
cn_ally,he,p2s-267-r1,-1.496,-0.041666666666666664,24
cn_ally,he,p2s-270-r1,-0.8804000000000001,0.0,24
cn_ally,he,p2s-273-r1,-1.1154,0.08333333333333333,24
cn_ally,he,p2s-276-r1,-1.5076,0.08333333333333333,24
cn_ally,he,p2s-279-r1,-1.4092,0.0,24
cn_ally,he,p2s-282-r1,-1.3325,0.0,24
cn_ally,he,p2s-285-r1,-1.4569999999999999,-0.041666666666666664,24
cn_ally,he,p2s-288-r1,-1.3021,0.041666666666666664,24
cn_ally,he,p2s-291-r1,-1.3555000000000001,0.041666666666666664,24
cn_ally,he,p2s-294-r1,-1.4868000000000001,0.0,24
cn_ally,he,p2s-297-r1,-1.4830999999999999,0.041666666666666664,24
cn_ally,he,p2s-300-r1,-1.2885,0.041666666666666664,24
cn_ally,he,p2s-303-r1,-1.3468,0.0,24
cn_ally,he,p2s-306-r1,-1.4142000000000001,0.041666666666666664,24
cn_ally,he,p2s-309-r1,-0.18320000000000003,0.041666666666666664,24
cn_ally,he,p2s-312-r1,-1.3704,-0.041666666666666664,24
cn_ally,he,p2s-315-r1,-1.4830999999999999,-0.041666666666666664,24
cn_ally,he,p2s-318-r1,-0.8804000000000001,0.041666666666666664,24
cn_ally,he,p2s-321-r1,-1.3555000000000001,0.0,24
cn_ally,he,p2s-324-r1,-1.4868000000000001,-0.16666666666666666,24
cn_ally,he,p2s-327-r1,-1.3325,-0.041666666666666664,24
cn_ally,he,p2s-330-r1,-1.2885,0.125,24
cn_ally,he,p2s-333-r1,-1.3468,0.041666666666666664,24
cn_ally,he,p2s-336-r1,-1.3021,-0.041666666666666664,24
cn_ally,he,p2s-339-r1,-1.3704,0.041666666666666664,24
cn_ally,he,p2s-342-r1,-1.496,0.041666666666666664,24
cn_ally,he,p2s-345-r1,-1.4569999999999999,-0.041666666666666664,24
cn_ally,he,p2s-348-r1,-1.1558000000000002,0.0,24
cn_ally,he,p2s-351-r1,-1.4142000000000001,-0.3333333333333333,24
cn_ally,he,p2s-354-r1,-0.18320000000000003,-0.125,24
cn_ally,he,p2s-357-r1,-1.4092,-0.16666666666666666,24
cn_ally,he,p2s-360-r1,-1.2971,0.0,24
cn_ally,he,p2s-363-r1,-0.5784,0.041666666666666664,24
cn_ally,he,p2s-366-r1,-0.4535,0.0,24
cn_ally,he,p2s-369-r1,-1.1154,0.0,24
cn_ally,he,p2s-372-r1,-1.5076,0.041666666666666664,24
cn_ally,he,p2s-375-r1,-1.4694,-0.041666666666666664,24
cn_ally,he,p2s-378-r1,-0.8804000000000001,0.0,24
cn_ally,he,p2s-381-r1,-1.4868000000000001,0.0,24
cn_ally,he,p2s-384-r1,-1.4142000000000001,-0.08333333333333333,24
cn_ally,he,p2s-387-r1,-1.5076,-0.125,24
cn_ally,he,p2s-390-r1,-1.1558000000000002,-0.041666666666666664,24
cn_ally,he,p2s-393-r1,-1.3468,0.20833333333333334,24
cn_ally,he,p2s-396-r1,-1.4092,0.0,24
cn_ally,he,p2s-399-r1,-1.3555000000000001,0.0,24
cn_ally,he,p2s-402-r1,-1.4569999999999999,0.041666666666666664,24
cn_ally,he,p2s-405-r1,-1.3325,0.041666666666666664,24
cn_ally,he,p2s-408-r1,-1.1154,0.0,24
cn_ally,he,p2s-411-r1,-0.4535,0.0,24
cn_ally,he,p2s-414-r1,-0.18320000000000003,-0.3333333333333333,24
cn_ally,he,p2s-417-r1,-1.4830999999999999,-0.125,24
cn_ally,he,p2s-420-r1,-0.5784,-0.041666666666666664,24
cn_ally,he,p2s-423-r1,-1.3704,0.041666666666666664,24
cn_ally,he,p2s-426-r1,-1.2885,0.041666666666666664,24
cn_ally,he,p2s-429-r1,-1.4694,-0.125,24
cn_ally,he,p2s-432-r1,-1.2971,0.0,24
cn_ally,he,p2s-435-r1,-1.496,0.0,24
cn_ally,he,p2s-438-r1,-1.3021,-0.20833333333333334,24
cn_ally,he,p2s-441-r1,-1.3555000000000001,0.0,24
cn_ally,he,p2s-444-r1,-1.1558000000000002,0.0,24
cn_ally,he,p2s-447-r1,-1.4830999999999999,0.08333333333333333,24
cn_ally,he,p2s-450-r1,-0.4535,0.16666666666666666,24
cn_ally,he,p2s-453-r1,-1.1154,0.041666666666666664,24
cn_ally,he,p2s-456-r1,-1.4569999999999999,0.041666666666666664,24
cn_ally,he,p2s-459-r1,-1.4868000000000001,0.0,24
cn_ally,he,p2s-462-r1,-1.2971,0.041666666666666664,24
cn_ally,he,p2s-465-r1,-1.4092,-0.041666666666666664,24
cn_ally,he,p2s-468-r1,-0.8804000000000001,0.0,24
cn_ally,he,p2s-471-r1,-1.5076,0.0,24
cn_ally,he,p2s-474-r1,-0.5784,0.0,24
cn_ally,he,p2s-477-r1,-1.3468,0.041666666666666664,24
cn_ally,he,p2s-480-r1,-1.3021,-0.041666666666666664,24
cn_ally,he,p2s-483-r1,-1.3704,0.0,24
cn_ally,he,p2s-486-r1,-1.2885,0.0,24
cn_ally,he,p2s-489-r1,-0.18320000000000003,-0.20833333333333334,24
cn_ally,he,p2s-492-r1,-1.3325,0.041666666666666664,24
cn_ally,he,p2s-495-r1,-1.496,0.0,24
cn_ally,he,p2s-498-r1,-1.4694,-0.041666666666666664,24
cn_ally,he,p2s-501-r1,-1.4142000000000001,0.0,24
cn_ally,he,p2s-504-r1,-1.4092,0.0,24
cn_ally,he,p2s-507-r1,-0.8804000000000001,-0.08333333333333333,24
cn_ally,he,p2s-510-r1,-1.3555000000000001,0.041666666666666664,24
cn_ally,he,p2s-513-r1,-1.1154,0.0,24
cn_ally,he,p2s-516-r1,-1.4830999999999999,-0.041666666666666664,24
cn_ally,he,p2s-519-r1,-1.1558000000000002,-0.08333333333333333,24
cn_ally,he,p2s-522-r1,-1.3325,-0.041666666666666664,24
cn_ally,he,p2s-525-r1,-1.2971,0.125,24
cn_ally,he,p2s-528-r1,-1.4569999999999999,0.041666666666666664,24
cn_ally,he,p2s-531-r1,-1.5076,0.0,24
cn_ally,he,p2s-534-r1,-0.4535,0.0,24
cn_ally,he,p2s-537-r1,-1.4868000000000001,-0.041666666666666664,24
cn_ally,he,p2s-540-r1,-1.3468,0.08333333333333333,24
cn_ally,he,p2s-543-r1,-1.4694,0.0,24
cn_ally,he,p2s-546-r1,-0.5784,0.08333333333333333,24
cn_ally,he,p2s-549-r1,-1.3704,0.041666666666666664,24
cn_ally,he,p2s-552-r1,-1.2885,0.0,24
cn_ally,he,p2s-555-r1,-0.18320000000000003,0.041666666666666664,24
cn_ally,he,p2s-558-r1,-1.496,0.0,24
cn_ally,he,p2s-561-r1,-1.3021,0.0,24
cn_ally,he,p2s-564-r1,-1.4142000000000001,0.0,24
cn_ally,he,p2s-567-r1,-1.1154,0.041666666666666664,24
cn_ally,he,p2s-570-r1,-1.4092,0.125,24
cn_ally,he,p2s-573-r1,-0.4535,0.0,24
cn_ally,de,p2s-001-r1,-1.1154,0.041666666666666664,24
cn_ally,de,p2s-004-r1,-1.1558000000000002,0.08333333333333333,24
cn_ally,de,p2s-007-r1,-1.4830999999999999,0.08333333333333333,24
cn_ally,de,p2s-010-r1,-1.2885,0.041666666666666664,24
cn_ally,de,p2s-013-r1,-0.18320000000000003,-0.125,24
cn_ally,de,p2s-016-r1,-1.3704,-0.041666666666666664,24
cn_ally,de,p2s-019-r1,-1.5076,0.041666666666666664,24
cn_ally,de,p2s-022-r1,-1.4092,-0.041666666666666664,24
cn_ally,de,p2s-025-r1,-0.8804000000000001,0.041666666666666664,24
cn_ally,de,p2s-028-r1,-0.4535,0.0,24
cn_ally,de,p2s-031-r1,-1.3325,0.041666666666666664,24
cn_ally,de,p2s-034-r1,-1.496,0.125,24
cn_ally,de,p2s-037-r1,-1.4142000000000001,0.0,24
cn_ally,de,p2s-040-r1,-1.4569999999999999,0.20833333333333334,24
cn_ally,de,p2s-043-r1,-1.3555000000000001,0.0,24
cn_ally,de,p2s-046-r1,-1.3021,0.0,24
cn_ally,de,p2s-049-r1,-1.3468,0.125,24
cn_ally,de,p2s-052-r1,-1.4868000000000001,-0.08333333333333333,24
cn_ally,de,p2s-055-r1,-0.5784,0.08333333333333333,24
cn_ally,de,p2s-058-r1,-1.4694,-0.16666666666666666,24
cn_ally,de,p2s-061-r1,-1.2971,-0.125,24
cn_ally,de,p2s-064-r1,-1.1154,0.125,24
cn_ally,de,p2s-067-r1,-0.4535,-0.125,24
cn_ally,de,p2s-070-r1,-1.3555000000000001,0.041666666666666664,24
cn_ally,de,p2s-073-r1,-0.8804000000000001,0.08333333333333333,24
cn_ally,de,p2s-076-r1,-1.4694,0.08695652173913043,23
cn_ally,de,p2s-079-r1,-1.4092,-0.041666666666666664,24
cn_ally,de,p2s-082-r1,-1.4830999999999999,-0.08333333333333333,24
cn_ally,de,p2s-085-r1,-1.4142000000000001,0.16666666666666666,24
cn_ally,de,p2s-088-r1,-1.3468,0.125,24
cn_ally,de,p2s-091-r1,-1.496,0.08333333333333333,24
cn_ally,de,p2s-094-r1,-0.5784,-0.041666666666666664,24
cn_ally,de,p2s-097-r1,-1.3325,0.25,24
cn_ally,de,p2s-100-r1,-1.1558000000000002,-0.08333333333333333,24
cn_ally,de,p2s-103-r1,-1.3704,0.08333333333333333,24
cn_ally,de,p2s-106-r1,-1.5076,-0.041666666666666664,24
cn_ally,de,p2s-109-r1,-1.4868000000000001,0.041666666666666664,24
cn_ally,de,p2s-112-r1,-1.3021,0.20833333333333334,24
cn_ally,de,p2s-115-r1,-1.4569999999999999,-0.20833333333333334,24
cn_ally,de,p2s-118-r1,-1.2885,-0.08333333333333333,24
cn_ally,de,p2s-121-r1,-1.2971,0.0,24
cn_ally,de,p2s-124-r1,-0.18320000000000003,0.08333333333333333,24
cn_ally,de,p2s-127-r1,-1.4092,0.0,24
cn_ally,de,p2s-130-r1,-1.1154,0.041666666666666664,24
cn_ally,de,p2s-133-r1,-1.4830999999999999,0.08333333333333333,24
cn_ally,de,p2s-136-r1,-1.4142000000000001,0.20833333333333334,24
cn_ally,de,p2s-139-r1,-1.3555000000000001,0.0,24
cn_ally,de,p2s-142-r1,-0.5784,-0.08333333333333333,24
cn_ally,de,p2s-145-r1,-1.5076,0.08333333333333333,24
cn_ally,de,p2s-148-r1,-1.2885,0.0,24
cn_ally,de,p2s-151-r1,-0.18320000000000003,-0.041666666666666664,24
cn_ally,de,p2s-154-r1,-1.2971,0.125,24
cn_ally,de,p2s-157-r1,-1.4569999999999999,0.0,24
cn_ally,de,p2s-160-r1,-1.3468,0.0,24
cn_ally,de,p2s-163-r1,-0.8804000000000001,0.041666666666666664,24
cn_ally,de,p2s-166-r1,-1.1558000000000002,-0.125,24
cn_ally,de,p2s-169-r1,-1.496,0.041666666666666664,24
cn_ally,de,p2s-172-r1,-1.3021,0.041666666666666664,24
cn_ally,de,p2s-175-r1,-1.4868000000000001,-0.08333333333333333,24
cn_ally,de,p2s-178-r1,-1.4694,0.08333333333333333,24
cn_ally,de,p2s-181-r1,-1.3325,0.08333333333333333,24
cn_ally,de,p2s-184-r1,-1.3704,0.0,24
cn_ally,de,p2s-187-r1,-0.4535,-0.041666666666666664,24
cn_ally,de,p2s-190-r1,-1.3021,0.0,24
cn_ally,de,p2s-193-r1,-1.4092,0.041666666666666664,24
cn_ally,de,p2s-196-r1,-1.4830999999999999,0.041666666666666664,24
cn_ally,de,p2s-199-r1,-1.3704,0.041666666666666664,24
cn_ally,de,p2s-202-r1,-1.1154,0.0,24
cn_ally,de,p2s-205-r1,-0.4535,0.041666666666666664,24
cn_ally,de,p2s-208-r1,-1.3555000000000001,0.0,24
cn_ally,de,p2s-211-r1,-0.8804000000000001,0.041666666666666664,24
cn_ally,de,p2s-214-r1,-0.18320000000000003,-0.125,24
cn_ally,de,p2s-217-r1,-1.4694,-0.041666666666666664,24
cn_ally,de,p2s-220-r1,-1.4569999999999999,0.041666666666666664,24
cn_ally,de,p2s-223-r1,-1.2971,0.041666666666666664,24
cn_ally,de,p2s-226-r1,-1.2885,-0.041666666666666664,24
cn_ally,de,p2s-229-r1,-1.5076,-0.125,24
cn_ally,de,p2s-232-r1,-1.4142000000000001,0.125,24
cn_ally,de,p2s-235-r1,-1.4868000000000001,0.041666666666666664,24
cn_ally,de,p2s-238-r1,-1.1558000000000002,0.08333333333333333,24
cn_ally,de,p2s-241-r1,-1.3468,0.041666666666666664,24
cn_ally,de,p2s-244-r1,-1.496,0.125,24
cn_ally,de,p2s-247-r1,-0.5784,-0.041666666666666664,24
cn_ally,de,p2s-250-r1,-1.3325,0.08333333333333333,24
cn_ally,de,p2s-253-r1,-1.1154,0.20833333333333334,24
cn_ally,de,p2s-256-r1,-1.3555000000000001,0.08333333333333333,24
cn_ally,de,p2s-259-r1,-1.3468,-0.041666666666666664,24
cn_ally,de,p2s-262-r1,-1.4830999999999999,0.0,23
cn_ally,de,p2s-265-r1,-1.3325,0.08333333333333333,24
cn_ally,de,p2s-268-r1,-1.3021,-0.08333333333333333,24
cn_ally,de,p2s-271-r1,-0.18320000000000003,-0.08333333333333333,24
cn_ally,de,p2s-274-r1,-0.5784,0.0,24
cn_ally,de,p2s-277-r1,-1.1558000000000002,0.0,24
cn_ally,de,p2s-280-r1,-0.4535,-0.041666666666666664,24
cn_ally,de,p2s-283-r1,-1.4142000000000001,0.20833333333333334,24
cn_ally,de,p2s-286-r1,-1.3704,0.08333333333333333,24
cn_ally,de,p2s-289-r1,-1.496,0.25,24
cn_ally,de,p2s-292-r1,-1.4694,0.041666666666666664,24
cn_ally,de,p2s-295-r1,-1.4092,-0.041666666666666664,24
cn_ally,de,p2s-298-r1,-1.2971,0.041666666666666664,24
cn_ally,de,p2s-301-r1,-1.4868000000000001,0.0,24
cn_ally,de,p2s-304-r1,-0.8804000000000001,0.041666666666666664,24
cn_ally,de,p2s-307-r1,-1.4569999999999999,0.0,24
cn_ally,de,p2s-310-r1,-1.2885,0.13043478260869565,23
cn_ally,de,p2s-313-r1,-1.5076,0.16666666666666666,24
cn_ally,de,p2s-316-r1,-1.4868000000000001,-0.043478260869565216,23
cn_ally,de,p2s-319-r1,-1.4142000000000001,0.0,24
cn_ally,de,p2s-322-r1,-1.3468,0.041666666666666664,24
cn_ally,de,p2s-325-r1,-1.1558000000000002,-0.08333333333333333,24
cn_ally,de,p2s-328-r1,-1.4092,0.041666666666666664,24
cn_ally,de,p2s-331-r1,-0.4535,0.16666666666666666,24
cn_ally,de,p2s-334-r1,-0.5784,0.08333333333333333,24
cn_ally,de,p2s-337-r1,-1.4694,0.0,24
cn_ally,de,p2s-340-r1,-1.1154,-0.125,24
cn_ally,de,p2s-343-r1,-1.5076,0.08333333333333333,24
cn_ally,de,p2s-346-r1,-1.3325,0.0,24
cn_ally,de,p2s-349-r1,-0.8804000000000001,0.125,24
cn_ally,de,p2s-352-r1,-1.2971,-0.125,24
cn_ally,de,p2s-355-r1,-1.4830999999999999,-0.041666666666666664,24
cn_ally,de,p2s-358-r1,-1.3704,0.0,24
cn_ally,de,p2s-361-r1,-1.3555000000000001,0.041666666666666664,24
cn_ally,de,p2s-364-r1,-1.4569999999999999,0.08333333333333333,24
cn_ally,de,p2s-367-r1,-1.3021,-0.08333333333333333,24
cn_ally,de,p2s-370-r1,-1.2885,-0.041666666666666664,24
cn_ally,de,p2s-373-r1,-0.18320000000000003,-0.08333333333333333,24
cn_ally,de,p2s-376-r1,-1.496,-0.041666666666666664,24
cn_ally,de,p2s-379-r1,-1.4830999999999999,-0.041666666666666664,24
cn_ally,de,p2s-382-r1,-1.2885,-0.041666666666666664,24
cn_ally,de,p2s-385-r1,-1.2971,0.0,24
cn_ally,de,p2s-388-r1,-0.5784,-0.125,24
cn_ally,de,p2s-391-r1,-0.18320000000000003,-0.20833333333333334,24
cn_ally,de,p2s-394-r1,-0.4535,0.125,24
cn_ally,de,p2s-397-r1,-1.4569999999999999,-0.041666666666666664,24
cn_ally,de,p2s-400-r1,-0.8804000000000001,0.125,24
cn_ally,de,p2s-403-r1,-1.1558000000000002,-0.041666666666666664,24
cn_ally,de,p2s-406-r1,-1.4868000000000001,-0.041666666666666664,24
cn_ally,de,p2s-409-r1,-1.3555000000000001,0.08333333333333333,24
cn_ally,de,p2s-412-r1,-1.4142000000000001,0.0,24
cn_ally,de,p2s-415-r1,-1.4092,0.041666666666666664,24
cn_ally,de,p2s-418-r1,-1.3325,0.041666666666666664,24
cn_ally,de,p2s-421-r1,-1.3468,0.125,24
cn_ally,de,p2s-424-r1,-1.1154,-0.041666666666666664,24
cn_ally,de,p2s-427-r1,-1.5076,0.041666666666666664,24
cn_ally,de,p2s-430-r1,-1.496,-0.08333333333333333,24
cn_ally,de,p2s-433-r1,-1.3704,0.0,24
cn_ally,de,p2s-436-r1,-1.4694,0.041666666666666664,24
cn_ally,de,p2s-439-r1,-1.3021,0.0,24
cn_ally,de,p2s-442-r1,-1.2885,0.08333333333333333,24
cn_ally,de,p2s-445-r1,-0.8804000000000001,-0.041666666666666664,24
cn_ally,de,p2s-448-r1,-1.4092,0.16666666666666666,24
cn_ally,de,p2s-451-r1,-0.18320000000000003,0.08333333333333333,24
cn_ally,de,p2s-454-r1,-1.4830999999999999,-0.08333333333333333,24
cn_ally,de,p2s-457-r1,-1.3555000000000001,0.0,24
cn_ally,de,p2s-460-r1,-1.3325,0.08333333333333333,24
cn_ally,de,p2s-463-r1,-1.1154,0.08333333333333333,24
cn_ally,de,p2s-466-r1,-1.3468,0.08333333333333333,24
cn_ally,de,p2s-469-r1,-1.1558000000000002,-0.16666666666666666,24
cn_ally,de,p2s-472-r1,-0.4535,0.125,24
cn_ally,de,p2s-475-r1,-1.4868000000000001,-0.041666666666666664,24
cn_ally,de,p2s-478-r1,-1.4142000000000001,-0.041666666666666664,24
cn_ally,de,p2s-481-r1,-1.4569999999999999,-0.041666666666666664,24
cn_ally,de,p2s-484-r1,-1.4694,0.08333333333333333,24
cn_ally,de,p2s-487-r1,-1.5076,0.125,24
cn_ally,de,p2s-490-r1,-1.3704,0.125,24
cn_ally,de,p2s-493-r1,-1.2971,0.041666666666666664,24
cn_ally,de,p2s-496-r1,-0.5784,0.0,24
cn_ally,de,p2s-499-r1,-1.496,0.041666666666666664,24
cn_ally,de,p2s-502-r1,-1.3021,-0.041666666666666664,24
cn_ally,de,p2s-505-r1,-1.1154,0.25,24
cn_ally,de,p2s-508-r1,-1.4092,-0.125,24
cn_ally,de,p2s-511-r1,-1.2885,0.041666666666666664,24
cn_ally,de,p2s-514-r1,-1.3468,0.20833333333333334,24
cn_ally,de,p2s-517-r1,-1.4868000000000001,0.0,24
cn_ally,de,p2s-520-r1,-0.8804000000000001,0.041666666666666664,24
cn_ally,de,p2s-523-r1,-1.4142000000000001,0.0,24
cn_ally,de,p2s-526-r1,-0.4535,0.16666666666666666,24
cn_ally,de,p2s-529-r1,-1.3704,0.041666666666666664,24
cn_ally,de,p2s-532-r1,-1.1558000000000002,-0.08333333333333333,24
cn_ally,de,p2s-535-r1,-1.2971,0.041666666666666664,24
cn_ally,de,p2s-538-r1,-0.18320000000000003,-0.041666666666666664,24
cn_ally,de,p2s-541-r1,-1.3555000000000001,0.041666666666666664,24
cn_ally,de,p2s-544-r1,-1.3021,0.0,24
cn_ally,de,p2s-547-r1,-1.4830999999999999,-0.125,24
cn_ally,de,p2s-550-r1,-1.496,0.0,24
cn_ally,de,p2s-553-r1,-1.4694,0.0,24
cn_ally,de,p2s-556-r1,-1.5076,0.08333333333333333,24
cn_ally,de,p2s-559-r1,-0.5784,0.041666666666666664,24
cn_ally,de,p2s-562-r1,-1.3325,-0.041666666666666664,24
cn_ally,de,p2s-565-r1,-1.4569999999999999,0.0,24
cn_ally,de,p2s-568-r1,-1.5076,0.041666666666666664,24
cn_ally,de,p2s-571-r1,-1.3468,-0.16666666666666666,24
cn_ally,de,p2s-574-r1,-1.4569999999999999,-0.08333333333333333,24
cn_ally,pg,p2s-002-r1,-1.3468,0.041666666666666664,24
cn_ally,pg,p2s-005-r1,-0.4535,0.08333333333333333,24
cn_ally,pg,p2s-008-r1,-1.3555000000000001,0.16666666666666666,24
cn_ally,pg,p2s-011-r1,-1.3325,0.0,24
cn_ally,pg,p2s-014-r1,-0.5784,0.20833333333333334,24
cn_ally,pg,p2s-017-r1,-1.4694,0.0,24
cn_ally,pg,p2s-020-r1,-1.4868000000000001,0.0,24
cn_ally,pg,p2s-023-r1,-1.2885,0.0,24
cn_ally,pg,p2s-026-r1,-1.4142000000000001,0.125,24
cn_ally,pg,p2s-029-r1,-0.18320000000000003,-0.041666666666666664,24
cn_ally,pg,p2s-032-r1,-1.4569999999999999,-0.08333333333333333,24
cn_ally,pg,p2s-035-r1,-1.3021,0.041666666666666664,24
cn_ally,pg,p2s-038-r1,-0.8804000000000001,0.041666666666666664,24
cn_ally,pg,p2s-041-r1,-1.4092,0.043478260869565216,23
cn_ally,pg,p2s-044-r1,-1.496,0.041666666666666664,24
cn_ally,pg,p2s-047-r1,-1.2971,0.08333333333333333,24
cn_ally,pg,p2s-050-r1,-1.5076,-0.08333333333333333,24
cn_ally,pg,p2s-053-r1,-1.4830999999999999,0.041666666666666664,24
cn_ally,pg,p2s-056-r1,-1.1558000000000002,0.125,24
cn_ally,pg,p2s-059-r1,-1.3704,-0.08333333333333333,24
cn_ally,pg,p2s-062-r1,-1.1154,0.0,24
cn_ally,pg,p2s-065-r1,-1.3468,0.125,24
cn_ally,pg,p2s-068-r1,-1.4830999999999999,0.125,24
cn_ally,pg,p2s-071-r1,-1.2885,-0.08333333333333333,24
cn_ally,pg,p2s-074-r1,-1.5076,0.125,24
cn_ally,pg,p2s-077-r1,-1.3021,-0.041666666666666664,24
cn_ally,pg,p2s-080-r1,-1.1154,0.0,24
cn_ally,pg,p2s-083-r1,-1.4868000000000001,0.16666666666666666,24
cn_ally,pg,p2s-086-r1,-1.496,0.08333333333333333,24
cn_ally,pg,p2s-089-r1,-1.3325,0.16666666666666666,24
cn_ally,pg,p2s-092-r1,-1.4694,-0.20833333333333334,24
cn_ally,pg,p2s-095-r1,-1.4142000000000001,-0.125,24
cn_ally,pg,p2s-098-r1,-0.4535,0.0,24
cn_ally,pg,p2s-101-r1,-1.2971,0.0,24
cn_ally,pg,p2s-104-r1,-0.8804000000000001,0.0,24
cn_ally,pg,p2s-107-r1,-1.4092,0.125,24
cn_ally,pg,p2s-110-r1,-0.18320000000000003,0.041666666666666664,24
cn_ally,pg,p2s-113-r1,-1.3555000000000001,0.041666666666666664,24
cn_ally,pg,p2s-116-r1,-1.1558000000000002,-0.125,24
cn_ally,pg,p2s-119-r1,-0.5784,0.16666666666666666,24
cn_ally,pg,p2s-122-r1,-1.3704,-0.041666666666666664,24
cn_ally,pg,p2s-125-r1,-1.4569999999999999,0.0,24
cn_ally,pg,p2s-128-r1,-0.8804000000000001,0.0,24
cn_ally,pg,p2s-131-r1,-1.2885,0.08333333333333333,24
cn_ally,pg,p2s-134-r1,-1.4868000000000001,0.041666666666666664,24
cn_ally,pg,p2s-137-r1,-1.1558000000000002,-0.041666666666666664,24
cn_ally,pg,p2s-140-r1,-1.3325,0.041666666666666664,24
cn_ally,pg,p2s-143-r1,-1.3704,0.08333333333333333,24
cn_ally,pg,p2s-146-r1,-1.4830999999999999,-0.041666666666666664,24
cn_ally,pg,p2s-149-r1,-1.496,0.125,24
cn_ally,pg,p2s-152-r1,-1.3021,-0.20833333333333334,24
cn_ally,pg,p2s-155-r1,-1.4092,0.041666666666666664,24
cn_ally,pg,p2s-158-r1,-1.2971,-0.041666666666666664,24
cn_ally,pg,p2s-161-r1,-0.18320000000000003,-0.041666666666666664,24
cn_ally,pg,p2s-164-r1,-0.4535,0.0,24
cn_ally,pg,p2s-167-r1,-1.4694,-0.041666666666666664,24
cn_ally,pg,p2s-170-r1,-1.4569999999999999,0.16666666666666666,24
cn_ally,pg,p2s-173-r1,-1.1154,0.08333333333333333,24
cn_ally,pg,p2s-176-r1,-1.3555000000000001,0.08333333333333333,24
cn_ally,pg,p2s-179-r1,-1.5076,0.041666666666666664,24
cn_ally,pg,p2s-182-r1,-1.3468,-0.041666666666666664,24
cn_ally,pg,p2s-185-r1,-1.4142000000000001,-0.041666666666666664,24
cn_ally,pg,p2s-188-r1,-0.5784,0.041666666666666664,24
cn_ally,pg,p2s-191-r1,-1.1154,0.0,24
cn_ally,pg,p2s-194-r1,-1.1558000000000002,-0.125,24
cn_ally,pg,p2s-197-r1,-1.4142000000000001,0.041666666666666664,24
cn_ally,pg,p2s-200-r1,-1.4694,0.041666666666666664,24
cn_ally,pg,p2s-203-r1,-1.3468,0.0,24
cn_ally,pg,p2s-206-r1,-1.4830999999999999,0.041666666666666664,24
cn_ally,pg,p2s-209-r1,-1.3325,0.125,24
cn_ally,pg,p2s-212-r1,-1.4868000000000001,-0.041666666666666664,24
cn_ally,pg,p2s-215-r1,-0.5784,-0.125,24
cn_ally,pg,p2s-218-r1,-1.3704,0.0,24
cn_ally,pg,p2s-221-r1,-1.3021,-0.041666666666666664,24
cn_ally,pg,p2s-224-r1,-1.4092,0.08333333333333333,24
cn_ally,pg,p2s-227-r1,-0.8804000000000001,0.0,24
cn_ally,pg,p2s-230-r1,-1.496,0.08333333333333333,24
cn_ally,pg,p2s-233-r1,-0.4535,0.08333333333333333,24
cn_ally,pg,p2s-236-r1,-1.2971,0.125,24
cn_ally,pg,p2s-239-r1,-0.18320000000000003,-0.08333333333333333,24
cn_ally,pg,p2s-242-r1,-1.2885,-0.041666666666666664,24
cn_ally,pg,p2s-245-r1,-1.4569999999999999,-0.125,24
cn_ally,pg,p2s-248-r1,-1.5076,0.20833333333333334,24
cn_ally,pg,p2s-251-r1,-1.3555000000000001,-0.041666666666666664,24
cn_ally,pg,p2s-254-r1,-1.5076,0.25,24
cn_ally,pg,p2s-257-r1,-1.4868000000000001,0.041666666666666664,24
cn_ally,pg,p2s-260-r1,-1.1154,0.08333333333333333,24
cn_ally,pg,p2s-263-r1,-1.2885,0.0,24
cn_ally,pg,p2s-266-r1,-1.4142000000000001,0.0,24
cn_ally,pg,p2s-269-r1,-1.4092,0.0,24
cn_ally,pg,p2s-272-r1,-1.3704,0.3333333333333333,24
cn_ally,pg,p2s-275-r1,-1.3468,0.041666666666666664,24
cn_ally,pg,p2s-278-r1,-1.4569999999999999,0.0,23
cn_ally,pg,p2s-281-r1,-1.4830999999999999,0.0,24
cn_ally,pg,p2s-284-r1,-0.18320000000000003,0.041666666666666664,24
cn_ally,pg,p2s-287-r1,-0.5784,0.041666666666666664,24
cn_ally,pg,p2s-290-r1,-0.8804000000000001,0.041666666666666664,24
cn_ally,pg,p2s-293-r1,-1.1558000000000002,0.08333333333333333,24
cn_ally,pg,p2s-296-r1,-1.3325,0.08333333333333333,24
cn_ally,pg,p2s-299-r1,-1.3555000000000001,0.0,24
cn_ally,pg,p2s-302-r1,-1.2971,0.041666666666666664,24
cn_ally,pg,p2s-305-r1,-0.4535,-0.041666666666666664,24
cn_ally,pg,p2s-308-r1,-1.3021,0.041666666666666664,24
cn_ally,pg,p2s-311-r1,-1.4694,0.08333333333333333,24
cn_ally,pg,p2s-314-r1,-1.496,0.0,24
cn_ally,pg,p2s-317-r1,-1.3325,0.08333333333333333,24
cn_ally,pg,p2s-320-r1,-0.18320000000000003,0.125,24
cn_ally,pg,p2s-323-r1,-1.5076,0.125,24
cn_ally,pg,p2s-326-r1,-0.4535,-0.08333333333333333,24
cn_ally,pg,p2s-329-r1,-1.4830999999999999,-0.041666666666666664,24
cn_ally,pg,p2s-332-r1,-1.3555000000000001,0.25,24
cn_ally,pg,p2s-335-r1,-1.4569999999999999,0.041666666666666664,24
cn_ally,pg,p2s-338-r1,-1.4092,-0.041666666666666664,24
cn_ally,pg,p2s-341-r1,-0.8804000000000001,0.08333333333333333,24
cn_ally,pg,p2s-344-r1,-0.5784,0.08333333333333333,24
cn_ally,pg,p2s-347-r1,-1.4868000000000001,0.041666666666666664,24
cn_ally,pg,p2s-350-r1,-1.1154,0.08333333333333333,24
cn_ally,pg,p2s-353-r1,-1.1558000000000002,0.041666666666666664,24
cn_ally,pg,p2s-356-r1,-1.4142000000000001,0.041666666666666664,24
cn_ally,pg,p2s-359-r1,-1.4694,-0.041666666666666664,24
cn_ally,pg,p2s-362-r1,-1.3704,0.125,24
cn_ally,pg,p2s-365-r1,-1.496,0.25,24
cn_ally,pg,p2s-368-r1,-1.3468,0.125,24
cn_ally,pg,p2s-371-r1,-1.2971,-0.041666666666666664,24
cn_ally,pg,p2s-374-r1,-1.3021,0.041666666666666664,24
cn_ally,pg,p2s-377-r1,-1.2885,0.08333333333333333,24
cn_ally,pg,p2s-380-r1,-1.3555000000000001,-0.125,24
cn_ally,pg,p2s-383-r1,-1.3325,-0.08333333333333333,24
cn_ally,pg,p2s-386-r1,-1.4092,-0.08333333333333333,24
cn_ally,pg,p2s-389-r1,-1.1154,0.0,24
cn_ally,pg,p2s-392-r1,-1.4694,0.0,24
cn_ally,pg,p2s-395-r1,-1.4830999999999999,0.08333333333333333,24
cn_ally,pg,p2s-398-r1,-1.3704,0.041666666666666664,24
cn_ally,pg,p2s-401-r1,-1.4142000000000001,0.08333333333333333,24
cn_ally,pg,p2s-404-r1,-1.3468,0.08333333333333333,24
cn_ally,pg,p2s-407-r1,-1.5076,0.0,24
cn_ally,pg,p2s-410-r1,-0.8804000000000001,0.0,24
cn_ally,pg,p2s-413-r1,-1.1558000000000002,0.20833333333333334,24
cn_ally,pg,p2s-416-r1,-1.4868000000000001,0.0,24
cn_ally,pg,p2s-419-r1,-1.2885,0.125,24
cn_ally,pg,p2s-422-r1,-1.4569999999999999,-0.08333333333333333,24
cn_ally,pg,p2s-425-r1,-0.4535,0.0,24
cn_ally,pg,p2s-428-r1,-0.18320000000000003,-0.041666666666666664,24
cn_ally,pg,p2s-431-r1,-1.3021,0.041666666666666664,24
cn_ally,pg,p2s-434-r1,-0.5784,0.0,24
cn_ally,pg,p2s-437-r1,-1.2971,0.125,24
cn_ally,pg,p2s-440-r1,-1.496,0.16666666666666666,24
cn_ally,pg,p2s-443-r1,-1.4142000000000001,0.08333333333333333,24
cn_ally,pg,p2s-446-r1,-1.5076,-0.125,24
cn_ally,pg,p2s-449-r1,-1.3468,0.08333333333333333,24
cn_ally,pg,p2s-452-r1,-0.5784,-0.08333333333333333,24
cn_ally,pg,p2s-455-r1,-0.8804000000000001,0.041666666666666664,24
cn_ally,pg,p2s-458-r1,-1.3704,-0.08333333333333333,24
cn_ally,pg,p2s-461-r1,-1.4694,-0.041666666666666664,24
cn_ally,pg,p2s-464-r1,-1.1558000000000002,0.041666666666666664,24
cn_ally,pg,p2s-467-r1,-1.2885,0.08333333333333333,24
cn_ally,pg,p2s-470-r1,-1.1154,0.041666666666666664,24
cn_ally,pg,p2s-473-r1,-1.3325,0.041666666666666664,24
cn_ally,pg,p2s-476-r1,-1.4092,0.041666666666666664,24
cn_ally,pg,p2s-479-r1,-1.3555000000000001,-0.08333333333333333,24
cn_ally,pg,p2s-482-r1,-1.4830999999999999,0.041666666666666664,24
cn_ally,pg,p2s-485-r1,-1.496,0.08333333333333333,24
cn_ally,pg,p2s-488-r1,-0.4535,0.0,24
cn_ally,pg,p2s-491-r1,-1.4868000000000001,0.08333333333333333,24
cn_ally,pg,p2s-494-r1,-1.3021,0.041666666666666664,24
cn_ally,pg,p2s-497-r1,-1.4569999999999999,0.0,24
cn_ally,pg,p2s-500-r1,-0.18320000000000003,-0.20833333333333334,24
cn_ally,pg,p2s-503-r1,-1.2971,0.125,24
cn_ally,pg,p2s-506-r1,-1.3468,-0.08333333333333333,24
cn_ally,pg,p2s-509-r1,-0.4535,-0.16666666666666666,24
cn_ally,pg,p2s-512-r1,-1.5076,0.041666666666666664,24
cn_ally,pg,p2s-515-r1,-1.1558000000000002,0.0,24
cn_ally,pg,p2s-518-r1,-0.5784,-0.125,24
cn_ally,pg,p2s-521-r1,-1.1154,0.041666666666666664,24
cn_ally,pg,p2s-524-r1,-0.18320000000000003,0.25,24
cn_ally,pg,p2s-527-r1,-0.8804000000000001,0.0,24
cn_ally,pg,p2s-530-r1,-1.496,0.0,24
cn_ally,pg,p2s-533-r1,-1.4830999999999999,-0.041666666666666664,24
cn_ally,pg,p2s-536-r1,-1.4092,-0.041666666666666664,24
cn_ally,pg,p2s-539-r1,-1.2885,0.08333333333333333,24
cn_ally,pg,p2s-542-r1,-1.3325,0.08333333333333333,24
cn_ally,pg,p2s-545-r1,-1.4868000000000001,0.08333333333333333,24
cn_ally,pg,p2s-548-r1,-1.4142000000000001,0.0,24
cn_ally,pg,p2s-551-r1,-1.3021,-0.08333333333333333,24
cn_ally,pg,p2s-554-r1,-1.3555000000000001,0.08333333333333333,24
cn_ally,pg,p2s-557-r1,-1.4569999999999999,0.125,24
cn_ally,pg,p2s-560-r1,-1.3704,0.041666666666666664,24
cn_ally,pg,p2s-563-r1,-1.4694,0.0,24
cn_ally,pg,p2s-566-r1,-1.2971,0.125,24
cn_ally,pg,p2s-569-r1,-1.2971,-0.041666666666666664,24
cn_ally,pg,p2s-572-r1,-1.1558000000000002,0.08333333333333333,24
cn_ally,pg,p2s-575-r1,-0.8804000000000001,-0.125,24
cn_ally,control,p2s-576-r1,-1.4092,-0.08333333333333333,24
cn_ally,control,p2s-577-r1,-1.1154,-0.16666666666666666,24
cn_ally,control,p2s-578-r1,-1.3468,-0.08333333333333333,24
cn_ally,control,p2s-579-r1,-0.8804000000000001,-0.041666666666666664,24
cn_ally,control,p2s-580-r1,-1.1558000000000002,-0.08333333333333333,24
cn_ally,control,p2s-581-r1,-0.4535,0.16666666666666666,24
cn_ally,control,p2s-582-r1,-1.5076,0.13043478260869565,23
cn_ally,control,p2s-583-r1,-1.4830999999999999,-0.08333333333333333,24
cn_ally,control,p2s-584-r1,-1.3555000000000001,0.041666666666666664,24
cn_ally,control,p2s-585-r1,-1.4868000000000001,0.041666666666666664,24
cn_ally,control,p2s-586-r1,-1.2885,0.041666666666666664,24
cn_ally,control,p2s-587-r1,-1.3325,0.16666666666666666,24
cn_ally,control,p2s-588-r1,-1.4142000000000001,0.08333333333333333,24
cn_ally,control,p2s-589-r1,-0.18320000000000003,-0.041666666666666664,24
cn_ally,control,p2s-590-r1,-0.5784,0.08333333333333333,24
cn_ally,control,p2s-591-r1,-1.4569999999999999,-0.125,24
cn_ally,control,p2s-592-r1,-1.3704,0.041666666666666664,24
cn_ally,control,p2s-593-r1,-1.4694,-0.20833333333333334,24
cn_ally,control,p2s-594-r1,-1.496,0.041666666666666664,24
cn_ally,control,p2s-595-r1,-1.3021,0.0,24
cn_ally,control,p2s-596-r1,-1.2971,0.16666666666666666,24
cn_ally,control,p2s-597-r1,-1.4092,0.0,24
cn_ally,control,p2s-598-r1,-1.1154,0.125,24
cn_ally,control,p2s-599-r1,-1.3468,-0.08333333333333333,24
cn_ally,control,p2s-600-r1,-1.1558000000000002,0.041666666666666664,24
cn_ally,control,p2s-601-r1,-0.8804000000000001,-0.3333333333333333,24
cn_ally,control,p2s-602-r1,-1.4830999999999999,0.0,24
cn_ally,control,p2s-603-r1,-0.4535,-0.041666666666666664,24
cn_ally,control,p2s-604-r1,-1.5076,0.041666666666666664,24
cn_ally,control,p2s-605-r1,-1.4868000000000001,0.0,24
cn_ally,control,p2s-606-r1,-1.3555000000000001,0.0,24
cn_ally,control,p2s-607-r1,-1.3325,0.08333333333333333,24
cn_ally,control,p2s-608-r1,-1.2885,0.041666666666666664,24
cn_ally,control,p2s-609-r1,-1.4142000000000001,0.041666666666666664,24
cn_ally,control,p2s-610-r1,-0.5784,0.041666666666666664,24
cn_ally,control,p2s-611-r1,-0.18320000000000003,0.16666666666666666,24
cn_ally,control,p2s-612-r1,-1.3704,0.041666666666666664,24
cn_ally,control,p2s-613-r1,-1.4569999999999999,0.16666666666666666,24
cn_ally,control,p2s-614-r1,-1.496,0.041666666666666664,24
cn_ally,control,p2s-615-r1,-1.4694,0.0,24
cn_ally,control,p2s-616-r1,-1.3021,0.041666666666666664,24
cn_ally,control,p2s-617-r1,-1.2971,-0.041666666666666664,24
cn_ally,control,p2s-618-r1,-1.5076,0.0,24
cn_ally,control,p2s-619-r1,-1.3468,-0.041666666666666664,24
cn_ally,control,p2s-620-r1,-1.1154,0.08333333333333333,24
cn_ally,control,p2s-621-r1,-1.4092,0.0,24
cn_ally,control,p2s-622-r1,-0.8804000000000001,0.0,24
cn_ally,control,p2s-623-r1,-0.4535,0.0,24
cn_ally,control,p2s-624-r1,-1.4830999999999999,-0.08333333333333333,24
cn_ally,control,p2s-625-r1,-1.4868000000000001,-0.041666666666666664,24
cn_ally,control,p2s-626-r1,-1.3555000000000001,-0.041666666666666664,24
cn_ally,control,p2s-627-r1,-1.4142000000000001,0.0,24
cn_ally,control,p2s-628-r1,-1.3704,0.08333333333333333,24
cn_ally,control,p2s-629-r1,-1.2885,0.08333333333333333,24
cn_ally,control,p2s-630-r1,-0.18320000000000003,-0.125,24
cn_ally,control,p2s-631-r1,-1.3021,0.0,24
cn_ally,control,p2s-632-r1,-1.3325,0.0,24
cn_ally,control,p2s-633-r1,-1.4694,-0.16666666666666666,24
cn_ally,control,p2s-634-r1,-0.5784,0.041666666666666664,24
cn_ally,control,p2s-635-r1,-1.496,0.08333333333333333,24
cn_ally,control,p2s-636-r1,-1.4569999999999999,-0.041666666666666664,24
cn_ally,control,p2s-637-r1,-1.2971,0.041666666666666664,24
cn_ally,control,p2s-638-r1,-1.5076,-0.08333333333333333,24
cn_ally,control,p2s-639-r1,-1.1558000000000002,0.0,24
cn_ally,control,p2s-640-r1,-1.4092,0.08333333333333333,24
cn_ally,control,p2s-641-r1,-1.1154,0.041666666666666664,24
cn_ally,control,p2s-642-r1,-1.3468,0.0,24
cn_ally,control,p2s-643-r1,-1.1558000000000002,0.041666666666666664,24
cn_ally,control,p2s-644-r1,-0.8804000000000001,0.0,24
cn_ally,control,p2s-645-r1,-0.4535,0.08333333333333333,24
cn_ally,control,p2s-646-r1,-0.5784,0.041666666666666664,24
cn_ally,control,p2s-647-r1,-1.4142000000000001,0.0,24
cn_ally,control,p2s-648-r1,-1.4569999999999999,-0.041666666666666664,24
cn_ally,control,p2s-649-r1,-0.18320000000000003,0.0,24
cn_ally,control,p2s-650-r1,-1.3704,-0.041666666666666664,24
cn_ally,control,p2s-651-r1,-1.496,-0.16666666666666666,24
cn_ally,control,p2s-652-r1,-1.2971,0.0,24
cn_ally,control,p2s-653-r1,-1.4694,0.041666666666666664,24
cn_ally,control,p2s-654-r1,-1.3021,0.0,24
cn_ally,control,p2s-655-r1,-1.1154,0.041666666666666664,24
cn_ally,control,p2s-656-r1,-1.4092,0.041666666666666664,24
cn_ally,control,p2s-657-r1,-1.4830999999999999,0.0,24
cn_ally,control,p2s-658-r1,-1.3555000000000001,0.041666666666666664,24
cn_ally,control,p2s-659-r1,-1.2885,0.041666666666666664,24
cn_ally,control,p2s-660-r1,-1.3325,0.041666666666666664,24
cn_ally,control,p2s-661-r1,-0.4535,-0.041666666666666664,24
cn_ally,control,p2s-662-r1,-1.4868000000000001,0.041666666666666664,24
cn_ally,control,p2s-663-r1,-0.8804000000000001,-0.08333333333333333,24
cn_ally,control,p2s-664-r1,-1.5076,-0.16666666666666666,24
cn_ally,control,p2s-665-r1,-1.3468,0.0,24
cn_ally,control,p2s-666-r1,-1.1558000000000002,0.0,24
cn_ally,control,p2s-667-r1,-1.4830999999999999,0.0,24
cn_ally,control,p2s-668-r1,-1.496,-0.125,24
cn_ally,control,p2s-669-r1,-1.3555000000000001,0.041666666666666664,24
cn_ally,control,p2s-670-r1,-1.2885,0.0,24
cn_ally,control,p2s-671-r1,-1.2971,-0.041666666666666664,24
cn_ally,control,p2s-672-r1,-1.3021,0.041666666666666664,24
cn_ally,control,p2s-673-r1,-1.4092,-0.041666666666666664,24
cn_ally,control,p2s-674-r1,-1.1154,-0.041666666666666664,24
cn_ally,control,p2s-675-r1,-1.4868000000000001,0.041666666666666664,24
cn_ally,control,p2s-676-r1,-0.18320000000000003,0.08333333333333333,24
cn_ally,control,p2s-677-r1,-1.4142000000000001,0.16666666666666666,24
cn_ally,control,p2s-678-r1,-1.4569999999999999,0.041666666666666664,24
cn_ally,control,p2s-679-r1,-0.5784,-0.041666666666666664,24
cn_ally,control,p2s-680-r1,-1.3704,0.0,24
cn_ally,control,p2s-681-r1,-1.4694,0.041666666666666664,24
cn_ally,control,p2s-682-r1,-1.3325,-0.041666666666666664,24
cn_ally,control,p2s-683-r1,-0.8804000000000001,-0.125,24
cn_ally,control,p2s-684-r1,-1.4868000000000001,0.0,24
cn_ally,control,p2s-685-r1,-0.4535,0.041666666666666664,24
cn_ally,control,p2s-686-r1,-1.5076,-0.08333333333333333,24
cn_ally,control,p2s-687-r1,-1.1558000000000002,0.041666666666666664,24
cn_ally,control,p2s-688-r1,-1.4830999999999999,0.041666666666666664,24
cn_ally,control,p2s-689-r1,-0.18320000000000003,-0.041666666666666664,24
cn_ally,control,p2s-690-r1,-1.2885,0.125,24
cn_ally,control,p2s-691-r1,-1.3555000000000001,0.041666666666666664,24
cn_ally,control,p2s-692-r1,-1.4142000000000001,0.08333333333333333,24
cn_ally,control,p2s-693-r1,-1.4694,0.0,24
cn_ally,control,p2s-694-r1,-0.5784,0.0,24
cn_ally,control,p2s-695-r1,-1.3021,0.0,24
cn_ally,control,p2s-696-r1,-1.2971,-0.08333333333333333,24
cn_ally,control,p2s-697-r1,-1.3468,0.0,24
cn_ally,control,p2s-698-r1,-1.4092,-0.125,24
cn_ally,control,p2s-699-r1,-1.496,0.0,24
cn_ally,control,p2s-700-r1,-1.4569999999999999,0.08333333333333333,24
cn_ally,control,p2s-701-r1,-1.2885,0.041666666666666664,24
cn_ally,control,p2s-702-r1,-1.3325,0.0,24
cn_ally,control,p2s-703-r1,-1.3555000000000001,-0.041666666666666664,24
cn_ally,control,p2s-704-r1,-0.5784,0.041666666666666664,24
cn_ally,control,p2s-705-r1,-1.4142000000000001,-0.041666666666666664,24
cn_ally,control,p2s-706-r1,-1.3704,-0.08333333333333333,24
cn_ally,control,p2s-707-r1,-1.1154,0.0,24
cn_ally,control,p2s-708-r1,-0.18320000000000003,-0.375,24
cn_ally,control,p2s-709-r1,-1.4694,0.0,24
cn_ally,control,p2s-710-r1,-1.3021,0.041666666666666664,24
cn_ally,control,p2s-711-r1,-1.3468,-0.25,24
cn_ally,control,p2s-712-r1,-0.8804000000000001,0.041666666666666664,24
cn_ally,control,p2s-713-r1,-1.5076,0.125,24
cn_ally,control,p2s-714-r1,-1.1558000000000002,0.0,24
cn_ally,control,p2s-715-r1,-0.4535,0.0,24
cn_ally,control,p2s-716-r1,-1.4830999999999999,0.08333333333333333,24
cn_ally,control,p2s-717-r1,-1.2971,0.0,24
cn_ally,control,p2s-718-r1,-1.4092,0.0,24
cn_ally,control,p2s-719-r1,-1.4868000000000001,0.041666666666666664,24
cn_ally,control,p2s-720-r1,-1.4569999999999999,0.08333333333333333,24
cn_ally,control,p2s-721-r1,-1.3704,0.2916666666666667,24
cn_ally,control,p2s-722-r1,-1.496,0.041666666666666664,24
cn_ally,control,p2s-723-r1,-1.3468,0.08333333333333333,24
cn_ally,control,p2s-724-r1,-1.5076,0.0,24
cn_ally,control,p2s-725-r1,-1.1154,0.041666666666666664,24
cn_ally,control,p2s-726-r1,-0.8804000000000001,0.0,24
cn_ally,control,p2s-727-r1,-1.4694,0.0,24
cn_ally,control,p2s-728-r1,-1.3021,-0.041666666666666664,24
cn_ally,control,p2s-729-r1,-1.3325,0.041666666666666664,24
cn_ally,control,p2s-730-r1,-1.4569999999999999,0.0,24
cn_ally,control,p2s-731-r1,-1.1558000000000002,-0.08333333333333333,24
cn_ally,control,p2s-732-r1,-1.2885,0.041666666666666664,24
cn_ally,control,p2s-733-r1,-0.18320000000000003,-0.125,24
cn_ally,control,p2s-734-r1,-0.4535,0.0,24
cn_ally,control,p2s-735-r1,-1.4092,0.0,24
cn_ally,control,p2s-736-r1,-1.4830999999999999,-0.041666666666666664,24
cn_ally,control,p2s-737-r1,-1.3555000000000001,-0.08333333333333333,24
cn_ally,control,p2s-738-r1,-1.4868000000000001,0.0,24
cn_ally,control,p2s-739-r1,-1.3325,0.08333333333333333,24
cn_ally,control,p2s-740-r1,-1.4142000000000001,0.08333333333333333,24
cn_ally,control,p2s-741-r1,-0.5784,-0.041666666666666664,24
cn_ally,control,p2s-742-r1,-1.3468,-0.041666666666666664,24
cn_ally,control,p2s-743-r1,-1.5076,-0.041666666666666664,24
cn_ally,control,p2s-744-r1,-1.1558000000000002,0.043478260869565216,23
cn_ally,control,p2s-745-r1,-0.8804000000000001,0.0,24
cn_ally,control,p2s-746-r1,-1.1154,-0.041666666666666664,24
cn_ally,control,p2s-747-r1,-1.496,0.0,24
cn_ally,control,p2s-748-r1,-1.3704,-0.125,24
cn_ally,control,p2s-749-r1,-1.4830999999999999,-0.041666666666666664,24
cn_ally,control,p2s-750-r1,-1.3021,0.0,24
cn_ally,control,p2s-751-r1,-1.4694,0.0,24
cn_ally,control,p2s-752-r1,-1.2971,0.0,24
cn_ally,control,p2s-753-r1,-1.1558000000000002,0.041666666666666664,24
cn_ally,control,p2s-754-r1,-1.3325,0.041666666666666664,24
cn_ally,control,p2s-755-r1,-0.18320000000000003,-0.041666666666666664,24
cn_ally,control,p2s-756-r1,-1.3555000000000001,-0.08333333333333333,24
cn_ally,control,p2s-757-r1,-1.2885,0.08333333333333333,24
cn_ally,control,p2s-758-r1,-1.4569999999999999,-0.08333333333333333,24
cn_ally,control,p2s-759-r1,-1.496,0.0,24
cn_ally,control,p2s-760-r1,-1.4868000000000001,0.0,24
cn_ally,control,p2s-761-r1,-1.4142000000000001,0.041666666666666664,24
cn_ally,control,p2s-762-r1,-1.3704,0.0,24
cn_ally,control,p2s-763-r1,-0.5784,0.0,24
cn_ally,control,p2s-764-r1,-1.4830999999999999,0.0,24
cn_ally,control,p2s-765-r1,-1.2971,0.0,24
cn_ally,control,p2s-766-r1,-0.4535,0.041666666666666664,24
cn_ally,control,p2s-767-r1,-1.4868000000000001,0.041666666666666664,24
cn_rival,he,p2s-000-r1,-2.4777,0.08333333333333333,24
cn_rival,he,p2s-003-r1,-2.5995,0.0,24
cn_rival,he,p2s-006-r1,-2.5186,0.0,24
cn_rival,he,p2s-009-r1,-2.9268,0.0,24
cn_rival,he,p2s-012-r1,-2.4589,-0.041666666666666664,24
cn_rival,he,p2s-015-r1,-2.5540000000000003,0.0,24
cn_rival,he,p2s-018-r1,-2.5907999999999998,0.041666666666666664,24
cn_rival,he,p2s-021-r1,-2.4593,0.0,24
cn_rival,he,p2s-024-r1,-2.5031,-0.041666666666666664,24
cn_rival,he,p2s-027-r1,-2.9244,0.0,24
cn_rival,he,p2s-030-r1,-2.5084,0.041666666666666664,24
cn_rival,he,p2s-033-r1,-2.5241,0.041666666666666664,24
cn_rival,he,p2s-036-r1,-2.6542,-0.041666666666666664,24
cn_rival,he,p2s-039-r1,-2.5098000000000003,0.041666666666666664,24
cn_rival,he,p2s-042-r1,-2.4607,0.041666666666666664,24
cn_rival,he,p2s-045-r1,-2.7892,0.041666666666666664,24
cn_rival,he,p2s-048-r1,-2.6616,0.041666666666666664,24
cn_rival,he,p2s-051-r1,-2.6475999999999997,-0.16666666666666666,24
cn_rival,he,p2s-054-r1,-2.662,-0.041666666666666664,24
cn_rival,he,p2s-057-r1,-2.5134,-0.125,24
cn_rival,he,p2s-060-r1,-2.5296,-0.041666666666666664,24
cn_rival,he,p2s-063-r1,-2.4777,0.0,24
cn_rival,he,p2s-066-r1,-2.5995,0.0,24
cn_rival,he,p2s-069-r1,-2.5186,-0.125,24
cn_rival,he,p2s-072-r1,-2.5031,0.041666666666666664,24
cn_rival,he,p2s-075-r1,-2.6542,0.0,24
cn_rival,he,p2s-078-r1,-2.5241,0.041666666666666664,24
cn_rival,he,p2s-081-r1,-2.4607,0.041666666666666664,24
cn_rival,he,p2s-084-r1,-2.7892,0.0,24
cn_rival,he,p2s-087-r1,-2.6616,0.0,24
cn_rival,he,p2s-090-r1,-2.5540000000000003,0.20833333333333334,24
cn_rival,he,p2s-093-r1,-2.9244,-0.08333333333333333,24
cn_rival,he,p2s-096-r1,-2.9268,0.0,24
cn_rival,he,p2s-099-r1,-2.5084,-0.041666666666666664,24
cn_rival,he,p2s-102-r1,-2.4593,0.08333333333333333,24
cn_rival,he,p2s-105-r1,-2.5134,0.041666666666666664,24
cn_rival,he,p2s-108-r1,-2.6475999999999997,0.0,24
cn_rival,he,p2s-111-r1,-2.662,0.0,24
cn_rival,he,p2s-114-r1,-2.5907999999999998,-0.041666666666666664,24
cn_rival,he,p2s-117-r1,-2.4589,0.08333333333333333,24
cn_rival,he,p2s-120-r1,-2.5098000000000003,0.041666666666666664,24
cn_rival,he,p2s-123-r1,-2.5296,0.0,24
cn_rival,he,p2s-126-r1,-2.5134,0.0,24
cn_rival,he,p2s-129-r1,-2.5296,0.0,24
cn_rival,he,p2s-132-r1,-2.9244,0.0,23
cn_rival,he,p2s-135-r1,-2.5186,0.041666666666666664,24
cn_rival,he,p2s-138-r1,-2.5540000000000003,0.0,24
cn_rival,he,p2s-141-r1,-2.5098000000000003,0.0,24
cn_rival,he,p2s-144-r1,-2.4607,0.0,24
cn_rival,he,p2s-147-r1,-2.5084,-0.041666666666666664,24
cn_rival,he,p2s-150-r1,-2.6475999999999997,0.041666666666666664,24
cn_rival,he,p2s-153-r1,-2.6542,0.0,24
cn_rival,he,p2s-156-r1,-2.4589,-0.041666666666666664,24
cn_rival,he,p2s-159-r1,-2.5241,0.0,24
cn_rival,he,p2s-162-r1,-2.4593,0.0,24
cn_rival,he,p2s-165-r1,-2.4777,0.0,24
cn_rival,he,p2s-168-r1,-2.9268,0.0,24
cn_rival,he,p2s-171-r1,-2.5995,-0.041666666666666664,24
cn_rival,he,p2s-174-r1,-2.5907999999999998,0.0,24
cn_rival,he,p2s-177-r1,-2.5031,0.0,24
cn_rival,he,p2s-180-r1,-2.7892,0.0,24
cn_rival,he,p2s-183-r1,-2.662,0.0,24
cn_rival,he,p2s-186-r1,-2.6616,0.0,24
cn_rival,he,p2s-189-r1,-2.9268,-0.08333333333333333,24
cn_rival,he,p2s-192-r1,-2.5995,0.0,24
cn_rival,he,p2s-195-r1,-2.4607,0.0,24
cn_rival,he,p2s-198-r1,-2.7892,0.0,24
cn_rival,he,p2s-201-r1,-2.662,0.0,24
cn_rival,he,p2s-204-r1,-2.5186,0.0,24
cn_rival,he,p2s-207-r1,-2.5031,-0.08333333333333333,24
cn_rival,he,p2s-210-r1,-2.4589,0.0,24
cn_rival,he,p2s-213-r1,-2.4777,-0.041666666666666664,24
cn_rival,he,p2s-216-r1,-2.6475999999999997,-0.041666666666666664,24
cn_rival,he,p2s-219-r1,-2.6616,0.0,24
cn_rival,he,p2s-222-r1,-2.9244,-0.08333333333333333,24
cn_rival,he,p2s-225-r1,-2.5296,0.0,24
cn_rival,he,p2s-228-r1,-2.5540000000000003,-0.041666666666666664,24
cn_rival,he,p2s-231-r1,-2.4593,0.0,24
cn_rival,he,p2s-234-r1,-2.5084,0.041666666666666664,24
cn_rival,he,p2s-237-r1,-2.5907999999999998,0.0,24
cn_rival,he,p2s-240-r1,-2.5098000000000003,0.0,24
cn_rival,he,p2s-243-r1,-2.5241,0.041666666666666664,24
cn_rival,he,p2s-246-r1,-2.6542,0.0,24
cn_rival,he,p2s-249-r1,-2.5134,0.0,24
cn_rival,he,p2s-252-r1,-2.5031,0.0,24
cn_rival,he,p2s-255-r1,-2.5241,0.125,24
cn_rival,he,p2s-258-r1,-2.5098000000000003,0.0,24
cn_rival,he,p2s-261-r1,-2.4607,0.0,24
cn_rival,he,p2s-264-r1,-2.662,0.0,24
cn_rival,he,p2s-267-r1,-2.5296,0.0,24
cn_rival,he,p2s-270-r1,-2.5995,0.16666666666666666,24
cn_rival,he,p2s-273-r1,-2.4593,0.16666666666666666,24
cn_rival,he,p2s-276-r1,-2.5186,0.041666666666666664,24
cn_rival,he,p2s-279-r1,-2.4777,0.16666666666666666,24
cn_rival,he,p2s-282-r1,-2.6475999999999997,0.0,24
cn_rival,he,p2s-285-r1,-2.5540000000000003,0.0,24
cn_rival,he,p2s-288-r1,-2.5134,0.0,24
cn_rival,he,p2s-291-r1,-2.5084,0.041666666666666664,24
cn_rival,he,p2s-294-r1,-2.9268,0.0,24
cn_rival,he,p2s-297-r1,-2.5907999999999998,-0.2916666666666667,24
cn_rival,he,p2s-300-r1,-2.7892,0.08333333333333333,24
cn_rival,he,p2s-303-r1,-2.9244,0.041666666666666664,24
cn_rival,he,p2s-306-r1,-2.4589,0.08333333333333333,24
cn_rival,he,p2s-309-r1,-2.6616,-0.16666666666666666,24
cn_rival,he,p2s-312-r1,-2.6542,0.125,24
cn_rival,he,p2s-315-r1,-2.5907999999999998,-0.041666666666666664,24
cn_rival,he,p2s-318-r1,-2.5995,0.08333333333333333,24
cn_rival,he,p2s-321-r1,-2.5084,0.041666666666666664,24
cn_rival,he,p2s-324-r1,-2.9268,-0.041666666666666664,24
cn_rival,he,p2s-327-r1,-2.6475999999999997,-0.08333333333333333,24
cn_rival,he,p2s-330-r1,-2.7892,0.20833333333333334,24
cn_rival,he,p2s-333-r1,-2.9244,0.0,24
cn_rival,he,p2s-336-r1,-2.5134,0.16666666666666666,24
cn_rival,he,p2s-339-r1,-2.6542,0.0,24
cn_rival,he,p2s-342-r1,-2.5296,0.0,24
cn_rival,he,p2s-345-r1,-2.5540000000000003,0.041666666666666664,24
cn_rival,he,p2s-348-r1,-2.5031,0.041666666666666664,24
cn_rival,he,p2s-351-r1,-2.4589,-0.041666666666666664,24
cn_rival,he,p2s-354-r1,-2.6616,-0.08333333333333333,24
cn_rival,he,p2s-357-r1,-2.4777,-0.125,24
cn_rival,he,p2s-360-r1,-2.662,-0.041666666666666664,24
cn_rival,he,p2s-363-r1,-2.5241,0.0,24
cn_rival,he,p2s-366-r1,-2.4607,0.041666666666666664,24
cn_rival,he,p2s-369-r1,-2.4593,0.041666666666666664,24
cn_rival,he,p2s-372-r1,-2.5186,0.041666666666666664,24
cn_rival,he,p2s-375-r1,-2.5098000000000003,0.0,24
cn_rival,he,p2s-378-r1,-2.5995,0.20833333333333334,24
cn_rival,he,p2s-381-r1,-2.9268,0.0,24
cn_rival,he,p2s-384-r1,-2.4589,0.08333333333333333,24
cn_rival,he,p2s-387-r1,-2.5186,0.0,24
cn_rival,he,p2s-390-r1,-2.5031,0.0,24
cn_rival,he,p2s-393-r1,-2.9244,0.16666666666666666,24
cn_rival,he,p2s-396-r1,-2.4777,0.0,24
cn_rival,he,p2s-399-r1,-2.5084,0.0,24
cn_rival,he,p2s-402-r1,-2.5540000000000003,0.041666666666666664,24
cn_rival,he,p2s-405-r1,-2.6475999999999997,-0.041666666666666664,24
cn_rival,he,p2s-408-r1,-2.4593,-0.041666666666666664,24
cn_rival,he,p2s-411-r1,-2.4607,0.041666666666666664,24
cn_rival,he,p2s-414-r1,-2.6616,0.041666666666666664,24
cn_rival,he,p2s-417-r1,-2.5907999999999998,-0.041666666666666664,24
cn_rival,he,p2s-420-r1,-2.5241,0.041666666666666664,24
cn_rival,he,p2s-423-r1,-2.6542,0.041666666666666664,24
cn_rival,he,p2s-426-r1,-2.7892,0.041666666666666664,24
cn_rival,he,p2s-429-r1,-2.5098000000000003,0.08333333333333333,24
cn_rival,he,p2s-432-r1,-2.662,0.0,24
cn_rival,he,p2s-435-r1,-2.5296,0.16666666666666666,24
cn_rival,he,p2s-438-r1,-2.5134,-0.20833333333333334,24
cn_rival,he,p2s-441-r1,-2.5084,0.0,24
cn_rival,he,p2s-444-r1,-2.5031,0.08333333333333333,24
cn_rival,he,p2s-447-r1,-2.5907999999999998,0.041666666666666664,24
cn_rival,he,p2s-450-r1,-2.4607,-0.08333333333333333,24
cn_rival,he,p2s-453-r1,-2.4593,0.0,24
cn_rival,he,p2s-456-r1,-2.5540000000000003,0.041666666666666664,24
cn_rival,he,p2s-459-r1,-2.9268,0.0,24
cn_rival,he,p2s-462-r1,-2.662,0.0,24
cn_rival,he,p2s-465-r1,-2.4777,0.041666666666666664,24
cn_rival,he,p2s-468-r1,-2.5995,0.0,24
cn_rival,he,p2s-471-r1,-2.5186,0.0,24
cn_rival,he,p2s-474-r1,-2.5241,0.0,24
cn_rival,he,p2s-477-r1,-2.9244,-0.041666666666666664,24
cn_rival,he,p2s-480-r1,-2.5134,0.041666666666666664,24
cn_rival,he,p2s-483-r1,-2.6542,0.0,24
cn_rival,he,p2s-486-r1,-2.7892,0.0,24
cn_rival,he,p2s-489-r1,-2.6616,0.0,24
cn_rival,he,p2s-492-r1,-2.6475999999999997,0.041666666666666664,24
cn_rival,he,p2s-495-r1,-2.5296,0.0,24
cn_rival,he,p2s-498-r1,-2.5098000000000003,0.0,24
cn_rival,he,p2s-501-r1,-2.4589,0.0,24
cn_rival,he,p2s-504-r1,-2.4777,-0.041666666666666664,24
cn_rival,he,p2s-507-r1,-2.5995,0.041666666666666664,24
cn_rival,he,p2s-510-r1,-2.5084,0.041666666666666664,24
cn_rival,he,p2s-513-r1,-2.4593,0.0,24
cn_rival,he,p2s-516-r1,-2.5907999999999998,-0.041666666666666664,24
cn_rival,he,p2s-519-r1,-2.5031,-0.08333333333333333,24
cn_rival,he,p2s-522-r1,-2.6475999999999997,-0.041666666666666664,24
cn_rival,he,p2s-525-r1,-2.662,0.25,24
cn_rival,he,p2s-528-r1,-2.5540000000000003,0.041666666666666664,24
cn_rival,he,p2s-531-r1,-2.5186,-0.041666666666666664,24
cn_rival,he,p2s-534-r1,-2.4607,0.041666666666666664,24
cn_rival,he,p2s-537-r1,-2.9268,0.0,24
cn_rival,he,p2s-540-r1,-2.9244,-0.08333333333333333,24
cn_rival,he,p2s-543-r1,-2.5098000000000003,0.0,24
cn_rival,he,p2s-546-r1,-2.5241,0.041666666666666664,24
cn_rival,he,p2s-549-r1,-2.6542,0.0,24
cn_rival,he,p2s-552-r1,-2.7892,0.0,24
cn_rival,he,p2s-555-r1,-2.6616,0.0,24
cn_rival,he,p2s-558-r1,-2.5296,0.0,24
cn_rival,he,p2s-561-r1,-2.5134,0.0,24
cn_rival,he,p2s-564-r1,-2.4589,0.0,24
cn_rival,he,p2s-567-r1,-2.4593,0.041666666666666664,24
cn_rival,he,p2s-570-r1,-2.4777,0.0,24
cn_rival,he,p2s-573-r1,-2.4607,0.0,24
cn_rival,de,p2s-001-r1,-2.4593,-0.125,24
cn_rival,de,p2s-004-r1,-2.5031,-0.16666666666666666,24
cn_rival,de,p2s-007-r1,-2.5907999999999998,0.25,24
cn_rival,de,p2s-010-r1,-2.7892,0.0,24
cn_rival,de,p2s-013-r1,-2.6616,0.0,24
cn_rival,de,p2s-016-r1,-2.6542,0.041666666666666664,24
cn_rival,de,p2s-019-r1,-2.5186,0.0,24
cn_rival,de,p2s-022-r1,-2.4777,-0.041666666666666664,24
cn_rival,de,p2s-025-r1,-2.5995,0.0,24
cn_rival,de,p2s-028-r1,-2.4607,-0.08333333333333333,24
cn_rival,de,p2s-031-r1,-2.6475999999999997,-0.041666666666666664,24
cn_rival,de,p2s-034-r1,-2.5296,0.0,24
cn_rival,de,p2s-037-r1,-2.4589,0.041666666666666664,24
cn_rival,de,p2s-040-r1,-2.5540000000000003,0.0,24
cn_rival,de,p2s-043-r1,-2.5084,-0.08333333333333333,24
cn_rival,de,p2s-046-r1,-2.5134,0.0,24
cn_rival,de,p2s-049-r1,-2.9244,0.0,24
cn_rival,de,p2s-052-r1,-2.9268,0.0,24
cn_rival,de,p2s-055-r1,-2.5241,0.08333333333333333,24
cn_rival,de,p2s-058-r1,-2.5098000000000003,0.125,24
cn_rival,de,p2s-061-r1,-2.662,-0.20833333333333334,24
cn_rival,de,p2s-064-r1,-2.4593,0.08333333333333333,24
cn_rival,de,p2s-067-r1,-2.4607,0.20833333333333334,24
cn_rival,de,p2s-070-r1,-2.5084,0.08333333333333333,24
cn_rival,de,p2s-073-r1,-2.5995,0.041666666666666664,24
cn_rival,de,p2s-076-r1,-2.5098000000000003,0.0,24
cn_rival,de,p2s-079-r1,-2.4777,-0.25,24
cn_rival,de,p2s-082-r1,-2.5907999999999998,0.0,24
cn_rival,de,p2s-085-r1,-2.4589,0.041666666666666664,24
cn_rival,de,p2s-088-r1,-2.9244,-0.041666666666666664,24
cn_rival,de,p2s-091-r1,-2.5296,0.16666666666666666,24
cn_rival,de,p2s-094-r1,-2.5241,0.041666666666666664,24
cn_rival,de,p2s-097-r1,-2.6475999999999997,0.125,24
cn_rival,de,p2s-100-r1,-2.5031,-0.08333333333333333,24
cn_rival,de,p2s-103-r1,-2.6542,-0.041666666666666664,24
cn_rival,de,p2s-106-r1,-2.5186,0.0,24
cn_rival,de,p2s-109-r1,-2.9268,0.0,24
cn_rival,de,p2s-112-r1,-2.5134,0.0,24
cn_rival,de,p2s-115-r1,-2.5540000000000003,-0.08333333333333333,24
cn_rival,de,p2s-118-r1,-2.7892,-0.041666666666666664,24
cn_rival,de,p2s-121-r1,-2.662,0.041666666666666664,24
cn_rival,de,p2s-124-r1,-2.6616,-0.041666666666666664,24
cn_rival,de,p2s-127-r1,-2.4777,0.0,24
cn_rival,de,p2s-130-r1,-2.4593,0.041666666666666664,24
cn_rival,de,p2s-133-r1,-2.5907999999999998,0.125,24
cn_rival,de,p2s-136-r1,-2.4589,0.08333333333333333,24
cn_rival,de,p2s-139-r1,-2.5084,0.0,24
cn_rival,de,p2s-142-r1,-2.5241,-0.125,24
cn_rival,de,p2s-145-r1,-2.5186,0.08333333333333333,24
cn_rival,de,p2s-148-r1,-2.7892,0.041666666666666664,24
cn_rival,de,p2s-151-r1,-2.6616,0.125,24
cn_rival,de,p2s-154-r1,-2.662,-0.08333333333333333,24
cn_rival,de,p2s-157-r1,-2.5540000000000003,0.0,24
cn_rival,de,p2s-160-r1,-2.9244,0.0,24
cn_rival,de,p2s-163-r1,-2.5995,-0.041666666666666664,24
cn_rival,de,p2s-166-r1,-2.5031,0.16666666666666666,24
cn_rival,de,p2s-169-r1,-2.5296,0.0,24
cn_rival,de,p2s-172-r1,-2.5134,0.0,24
cn_rival,de,p2s-175-r1,-2.9268,-0.041666666666666664,24
cn_rival,de,p2s-178-r1,-2.5098000000000003,0.0,24
cn_rival,de,p2s-181-r1,-2.6475999999999997,0.041666666666666664,24
cn_rival,de,p2s-184-r1,-2.6542,0.08333333333333333,24
cn_rival,de,p2s-187-r1,-2.4607,-0.20833333333333334,24
cn_rival,de,p2s-190-r1,-2.5134,-0.2916666666666667,24
cn_rival,de,p2s-193-r1,-2.4777,0.041666666666666664,24
cn_rival,de,p2s-196-r1,-2.5907999999999998,-0.041666666666666664,24
cn_rival,de,p2s-199-r1,-2.6542,0.041666666666666664,24
cn_rival,de,p2s-202-r1,-2.4593,0.08333333333333333,24
cn_rival,de,p2s-205-r1,-2.4607,-0.041666666666666664,24
cn_rival,de,p2s-208-r1,-2.5084,0.041666666666666664,24
cn_rival,de,p2s-211-r1,-2.5995,-0.041666666666666664,24
cn_rival,de,p2s-214-r1,-2.6616,-0.16666666666666666,24
cn_rival,de,p2s-217-r1,-2.5098000000000003,0.041666666666666664,24
cn_rival,de,p2s-220-r1,-2.5540000000000003,0.08333333333333333,24
cn_rival,de,p2s-223-r1,-2.662,0.041666666666666664,24
cn_rival,de,p2s-226-r1,-2.7892,0.0,24
cn_rival,de,p2s-229-r1,-2.5186,-0.041666666666666664,24
cn_rival,de,p2s-232-r1,-2.4589,0.125,24
cn_rival,de,p2s-235-r1,-2.9268,-0.041666666666666664,24
cn_rival,de,p2s-238-r1,-2.5031,0.041666666666666664,24
cn_rival,de,p2s-241-r1,-2.9244,-0.041666666666666664,24
cn_rival,de,p2s-244-r1,-2.5296,-0.041666666666666664,24
cn_rival,de,p2s-247-r1,-2.5241,0.041666666666666664,24
cn_rival,de,p2s-250-r1,-2.6475999999999997,0.08333333333333333,24
cn_rival,de,p2s-253-r1,-2.4593,0.041666666666666664,24
cn_rival,de,p2s-256-r1,-2.5084,0.0,24
cn_rival,de,p2s-259-r1,-2.9244,0.041666666666666664,24
cn_rival,de,p2s-262-r1,-2.5907999999999998,-0.043478260869565216,23
cn_rival,de,p2s-265-r1,-2.6475999999999997,0.041666666666666664,24
cn_rival,de,p2s-268-r1,-2.5134,-0.041666666666666664,24
cn_rival,de,p2s-271-r1,-2.6616,-0.08333333333333333,24
cn_rival,de,p2s-274-r1,-2.5241,0.0,24
cn_rival,de,p2s-277-r1,-2.5031,-0.125,24
cn_rival,de,p2s-280-r1,-2.4607,0.0,24
cn_rival,de,p2s-283-r1,-2.4589,-0.125,24
cn_rival,de,p2s-286-r1,-2.6542,0.08333333333333333,24
cn_rival,de,p2s-289-r1,-2.5296,0.08333333333333333,24
cn_rival,de,p2s-292-r1,-2.5098000000000003,0.041666666666666664,24
cn_rival,de,p2s-295-r1,-2.4777,-0.041666666666666664,24
cn_rival,de,p2s-298-r1,-2.662,0.125,24
cn_rival,de,p2s-301-r1,-2.9268,-0.20833333333333334,24
cn_rival,de,p2s-304-r1,-2.5995,-0.041666666666666664,24
cn_rival,de,p2s-307-r1,-2.5540000000000003,0.041666666666666664,24
cn_rival,de,p2s-310-r1,-2.7892,-0.125,24
cn_rival,de,p2s-313-r1,-2.5186,0.041666666666666664,24
cn_rival,de,p2s-316-r1,-2.9268,-0.043478260869565216,23
cn_rival,de,p2s-319-r1,-2.4589,-0.041666666666666664,24
cn_rival,de,p2s-322-r1,-2.9244,0.08333333333333333,24
cn_rival,de,p2s-325-r1,-2.5031,0.041666666666666664,24
cn_rival,de,p2s-328-r1,-2.4777,0.041666666666666664,24
cn_rival,de,p2s-331-r1,-2.4607,-0.20833333333333334,24
cn_rival,de,p2s-334-r1,-2.5241,0.08333333333333333,24
cn_rival,de,p2s-337-r1,-2.5098000000000003,-0.041666666666666664,24
cn_rival,de,p2s-340-r1,-2.4593,-0.041666666666666664,24
cn_rival,de,p2s-343-r1,-2.5186,-0.041666666666666664,24
cn_rival,de,p2s-346-r1,-2.6475999999999997,0.0,24
cn_rival,de,p2s-349-r1,-2.5995,0.20833333333333334,24
cn_rival,de,p2s-352-r1,-2.662,-0.08333333333333333,24
cn_rival,de,p2s-355-r1,-2.5907999999999998,-0.08333333333333333,24
cn_rival,de,p2s-358-r1,-2.6542,-0.16666666666666666,24
cn_rival,de,p2s-361-r1,-2.5084,0.08333333333333333,24
cn_rival,de,p2s-364-r1,-2.5540000000000003,0.041666666666666664,24
cn_rival,de,p2s-367-r1,-2.5134,-0.08333333333333333,24
cn_rival,de,p2s-370-r1,-2.7892,0.041666666666666664,24
cn_rival,de,p2s-373-r1,-2.6616,-0.041666666666666664,24
cn_rival,de,p2s-376-r1,-2.5296,0.041666666666666664,24
cn_rival,de,p2s-379-r1,-2.5907999999999998,0.08333333333333333,24
cn_rival,de,p2s-382-r1,-2.7892,0.0,24
cn_rival,de,p2s-385-r1,-2.662,0.0,24
cn_rival,de,p2s-388-r1,-2.5241,-0.125,24
cn_rival,de,p2s-391-r1,-2.6616,0.0,24
cn_rival,de,p2s-394-r1,-2.4607,-0.125,24
cn_rival,de,p2s-397-r1,-2.5540000000000003,0.0,24
cn_rival,de,p2s-400-r1,-2.5995,0.0,24
cn_rival,de,p2s-403-r1,-2.5031,-0.041666666666666664,24
cn_rival,de,p2s-406-r1,-2.9268,0.0,24
cn_rival,de,p2s-409-r1,-2.5084,-0.041666666666666664,24
cn_rival,de,p2s-412-r1,-2.4589,0.041666666666666664,24
cn_rival,de,p2s-415-r1,-2.4777,0.08333333333333333,24
cn_rival,de,p2s-418-r1,-2.6475999999999997,0.08333333333333333,24
cn_rival,de,p2s-421-r1,-2.9244,-0.041666666666666664,24
cn_rival,de,p2s-424-r1,-2.4593,0.20833333333333334,24
cn_rival,de,p2s-427-r1,-2.5186,-0.041666666666666664,24
cn_rival,de,p2s-430-r1,-2.5296,-0.041666666666666664,24
cn_rival,de,p2s-433-r1,-2.6542,0.16666666666666666,24
cn_rival,de,p2s-436-r1,-2.5098000000000003,0.25,24
cn_rival,de,p2s-439-r1,-2.5134,-0.041666666666666664,24
cn_rival,de,p2s-442-r1,-2.7892,0.0,24
cn_rival,de,p2s-445-r1,-2.5995,0.041666666666666664,24
cn_rival,de,p2s-448-r1,-2.4777,0.0,24
cn_rival,de,p2s-451-r1,-2.6616,0.0,24
cn_rival,de,p2s-454-r1,-2.5907999999999998,-0.041666666666666664,24
cn_rival,de,p2s-457-r1,-2.5084,0.0,24
cn_rival,de,p2s-460-r1,-2.6475999999999997,-0.041666666666666664,24
cn_rival,de,p2s-463-r1,-2.4593,0.041666666666666664,24
cn_rival,de,p2s-466-r1,-2.9244,-0.08333333333333333,24
cn_rival,de,p2s-469-r1,-2.5031,-0.16666666666666666,24
cn_rival,de,p2s-472-r1,-2.4607,0.08333333333333333,24
cn_rival,de,p2s-475-r1,-2.9268,0.041666666666666664,24
cn_rival,de,p2s-478-r1,-2.4589,-0.041666666666666664,24
cn_rival,de,p2s-481-r1,-2.5540000000000003,0.0,24
cn_rival,de,p2s-484-r1,-2.5098000000000003,-0.16666666666666666,24
cn_rival,de,p2s-487-r1,-2.5186,0.0,24
cn_rival,de,p2s-490-r1,-2.6542,0.125,24
cn_rival,de,p2s-493-r1,-2.662,0.041666666666666664,24
cn_rival,de,p2s-496-r1,-2.5241,0.0,24
cn_rival,de,p2s-499-r1,-2.5296,-0.125,24
cn_rival,de,p2s-502-r1,-2.5134,-0.041666666666666664,24
cn_rival,de,p2s-505-r1,-2.4593,-0.08333333333333333,24
cn_rival,de,p2s-508-r1,-2.4777,-0.125,24
cn_rival,de,p2s-511-r1,-2.7892,-0.041666666666666664,24
cn_rival,de,p2s-514-r1,-2.9244,0.041666666666666664,24
cn_rival,de,p2s-517-r1,-2.9268,0.041666666666666664,24
cn_rival,de,p2s-520-r1,-2.5995,0.041666666666666664,24
cn_rival,de,p2s-523-r1,-2.4589,0.0,24
cn_rival,de,p2s-526-r1,-2.4607,-0.041666666666666664,24
cn_rival,de,p2s-529-r1,-2.6542,0.041666666666666664,24
cn_rival,de,p2s-532-r1,-2.5031,-0.08333333333333333,24
cn_rival,de,p2s-535-r1,-2.662,0.041666666666666664,24
cn_rival,de,p2s-538-r1,-2.6616,0.0,24
cn_rival,de,p2s-541-r1,-2.5084,-0.125,24
cn_rival,de,p2s-544-r1,-2.5134,-0.08333333333333333,24
cn_rival,de,p2s-547-r1,-2.5907999999999998,-0.08333333333333333,24
cn_rival,de,p2s-550-r1,-2.5296,0.0,24
cn_rival,de,p2s-553-r1,-2.5098000000000003,0.0,24
cn_rival,de,p2s-556-r1,-2.5186,0.08333333333333333,24
cn_rival,de,p2s-559-r1,-2.5241,0.0,24
cn_rival,de,p2s-562-r1,-2.6475999999999997,0.125,24
cn_rival,de,p2s-565-r1,-2.5540000000000003,0.0,24
cn_rival,de,p2s-568-r1,-2.5186,0.0,24
cn_rival,de,p2s-571-r1,-2.9244,-0.125,24
cn_rival,de,p2s-574-r1,-2.5540000000000003,-0.08333333333333333,24
cn_rival,pg,p2s-002-r1,-2.9244,-0.041666666666666664,24
cn_rival,pg,p2s-005-r1,-2.4607,0.0,24
cn_rival,pg,p2s-008-r1,-2.5084,-0.16666666666666666,24
cn_rival,pg,p2s-011-r1,-2.6475999999999997,0.041666666666666664,24
cn_rival,pg,p2s-014-r1,-2.5241,0.08333333333333333,24
cn_rival,pg,p2s-017-r1,-2.5098000000000003,-0.041666666666666664,24
cn_rival,pg,p2s-020-r1,-2.9268,-0.041666666666666664,24
cn_rival,pg,p2s-023-r1,-2.7892,0.041666666666666664,24
cn_rival,pg,p2s-026-r1,-2.4589,0.20833333333333334,24
cn_rival,pg,p2s-029-r1,-2.6616,-0.041666666666666664,24
cn_rival,pg,p2s-032-r1,-2.5540000000000003,0.0,24
cn_rival,pg,p2s-035-r1,-2.5134,0.041666666666666664,24
cn_rival,pg,p2s-038-r1,-2.5995,0.0,24
cn_rival,pg,p2s-041-r1,-2.4777,-0.17391304347826086,23
cn_rival,pg,p2s-044-r1,-2.5296,0.041666666666666664,24
cn_rival,pg,p2s-047-r1,-2.662,0.041666666666666664,24
cn_rival,pg,p2s-050-r1,-2.5186,-0.125,24
cn_rival,pg,p2s-053-r1,-2.5907999999999998,-0.041666666666666664,24
cn_rival,pg,p2s-056-r1,-2.5031,0.0,24
cn_rival,pg,p2s-059-r1,-2.6542,0.125,24
cn_rival,pg,p2s-062-r1,-2.4593,0.041666666666666664,24
cn_rival,pg,p2s-065-r1,-2.9244,-0.08333333333333333,24
cn_rival,pg,p2s-068-r1,-2.5907999999999998,-0.20833333333333334,24
cn_rival,pg,p2s-071-r1,-2.7892,0.041666666666666664,24
cn_rival,pg,p2s-074-r1,-2.5186,-0.041666666666666664,24
cn_rival,pg,p2s-077-r1,-2.5134,-0.125,24
cn_rival,pg,p2s-080-r1,-2.4593,0.0,24
cn_rival,pg,p2s-083-r1,-2.9268,-0.041666666666666664,24
cn_rival,pg,p2s-086-r1,-2.5296,-0.08333333333333333,24
cn_rival,pg,p2s-089-r1,-2.6475999999999997,0.125,24
cn_rival,pg,p2s-092-r1,-2.5098000000000003,-0.25,24
cn_rival,pg,p2s-095-r1,-2.4589,0.041666666666666664,24
cn_rival,pg,p2s-098-r1,-2.4607,-0.08333333333333333,24
cn_rival,pg,p2s-101-r1,-2.662,-0.041666666666666664,24
cn_rival,pg,p2s-104-r1,-2.5995,-0.125,24
cn_rival,pg,p2s-107-r1,-2.4777,0.041666666666666664,24
cn_rival,pg,p2s-110-r1,-2.6616,0.041666666666666664,24
cn_rival,pg,p2s-113-r1,-2.5084,-0.041666666666666664,24
cn_rival,pg,p2s-116-r1,-2.5031,0.08333333333333333,24
cn_rival,pg,p2s-119-r1,-2.5241,0.0,24
cn_rival,pg,p2s-122-r1,-2.6542,0.0,24
cn_rival,pg,p2s-125-r1,-2.5540000000000003,0.041666666666666664,24
cn_rival,pg,p2s-128-r1,-2.5995,0.08333333333333333,24
cn_rival,pg,p2s-131-r1,-2.7892,-0.041666666666666664,24
cn_rival,pg,p2s-134-r1,-2.9268,0.16666666666666666,24
cn_rival,pg,p2s-137-r1,-2.5031,0.041666666666666664,24
cn_rival,pg,p2s-140-r1,-2.6475999999999997,0.0,24
cn_rival,pg,p2s-143-r1,-2.6542,0.0,24
cn_rival,pg,p2s-146-r1,-2.5907999999999998,0.0,24
cn_rival,pg,p2s-149-r1,-2.5296,0.0,24
cn_rival,pg,p2s-152-r1,-2.5134,-0.08333333333333333,24
cn_rival,pg,p2s-155-r1,-2.4777,0.08333333333333333,24
cn_rival,pg,p2s-158-r1,-2.662,0.0,24
cn_rival,pg,p2s-161-r1,-2.6616,-0.125,24
cn_rival,pg,p2s-164-r1,-2.4607,-0.16666666666666666,24
cn_rival,pg,p2s-167-r1,-2.5098000000000003,0.08333333333333333,24
cn_rival,pg,p2s-170-r1,-2.5540000000000003,0.08333333333333333,24
cn_rival,pg,p2s-173-r1,-2.4593,0.0,24
cn_rival,pg,p2s-176-r1,-2.5084,-0.125,24
cn_rival,pg,p2s-179-r1,-2.5186,0.041666666666666664,24
cn_rival,pg,p2s-182-r1,-2.9244,-0.125,24
cn_rival,pg,p2s-185-r1,-2.4589,0.0,24
cn_rival,pg,p2s-188-r1,-2.5241,0.08333333333333333,24
cn_rival,pg,p2s-191-r1,-2.4593,-0.041666666666666664,24
cn_rival,pg,p2s-194-r1,-2.5031,-0.16666666666666666,24
cn_rival,pg,p2s-197-r1,-2.4589,-0.041666666666666664,24
cn_rival,pg,p2s-200-r1,-2.5098000000000003,0.041666666666666664,24
cn_rival,pg,p2s-203-r1,-2.9244,-0.08333333333333333,24
cn_rival,pg,p2s-206-r1,-2.5907999999999998,0.0,24
cn_rival,pg,p2s-209-r1,-2.6475999999999997,-0.041666666666666664,24
cn_rival,pg,p2s-212-r1,-2.9268,-0.041666666666666664,24
cn_rival,pg,p2s-215-r1,-2.5241,-0.20833333333333334,24
cn_rival,pg,p2s-218-r1,-2.6542,-0.041666666666666664,24
cn_rival,pg,p2s-221-r1,-2.5134,-0.08333333333333333,24
cn_rival,pg,p2s-224-r1,-2.4777,-0.08333333333333333,24
cn_rival,pg,p2s-227-r1,-2.5995,0.041666666666666664,24
cn_rival,pg,p2s-230-r1,-2.5296,0.08333333333333333,24
cn_rival,pg,p2s-233-r1,-2.4607,0.0,24
cn_rival,pg,p2s-236-r1,-2.662,0.041666666666666664,24
cn_rival,pg,p2s-239-r1,-2.6616,0.041666666666666664,24
cn_rival,pg,p2s-242-r1,-2.7892,-0.041666666666666664,24
cn_rival,pg,p2s-245-r1,-2.5540000000000003,0.041666666666666664,24
cn_rival,pg,p2s-248-r1,-2.5186,-0.125,24
cn_rival,pg,p2s-251-r1,-2.5084,-0.16666666666666666,24
cn_rival,pg,p2s-254-r1,-2.5186,0.0,24
cn_rival,pg,p2s-257-r1,-2.9268,0.041666666666666664,24
cn_rival,pg,p2s-260-r1,-2.4593,0.041666666666666664,24
cn_rival,pg,p2s-263-r1,-2.7892,-0.041666666666666664,24
cn_rival,pg,p2s-266-r1,-2.4589,0.08333333333333333,24
cn_rival,pg,p2s-269-r1,-2.4777,0.041666666666666664,24
cn_rival,pg,p2s-272-r1,-2.6542,0.125,24
cn_rival,pg,p2s-275-r1,-2.9244,-0.041666666666666664,24
cn_rival,pg,p2s-278-r1,-2.5540000000000003,0.0,23
cn_rival,pg,p2s-281-r1,-2.5907999999999998,0.08333333333333333,24
cn_rival,pg,p2s-284-r1,-2.6616,-0.125,24
cn_rival,pg,p2s-287-r1,-2.5241,0.041666666666666664,24
cn_rival,pg,p2s-290-r1,-2.5995,-0.125,24
cn_rival,pg,p2s-293-r1,-2.5031,0.08333333333333333,24
cn_rival,pg,p2s-296-r1,-2.6475999999999997,0.041666666666666664,24
cn_rival,pg,p2s-299-r1,-2.5084,0.125,24
cn_rival,pg,p2s-302-r1,-2.662,0.0,24
cn_rival,pg,p2s-305-r1,-2.4607,0.0,24
cn_rival,pg,p2s-308-r1,-2.5134,-0.041666666666666664,24
cn_rival,pg,p2s-311-r1,-2.5098000000000003,0.08333333333333333,24
cn_rival,pg,p2s-314-r1,-2.5296,-0.041666666666666664,24
cn_rival,pg,p2s-317-r1,-2.6475999999999997,-0.041666666666666664,24
cn_rival,pg,p2s-320-r1,-2.6616,-0.041666666666666664,24
cn_rival,pg,p2s-323-r1,-2.5186,-0.16666666666666666,24
cn_rival,pg,p2s-326-r1,-2.4607,-0.08333333333333333,24
cn_rival,pg,p2s-329-r1,-2.5907999999999998,0.125,24
cn_rival,pg,p2s-332-r1,-2.5084,-0.125,24
cn_rival,pg,p2s-335-r1,-2.5540000000000003,0.041666666666666664,24
cn_rival,pg,p2s-338-r1,-2.4777,-0.08333333333333333,24
cn_rival,pg,p2s-341-r1,-2.5995,0.041666666666666664,24
cn_rival,pg,p2s-344-r1,-2.5241,0.25,24
cn_rival,pg,p2s-347-r1,-2.9268,0.08333333333333333,24
cn_rival,pg,p2s-350-r1,-2.4593,0.041666666666666664,24
cn_rival,pg,p2s-353-r1,-2.5031,-0.041666666666666664,24
cn_rival,pg,p2s-356-r1,-2.4589,0.041666666666666664,24
cn_rival,pg,p2s-359-r1,-2.5098000000000003,0.0,24
cn_rival,pg,p2s-362-r1,-2.6542,0.0,24
cn_rival,pg,p2s-365-r1,-2.5296,-0.041666666666666664,24
cn_rival,pg,p2s-368-r1,-2.9244,-0.08333333333333333,24
cn_rival,pg,p2s-371-r1,-2.662,0.041666666666666664,24
cn_rival,pg,p2s-374-r1,-2.5134,0.125,24
cn_rival,pg,p2s-377-r1,-2.7892,0.041666666666666664,24
cn_rival,pg,p2s-380-r1,-2.5084,0.041666666666666664,24
cn_rival,pg,p2s-383-r1,-2.6475999999999997,-0.125,24
cn_rival,pg,p2s-386-r1,-2.4777,-0.041666666666666664,24
cn_rival,pg,p2s-389-r1,-2.4593,0.0,24
cn_rival,pg,p2s-392-r1,-2.5098000000000003,0.0,24
cn_rival,pg,p2s-395-r1,-2.5907999999999998,0.0,24
cn_rival,pg,p2s-398-r1,-2.6542,0.16666666666666666,24
cn_rival,pg,p2s-401-r1,-2.4589,-0.041666666666666664,24
cn_rival,pg,p2s-404-r1,-2.9244,0.0,24
cn_rival,pg,p2s-407-r1,-2.5186,-0.041666666666666664,24
cn_rival,pg,p2s-410-r1,-2.5995,0.0,24
cn_rival,pg,p2s-413-r1,-2.5031,-0.16666666666666666,24
cn_rival,pg,p2s-416-r1,-2.9268,-0.125,24
cn_rival,pg,p2s-419-r1,-2.7892,-0.125,24
cn_rival,pg,p2s-422-r1,-2.5540000000000003,-0.041666666666666664,24
cn_rival,pg,p2s-425-r1,-2.4607,-0.041666666666666664,24
cn_rival,pg,p2s-428-r1,-2.6616,0.16666666666666666,24
cn_rival,pg,p2s-431-r1,-2.5134,-0.16666666666666666,24
cn_rival,pg,p2s-434-r1,-2.5241,0.041666666666666664,24
cn_rival,pg,p2s-437-r1,-2.662,-0.041666666666666664,24
cn_rival,pg,p2s-440-r1,-2.5296,0.08333333333333333,24
cn_rival,pg,p2s-443-r1,-2.4589,0.08333333333333333,24
cn_rival,pg,p2s-446-r1,-2.5186,-0.16666666666666666,24
cn_rival,pg,p2s-449-r1,-2.9244,0.041666666666666664,24
cn_rival,pg,p2s-452-r1,-2.5241,0.0,24
cn_rival,pg,p2s-455-r1,-2.5995,-0.041666666666666664,24
cn_rival,pg,p2s-458-r1,-2.6542,0.0,24
cn_rival,pg,p2s-461-r1,-2.5098000000000003,-0.08333333333333333,24
cn_rival,pg,p2s-464-r1,-2.5031,-0.041666666666666664,24
cn_rival,pg,p2s-467-r1,-2.7892,-0.125,24
cn_rival,pg,p2s-470-r1,-2.4593,0.041666666666666664,24
cn_rival,pg,p2s-473-r1,-2.6475999999999997,0.0,24
cn_rival,pg,p2s-476-r1,-2.4777,-0.041666666666666664,24
cn_rival,pg,p2s-479-r1,-2.5084,-0.125,24
cn_rival,pg,p2s-482-r1,-2.5907999999999998,-0.041666666666666664,24
cn_rival,pg,p2s-485-r1,-2.5296,-0.041666666666666664,24
cn_rival,pg,p2s-488-r1,-2.4607,-0.041666666666666664,24
cn_rival,pg,p2s-491-r1,-2.9268,0.041666666666666664,24
cn_rival,pg,p2s-494-r1,-2.5134,0.041666666666666664,24
cn_rival,pg,p2s-497-r1,-2.5540000000000003,0.20833333333333334,24
cn_rival,pg,p2s-500-r1,-2.6616,0.0,24
cn_rival,pg,p2s-503-r1,-2.662,0.08333333333333333,24
cn_rival,pg,p2s-506-r1,-2.9244,-0.08333333333333333,24
cn_rival,pg,p2s-509-r1,-2.4607,0.0,24
cn_rival,pg,p2s-512-r1,-2.5186,-0.08333333333333333,24
cn_rival,pg,p2s-515-r1,-2.5031,0.041666666666666664,24
cn_rival,pg,p2s-518-r1,-2.5241,-0.041666666666666664,24
cn_rival,pg,p2s-521-r1,-2.4593,0.125,24
cn_rival,pg,p2s-524-r1,-2.6616,-0.08333333333333333,24
cn_rival,pg,p2s-527-r1,-2.5995,-0.125,24
cn_rival,pg,p2s-530-r1,-2.5296,0.0,24
cn_rival,pg,p2s-533-r1,-2.5907999999999998,0.0,24
cn_rival,pg,p2s-536-r1,-2.4777,0.125,24
cn_rival,pg,p2s-539-r1,-2.7892,0.08333333333333333,24
cn_rival,pg,p2s-542-r1,-2.6475999999999997,0.08333333333333333,24
cn_rival,pg,p2s-545-r1,-2.9268,-0.125,24
cn_rival,pg,p2s-548-r1,-2.4589,-0.041666666666666664,24
cn_rival,pg,p2s-551-r1,-2.5134,0.041666666666666664,24
cn_rival,pg,p2s-554-r1,-2.5084,0.041666666666666664,24
cn_rival,pg,p2s-557-r1,-2.5540000000000003,0.041666666666666664,24
cn_rival,pg,p2s-560-r1,-2.6542,0.0,24
cn_rival,pg,p2s-563-r1,-2.5098000000000003,0.20833333333333334,24
cn_rival,pg,p2s-566-r1,-2.662,0.08333333333333333,24
cn_rival,pg,p2s-569-r1,-2.662,0.20833333333333334,24
cn_rival,pg,p2s-572-r1,-2.5031,0.0,24
cn_rival,pg,p2s-575-r1,-2.5995,0.0,24
cn_rival,control,p2s-576-r1,-2.4777,0.041666666666666664,24
cn_rival,control,p2s-577-r1,-2.4593,0.041666666666666664,24
cn_rival,control,p2s-578-r1,-2.9244,0.0,24
cn_rival,control,p2s-579-r1,-2.5995,0.041666666666666664,24
cn_rival,control,p2s-580-r1,-2.5031,0.041666666666666664,24
cn_rival,control,p2s-581-r1,-2.4607,0.041666666666666664,24
cn_rival,control,p2s-582-r1,-2.5186,0.0,23
cn_rival,control,p2s-583-r1,-2.5907999999999998,-0.041666666666666664,24
cn_rival,control,p2s-584-r1,-2.5084,-0.08333333333333333,24
cn_rival,control,p2s-585-r1,-2.9268,0.041666666666666664,24
cn_rival,control,p2s-586-r1,-2.7892,-0.08333333333333333,24
cn_rival,control,p2s-587-r1,-2.6475999999999997,0.0,24
cn_rival,control,p2s-588-r1,-2.4589,0.0,24
cn_rival,control,p2s-589-r1,-2.6616,-0.041666666666666664,24
cn_rival,control,p2s-590-r1,-2.5241,0.16666666666666666,24
cn_rival,control,p2s-591-r1,-2.5540000000000003,0.0,24
cn_rival,control,p2s-592-r1,-2.6542,0.0,24
cn_rival,control,p2s-593-r1,-2.5098000000000003,-0.20833333333333334,24
cn_rival,control,p2s-594-r1,-2.5296,0.0,24
cn_rival,control,p2s-595-r1,-2.5134,0.041666666666666664,24
cn_rival,control,p2s-596-r1,-2.662,-0.041666666666666664,24
cn_rival,control,p2s-597-r1,-2.4777,0.0,24
cn_rival,control,p2s-598-r1,-2.4593,0.041666666666666664,24
cn_rival,control,p2s-599-r1,-2.9244,-0.16666666666666666,24
cn_rival,control,p2s-600-r1,-2.5031,0.0,24
cn_rival,control,p2s-601-r1,-2.5995,0.0,24
cn_rival,control,p2s-602-r1,-2.5907999999999998,0.125,24
cn_rival,control,p2s-603-r1,-2.4607,0.0,24
cn_rival,control,p2s-604-r1,-2.5186,-0.08333333333333333,24
cn_rival,control,p2s-605-r1,-2.9268,0.0,24
cn_rival,control,p2s-606-r1,-2.5084,0.041666666666666664,24
cn_rival,control,p2s-607-r1,-2.6475999999999997,-0.041666666666666664,24
cn_rival,control,p2s-608-r1,-2.7892,0.0,24
cn_rival,control,p2s-609-r1,-2.4589,0.16666666666666666,24
cn_rival,control,p2s-610-r1,-2.5241,-0.041666666666666664,24
cn_rival,control,p2s-611-r1,-2.6616,0.0,24
cn_rival,control,p2s-612-r1,-2.6542,0.08333333333333333,24
cn_rival,control,p2s-613-r1,-2.5540000000000003,-0.041666666666666664,24
cn_rival,control,p2s-614-r1,-2.5296,0.20833333333333334,24
cn_rival,control,p2s-615-r1,-2.5098000000000003,0.0,24
cn_rival,control,p2s-616-r1,-2.5134,-0.125,24
cn_rival,control,p2s-617-r1,-2.662,0.08333333333333333,24
cn_rival,control,p2s-618-r1,-2.5186,0.041666666666666664,24
cn_rival,control,p2s-619-r1,-2.9244,0.0,24
cn_rival,control,p2s-620-r1,-2.4593,0.0,24
cn_rival,control,p2s-621-r1,-2.4777,0.041666666666666664,24
cn_rival,control,p2s-622-r1,-2.5995,0.0,24
cn_rival,control,p2s-623-r1,-2.4607,0.0,24
cn_rival,control,p2s-624-r1,-2.5907999999999998,0.041666666666666664,24
cn_rival,control,p2s-625-r1,-2.9268,-0.041666666666666664,24
cn_rival,control,p2s-626-r1,-2.5084,0.0,24
cn_rival,control,p2s-627-r1,-2.4589,-0.041666666666666664,24
cn_rival,control,p2s-628-r1,-2.6542,0.16666666666666666,24
cn_rival,control,p2s-629-r1,-2.7892,0.0,24
cn_rival,control,p2s-630-r1,-2.6616,0.0,24
cn_rival,control,p2s-631-r1,-2.5134,0.041666666666666664,24
cn_rival,control,p2s-632-r1,-2.6475999999999997,0.041666666666666664,24
cn_rival,control,p2s-633-r1,-2.5098000000000003,-0.08333333333333333,24
cn_rival,control,p2s-634-r1,-2.5241,0.041666666666666664,24
cn_rival,control,p2s-635-r1,-2.5296,0.08333333333333333,24
cn_rival,control,p2s-636-r1,-2.5540000000000003,0.0,24
cn_rival,control,p2s-637-r1,-2.662,0.0,24
cn_rival,control,p2s-638-r1,-2.5186,0.041666666666666664,24
cn_rival,control,p2s-639-r1,-2.5031,0.0,24
cn_rival,control,p2s-640-r1,-2.4777,-0.041666666666666664,24
cn_rival,control,p2s-641-r1,-2.4593,0.0,24
cn_rival,control,p2s-642-r1,-2.9244,0.0,24
cn_rival,control,p2s-643-r1,-2.5031,0.041666666666666664,24
cn_rival,control,p2s-644-r1,-2.5995,0.0,24
cn_rival,control,p2s-645-r1,-2.4607,0.0,24
cn_rival,control,p2s-646-r1,-2.5241,0.0,24
cn_rival,control,p2s-647-r1,-2.4589,0.0,24
cn_rival,control,p2s-648-r1,-2.5540000000000003,-0.125,24
cn_rival,control,p2s-649-r1,-2.6616,0.0,24
cn_rival,control,p2s-650-r1,-2.6542,-0.08333333333333333,24
cn_rival,control,p2s-651-r1,-2.5296,0.041666666666666664,24
cn_rival,control,p2s-652-r1,-2.662,0.041666666666666664,24
cn_rival,control,p2s-653-r1,-2.5098000000000003,-0.041666666666666664,24
cn_rival,control,p2s-654-r1,-2.5134,0.043478260869565216,23
cn_rival,control,p2s-655-r1,-2.4593,0.041666666666666664,24
cn_rival,control,p2s-656-r1,-2.4777,0.08333333333333333,24
cn_rival,control,p2s-657-r1,-2.5907999999999998,-0.08333333333333333,24
cn_rival,control,p2s-658-r1,-2.5084,-0.125,24
cn_rival,control,p2s-659-r1,-2.7892,0.041666666666666664,24
cn_rival,control,p2s-660-r1,-2.6475999999999997,0.0,24
cn_rival,control,p2s-661-r1,-2.4607,-0.041666666666666664,24
cn_rival,control,p2s-662-r1,-2.9268,0.125,24
cn_rival,control,p2s-663-r1,-2.5995,0.0,24
cn_rival,control,p2s-664-r1,-2.5186,-0.08333333333333333,24
cn_rival,control,p2s-665-r1,-2.9244,0.0,24
cn_rival,control,p2s-666-r1,-2.5031,0.0,24
cn_rival,control,p2s-667-r1,-2.5907999999999998,0.0,24
cn_rival,control,p2s-668-r1,-2.5296,-0.125,24
cn_rival,control,p2s-669-r1,-2.5084,0.08333333333333333,24
cn_rival,control,p2s-670-r1,-2.7892,0.0,24
cn_rival,control,p2s-671-r1,-2.662,-0.041666666666666664,24
cn_rival,control,p2s-672-r1,-2.5134,-0.125,24
cn_rival,control,p2s-673-r1,-2.4777,-0.08333333333333333,24
cn_rival,control,p2s-674-r1,-2.4593,0.041666666666666664,24
cn_rival,control,p2s-675-r1,-2.9268,0.0,24
cn_rival,control,p2s-676-r1,-2.6616,-0.041666666666666664,24
cn_rival,control,p2s-677-r1,-2.4589,0.041666666666666664,24
cn_rival,control,p2s-678-r1,-2.5540000000000003,-0.125,24
cn_rival,control,p2s-679-r1,-2.5241,0.125,24
cn_rival,control,p2s-680-r1,-2.6542,0.0,24
cn_rival,control,p2s-681-r1,-2.5098000000000003,0.0,24
cn_rival,control,p2s-682-r1,-2.6475999999999997,-0.125,24
cn_rival,control,p2s-683-r1,-2.5995,0.0,24
cn_rival,control,p2s-684-r1,-2.9268,0.08333333333333333,24
cn_rival,control,p2s-685-r1,-2.4607,0.041666666666666664,24
cn_rival,control,p2s-686-r1,-2.5186,0.041666666666666664,24
cn_rival,control,p2s-687-r1,-2.5031,0.0,24
cn_rival,control,p2s-688-r1,-2.5907999999999998,0.0,24
cn_rival,control,p2s-689-r1,-2.6616,0.041666666666666664,24
cn_rival,control,p2s-690-r1,-2.7892,0.08333333333333333,24
cn_rival,control,p2s-691-r1,-2.5084,-0.041666666666666664,24
cn_rival,control,p2s-692-r1,-2.4589,0.08333333333333333,24
cn_rival,control,p2s-693-r1,-2.5098000000000003,-0.041666666666666664,24
cn_rival,control,p2s-694-r1,-2.5241,0.0,24
cn_rival,control,p2s-695-r1,-2.5134,0.0,24
cn_rival,control,p2s-696-r1,-2.662,-0.08333333333333333,24
cn_rival,control,p2s-697-r1,-2.9244,0.0,24
cn_rival,control,p2s-698-r1,-2.4777,0.125,24
cn_rival,control,p2s-699-r1,-2.5296,0.041666666666666664,24
cn_rival,control,p2s-700-r1,-2.5540000000000003,-0.08333333333333333,24
cn_rival,control,p2s-701-r1,-2.7892,0.0,24
cn_rival,control,p2s-702-r1,-2.6475999999999997,0.041666666666666664,24
cn_rival,control,p2s-703-r1,-2.5084,-0.041666666666666664,24
cn_rival,control,p2s-704-r1,-2.5241,0.125,24
cn_rival,control,p2s-705-r1,-2.4589,-0.08333333333333333,24
cn_rival,control,p2s-706-r1,-2.6542,-0.16666666666666666,24
cn_rival,control,p2s-707-r1,-2.4593,0.041666666666666664,24
cn_rival,control,p2s-708-r1,-2.6616,0.0,24
cn_rival,control,p2s-709-r1,-2.5098000000000003,0.08333333333333333,24
cn_rival,control,p2s-710-r1,-2.5134,0.041666666666666664,24
cn_rival,control,p2s-711-r1,-2.9244,0.0,24
cn_rival,control,p2s-712-r1,-2.5995,0.041666666666666664,24
cn_rival,control,p2s-713-r1,-2.5186,0.125,24
cn_rival,control,p2s-714-r1,-2.5031,0.0,24
cn_rival,control,p2s-715-r1,-2.4607,-0.041666666666666664,24
cn_rival,control,p2s-716-r1,-2.5907999999999998,0.125,24
cn_rival,control,p2s-717-r1,-2.662,-0.041666666666666664,24
cn_rival,control,p2s-718-r1,-2.4777,0.0,24
cn_rival,control,p2s-719-r1,-2.9268,-0.041666666666666664,24
cn_rival,control,p2s-720-r1,-2.5540000000000003,0.041666666666666664,24
cn_rival,control,p2s-721-r1,-2.6542,0.16666666666666666,24
cn_rival,control,p2s-722-r1,-2.5296,-0.08333333333333333,24
cn_rival,control,p2s-723-r1,-2.9244,0.0,24
cn_rival,control,p2s-724-r1,-2.5186,0.0,24
cn_rival,control,p2s-725-r1,-2.4593,0.041666666666666664,24
cn_rival,control,p2s-726-r1,-2.5995,0.041666666666666664,24
cn_rival,control,p2s-727-r1,-2.5098000000000003,0.0,24
cn_rival,control,p2s-728-r1,-2.5134,-0.041666666666666664,24
cn_rival,control,p2s-729-r1,-2.6475999999999997,-0.08333333333333333,24
cn_rival,control,p2s-730-r1,-2.5540000000000003,0.08333333333333333,24
cn_rival,control,p2s-731-r1,-2.5031,0.0,24
cn_rival,control,p2s-732-r1,-2.7892,-0.125,24
cn_rival,control,p2s-733-r1,-2.6616,0.125,24
cn_rival,control,p2s-734-r1,-2.4607,0.041666666666666664,24
cn_rival,control,p2s-735-r1,-2.4777,0.0,24
cn_rival,control,p2s-736-r1,-2.5907999999999998,0.041666666666666664,24
cn_rival,control,p2s-737-r1,-2.5084,0.0,24
cn_rival,control,p2s-738-r1,-2.9268,0.0,24
cn_rival,control,p2s-739-r1,-2.6475999999999997,-0.041666666666666664,24
cn_rival,control,p2s-740-r1,-2.4589,0.041666666666666664,24
cn_rival,control,p2s-741-r1,-2.5241,0.0,24
cn_rival,control,p2s-742-r1,-2.9244,0.0,24
cn_rival,control,p2s-743-r1,-2.5186,-0.041666666666666664,24
cn_rival,control,p2s-744-r1,-2.5031,0.0,24
cn_rival,control,p2s-745-r1,-2.5995,-0.041666666666666664,24
cn_rival,control,p2s-746-r1,-2.4593,0.041666666666666664,24
cn_rival,control,p2s-747-r1,-2.5296,0.041666666666666664,24
cn_rival,control,p2s-748-r1,-2.6542,-0.041666666666666664,24
cn_rival,control,p2s-749-r1,-2.5907999999999998,-0.08333333333333333,24
cn_rival,control,p2s-750-r1,-2.5134,0.0,24
cn_rival,control,p2s-751-r1,-2.5098000000000003,0.0,24
cn_rival,control,p2s-752-r1,-2.662,0.0,24
cn_rival,control,p2s-753-r1,-2.5031,0.0,24
cn_rival,control,p2s-754-r1,-2.6475999999999997,0.0,24
cn_rival,control,p2s-755-r1,-2.6616,0.041666666666666664,24
cn_rival,control,p2s-756-r1,-2.5084,0.0,24
cn_rival,control,p2s-757-r1,-2.7892,0.0,24
cn_rival,control,p2s-758-r1,-2.5540000000000003,-0.08333333333333333,24
cn_rival,control,p2s-759-r1,-2.5296,0.0,24
cn_rival,control,p2s-760-r1,-2.9268,0.0,24
cn_rival,control,p2s-761-r1,-2.4589,0.0,24
cn_rival,control,p2s-762-r1,-2.6542,0.0,24
cn_rival,control,p2s-763-r1,-2.5241,0.0,24
cn_rival,control,p2s-764-r1,-2.5907999999999998,0.0,24
cn_rival,control,p2s-765-r1,-2.662,-0.041666666666666664,24
cn_rival,control,p2s-766-r1,-2.4607,0.041666666666666664,24
cn_rival,control,p2s-767-r1,-2.9268,0.041666666666666664,24
cn_neutral,he,p2s-000-r1,-2.0022,0.041666666666666664,24
cn_neutral,he,p2s-003-r1,-2.0079,0.0,24
cn_neutral,he,p2s-006-r1,-2.0205,0.0,24
cn_neutral,he,p2s-009-r1,-2.0283,0.0,24
cn_neutral,he,p2s-012-r1,-2.0405,-0.041666666666666664,24
cn_neutral,he,p2s-015-r1,-1.9544,0.0,24
cn_neutral,he,p2s-018-r1,-1.9793,0.0,24
cn_neutral,he,p2s-021-r1,-1.9963,0.041666666666666664,24
cn_neutral,he,p2s-024-r1,-1.9807,-0.041666666666666664,24
cn_neutral,he,p2s-027-r1,-1.9931,0.0,24
cn_neutral,he,p2s-030-r1,-2.023,-0.041666666666666664,24
cn_neutral,he,p2s-033-r1,-1.9555,0.0,24
cn_neutral,he,p2s-036-r1,-2.0472,0.041666666666666664,24
cn_neutral,he,p2s-039-r1,-1.9472,0.0,24
cn_neutral,he,p2s-042-r1,-2.0202,0.0,24
cn_neutral,he,p2s-045-r1,-2.031,0.041666666666666664,24
cn_neutral,he,p2s-048-r1,-2.0412,0.0,24
cn_neutral,he,p2s-051-r1,-1.9663,-0.25,24
cn_neutral,he,p2s-054-r1,-1.9393,-0.041666666666666664,24
cn_neutral,he,p2s-057-r1,-1.9417,0.0,24
cn_neutral,he,p2s-060-r1,-1.9417,0.041666666666666664,24
cn_neutral,he,p2s-063-r1,-2.0022,-0.041666666666666664,24
cn_neutral,he,p2s-066-r1,-2.0079,-0.041666666666666664,24
cn_neutral,he,p2s-069-r1,-2.0205,0.08333333333333333,24
cn_neutral,he,p2s-072-r1,-1.9807,0.0,24
cn_neutral,he,p2s-075-r1,-2.0472,0.21739130434782608,23
cn_neutral,he,p2s-078-r1,-1.9555,-0.041666666666666664,24
cn_neutral,he,p2s-081-r1,-2.0202,0.08333333333333333,24
cn_neutral,he,p2s-084-r1,-2.031,0.041666666666666664,24
cn_neutral,he,p2s-087-r1,-2.0412,0.0,24
cn_neutral,he,p2s-090-r1,-1.9544,0.125,24
cn_neutral,he,p2s-093-r1,-1.9931,-0.041666666666666664,24
cn_neutral,he,p2s-096-r1,-2.0283,-0.041666666666666664,24
cn_neutral,he,p2s-099-r1,-2.023,0.0,24
cn_neutral,he,p2s-102-r1,-1.9963,0.0,24
cn_neutral,he,p2s-105-r1,-1.9417,0.041666666666666664,24
cn_neutral,he,p2s-108-r1,-1.9663,0.0,24
cn_neutral,he,p2s-111-r1,-1.9393,0.041666666666666664,24
cn_neutral,he,p2s-114-r1,-1.9793,-0.16666666666666666,24
cn_neutral,he,p2s-117-r1,-2.0405,0.0,24
cn_neutral,he,p2s-120-r1,-1.9472,-0.041666666666666664,24
cn_neutral,he,p2s-123-r1,-1.9417,0.0,24
cn_neutral,he,p2s-126-r1,-1.9417,-0.08333333333333333,24
cn_neutral,he,p2s-129-r1,-1.9417,0.0,24
cn_neutral,he,p2s-132-r1,-1.9931,-0.17391304347826086,23
cn_neutral,he,p2s-135-r1,-2.0205,0.041666666666666664,24
cn_neutral,he,p2s-138-r1,-1.9544,0.0,24
cn_neutral,he,p2s-141-r1,-1.9472,-0.041666666666666664,24
cn_neutral,he,p2s-144-r1,-2.0202,0.0,24
cn_neutral,he,p2s-147-r1,-2.023,0.0,24
cn_neutral,he,p2s-150-r1,-1.9663,0.041666666666666664,24
cn_neutral,he,p2s-153-r1,-2.0472,0.0,24
cn_neutral,he,p2s-156-r1,-2.0405,0.0,24
cn_neutral,he,p2s-159-r1,-1.9555,0.0,24
cn_neutral,he,p2s-162-r1,-1.9963,-0.041666666666666664,24
cn_neutral,he,p2s-165-r1,-2.0022,0.041666666666666664,24
cn_neutral,he,p2s-168-r1,-2.0283,0.041666666666666664,24
cn_neutral,he,p2s-171-r1,-2.0079,0.0,24
cn_neutral,he,p2s-174-r1,-1.9793,0.0,24
cn_neutral,he,p2s-177-r1,-1.9807,0.0,24
cn_neutral,he,p2s-180-r1,-2.031,0.041666666666666664,24
cn_neutral,he,p2s-183-r1,-1.9393,0.0,24
cn_neutral,he,p2s-186-r1,-2.0412,0.0,24
cn_neutral,he,p2s-189-r1,-2.0283,-0.16666666666666666,24
cn_neutral,he,p2s-192-r1,-2.0079,0.0,24
cn_neutral,he,p2s-195-r1,-2.0202,0.0,24
cn_neutral,he,p2s-198-r1,-2.031,0.0,24
cn_neutral,he,p2s-201-r1,-1.9393,0.0,24
cn_neutral,he,p2s-204-r1,-2.0205,0.0,24
cn_neutral,he,p2s-207-r1,-1.9807,0.0,24
cn_neutral,he,p2s-210-r1,-2.0405,0.041666666666666664,24
cn_neutral,he,p2s-213-r1,-2.0022,0.125,24
cn_neutral,he,p2s-216-r1,-1.9663,-0.041666666666666664,24
cn_neutral,he,p2s-219-r1,-2.0412,0.041666666666666664,24
cn_neutral,he,p2s-222-r1,-1.9931,0.0,24
cn_neutral,he,p2s-225-r1,-1.9417,0.0,24
cn_neutral,he,p2s-228-r1,-1.9544,0.0,24
cn_neutral,he,p2s-231-r1,-1.9963,0.041666666666666664,24
cn_neutral,he,p2s-234-r1,-2.023,0.08333333333333333,24
cn_neutral,he,p2s-237-r1,-1.9793,0.0,24
cn_neutral,he,p2s-240-r1,-1.9472,-0.041666666666666664,24
cn_neutral,he,p2s-243-r1,-1.9555,0.08333333333333333,24
cn_neutral,he,p2s-246-r1,-2.0472,0.0,24
cn_neutral,he,p2s-249-r1,-1.9417,-0.041666666666666664,24
cn_neutral,he,p2s-252-r1,-1.9807,0.041666666666666664,24
cn_neutral,he,p2s-255-r1,-1.9555,-0.125,24
cn_neutral,he,p2s-258-r1,-1.9472,0.0,24
cn_neutral,he,p2s-261-r1,-2.0202,-0.08333333333333333,24
cn_neutral,he,p2s-264-r1,-1.9393,0.041666666666666664,24
cn_neutral,he,p2s-267-r1,-1.9417,0.041666666666666664,24
cn_neutral,he,p2s-270-r1,-2.0079,0.125,24
cn_neutral,he,p2s-273-r1,-1.9963,0.041666666666666664,24
cn_neutral,he,p2s-276-r1,-2.0205,0.041666666666666664,24
cn_neutral,he,p2s-279-r1,-2.0022,-0.041666666666666664,24
cn_neutral,he,p2s-282-r1,-1.9663,0.0,24
cn_neutral,he,p2s-285-r1,-1.9544,0.0,24
cn_neutral,he,p2s-288-r1,-1.9417,0.041666666666666664,24
cn_neutral,he,p2s-291-r1,-2.023,0.0,24
cn_neutral,he,p2s-294-r1,-2.0283,0.0,24
cn_neutral,he,p2s-297-r1,-1.9793,-0.041666666666666664,24
cn_neutral,he,p2s-300-r1,-2.031,0.0,24
cn_neutral,he,p2s-303-r1,-1.9931,0.041666666666666664,24
cn_neutral,he,p2s-306-r1,-2.0405,0.0,24
cn_neutral,he,p2s-309-r1,-2.0412,-0.16666666666666666,24
cn_neutral,he,p2s-312-r1,-2.0472,0.08333333333333333,24
cn_neutral,he,p2s-315-r1,-1.9793,0.041666666666666664,24
cn_neutral,he,p2s-318-r1,-2.0079,0.0,24
cn_neutral,he,p2s-321-r1,-2.023,0.0,24
cn_neutral,he,p2s-324-r1,-2.0283,0.0,24
cn_neutral,he,p2s-327-r1,-1.9663,-0.041666666666666664,24
cn_neutral,he,p2s-330-r1,-2.031,0.16666666666666666,24
cn_neutral,he,p2s-333-r1,-1.9931,0.08333333333333333,24
cn_neutral,he,p2s-336-r1,-1.9417,0.125,24
cn_neutral,he,p2s-339-r1,-2.0472,0.16666666666666666,24
cn_neutral,he,p2s-342-r1,-1.9417,0.0,24
cn_neutral,he,p2s-345-r1,-1.9544,0.0,24
cn_neutral,he,p2s-348-r1,-1.9807,0.125,24
cn_neutral,he,p2s-351-r1,-2.0405,0.0,24
cn_neutral,he,p2s-354-r1,-2.0412,-0.041666666666666664,24
cn_neutral,he,p2s-357-r1,-2.0022,0.0,24
cn_neutral,he,p2s-360-r1,-1.9393,0.0,24
cn_neutral,he,p2s-363-r1,-1.9555,-0.041666666666666664,24
cn_neutral,he,p2s-366-r1,-2.0202,0.041666666666666664,24
cn_neutral,he,p2s-369-r1,-1.9963,0.0,24
cn_neutral,he,p2s-372-r1,-2.0205,0.041666666666666664,24
cn_neutral,he,p2s-375-r1,-1.9472,0.16666666666666666,24
cn_neutral,he,p2s-378-r1,-2.0079,0.125,24
cn_neutral,he,p2s-381-r1,-2.0283,0.0,24
cn_neutral,he,p2s-384-r1,-2.0405,0.0,24
cn_neutral,he,p2s-387-r1,-2.0205,-0.16666666666666666,24
cn_neutral,he,p2s-390-r1,-1.9807,0.08333333333333333,24
cn_neutral,he,p2s-393-r1,-1.9931,0.041666666666666664,24
cn_neutral,he,p2s-396-r1,-2.0022,0.0,24
cn_neutral,he,p2s-399-r1,-2.023,0.0,24
cn_neutral,he,p2s-402-r1,-1.9544,0.041666666666666664,24
cn_neutral,he,p2s-405-r1,-1.9663,0.041666666666666664,24
cn_neutral,he,p2s-408-r1,-1.9963,0.08333333333333333,24
cn_neutral,he,p2s-411-r1,-2.0202,0.041666666666666664,24
cn_neutral,he,p2s-414-r1,-2.0412,0.0,24
cn_neutral,he,p2s-417-r1,-1.9793,0.0,24
cn_neutral,he,p2s-420-r1,-1.9555,0.0,24
cn_neutral,he,p2s-423-r1,-2.0472,0.0,24
cn_neutral,he,p2s-426-r1,-2.031,0.0,24
cn_neutral,he,p2s-429-r1,-1.9472,0.041666666666666664,24
cn_neutral,he,p2s-432-r1,-1.9393,0.0,24
cn_neutral,he,p2s-435-r1,-1.9417,0.20833333333333334,24
cn_neutral,he,p2s-438-r1,-1.9417,-0.08333333333333333,24
cn_neutral,he,p2s-441-r1,-2.023,0.0,24
cn_neutral,he,p2s-444-r1,-1.9807,0.08333333333333333,24
cn_neutral,he,p2s-447-r1,-1.9793,0.08333333333333333,24
cn_neutral,he,p2s-450-r1,-2.0202,-0.125,24
cn_neutral,he,p2s-453-r1,-1.9963,0.08333333333333333,24
cn_neutral,he,p2s-456-r1,-1.9544,0.0,24
cn_neutral,he,p2s-459-r1,-2.0283,0.16666666666666666,24
cn_neutral,he,p2s-462-r1,-1.9393,0.0,24
cn_neutral,he,p2s-465-r1,-2.0022,0.041666666666666664,24
cn_neutral,he,p2s-468-r1,-2.0079,0.0,24
cn_neutral,he,p2s-471-r1,-2.0205,0.0,24
cn_neutral,he,p2s-474-r1,-1.9555,0.0,24
cn_neutral,he,p2s-477-r1,-1.9931,0.041666666666666664,24
cn_neutral,he,p2s-480-r1,-1.9417,0.125,24
cn_neutral,he,p2s-483-r1,-2.0472,0.041666666666666664,24
cn_neutral,he,p2s-486-r1,-2.031,0.0,24
cn_neutral,he,p2s-489-r1,-2.0412,0.0,24
cn_neutral,he,p2s-492-r1,-1.9663,0.0,24
cn_neutral,he,p2s-495-r1,-1.9417,0.0,24
cn_neutral,he,p2s-498-r1,-1.9472,0.0,24
cn_neutral,he,p2s-501-r1,-2.0405,0.0,24
cn_neutral,he,p2s-504-r1,-2.0022,0.041666666666666664,24
cn_neutral,he,p2s-507-r1,-2.0079,-0.041666666666666664,24
cn_neutral,he,p2s-510-r1,-2.023,0.041666666666666664,24
cn_neutral,he,p2s-513-r1,-1.9963,0.0,24
cn_neutral,he,p2s-516-r1,-1.9793,-0.041666666666666664,24
cn_neutral,he,p2s-519-r1,-1.9807,0.041666666666666664,24
cn_neutral,he,p2s-522-r1,-1.9663,0.08333333333333333,24
cn_neutral,he,p2s-525-r1,-1.9393,0.041666666666666664,24
cn_neutral,he,p2s-528-r1,-1.9544,0.041666666666666664,24
cn_neutral,he,p2s-531-r1,-2.0205,-0.041666666666666664,24
cn_neutral,he,p2s-534-r1,-2.0202,0.0,24
cn_neutral,he,p2s-537-r1,-2.0283,0.08333333333333333,24
cn_neutral,he,p2s-540-r1,-1.9931,-0.08333333333333333,24
cn_neutral,he,p2s-543-r1,-1.9472,0.041666666666666664,24
cn_neutral,he,p2s-546-r1,-1.9555,-0.125,24
cn_neutral,he,p2s-549-r1,-2.0472,0.041666666666666664,24
cn_neutral,he,p2s-552-r1,-2.031,0.0,24
cn_neutral,he,p2s-555-r1,-2.0412,0.041666666666666664,24
cn_neutral,he,p2s-558-r1,-1.9417,0.0,24
cn_neutral,he,p2s-561-r1,-1.9417,0.041666666666666664,24
cn_neutral,he,p2s-564-r1,-2.0405,0.0,24
cn_neutral,he,p2s-567-r1,-1.9963,0.0,24
cn_neutral,he,p2s-570-r1,-2.0022,-0.041666666666666664,24
cn_neutral,he,p2s-573-r1,-2.0202,0.0,24
cn_neutral,de,p2s-001-r1,-1.9963,0.0,24
cn_neutral,de,p2s-004-r1,-1.9807,0.08333333333333333,24
cn_neutral,de,p2s-007-r1,-1.9793,0.25,24
cn_neutral,de,p2s-010-r1,-2.031,0.041666666666666664,24
cn_neutral,de,p2s-013-r1,-2.0412,0.08333333333333333,24
cn_neutral,de,p2s-016-r1,-2.0472,0.041666666666666664,24
cn_neutral,de,p2s-019-r1,-2.0205,0.0,24
cn_neutral,de,p2s-022-r1,-2.0022,0.0,24
cn_neutral,de,p2s-025-r1,-2.0079,0.08333333333333333,24
cn_neutral,de,p2s-028-r1,-2.0202,0.041666666666666664,24
cn_neutral,de,p2s-031-r1,-1.9663,-0.041666666666666664,24
cn_neutral,de,p2s-034-r1,-1.9417,0.0,24
cn_neutral,de,p2s-037-r1,-2.0405,0.16666666666666666,24
cn_neutral,de,p2s-040-r1,-1.9544,0.041666666666666664,24
cn_neutral,de,p2s-043-r1,-2.023,0.125,24
cn_neutral,de,p2s-046-r1,-1.9417,0.08333333333333333,24
cn_neutral,de,p2s-049-r1,-1.9931,0.08333333333333333,24
cn_neutral,de,p2s-052-r1,-2.0283,-0.041666666666666664,24
cn_neutral,de,p2s-055-r1,-1.9555,0.041666666666666664,24
cn_neutral,de,p2s-058-r1,-1.9472,0.041666666666666664,24
cn_neutral,de,p2s-061-r1,-1.9393,-0.16666666666666666,24
cn_neutral,de,p2s-064-r1,-1.9963,0.08333333333333333,24
cn_neutral,de,p2s-067-r1,-2.0202,0.08333333333333333,24
cn_neutral,de,p2s-070-r1,-2.023,0.0,24
cn_neutral,de,p2s-073-r1,-2.0079,0.125,24
cn_neutral,de,p2s-076-r1,-1.9472,-0.20833333333333334,24
cn_neutral,de,p2s-079-r1,-2.0022,-0.041666666666666664,24
cn_neutral,de,p2s-082-r1,-1.9793,-0.16666666666666666,24
cn_neutral,de,p2s-085-r1,-2.0405,0.125,24
cn_neutral,de,p2s-088-r1,-1.9931,0.08333333333333333,24
cn_neutral,de,p2s-091-r1,-1.9417,0.20833333333333334,24
cn_neutral,de,p2s-094-r1,-1.9555,0.0,24
cn_neutral,de,p2s-097-r1,-1.9663,-0.041666666666666664,24
cn_neutral,de,p2s-100-r1,-1.9807,-0.041666666666666664,24
cn_neutral,de,p2s-103-r1,-2.0472,0.041666666666666664,24
cn_neutral,de,p2s-106-r1,-2.0205,0.08333333333333333,24
cn_neutral,de,p2s-109-r1,-2.0283,0.0,24
cn_neutral,de,p2s-112-r1,-1.9417,0.08333333333333333,24
cn_neutral,de,p2s-115-r1,-1.9544,-0.25,24
cn_neutral,de,p2s-118-r1,-2.031,-0.125,24
cn_neutral,de,p2s-121-r1,-1.9393,0.08333333333333333,24
cn_neutral,de,p2s-124-r1,-2.0412,0.041666666666666664,24
cn_neutral,de,p2s-127-r1,-2.0022,0.0,24
cn_neutral,de,p2s-130-r1,-1.9963,0.041666666666666664,24
cn_neutral,de,p2s-133-r1,-1.9793,-0.041666666666666664,24
cn_neutral,de,p2s-136-r1,-2.0405,-0.08333333333333333,24
cn_neutral,de,p2s-139-r1,-2.023,0.0,24
cn_neutral,de,p2s-142-r1,-1.9555,-0.041666666666666664,24
cn_neutral,de,p2s-145-r1,-2.0205,0.25,24
cn_neutral,de,p2s-148-r1,-2.031,0.0,24
cn_neutral,de,p2s-151-r1,-2.0412,0.0,24
cn_neutral,de,p2s-154-r1,-1.9393,0.0,24
cn_neutral,de,p2s-157-r1,-1.9544,-0.125,24
cn_neutral,de,p2s-160-r1,-1.9931,-0.041666666666666664,24
cn_neutral,de,p2s-163-r1,-2.0079,0.0,24
cn_neutral,de,p2s-166-r1,-1.9807,0.125,24
cn_neutral,de,p2s-169-r1,-1.9417,0.08333333333333333,24
cn_neutral,de,p2s-172-r1,-1.9417,-0.041666666666666664,24
cn_neutral,de,p2s-175-r1,-2.0283,0.0,24
cn_neutral,de,p2s-178-r1,-1.9472,-0.041666666666666664,24
cn_neutral,de,p2s-181-r1,-1.9663,-0.125,24
cn_neutral,de,p2s-184-r1,-2.0472,0.041666666666666664,24
cn_neutral,de,p2s-187-r1,-2.0202,0.125,24
cn_neutral,de,p2s-190-r1,-1.9417,0.08333333333333333,24
cn_neutral,de,p2s-193-r1,-2.0022,0.08333333333333333,24
cn_neutral,de,p2s-196-r1,-1.9793,0.041666666666666664,24
cn_neutral,de,p2s-199-r1,-2.0472,0.0,24
cn_neutral,de,p2s-202-r1,-1.9963,0.0,24
cn_neutral,de,p2s-205-r1,-2.0202,0.041666666666666664,24
cn_neutral,de,p2s-208-r1,-2.023,0.0,24
cn_neutral,de,p2s-211-r1,-2.0079,-0.125,24
cn_neutral,de,p2s-214-r1,-2.0412,-0.16666666666666666,24
cn_neutral,de,p2s-217-r1,-1.9472,-0.125,24
cn_neutral,de,p2s-220-r1,-1.9544,-0.041666666666666664,24
cn_neutral,de,p2s-223-r1,-1.9393,0.0,24
cn_neutral,de,p2s-226-r1,-2.031,0.041666666666666664,24
cn_neutral,de,p2s-229-r1,-2.0205,-0.20833333333333334,24
cn_neutral,de,p2s-232-r1,-2.0405,0.041666666666666664,24
cn_neutral,de,p2s-235-r1,-2.0283,0.16666666666666666,24
cn_neutral,de,p2s-238-r1,-1.9807,-0.041666666666666664,24
cn_neutral,de,p2s-241-r1,-1.9931,0.0,24
cn_neutral,de,p2s-244-r1,-1.9417,0.0,24
cn_neutral,de,p2s-247-r1,-1.9555,0.0,24
cn_neutral,de,p2s-250-r1,-1.9663,0.125,24
cn_neutral,de,p2s-253-r1,-1.9963,0.041666666666666664,24
cn_neutral,de,p2s-256-r1,-2.023,-0.041666666666666664,24
cn_neutral,de,p2s-259-r1,-1.9931,0.041666666666666664,24
cn_neutral,de,p2s-262-r1,-1.9793,0.043478260869565216,23
cn_neutral,de,p2s-265-r1,-1.9663,-0.041666666666666664,24
cn_neutral,de,p2s-268-r1,-1.9417,-0.08333333333333333,24
cn_neutral,de,p2s-271-r1,-2.0412,0.0,24
cn_neutral,de,p2s-274-r1,-1.9555,-0.16666666666666666,24
cn_neutral,de,p2s-277-r1,-1.9807,-0.08333333333333333,24
cn_neutral,de,p2s-280-r1,-2.0202,0.0,24
cn_neutral,de,p2s-283-r1,-2.0405,0.041666666666666664,24
cn_neutral,de,p2s-286-r1,-2.0472,0.16666666666666666,24
cn_neutral,de,p2s-289-r1,-1.9417,0.125,24
cn_neutral,de,p2s-292-r1,-1.9472,0.08333333333333333,24
cn_neutral,de,p2s-295-r1,-2.0022,0.16666666666666666,24
cn_neutral,de,p2s-298-r1,-1.9393,0.08333333333333333,24
cn_neutral,de,p2s-301-r1,-2.0283,0.041666666666666664,24
cn_neutral,de,p2s-304-r1,-2.0079,0.0,24
cn_neutral,de,p2s-307-r1,-1.9544,0.041666666666666664,24
cn_neutral,de,p2s-310-r1,-2.031,-0.041666666666666664,24
cn_neutral,de,p2s-313-r1,-2.0205,0.041666666666666664,24
cn_neutral,de,p2s-316-r1,-2.0283,-0.08695652173913043,23
cn_neutral,de,p2s-319-r1,-2.0405,0.041666666666666664,24
cn_neutral,de,p2s-322-r1,-1.9931,0.041666666666666664,24
cn_neutral,de,p2s-325-r1,-1.9807,0.041666666666666664,24
cn_neutral,de,p2s-328-r1,-2.0022,0.0,24
cn_neutral,de,p2s-331-r1,-2.0202,-0.125,24
cn_neutral,de,p2s-334-r1,-1.9555,0.16666666666666666,24
cn_neutral,de,p2s-337-r1,-1.9472,0.0,24
cn_neutral,de,p2s-340-r1,-1.9963,0.25,24
cn_neutral,de,p2s-343-r1,-2.0205,0.08333333333333333,24
cn_neutral,de,p2s-346-r1,-1.9663,-0.041666666666666664,24
cn_neutral,de,p2s-349-r1,-2.0079,0.08333333333333333,24
cn_neutral,de,p2s-352-r1,-1.9393,-0.08333333333333333,24
cn_neutral,de,p2s-355-r1,-1.9793,0.041666666666666664,24
cn_neutral,de,p2s-358-r1,-2.0472,0.08333333333333333,24
cn_neutral,de,p2s-361-r1,-2.023,0.0,24
cn_neutral,de,p2s-364-r1,-1.9544,-0.041666666666666664,24
cn_neutral,de,p2s-367-r1,-1.9417,0.125,24
cn_neutral,de,p2s-370-r1,-2.031,-0.041666666666666664,24
cn_neutral,de,p2s-373-r1,-2.0412,0.08333333333333333,24
cn_neutral,de,p2s-376-r1,-1.9417,-0.041666666666666664,24
cn_neutral,de,p2s-379-r1,-1.9793,0.041666666666666664,24
cn_neutral,de,p2s-382-r1,-2.031,0.041666666666666664,24
cn_neutral,de,p2s-385-r1,-1.9393,0.0,24
cn_neutral,de,p2s-388-r1,-1.9555,0.041666666666666664,24
cn_neutral,de,p2s-391-r1,-2.0412,0.0,24
cn_neutral,de,p2s-394-r1,-2.0202,-0.16666666666666666,24
cn_neutral,de,p2s-397-r1,-1.9544,0.041666666666666664,24
cn_neutral,de,p2s-400-r1,-2.0079,-0.08333333333333333,24
cn_neutral,de,p2s-403-r1,-1.9807,-0.125,24
cn_neutral,de,p2s-406-r1,-2.0283,0.16666666666666666,24
cn_neutral,de,p2s-409-r1,-2.023,0.08333333333333333,24
cn_neutral,de,p2s-412-r1,-2.0405,-0.041666666666666664,24
cn_neutral,de,p2s-415-r1,-2.0022,0.041666666666666664,24
cn_neutral,de,p2s-418-r1,-1.9663,0.08333333333333333,24
cn_neutral,de,p2s-421-r1,-1.9931,0.08333333333333333,24
cn_neutral,de,p2s-424-r1,-1.9963,0.0,24
cn_neutral,de,p2s-427-r1,-2.0205,0.25,24
cn_neutral,de,p2s-430-r1,-1.9417,0.041666666666666664,24
cn_neutral,de,p2s-433-r1,-2.0472,-0.041666666666666664,24
cn_neutral,de,p2s-436-r1,-1.9472,0.20833333333333334,24
cn_neutral,de,p2s-439-r1,-1.9417,-0.125,24
cn_neutral,de,p2s-442-r1,-2.031,0.0,24
cn_neutral,de,p2s-445-r1,-2.0079,0.0,24
cn_neutral,de,p2s-448-r1,-2.0022,0.0,24
cn_neutral,de,p2s-451-r1,-2.0412,-0.125,24
cn_neutral,de,p2s-454-r1,-1.9793,-0.041666666666666664,24
cn_neutral,de,p2s-457-r1,-2.023,0.041666666666666664,24
cn_neutral,de,p2s-460-r1,-1.9663,0.08333333333333333,24
cn_neutral,de,p2s-463-r1,-1.9963,0.0,24
cn_neutral,de,p2s-466-r1,-1.9931,-0.041666666666666664,24
cn_neutral,de,p2s-469-r1,-1.9807,-0.2916666666666667,24
cn_neutral,de,p2s-472-r1,-2.0202,0.125,24
cn_neutral,de,p2s-475-r1,-2.0283,0.08333333333333333,24
cn_neutral,de,p2s-478-r1,-2.0405,-0.125,24
cn_neutral,de,p2s-481-r1,-1.9544,-0.041666666666666664,24
cn_neutral,de,p2s-484-r1,-1.9472,-0.041666666666666664,24
cn_neutral,de,p2s-487-r1,-2.0205,0.25,24
cn_neutral,de,p2s-490-r1,-2.0472,0.125,24
cn_neutral,de,p2s-493-r1,-1.9393,0.0,24
cn_neutral,de,p2s-496-r1,-1.9555,0.0,24
cn_neutral,de,p2s-499-r1,-1.9417,0.0,24
cn_neutral,de,p2s-502-r1,-1.9417,0.08333333333333333,24
cn_neutral,de,p2s-505-r1,-1.9963,-0.125,24
cn_neutral,de,p2s-508-r1,-2.0022,0.041666666666666664,24
cn_neutral,de,p2s-511-r1,-2.031,-0.041666666666666664,24
cn_neutral,de,p2s-514-r1,-1.9931,0.125,24
cn_neutral,de,p2s-517-r1,-2.0283,-0.08333333333333333,24
cn_neutral,de,p2s-520-r1,-2.0079,-0.125,24
cn_neutral,de,p2s-523-r1,-2.0405,-0.041666666666666664,24
cn_neutral,de,p2s-526-r1,-2.0202,-0.041666666666666664,24
cn_neutral,de,p2s-529-r1,-2.0472,0.0,24
cn_neutral,de,p2s-532-r1,-1.9807,0.125,24
cn_neutral,de,p2s-535-r1,-1.9393,0.125,24
cn_neutral,de,p2s-538-r1,-2.0412,0.16666666666666666,24
cn_neutral,de,p2s-541-r1,-2.023,-0.08333333333333333,24
cn_neutral,de,p2s-544-r1,-1.9417,0.0,24
cn_neutral,de,p2s-547-r1,-1.9793,-0.16666666666666666,24
cn_neutral,de,p2s-550-r1,-1.9417,0.0,24
cn_neutral,de,p2s-553-r1,-1.9472,0.0,24
cn_neutral,de,p2s-556-r1,-2.0205,0.125,24
cn_neutral,de,p2s-559-r1,-1.9555,0.041666666666666664,24
cn_neutral,de,p2s-562-r1,-1.9663,0.08333333333333333,24
cn_neutral,de,p2s-565-r1,-1.9544,0.041666666666666664,24
cn_neutral,de,p2s-568-r1,-2.0205,0.041666666666666664,24
cn_neutral,de,p2s-571-r1,-1.9931,-0.125,24
cn_neutral,de,p2s-574-r1,-1.9544,-0.16666666666666666,24
cn_neutral,pg,p2s-002-r1,-1.9931,0.125,24
cn_neutral,pg,p2s-005-r1,-2.0202,0.125,24
cn_neutral,pg,p2s-008-r1,-2.023,-0.08333333333333333,24
cn_neutral,pg,p2s-011-r1,-1.9663,0.041666666666666664,24
cn_neutral,pg,p2s-014-r1,-1.9555,-0.041666666666666664,24
cn_neutral,pg,p2s-017-r1,-1.9472,-0.041666666666666664,24
cn_neutral,pg,p2s-020-r1,-2.0283,0.0,24
cn_neutral,pg,p2s-023-r1,-2.031,0.0,24
cn_neutral,pg,p2s-026-r1,-2.0405,0.125,24
cn_neutral,pg,p2s-029-r1,-2.0412,0.041666666666666664,24
cn_neutral,pg,p2s-032-r1,-1.9544,0.041666666666666664,24
cn_neutral,pg,p2s-035-r1,-1.9417,0.0,24
cn_neutral,pg,p2s-038-r1,-2.0079,0.0,24
cn_neutral,pg,p2s-041-r1,-2.0022,0.043478260869565216,23
cn_neutral,pg,p2s-044-r1,-1.9417,0.0,24
cn_neutral,pg,p2s-047-r1,-1.9393,-0.20833333333333334,24
cn_neutral,pg,p2s-050-r1,-2.0205,0.125,24
cn_neutral,pg,p2s-053-r1,-1.9793,-0.125,24
cn_neutral,pg,p2s-056-r1,-1.9807,0.041666666666666664,24
cn_neutral,pg,p2s-059-r1,-2.0472,0.041666666666666664,24
cn_neutral,pg,p2s-062-r1,-1.9963,0.0,24
cn_neutral,pg,p2s-065-r1,-1.9931,-0.08333333333333333,24
cn_neutral,pg,p2s-068-r1,-1.9793,-0.125,24
cn_neutral,pg,p2s-071-r1,-2.031,0.0,24
cn_neutral,pg,p2s-074-r1,-2.0205,0.0,24
cn_neutral,pg,p2s-077-r1,-1.9417,0.16666666666666666,24
cn_neutral,pg,p2s-080-r1,-1.9963,0.0,24
cn_neutral,pg,p2s-083-r1,-2.0283,0.25,24
cn_neutral,pg,p2s-086-r1,-1.9417,0.0,24
cn_neutral,pg,p2s-089-r1,-1.9663,0.20833333333333334,24
cn_neutral,pg,p2s-092-r1,-1.9472,-0.041666666666666664,24
cn_neutral,pg,p2s-095-r1,-2.0405,0.20833333333333334,24
cn_neutral,pg,p2s-098-r1,-2.0202,0.041666666666666664,24
cn_neutral,pg,p2s-101-r1,-1.9393,0.0,24
cn_neutral,pg,p2s-104-r1,-2.0079,0.0,24
cn_neutral,pg,p2s-107-r1,-2.0022,0.041666666666666664,24
cn_neutral,pg,p2s-110-r1,-2.0412,0.0,24
cn_neutral,pg,p2s-113-r1,-2.023,0.041666666666666664,24
cn_neutral,pg,p2s-116-r1,-1.9807,-0.041666666666666664,24
cn_neutral,pg,p2s-119-r1,-1.9555,0.08333333333333333,24
cn_neutral,pg,p2s-122-r1,-2.0472,0.041666666666666664,24
cn_neutral,pg,p2s-125-r1,-1.9544,0.0,24
cn_neutral,pg,p2s-128-r1,-2.0079,0.0,24
cn_neutral,pg,p2s-131-r1,-2.031,0.041666666666666664,24
cn_neutral,pg,p2s-134-r1,-2.0283,0.0,24
cn_neutral,pg,p2s-137-r1,-1.9807,-0.16666666666666666,24
cn_neutral,pg,p2s-140-r1,-1.9663,0.041666666666666664,24
cn_neutral,pg,p2s-143-r1,-2.0472,0.125,24
cn_neutral,pg,p2s-146-r1,-1.9793,0.0,24
cn_neutral,pg,p2s-149-r1,-1.9417,0.0,24
cn_neutral,pg,p2s-152-r1,-1.9417,-0.041666666666666664,24
cn_neutral,pg,p2s-155-r1,-2.0022,0.08333333333333333,24
cn_neutral,pg,p2s-158-r1,-1.9393,0.041666666666666664,24
cn_neutral,pg,p2s-161-r1,-2.0412,0.125,24
cn_neutral,pg,p2s-164-r1,-2.0202,0.08333333333333333,24
cn_neutral,pg,p2s-167-r1,-1.9472,0.08333333333333333,24
cn_neutral,pg,p2s-170-r1,-1.9544,0.125,24
cn_neutral,pg,p2s-173-r1,-1.9963,0.0,24
cn_neutral,pg,p2s-176-r1,-2.023,0.0,24
cn_neutral,pg,p2s-179-r1,-2.0205,0.041666666666666664,24
cn_neutral,pg,p2s-182-r1,-1.9931,-0.041666666666666664,24
cn_neutral,pg,p2s-185-r1,-2.0405,0.041666666666666664,24
cn_neutral,pg,p2s-188-r1,-1.9555,0.125,24
cn_neutral,pg,p2s-191-r1,-1.9963,0.125,24
cn_neutral,pg,p2s-194-r1,-1.9807,0.041666666666666664,24
cn_neutral,pg,p2s-197-r1,-2.0405,0.0,24
cn_neutral,pg,p2s-200-r1,-1.9472,0.041666666666666664,24
cn_neutral,pg,p2s-203-r1,-1.9931,0.041666666666666664,24
cn_neutral,pg,p2s-206-r1,-1.9793,0.0,24
cn_neutral,pg,p2s-209-r1,-1.9663,-0.041666666666666664,24
cn_neutral,pg,p2s-212-r1,-2.0283,-0.041666666666666664,24
cn_neutral,pg,p2s-215-r1,-1.9555,0.08333333333333333,24
cn_neutral,pg,p2s-218-r1,-2.0472,-0.20833333333333334,24
cn_neutral,pg,p2s-221-r1,-1.9417,0.0,24
cn_neutral,pg,p2s-224-r1,-2.0022,0.0,24
cn_neutral,pg,p2s-227-r1,-2.0079,0.041666666666666664,24
cn_neutral,pg,p2s-230-r1,-1.9417,0.0,24
cn_neutral,pg,p2s-233-r1,-2.0202,0.0,24
cn_neutral,pg,p2s-236-r1,-1.9393,0.125,24
cn_neutral,pg,p2s-239-r1,-2.0412,0.0,24
cn_neutral,pg,p2s-242-r1,-2.031,-0.041666666666666664,24
cn_neutral,pg,p2s-245-r1,-1.9544,-0.041666666666666664,24
cn_neutral,pg,p2s-248-r1,-2.0205,0.08333333333333333,24
cn_neutral,pg,p2s-251-r1,-2.023,0.08333333333333333,24
cn_neutral,pg,p2s-254-r1,-2.0205,0.125,24
cn_neutral,pg,p2s-257-r1,-2.0283,0.0,24
cn_neutral,pg,p2s-260-r1,-1.9963,0.16666666666666666,24
cn_neutral,pg,p2s-263-r1,-2.031,0.041666666666666664,24
cn_neutral,pg,p2s-266-r1,-2.0405,0.125,24
cn_neutral,pg,p2s-269-r1,-2.0022,0.08333333333333333,24
cn_neutral,pg,p2s-272-r1,-2.0472,0.25,24
cn_neutral,pg,p2s-275-r1,-1.9931,-0.041666666666666664,24
cn_neutral,pg,p2s-278-r1,-1.9544,0.0,23
cn_neutral,pg,p2s-281-r1,-1.9793,-0.041666666666666664,24
cn_neutral,pg,p2s-284-r1,-2.0412,0.041666666666666664,24
cn_neutral,pg,p2s-287-r1,-1.9555,-0.041666666666666664,24
cn_neutral,pg,p2s-290-r1,-2.0079,0.125,24
cn_neutral,pg,p2s-293-r1,-1.9807,0.0,24
cn_neutral,pg,p2s-296-r1,-1.9663,0.0,24
cn_neutral,pg,p2s-299-r1,-2.023,0.125,24
cn_neutral,pg,p2s-302-r1,-1.9393,-0.125,24
cn_neutral,pg,p2s-305-r1,-2.0202,-0.041666666666666664,24
cn_neutral,pg,p2s-308-r1,-1.9417,0.0,24
cn_neutral,pg,p2s-311-r1,-1.9472,0.08333333333333333,24
cn_neutral,pg,p2s-314-r1,-1.9417,0.08333333333333333,24
cn_neutral,pg,p2s-317-r1,-1.9663,-0.16666666666666666,24
cn_neutral,pg,p2s-320-r1,-2.0412,0.041666666666666664,24
cn_neutral,pg,p2s-323-r1,-2.0205,0.0,24
cn_neutral,pg,p2s-326-r1,-2.0202,0.0,24
cn_neutral,pg,p2s-329-r1,-1.9793,0.041666666666666664,24
cn_neutral,pg,p2s-332-r1,-2.023,0.125,24
cn_neutral,pg,p2s-335-r1,-1.9544,0.041666666666666664,24
cn_neutral,pg,p2s-338-r1,-2.0022,0.0,24
cn_neutral,pg,p2s-341-r1,-2.0079,-0.041666666666666664,24
cn_neutral,pg,p2s-344-r1,-1.9555,0.041666666666666664,24
cn_neutral,pg,p2s-347-r1,-2.0283,0.041666666666666664,24
cn_neutral,pg,p2s-350-r1,-1.9963,0.125,24
cn_neutral,pg,p2s-353-r1,-1.9807,0.0,24
cn_neutral,pg,p2s-356-r1,-2.0405,0.041666666666666664,24
cn_neutral,pg,p2s-359-r1,-1.9472,0.08333333333333333,24
cn_neutral,pg,p2s-362-r1,-2.0472,-0.041666666666666664,24
cn_neutral,pg,p2s-365-r1,-1.9417,0.041666666666666664,24
cn_neutral,pg,p2s-368-r1,-1.9931,0.16666666666666666,24
cn_neutral,pg,p2s-371-r1,-1.9393,0.0,24
cn_neutral,pg,p2s-374-r1,-1.9417,0.08333333333333333,24
cn_neutral,pg,p2s-377-r1,-2.031,-0.08333333333333333,24
cn_neutral,pg,p2s-380-r1,-2.023,0.0,24
cn_neutral,pg,p2s-383-r1,-1.9663,0.125,24
cn_neutral,pg,p2s-386-r1,-2.0022,0.041666666666666664,24
cn_neutral,pg,p2s-389-r1,-1.9963,0.041666666666666664,24
cn_neutral,pg,p2s-392-r1,-1.9472,0.0,24
cn_neutral,pg,p2s-395-r1,-1.9793,0.041666666666666664,24
cn_neutral,pg,p2s-398-r1,-2.0472,0.08333333333333333,24
cn_neutral,pg,p2s-401-r1,-2.0405,0.16666666666666666,24
cn_neutral,pg,p2s-404-r1,-1.9931,-0.08333333333333333,24
cn_neutral,pg,p2s-407-r1,-2.0205,0.041666666666666664,24
cn_neutral,pg,p2s-410-r1,-2.0079,0.0,24
cn_neutral,pg,p2s-413-r1,-1.9807,0.16666666666666666,24
cn_neutral,pg,p2s-416-r1,-2.0283,-0.125,24
cn_neutral,pg,p2s-419-r1,-2.031,0.0,24
cn_neutral,pg,p2s-422-r1,-1.9544,0.0,24
cn_neutral,pg,p2s-425-r1,-2.0202,0.0,24
cn_neutral,pg,p2s-428-r1,-2.0412,0.041666666666666664,24
cn_neutral,pg,p2s-431-r1,-1.9417,0.20833333333333334,24
cn_neutral,pg,p2s-434-r1,-1.9555,0.041666666666666664,24
cn_neutral,pg,p2s-437-r1,-1.9393,0.08333333333333333,24
cn_neutral,pg,p2s-440-r1,-1.9417,0.0,24
cn_neutral,pg,p2s-443-r1,-2.0405,0.0,24
cn_neutral,pg,p2s-446-r1,-2.0205,0.041666666666666664,24
cn_neutral,pg,p2s-449-r1,-1.9931,0.041666666666666664,24
cn_neutral,pg,p2s-452-r1,-1.9555,-0.08333333333333333,24
cn_neutral,pg,p2s-455-r1,-2.0079,-0.041666666666666664,24
cn_neutral,pg,p2s-458-r1,-2.0472,-0.041666666666666664,24
cn_neutral,pg,p2s-461-r1,-1.9472,0.041666666666666664,24
cn_neutral,pg,p2s-464-r1,-1.9807,0.041666666666666664,24
cn_neutral,pg,p2s-467-r1,-2.031,0.16666666666666666,24
cn_neutral,pg,p2s-470-r1,-1.9963,-0.16666666666666666,24
cn_neutral,pg,p2s-473-r1,-1.9663,0.041666666666666664,24
cn_neutral,pg,p2s-476-r1,-2.0022,0.0,24
cn_neutral,pg,p2s-479-r1,-2.023,-0.08333333333333333,24
cn_neutral,pg,p2s-482-r1,-1.9793,0.041666666666666664,24
cn_neutral,pg,p2s-485-r1,-1.9417,0.041666666666666664,24
cn_neutral,pg,p2s-488-r1,-2.0202,-0.041666666666666664,24
cn_neutral,pg,p2s-491-r1,-2.0283,0.0,24
cn_neutral,pg,p2s-494-r1,-1.9417,-0.08333333333333333,24
cn_neutral,pg,p2s-497-r1,-1.9544,0.16666666666666666,24
cn_neutral,pg,p2s-500-r1,-2.0412,0.041666666666666664,24
cn_neutral,pg,p2s-503-r1,-1.9393,0.08333333333333333,24
cn_neutral,pg,p2s-506-r1,-1.9931,0.0,24
cn_neutral,pg,p2s-509-r1,-2.0202,0.0,24
cn_neutral,pg,p2s-512-r1,-2.0205,0.08333333333333333,24
cn_neutral,pg,p2s-515-r1,-1.9807,0.041666666666666664,24
cn_neutral,pg,p2s-518-r1,-1.9555,0.125,24
cn_neutral,pg,p2s-521-r1,-1.9963,0.041666666666666664,24
cn_neutral,pg,p2s-524-r1,-2.0412,-0.08333333333333333,24
cn_neutral,pg,p2s-527-r1,-2.0079,-0.041666666666666664,24
cn_neutral,pg,p2s-530-r1,-1.9417,0.0,24
cn_neutral,pg,p2s-533-r1,-1.9793,0.125,24
cn_neutral,pg,p2s-536-r1,-2.0022,0.125,24
cn_neutral,pg,p2s-539-r1,-2.031,-0.041666666666666664,24
cn_neutral,pg,p2s-542-r1,-1.9663,0.041666666666666664,24
cn_neutral,pg,p2s-545-r1,-2.0283,0.041666666666666664,24
cn_neutral,pg,p2s-548-r1,-2.0405,-0.041666666666666664,24
cn_neutral,pg,p2s-551-r1,-1.9417,0.08333333333333333,24
cn_neutral,pg,p2s-554-r1,-2.023,-0.041666666666666664,24
cn_neutral,pg,p2s-557-r1,-1.9544,0.0,24
cn_neutral,pg,p2s-560-r1,-2.0472,-0.041666666666666664,24
cn_neutral,pg,p2s-563-r1,-1.9472,0.08333333333333333,24
cn_neutral,pg,p2s-566-r1,-1.9393,0.041666666666666664,24
cn_neutral,pg,p2s-569-r1,-1.9393,0.0,24
cn_neutral,pg,p2s-572-r1,-1.9807,0.0,24
cn_neutral,pg,p2s-575-r1,-2.0079,-0.125,24
cn_neutral,control,p2s-576-r1,-2.0022,0.0,24
cn_neutral,control,p2s-577-r1,-1.9963,0.08333333333333333,24
cn_neutral,control,p2s-578-r1,-1.9931,-0.041666666666666664,24
cn_neutral,control,p2s-579-r1,-2.0079,-0.08333333333333333,24
cn_neutral,control,p2s-580-r1,-1.9807,0.041666666666666664,24
cn_neutral,control,p2s-581-r1,-2.0202,0.08333333333333333,24
cn_neutral,control,p2s-582-r1,-2.0205,0.08695652173913043,23
cn_neutral,control,p2s-583-r1,-1.9793,-0.20833333333333334,24
cn_neutral,control,p2s-584-r1,-2.023,-0.125,24
cn_neutral,control,p2s-585-r1,-2.0283,0.041666666666666664,24
cn_neutral,control,p2s-586-r1,-2.031,-0.041666666666666664,24
cn_neutral,control,p2s-587-r1,-1.9663,-0.041666666666666664,24
cn_neutral,control,p2s-588-r1,-2.0405,-0.041666666666666664,24
cn_neutral,control,p2s-589-r1,-2.0412,-0.25,24
cn_neutral,control,p2s-590-r1,-1.9555,0.041666666666666664,24
cn_neutral,control,p2s-591-r1,-1.9544,-0.25,24
cn_neutral,control,p2s-592-r1,-2.0472,-0.125,24
cn_neutral,control,p2s-593-r1,-1.9472,-0.16666666666666666,24
cn_neutral,control,p2s-594-r1,-1.9417,0.0,24
cn_neutral,control,p2s-595-r1,-1.9417,0.041666666666666664,24
cn_neutral,control,p2s-596-r1,-1.9393,-0.125,24
cn_neutral,control,p2s-597-r1,-2.0022,0.0,24
cn_neutral,control,p2s-598-r1,-1.9963,-0.08333333333333333,24
cn_neutral,control,p2s-599-r1,-1.9931,0.0,24
cn_neutral,control,p2s-600-r1,-1.9807,0.041666666666666664,24
cn_neutral,control,p2s-601-r1,-2.0079,-0.041666666666666664,24
cn_neutral,control,p2s-602-r1,-1.9793,-0.16666666666666666,24
cn_neutral,control,p2s-603-r1,-2.0202,0.0,24
cn_neutral,control,p2s-604-r1,-2.0205,0.0,24
cn_neutral,control,p2s-605-r1,-2.0283,0.0,24
cn_neutral,control,p2s-606-r1,-2.023,0.041666666666666664,24
cn_neutral,control,p2s-607-r1,-1.9663,0.08333333333333333,24
cn_neutral,control,p2s-608-r1,-2.031,0.041666666666666664,24
cn_neutral,control,p2s-609-r1,-2.0405,-0.041666666666666664,24
cn_neutral,control,p2s-610-r1,-1.9555,-0.041666666666666664,24
cn_neutral,control,p2s-611-r1,-2.0412,0.041666666666666664,24
cn_neutral,control,p2s-612-r1,-2.0472,0.0,24
cn_neutral,control,p2s-613-r1,-1.9544,-0.041666666666666664,24
cn_neutral,control,p2s-614-r1,-1.9417,0.08333333333333333,24
cn_neutral,control,p2s-615-r1,-1.9472,0.20833333333333334,24
cn_neutral,control,p2s-616-r1,-1.9417,0.041666666666666664,24
cn_neutral,control,p2s-617-r1,-1.9393,-0.041666666666666664,24
cn_neutral,control,p2s-618-r1,-2.0205,0.0,24
cn_neutral,control,p2s-619-r1,-1.9931,0.0,24
cn_neutral,control,p2s-620-r1,-1.9963,0.0,24
cn_neutral,control,p2s-621-r1,-2.0022,0.0,24
cn_neutral,control,p2s-622-r1,-2.0079,0.0,24
cn_neutral,control,p2s-623-r1,-2.0202,0.0,24
cn_neutral,control,p2s-624-r1,-1.9793,0.0,24
cn_neutral,control,p2s-625-r1,-2.0283,-0.041666666666666664,24
cn_neutral,control,p2s-626-r1,-2.023,-0.041666666666666664,24
cn_neutral,control,p2s-627-r1,-2.0405,0.041666666666666664,24
cn_neutral,control,p2s-628-r1,-2.0472,0.0,24
cn_neutral,control,p2s-629-r1,-2.031,0.16666666666666666,24
cn_neutral,control,p2s-630-r1,-2.0412,0.041666666666666664,24
cn_neutral,control,p2s-631-r1,-1.9417,0.041666666666666664,24
cn_neutral,control,p2s-632-r1,-1.9663,0.125,24
cn_neutral,control,p2s-633-r1,-1.9472,0.041666666666666664,24
cn_neutral,control,p2s-634-r1,-1.9555,0.0,24
cn_neutral,control,p2s-635-r1,-1.9417,0.0,24
cn_neutral,control,p2s-636-r1,-1.9544,0.0,24
cn_neutral,control,p2s-637-r1,-1.9393,0.0,24
cn_neutral,control,p2s-638-r1,-2.0205,0.0,24
cn_neutral,control,p2s-639-r1,-1.9807,0.125,24
cn_neutral,control,p2s-640-r1,-2.0022,-0.041666666666666664,24
cn_neutral,control,p2s-641-r1,-1.9963,-0.08333333333333333,24
cn_neutral,control,p2s-642-r1,-1.9931,-0.125,24
cn_neutral,control,p2s-643-r1,-1.9807,0.041666666666666664,24
cn_neutral,control,p2s-644-r1,-2.0079,0.0,24
cn_neutral,control,p2s-645-r1,-2.0202,0.0,24
cn_neutral,control,p2s-646-r1,-1.9555,0.0,24
cn_neutral,control,p2s-647-r1,-2.0405,-0.041666666666666664,24
cn_neutral,control,p2s-648-r1,-1.9544,-0.125,24
cn_neutral,control,p2s-649-r1,-2.0412,-0.08333333333333333,24
cn_neutral,control,p2s-650-r1,-2.0472,-0.125,24
cn_neutral,control,p2s-651-r1,-1.9417,0.0,24
cn_neutral,control,p2s-652-r1,-1.9393,0.041666666666666664,24
cn_neutral,control,p2s-653-r1,-1.9472,-0.08333333333333333,24
cn_neutral,control,p2s-654-r1,-1.9417,0.041666666666666664,24
cn_neutral,control,p2s-655-r1,-1.9963,0.0,24
cn_neutral,control,p2s-656-r1,-2.0022,0.08333333333333333,24
cn_neutral,control,p2s-657-r1,-1.9793,-0.041666666666666664,24
cn_neutral,control,p2s-658-r1,-2.023,0.0,24
cn_neutral,control,p2s-659-r1,-2.031,0.0,24
cn_neutral,control,p2s-660-r1,-1.9663,-0.125,24
cn_neutral,control,p2s-661-r1,-2.0202,0.08333333333333333,24
cn_neutral,control,p2s-662-r1,-2.0283,-0.041666666666666664,24
cn_neutral,control,p2s-663-r1,-2.0079,0.0,24
cn_neutral,control,p2s-664-r1,-2.0205,0.08333333333333333,24
cn_neutral,control,p2s-665-r1,-1.9931,0.0,24
cn_neutral,control,p2s-666-r1,-1.9807,0.0,24
cn_neutral,control,p2s-667-r1,-1.9793,-0.041666666666666664,24
cn_neutral,control,p2s-668-r1,-1.9417,-0.08333333333333333,24
cn_neutral,control,p2s-669-r1,-2.023,0.0,24
cn_neutral,control,p2s-670-r1,-2.031,-0.125,24
cn_neutral,control,p2s-671-r1,-1.9393,-0.08333333333333333,24
cn_neutral,control,p2s-672-r1,-1.9417,0.0,24
cn_neutral,control,p2s-673-r1,-2.0022,-0.125,24
cn_neutral,control,p2s-674-r1,-1.9963,0.041666666666666664,24
cn_neutral,control,p2s-675-r1,-2.0283,-0.041666666666666664,24
cn_neutral,control,p2s-676-r1,-2.0412,0.0,24
cn_neutral,control,p2s-677-r1,-2.0405,-0.08333333333333333,24
cn_neutral,control,p2s-678-r1,-1.9544,0.041666666666666664,24
cn_neutral,control,p2s-679-r1,-1.9555,0.0,24
cn_neutral,control,p2s-680-r1,-2.0472,0.041666666666666664,24
cn_neutral,control,p2s-681-r1,-1.9472,0.0,24
cn_neutral,control,p2s-682-r1,-1.9663,0.0,24
cn_neutral,control,p2s-683-r1,-2.0079,-0.08333333333333333,24
cn_neutral,control,p2s-684-r1,-2.0283,0.08333333333333333,24
cn_neutral,control,p2s-685-r1,-2.0202,0.0,24
cn_neutral,control,p2s-686-r1,-2.0205,0.08333333333333333,24
cn_neutral,control,p2s-687-r1,-1.9807,0.041666666666666664,24
cn_neutral,control,p2s-688-r1,-1.9793,0.0,24
cn_neutral,control,p2s-689-r1,-2.0412,0.0,24
cn_neutral,control,p2s-690-r1,-2.031,0.08333333333333333,24
cn_neutral,control,p2s-691-r1,-2.023,0.0,24
cn_neutral,control,p2s-692-r1,-2.0405,-0.041666666666666664,24
cn_neutral,control,p2s-693-r1,-1.9472,0.0,24
cn_neutral,control,p2s-694-r1,-1.9555,0.0,24
cn_neutral,control,p2s-695-r1,-1.9417,0.0,24
cn_neutral,control,p2s-696-r1,-1.9393,-0.041666666666666664,24
cn_neutral,control,p2s-697-r1,-1.9931,-0.041666666666666664,24
cn_neutral,control,p2s-698-r1,-2.0022,0.041666666666666664,24
cn_neutral,control,p2s-699-r1,-1.9417,-0.041666666666666664,24
cn_neutral,control,p2s-700-r1,-1.9544,-0.125,24
cn_neutral,control,p2s-701-r1,-2.031,0.041666666666666664,24
cn_neutral,control,p2s-702-r1,-1.9663,0.0,24
cn_neutral,control,p2s-703-r1,-2.023,-0.041666666666666664,24
cn_neutral,control,p2s-704-r1,-1.9555,0.041666666666666664,24
cn_neutral,control,p2s-705-r1,-2.0405,0.08333333333333333,24
cn_neutral,control,p2s-706-r1,-2.0472,0.16666666666666666,24
cn_neutral,control,p2s-707-r1,-1.9963,0.041666666666666664,24
cn_neutral,control,p2s-708-r1,-2.0412,0.0,24
cn_neutral,control,p2s-709-r1,-1.9472,0.16666666666666666,24
cn_neutral,control,p2s-710-r1,-1.9417,0.0,24
cn_neutral,control,p2s-711-r1,-1.9931,-0.25,24
cn_neutral,control,p2s-712-r1,-2.0079,-0.041666666666666664,24
cn_neutral,control,p2s-713-r1,-2.0205,0.125,24
cn_neutral,control,p2s-714-r1,-1.9807,-0.041666666666666664,24
cn_neutral,control,p2s-715-r1,-2.0202,0.041666666666666664,24
cn_neutral,control,p2s-716-r1,-1.9793,0.041666666666666664,24
cn_neutral,control,p2s-717-r1,-1.9393,0.0,24
cn_neutral,control,p2s-718-r1,-2.0022,0.0,24
cn_neutral,control,p2s-719-r1,-2.0283,0.0,24
cn_neutral,control,p2s-720-r1,-1.9544,0.041666666666666664,24
cn_neutral,control,p2s-721-r1,-2.0472,0.08333333333333333,24
cn_neutral,control,p2s-722-r1,-1.9417,0.0,24
cn_neutral,control,p2s-723-r1,-1.9931,-0.041666666666666664,24
cn_neutral,control,p2s-724-r1,-2.0205,0.0,24
cn_neutral,control,p2s-725-r1,-1.9963,0.041666666666666664,24
cn_neutral,control,p2s-726-r1,-2.0079,0.041666666666666664,24
cn_neutral,control,p2s-727-r1,-1.9472,-0.08695652173913043,23
cn_neutral,control,p2s-728-r1,-1.9417,0.0,24
cn_neutral,control,p2s-729-r1,-1.9663,0.0,24
cn_neutral,control,p2s-730-r1,-1.9544,0.041666666666666664,24
cn_neutral,control,p2s-731-r1,-1.9807,0.0,24
cn_neutral,control,p2s-732-r1,-2.031,-0.16666666666666666,24
cn_neutral,control,p2s-733-r1,-2.0412,0.0,24
cn_neutral,control,p2s-734-r1,-2.0202,0.08333333333333333,24
cn_neutral,control,p2s-735-r1,-2.0022,0.0,24
cn_neutral,control,p2s-736-r1,-1.9793,-0.08333333333333333,24
cn_neutral,control,p2s-737-r1,-2.023,0.041666666666666664,24
cn_neutral,control,p2s-738-r1,-2.0283,0.0,24
cn_neutral,control,p2s-739-r1,-1.9663,0.041666666666666664,24
cn_neutral,control,p2s-740-r1,-2.0405,0.0,24
cn_neutral,control,p2s-741-r1,-1.9555,0.08333333333333333,24
cn_neutral,control,p2s-742-r1,-1.9931,-0.041666666666666664,24
cn_neutral,control,p2s-743-r1,-2.0205,0.125,24
cn_neutral,control,p2s-744-r1,-1.9807,-0.041666666666666664,24
cn_neutral,control,p2s-745-r1,-2.0079,0.041666666666666664,24
cn_neutral,control,p2s-746-r1,-1.9963,0.0,24
cn_neutral,control,p2s-747-r1,-1.9417,0.041666666666666664,24
cn_neutral,control,p2s-748-r1,-2.0472,-0.041666666666666664,24
cn_neutral,control,p2s-749-r1,-1.9793,-0.041666666666666664,24
cn_neutral,control,p2s-750-r1,-1.9417,-0.041666666666666664,24
cn_neutral,control,p2s-751-r1,-1.9472,0.0,24
cn_neutral,control,p2s-752-r1,-1.9393,0.0,24
cn_neutral,control,p2s-753-r1,-1.9807,0.0,24
cn_neutral,control,p2s-754-r1,-1.9663,0.0,24
cn_neutral,control,p2s-755-r1,-2.0412,0.0,24
cn_neutral,control,p2s-756-r1,-2.023,-0.041666666666666664,24
cn_neutral,control,p2s-757-r1,-2.031,0.0,24
cn_neutral,control,p2s-758-r1,-1.9544,0.0,24
cn_neutral,control,p2s-759-r1,-1.9417,0.0,24
cn_neutral,control,p2s-760-r1,-2.0283,0.0,24
cn_neutral,control,p2s-761-r1,-2.0405,-0.041666666666666664,24
cn_neutral,control,p2s-762-r1,-2.0472,0.0,24
cn_neutral,control,p2s-763-r1,-1.9555,0.0,24
cn_neutral,control,p2s-764-r1,-1.9793,0.0,24
cn_neutral,control,p2s-765-r1,-1.9393,-0.041666666666666664,24
cn_neutral,control,p2s-766-r1,-2.0202,0.041666666666666664,24
cn_neutral,control,p2s-767-r1,-2.0283,0.0,24
allies,he,p2s-000-r1,1.0685,0.0,24
allies,he,p2s-003-r1,1.7191,0.0,24
allies,he,p2s-006-r1,1.011,0.0,24
allies,he,p2s-009-r1,1.44,0.0,24
allies,he,p2s-012-r1,1.0447,0.041666666666666664,24
allies,he,p2s-015-r1,1.097,0.0,24
allies,he,p2s-018-r1,1.1077,-0.041666666666666664,24
allies,he,p2s-021-r1,1.3439,0.0,24
allies,he,p2s-024-r1,1.3473,0.08333333333333333,24
allies,he,p2s-027-r1,1.5776,0.0,24
allies,he,p2s-030-r1,1.1528999999999998,0.0,24
allies,he,p2s-033-r1,1.9457,0.0,24
allies,he,p2s-036-r1,1.2838,-0.041666666666666664,24
allies,he,p2s-039-r1,1.0404,-0.041666666666666664,24
allies,he,p2s-042-r1,2.0072,0.0,24
allies,he,p2s-045-r1,1.5007000000000001,0.0,24
allies,he,p2s-048-r1,2.4783999999999997,-0.08333333333333333,24
allies,he,p2s-051-r1,1.3151,0.125,24
allies,he,p2s-054-r1,1.3649,0.041666666666666664,24
allies,he,p2s-057-r1,1.2113,-0.041666666666666664,24
allies,he,p2s-060-r1,1.0335999999999999,0.08333333333333333,24
allies,he,p2s-063-r1,1.0685,0.0,24
allies,he,p2s-066-r1,1.7191,-0.20833333333333334,24
allies,he,p2s-069-r1,1.011,0.2916666666666667,24
allies,he,p2s-072-r1,1.3473,-0.08333333333333333,24
allies,he,p2s-075-r1,1.2838,-0.08333333333333333,24
allies,he,p2s-078-r1,1.9457,-0.041666666666666664,24
allies,he,p2s-081-r1,2.0072,-0.041666666666666664,24
allies,he,p2s-084-r1,1.5007000000000001,-0.041666666666666664,24
allies,he,p2s-087-r1,2.4783999999999997,-0.041666666666666664,24
allies,he,p2s-090-r1,1.097,-0.041666666666666664,24
allies,he,p2s-093-r1,1.5776,-0.041666666666666664,24
allies,he,p2s-096-r1,1.44,0.08333333333333333,24
allies,he,p2s-099-r1,1.1528999999999998,0.0,24
allies,he,p2s-102-r1,1.3439,0.08333333333333333,24
allies,he,p2s-105-r1,1.2113,-0.08333333333333333,24
allies,he,p2s-108-r1,1.3151,0.0,24
allies,he,p2s-111-r1,1.3649,0.0,24
allies,he,p2s-114-r1,1.1077,0.0,24
allies,he,p2s-117-r1,1.0447,0.0,24
allies,he,p2s-120-r1,1.0404,0.041666666666666664,24
allies,he,p2s-123-r1,1.0335999999999999,0.0,24
allies,he,p2s-126-r1,1.2113,0.08333333333333333,24
allies,he,p2s-129-r1,1.0335999999999999,0.0,24
allies,he,p2s-132-r1,1.5776,0.0,23
allies,he,p2s-135-r1,1.011,0.0,24
allies,he,p2s-138-r1,1.097,0.0,24
allies,he,p2s-141-r1,1.0404,-0.041666666666666664,24
allies,he,p2s-144-r1,2.0072,0.0,24
allies,he,p2s-147-r1,1.1528999999999998,-0.041666666666666664,24
allies,he,p2s-150-r1,1.3151,0.041666666666666664,24
allies,he,p2s-153-r1,1.2838,0.0,24
allies,he,p2s-156-r1,1.0447,0.0,24
allies,he,p2s-159-r1,1.9457,0.0,24
allies,he,p2s-162-r1,1.3439,0.0,24
allies,he,p2s-165-r1,1.0685,0.0,24
allies,he,p2s-168-r1,1.44,0.0,24
allies,he,p2s-171-r1,1.7191,0.0,24
allies,he,p2s-174-r1,1.1077,0.0,24
allies,he,p2s-177-r1,1.3473,0.0,24
allies,he,p2s-180-r1,1.5007000000000001,0.0,24
allies,he,p2s-183-r1,1.3649,0.0,24
allies,he,p2s-186-r1,2.4783999999999997,-0.08333333333333333,24
allies,he,p2s-189-r1,1.44,-0.041666666666666664,24
allies,he,p2s-192-r1,1.7191,0.0,24
allies,he,p2s-195-r1,2.0072,0.0,24
allies,he,p2s-198-r1,1.5007000000000001,0.0,24
allies,he,p2s-201-r1,1.3649,-0.041666666666666664,24
allies,he,p2s-204-r1,1.011,0.0,24
allies,he,p2s-207-r1,1.3473,0.041666666666666664,24
allies,he,p2s-210-r1,1.0447,0.0,24
allies,he,p2s-213-r1,1.0685,0.041666666666666664,24
allies,he,p2s-216-r1,1.3151,0.08333333333333333,24
allies,he,p2s-219-r1,2.4783999999999997,-0.08333333333333333,24
allies,he,p2s-222-r1,1.5776,0.08333333333333333,24
allies,he,p2s-225-r1,1.0335999999999999,0.0,24
allies,he,p2s-228-r1,1.097,0.0,24
allies,he,p2s-231-r1,1.3439,-0.041666666666666664,24
allies,he,p2s-234-r1,1.1528999999999998,-0.041666666666666664,24
allies,he,p2s-237-r1,1.1077,0.0,24
allies,he,p2s-240-r1,1.0404,-0.041666666666666664,24
allies,he,p2s-243-r1,1.9457,-0.125,24
allies,he,p2s-246-r1,1.2838,0.0,24
allies,he,p2s-249-r1,1.2113,0.0,24
allies,he,p2s-252-r1,1.3473,0.0,24
allies,he,p2s-255-r1,1.9457,0.0,24
allies,he,p2s-258-r1,1.0404,0.0,24
allies,he,p2s-261-r1,2.0072,0.0,24
allies,he,p2s-264-r1,1.3649,0.041666666666666664,24
allies,he,p2s-267-r1,1.0335999999999999,0.0,24
allies,he,p2s-270-r1,1.7191,-0.16666666666666666,24
allies,he,p2s-273-r1,1.3439,-0.125,24
allies,he,p2s-276-r1,1.011,0.0,24
allies,he,p2s-279-r1,1.0685,0.0,24
allies,he,p2s-282-r1,1.3151,0.041666666666666664,24
allies,he,p2s-285-r1,1.097,0.0,24
allies,he,p2s-288-r1,1.2113,0.0,24
allies,he,p2s-291-r1,1.1528999999999998,0.0,24
allies,he,p2s-294-r1,1.44,0.0,24
allies,he,p2s-297-r1,1.1077,0.125,24
allies,he,p2s-300-r1,1.5007000000000001,0.08333333333333333,24
allies,he,p2s-303-r1,1.5776,0.0,24
allies,he,p2s-306-r1,1.0447,0.0,24
allies,he,p2s-309-r1,2.4783999999999997,0.16666666666666666,24
allies,he,p2s-312-r1,1.2838,0.041666666666666664,24
allies,he,p2s-315-r1,1.1077,-0.16666666666666666,24
allies,he,p2s-318-r1,1.7191,-0.041666666666666664,24
allies,he,p2s-321-r1,1.1528999999999998,0.0,24
allies,he,p2s-324-r1,1.44,0.0,24
allies,he,p2s-327-r1,1.3151,0.041666666666666664,24
allies,he,p2s-330-r1,1.5007000000000001,-0.08333333333333333,24
allies,he,p2s-333-r1,1.5776,0.041666666666666664,24
allies,he,p2s-336-r1,1.2113,-0.041666666666666664,24
allies,he,p2s-339-r1,1.2838,-0.041666666666666664,24
allies,he,p2s-342-r1,1.0335999999999999,0.125,24
allies,he,p2s-345-r1,1.097,0.0,24
allies,he,p2s-348-r1,1.3473,-0.041666666666666664,24
allies,he,p2s-351-r1,1.0447,0.25,24
allies,he,p2s-354-r1,2.4783999999999997,0.041666666666666664,24
allies,he,p2s-357-r1,1.0685,0.08333333333333333,24
allies,he,p2s-360-r1,1.3649,0.08333333333333333,24
allies,he,p2s-363-r1,1.9457,-0.041666666666666664,24
allies,he,p2s-366-r1,2.0072,0.0,24
allies,he,p2s-369-r1,1.3439,0.0,24
allies,he,p2s-372-r1,1.011,0.0,24
allies,he,p2s-375-r1,1.0404,0.041666666666666664,24
allies,he,p2s-378-r1,1.7191,-0.125,24
allies,he,p2s-381-r1,1.44,0.0,24
allies,he,p2s-384-r1,1.0447,-0.041666666666666664,24
allies,he,p2s-387-r1,1.011,-0.041666666666666664,24
allies,he,p2s-390-r1,1.3473,-0.041666666666666664,24
allies,he,p2s-393-r1,1.5776,-0.25,24
allies,he,p2s-396-r1,1.0685,-0.08333333333333333,24
allies,he,p2s-399-r1,1.1528999999999998,-0.041666666666666664,24
allies,he,p2s-402-r1,1.097,0.0,24
allies,he,p2s-405-r1,1.3151,0.0,24
allies,he,p2s-408-r1,1.3439,0.0,24
allies,he,p2s-411-r1,2.0072,-0.041666666666666664,24
allies,he,p2s-414-r1,2.4783999999999997,-0.2916666666666667,24
allies,he,p2s-417-r1,1.1077,-0.16666666666666666,24
allies,he,p2s-420-r1,1.9457,-0.041666666666666664,24
allies,he,p2s-423-r1,1.2838,0.0,24
allies,he,p2s-426-r1,1.5007000000000001,-0.041666666666666664,24
allies,he,p2s-429-r1,1.0404,0.0,24
allies,he,p2s-432-r1,1.3649,0.0,24
allies,he,p2s-435-r1,1.0335999999999999,-0.041666666666666664,24
allies,he,p2s-438-r1,1.2113,-0.041666666666666664,24
allies,he,p2s-441-r1,1.1528999999999998,0.0,24
allies,he,p2s-444-r1,1.3473,0.041666666666666664,24
allies,he,p2s-447-r1,1.1077,0.041666666666666664,24
allies,he,p2s-450-r1,2.0072,-0.16666666666666666,24
allies,he,p2s-453-r1,1.3439,0.0,24
allies,he,p2s-456-r1,1.097,0.041666666666666664,24
allies,he,p2s-459-r1,1.44,0.0,24
allies,he,p2s-462-r1,1.3649,0.041666666666666664,24
allies,he,p2s-465-r1,1.0685,0.0,24
allies,he,p2s-468-r1,1.7191,-0.041666666666666664,24
allies,he,p2s-471-r1,1.011,0.0,24
allies,he,p2s-474-r1,1.9457,0.0,24
allies,he,p2s-477-r1,1.5776,-0.041666666666666664,24
allies,he,p2s-480-r1,1.2113,-0.041666666666666664,24
allies,he,p2s-483-r1,1.2838,-0.08333333333333333,24
allies,he,p2s-486-r1,1.5007000000000001,0.0,24
allies,he,p2s-489-r1,2.4783999999999997,-0.08333333333333333,24
allies,he,p2s-492-r1,1.3151,0.0,24
allies,he,p2s-495-r1,1.0335999999999999,0.0,24
allies,he,p2s-498-r1,1.0404,0.0,24
allies,he,p2s-501-r1,1.0447,0.0,24
allies,he,p2s-504-r1,1.0685,0.08333333333333333,24
allies,he,p2s-507-r1,1.7191,0.0,24
allies,he,p2s-510-r1,1.1528999999999998,0.0,24
allies,he,p2s-513-r1,1.3439,0.041666666666666664,24
allies,he,p2s-516-r1,1.1077,-0.041666666666666664,24
allies,he,p2s-519-r1,1.3473,0.041666666666666664,24
allies,he,p2s-522-r1,1.3151,0.041666666666666664,24
allies,he,p2s-525-r1,1.3649,-0.125,24
allies,he,p2s-528-r1,1.097,0.0,24
allies,he,p2s-531-r1,1.011,0.0,24
allies,he,p2s-534-r1,2.0072,0.041666666666666664,24
allies,he,p2s-537-r1,1.44,0.0,24
allies,he,p2s-540-r1,1.5776,0.20833333333333334,24
allies,he,p2s-543-r1,1.0404,0.0,24
allies,he,p2s-546-r1,1.9457,0.08333333333333333,24
allies,he,p2s-549-r1,1.2838,0.0,24
allies,he,p2s-552-r1,1.5007000000000001,0.0,24
allies,he,p2s-555-r1,2.4783999999999997,-0.08333333333333333,24
allies,he,p2s-558-r1,1.0335999999999999,0.0,24
allies,he,p2s-561-r1,1.2113,0.0,24
allies,he,p2s-564-r1,1.0447,0.0,24
allies,he,p2s-567-r1,1.3439,-0.041666666666666664,24
allies,he,p2s-570-r1,1.0685,-0.16666666666666666,24
allies,he,p2s-573-r1,2.0072,0.0,24
allies,de,p2s-001-r1,1.3439,0.041666666666666664,24
allies,de,p2s-004-r1,1.3473,-0.08333333333333333,24
allies,de,p2s-007-r1,1.1077,0.20833333333333334,24
allies,de,p2s-010-r1,1.5007000000000001,0.0,24
allies,de,p2s-013-r1,2.4783999999999997,0.0,24
allies,de,p2s-016-r1,1.2838,-0.041666666666666664,24
allies,de,p2s-019-r1,1.011,0.041666666666666664,24
allies,de,p2s-022-r1,1.0685,-0.16666666666666666,24
allies,de,p2s-025-r1,1.7191,0.0,24
allies,de,p2s-028-r1,2.0072,-0.041666666666666664,24
allies,de,p2s-031-r1,1.3151,0.08333333333333333,24
allies,de,p2s-034-r1,1.0335999999999999,0.0,24
allies,de,p2s-037-r1,1.0447,0.16666666666666666,24
allies,de,p2s-040-r1,1.097,0.041666666666666664,24
allies,de,p2s-043-r1,1.1528999999999998,0.125,24
allies,de,p2s-046-r1,1.2113,-0.08333333333333333,24
allies,de,p2s-049-r1,1.5776,0.041666666666666664,24
allies,de,p2s-052-r1,1.44,0.08333333333333333,24
allies,de,p2s-055-r1,1.9457,0.041666666666666664,24
allies,de,p2s-058-r1,1.0404,-0.08333333333333333,24
allies,de,p2s-061-r1,1.3649,0.08333333333333333,24
allies,de,p2s-064-r1,1.3439,-0.041666666666666664,24
allies,de,p2s-067-r1,2.0072,-0.125,24
allies,de,p2s-070-r1,1.1528999999999998,0.0,24
allies,de,p2s-073-r1,1.7191,0.0,24
allies,de,p2s-076-r1,1.0404,-0.041666666666666664,24
allies,de,p2s-079-r1,1.0685,0.16666666666666666,24
allies,de,p2s-082-r1,1.1077,-0.125,24
allies,de,p2s-085-r1,1.0447,0.125,24
allies,de,p2s-088-r1,1.5776,0.041666666666666664,24
allies,de,p2s-091-r1,1.0335999999999999,-0.08333333333333333,24
allies,de,p2s-094-r1,1.9457,-0.041666666666666664,24
allies,de,p2s-097-r1,1.3151,0.0,24
allies,de,p2s-100-r1,1.3473,-0.08333333333333333,24
allies,de,p2s-103-r1,1.2838,0.0,24
allies,de,p2s-106-r1,1.011,0.041666666666666664,24
allies,de,p2s-109-r1,1.44,0.0,24
allies,de,p2s-112-r1,1.2113,0.0,24
allies,de,p2s-115-r1,1.097,-0.08333333333333333,24
allies,de,p2s-118-r1,1.5007000000000001,-0.041666666666666664,24
allies,de,p2s-121-r1,1.3649,0.0,24
allies,de,p2s-124-r1,2.4783999999999997,0.041666666666666664,24
allies,de,p2s-127-r1,1.0685,0.041666666666666664,24
allies,de,p2s-130-r1,1.3439,0.0,24
allies,de,p2s-133-r1,1.1077,0.041666666666666664,24
allies,de,p2s-136-r1,1.0447,0.08333333333333333,24
allies,de,p2s-139-r1,1.1528999999999998,0.0,24
allies,de,p2s-142-r1,1.9457,-0.125,24
allies,de,p2s-145-r1,1.011,0.08333333333333333,24
allies,de,p2s-148-r1,1.5007000000000001,0.0,24
allies,de,p2s-151-r1,2.4783999999999997,0.0,24
allies,de,p2s-154-r1,1.3649,0.041666666666666664,24
allies,de,p2s-157-r1,1.097,0.0,24
allies,de,p2s-160-r1,1.5776,0.0,24
allies,de,p2s-163-r1,1.7191,0.0,24
allies,de,p2s-166-r1,1.3473,0.041666666666666664,24
allies,de,p2s-169-r1,1.0335999999999999,0.041666666666666664,24
allies,de,p2s-172-r1,1.2113,0.0,24
allies,de,p2s-175-r1,1.44,-0.08333333333333333,24
allies,de,p2s-178-r1,1.0404,0.125,24
allies,de,p2s-181-r1,1.3151,0.041666666666666664,24
allies,de,p2s-184-r1,1.2838,0.0,24
allies,de,p2s-187-r1,2.0072,0.16666666666666666,24
allies,de,p2s-190-r1,1.2113,0.25,24
allies,de,p2s-193-r1,1.0685,0.08333333333333333,24
allies,de,p2s-196-r1,1.1077,0.16666666666666666,24
allies,de,p2s-199-r1,1.2838,0.08333333333333333,24
allies,de,p2s-202-r1,1.3439,0.0,24
allies,de,p2s-205-r1,2.0072,0.0,24
allies,de,p2s-208-r1,1.1528999999999998,0.0,24
allies,de,p2s-211-r1,1.7191,-0.08333333333333333,24
allies,de,p2s-214-r1,2.4783999999999997,-0.08333333333333333,24
allies,de,p2s-217-r1,1.0404,-0.041666666666666664,24
allies,de,p2s-220-r1,1.097,0.08333333333333333,24
allies,de,p2s-223-r1,1.3649,0.125,24
allies,de,p2s-226-r1,1.5007000000000001,0.0,24
allies,de,p2s-229-r1,1.011,0.08333333333333333,24
allies,de,p2s-232-r1,1.0447,-0.08333333333333333,24
allies,de,p2s-235-r1,1.44,0.0,24
allies,de,p2s-238-r1,1.3473,0.041666666666666664,24
allies,de,p2s-241-r1,1.5776,0.0,24
allies,de,p2s-244-r1,1.0335999999999999,0.0,24
allies,de,p2s-247-r1,1.9457,-0.041666666666666664,24
allies,de,p2s-250-r1,1.3151,-0.125,24
allies,de,p2s-253-r1,1.3439,0.125,24
allies,de,p2s-256-r1,1.1528999999999998,0.20833333333333334,24
allies,de,p2s-259-r1,1.5776,-0.041666666666666664,24
allies,de,p2s-262-r1,1.1077,0.0,23
allies,de,p2s-265-r1,1.3151,0.0,24
allies,de,p2s-268-r1,1.2113,-0.08333333333333333,24
allies,de,p2s-271-r1,2.4783999999999997,-0.041666666666666664,24
allies,de,p2s-274-r1,1.9457,0.041666666666666664,24
allies,de,p2s-277-r1,1.3473,0.2916666666666667,24
allies,de,p2s-280-r1,2.0072,0.2916666666666667,24
allies,de,p2s-283-r1,1.0447,0.20833333333333334,24
allies,de,p2s-286-r1,1.2838,-0.041666666666666664,24
allies,de,p2s-289-r1,1.0335999999999999,0.041666666666666664,24
allies,de,p2s-292-r1,1.0404,0.041666666666666664,24
allies,de,p2s-295-r1,1.0685,0.041666666666666664,24
allies,de,p2s-298-r1,1.3649,0.08333333333333333,24
allies,de,p2s-301-r1,1.44,0.041666666666666664,24
allies,de,p2s-304-r1,1.7191,0.041666666666666664,24
allies,de,p2s-307-r1,1.097,0.08333333333333333,24
allies,de,p2s-310-r1,1.5007000000000001,0.08333333333333333,24
allies,de,p2s-313-r1,1.011,0.041666666666666664,24
allies,de,p2s-316-r1,1.44,0.08695652173913043,23
allies,de,p2s-319-r1,1.0447,0.0,24
allies,de,p2s-322-r1,1.5776,0.0,24
allies,de,p2s-325-r1,1.3473,-0.125,24
allies,de,p2s-328-r1,1.0685,-0.08333333333333333,24
allies,de,p2s-331-r1,2.0072,0.3333333333333333,24
allies,de,p2s-334-r1,1.9457,0.0,24
allies,de,p2s-337-r1,1.0404,-0.041666666666666664,24
allies,de,p2s-340-r1,1.3439,-0.041666666666666664,24
allies,de,p2s-343-r1,1.011,0.08333333333333333,24
allies,de,p2s-346-r1,1.3151,0.0,24
allies,de,p2s-349-r1,1.7191,0.0,24
allies,de,p2s-352-r1,1.3649,0.16666666666666666,24
allies,de,p2s-355-r1,1.1077,0.041666666666666664,24
allies,de,p2s-358-r1,1.2838,0.0,24
allies,de,p2s-361-r1,1.1528999999999998,0.0,24
allies,de,p2s-364-r1,1.097,0.0,24
allies,de,p2s-367-r1,1.2113,-0.125,24
allies,de,p2s-370-r1,1.5007000000000001,0.041666666666666664,24
allies,de,p2s-373-r1,2.4783999999999997,-0.041666666666666664,24
allies,de,p2s-376-r1,1.0335999999999999,-0.125,24
allies,de,p2s-379-r1,1.1077,0.0,24
allies,de,p2s-382-r1,1.5007000000000001,0.0,24
allies,de,p2s-385-r1,1.3649,0.041666666666666664,24
allies,de,p2s-388-r1,1.9457,0.041666666666666664,24
allies,de,p2s-391-r1,2.4783999999999997,-0.20833333333333334,24
allies,de,p2s-394-r1,2.0072,0.4583333333333333,24
allies,de,p2s-397-r1,1.097,0.0,24
allies,de,p2s-400-r1,1.7191,-0.125,24
allies,de,p2s-403-r1,1.3473,0.041666666666666664,24
allies,de,p2s-406-r1,1.44,0.08333333333333333,24
allies,de,p2s-409-r1,1.1528999999999998,0.041666666666666664,24
allies,de,p2s-412-r1,1.0447,0.0,24
allies,de,p2s-415-r1,1.0685,-0.041666666666666664,24
allies,de,p2s-418-r1,1.3151,0.16666666666666666,24
allies,de,p2s-421-r1,1.5776,0.0,24
allies,de,p2s-424-r1,1.3439,0.125,24
allies,de,p2s-427-r1,1.011,0.125,24
allies,de,p2s-430-r1,1.0335999999999999,-0.041666666666666664,24
allies,de,p2s-433-r1,1.2838,-0.08333333333333333,24
allies,de,p2s-436-r1,1.0404,-0.08333333333333333,24
allies,de,p2s-439-r1,1.2113,0.08333333333333333,24
allies,de,p2s-442-r1,1.5007000000000001,0.08333333333333333,24
allies,de,p2s-445-r1,1.7191,-0.041666666666666664,24
allies,de,p2s-448-r1,1.0685,0.041666666666666664,24
allies,de,p2s-451-r1,2.4783999999999997,-0.20833333333333334,24
allies,de,p2s-454-r1,1.1077,0.0,24
allies,de,p2s-457-r1,1.1528999999999998,0.08333333333333333,24
allies,de,p2s-460-r1,1.3151,0.0,24
allies,de,p2s-463-r1,1.3439,0.0,24
allies,de,p2s-466-r1,1.5776,0.16666666666666666,24
allies,de,p2s-469-r1,1.3473,0.041666666666666664,24
allies,de,p2s-472-r1,2.0072,-0.041666666666666664,24
allies,de,p2s-475-r1,1.44,0.08333333333333333,24
allies,de,p2s-478-r1,1.0447,0.08333333333333333,24
allies,de,p2s-481-r1,1.097,0.08333333333333333,24
allies,de,p2s-484-r1,1.0404,0.0,24
allies,de,p2s-487-r1,1.011,0.08333333333333333,24
allies,de,p2s-490-r1,1.2838,0.0,24
allies,de,p2s-493-r1,1.3649,0.0,24
allies,de,p2s-496-r1,1.9457,-0.08333333333333333,24
allies,de,p2s-499-r1,1.0335999999999999,0.08333333333333333,24
allies,de,p2s-502-r1,1.2113,0.0,24
allies,de,p2s-505-r1,1.3439,0.08333333333333333,24
allies,de,p2s-508-r1,1.0685,-0.041666666666666664,24
allies,de,p2s-511-r1,1.5007000000000001,0.041666666666666664,24
allies,de,p2s-514-r1,1.5776,0.125,24
allies,de,p2s-517-r1,1.44,-0.041666666666666664,24
allies,de,p2s-520-r1,1.7191,0.16666666666666666,24
allies,de,p2s-523-r1,1.0447,0.0,24
allies,de,p2s-526-r1,2.0072,0.125,24
allies,de,p2s-529-r1,1.2838,0.041666666666666664,24
allies,de,p2s-532-r1,1.3473,-0.08333333333333333,24
allies,de,p2s-535-r1,1.3649,0.20833333333333334,24
allies,de,p2s-538-r1,2.4783999999999997,0.041666666666666664,24
allies,de,p2s-541-r1,1.1528999999999998,-0.08333333333333333,24
allies,de,p2s-544-r1,1.2113,0.08333333333333333,24
allies,de,p2s-547-r1,1.1077,0.08333333333333333,24
allies,de,p2s-550-r1,1.0335999999999999,0.0,24
allies,de,p2s-553-r1,1.0404,0.0,24
allies,de,p2s-556-r1,1.011,0.0,24
allies,de,p2s-559-r1,1.9457,0.0,24
allies,de,p2s-562-r1,1.3151,0.041666666666666664,24
allies,de,p2s-565-r1,1.097,0.0,24
allies,de,p2s-568-r1,1.011,-0.041666666666666664,24
allies,de,p2s-571-r1,1.5776,0.08333333333333333,24
allies,de,p2s-574-r1,1.097,0.0,24
allies,pg,p2s-002-r1,1.5776,0.20833333333333334,24
allies,pg,p2s-005-r1,2.0072,-0.041666666666666664,24
allies,pg,p2s-008-r1,1.1528999999999998,-0.08333333333333333,24
allies,pg,p2s-011-r1,1.3151,0.0,24
allies,pg,p2s-014-r1,1.9457,-0.125,24
allies,pg,p2s-017-r1,1.0404,0.0,24
allies,pg,p2s-020-r1,1.44,0.0,24
allies,pg,p2s-023-r1,1.5007000000000001,0.041666666666666664,24
allies,pg,p2s-026-r1,1.0447,0.16666666666666666,24
allies,pg,p2s-029-r1,2.4783999999999997,-0.08333333333333333,24
allies,pg,p2s-032-r1,1.097,-0.08333333333333333,24
allies,pg,p2s-035-r1,1.2113,0.08333333333333333,24
allies,pg,p2s-038-r1,1.7191,0.08333333333333333,24
allies,pg,p2s-041-r1,1.0685,0.21739130434782608,23
allies,pg,p2s-044-r1,1.0335999999999999,0.041666666666666664,24
allies,pg,p2s-047-r1,1.3649,0.08333333333333333,24
allies,pg,p2s-050-r1,1.011,0.0,24
allies,pg,p2s-053-r1,1.1077,-0.041666666666666664,24
allies,pg,p2s-056-r1,1.3473,0.20833333333333334,24
allies,pg,p2s-059-r1,1.2838,-0.125,24
allies,pg,p2s-062-r1,1.3439,0.0,24
allies,pg,p2s-065-r1,1.5776,0.0,24
allies,pg,p2s-068-r1,1.1077,0.0,24
allies,pg,p2s-071-r1,1.5007000000000001,0.08333333333333333,24
allies,pg,p2s-074-r1,1.011,0.0,24
allies,pg,p2s-077-r1,1.2113,0.041666666666666664,24
allies,pg,p2s-080-r1,1.3439,0.0,24
allies,pg,p2s-083-r1,1.44,0.08333333333333333,24
allies,pg,p2s-086-r1,1.0335999999999999,0.08333333333333333,24
allies,pg,p2s-089-r1,1.3151,-0.125,24
allies,pg,p2s-092-r1,1.0404,0.041666666666666664,24
allies,pg,p2s-095-r1,1.0447,0.0,24
allies,pg,p2s-098-r1,2.0072,-0.041666666666666664,24
allies,pg,p2s-101-r1,1.3649,0.0,24
allies,pg,p2s-104-r1,1.7191,0.041666666666666664,24
allies,pg,p2s-107-r1,1.0685,0.0,24
allies,pg,p2s-110-r1,2.4783999999999997,-0.041666666666666664,24
allies,pg,p2s-113-r1,1.1528999999999998,-0.041666666666666664,24
allies,pg,p2s-116-r1,1.3473,0.20833333333333334,24
allies,pg,p2s-119-r1,1.9457,-0.041666666666666664,24
allies,pg,p2s-122-r1,1.2838,-0.041666666666666664,24
allies,pg,p2s-125-r1,1.097,0.0,24
allies,pg,p2s-128-r1,1.7191,0.08333333333333333,24
allies,pg,p2s-131-r1,1.5007000000000001,-0.125,24
allies,pg,p2s-134-r1,1.44,-0.08333333333333333,24
allies,pg,p2s-137-r1,1.3473,0.0,24
allies,pg,p2s-140-r1,1.3151,0.0,24
allies,pg,p2s-143-r1,1.2838,-0.08333333333333333,24
allies,pg,p2s-146-r1,1.1077,0.0,24
allies,pg,p2s-149-r1,1.0335999999999999,0.041666666666666664,24
allies,pg,p2s-152-r1,1.2113,-0.08333333333333333,24
allies,pg,p2s-155-r1,1.0685,0.0,24
allies,pg,p2s-158-r1,1.3649,0.041666666666666664,24
allies,pg,p2s-161-r1,2.4783999999999997,0.041666666666666664,24
allies,pg,p2s-164-r1,2.0072,-0.041666666666666664,24
allies,pg,p2s-167-r1,1.0404,0.08333333333333333,24
allies,pg,p2s-170-r1,1.097,-0.041666666666666664,24
allies,pg,p2s-173-r1,1.3439,-0.041666666666666664,24
allies,pg,p2s-176-r1,1.1528999999999998,0.20833333333333334,24
allies,pg,p2s-179-r1,1.011,0.08333333333333333,24
allies,pg,p2s-182-r1,1.5776,0.041666666666666664,24
allies,pg,p2s-185-r1,1.0447,0.041666666666666664,24
allies,pg,p2s-188-r1,1.9457,-0.08333333333333333,24
allies,pg,p2s-191-r1,1.3439,0.041666666666666664,24
allies,pg,p2s-194-r1,1.3473,0.125,24
allies,pg,p2s-197-r1,1.0447,0.0,24
allies,pg,p2s-200-r1,1.0404,0.041666666666666664,24
allies,pg,p2s-203-r1,1.5776,0.0,24
allies,pg,p2s-206-r1,1.1077,0.0,24
allies,pg,p2s-209-r1,1.3151,0.041666666666666664,24
allies,pg,p2s-212-r1,1.44,-0.125,24
allies,pg,p2s-215-r1,1.9457,-0.16666666666666666,24
allies,pg,p2s-218-r1,1.2838,-0.041666666666666664,24
allies,pg,p2s-221-r1,1.2113,0.125,24
allies,pg,p2s-224-r1,1.0685,-0.041666666666666664,24
allies,pg,p2s-227-r1,1.7191,-0.041666666666666664,24
allies,pg,p2s-230-r1,1.0335999999999999,-0.041666666666666664,24
allies,pg,p2s-233-r1,2.0072,0.08333333333333333,24
allies,pg,p2s-236-r1,1.3649,0.0,24
allies,pg,p2s-239-r1,2.4783999999999997,-0.041666666666666664,24
allies,pg,p2s-242-r1,1.5007000000000001,0.08333333333333333,24
allies,pg,p2s-245-r1,1.097,-0.08333333333333333,24
allies,pg,p2s-248-r1,1.011,-0.041666666666666664,24
allies,pg,p2s-251-r1,1.1528999999999998,0.125,24
allies,pg,p2s-254-r1,1.011,0.16666666666666666,24
allies,pg,p2s-257-r1,1.44,0.08333333333333333,24
allies,pg,p2s-260-r1,1.3439,0.08333333333333333,24
allies,pg,p2s-263-r1,1.5007000000000001,0.041666666666666664,24
allies,pg,p2s-266-r1,1.0447,-0.041666666666666664,24
allies,pg,p2s-269-r1,1.0685,0.16666666666666666,24
allies,pg,p2s-272-r1,1.2838,0.041666666666666664,24
allies,pg,p2s-275-r1,1.5776,0.041666666666666664,24
allies,pg,p2s-278-r1,1.097,0.0,23
allies,pg,p2s-281-r1,1.1077,0.0,24
allies,pg,p2s-284-r1,2.4783999999999997,0.08333333333333333,24
allies,pg,p2s-287-r1,1.9457,-0.08333333333333333,24
allies,pg,p2s-290-r1,1.7191,-0.08333333333333333,24
allies,pg,p2s-293-r1,1.3473,0.0,24
allies,pg,p2s-296-r1,1.3151,-0.08333333333333333,24
allies,pg,p2s-299-r1,1.1528999999999998,0.08333333333333333,24
allies,pg,p2s-302-r1,1.3649,-0.041666666666666664,24
allies,pg,p2s-305-r1,2.0072,0.08333333333333333,24
allies,pg,p2s-308-r1,1.2113,-0.041666666666666664,24
allies,pg,p2s-311-r1,1.0404,0.08333333333333333,24
allies,pg,p2s-314-r1,1.0335999999999999,0.0,24
allies,pg,p2s-317-r1,1.3151,0.08333333333333333,24
allies,pg,p2s-320-r1,2.4783999999999997,-0.125,24
allies,pg,p2s-323-r1,1.011,0.125,24
allies,pg,p2s-326-r1,2.0072,0.041666666666666664,24
allies,pg,p2s-329-r1,1.1077,-0.08333333333333333,24
allies,pg,p2s-332-r1,1.1528999999999998,0.16666666666666666,24
allies,pg,p2s-335-r1,1.097,0.0,24
allies,pg,p2s-338-r1,1.0685,-0.125,24
allies,pg,p2s-341-r1,1.7191,0.08333333333333333,24
allies,pg,p2s-344-r1,1.9457,-0.08333333333333333,24
allies,pg,p2s-347-r1,1.44,-0.041666666666666664,24
allies,pg,p2s-350-r1,1.3439,-0.041666666666666664,24
allies,pg,p2s-353-r1,1.3473,0.041666666666666664,24
allies,pg,p2s-356-r1,1.0447,0.08333333333333333,24
allies,pg,p2s-359-r1,1.0404,0.0,24
allies,pg,p2s-362-r1,1.2838,0.0,24
allies,pg,p2s-365-r1,1.0335999999999999,0.2916666666666667,24
allies,pg,p2s-368-r1,1.5776,0.20833333333333334,24
allies,pg,p2s-371-r1,1.3649,-0.041666666666666664,24
allies,pg,p2s-374-r1,1.2113,0.125,24
allies,pg,p2s-377-r1,1.5007000000000001,-0.16666666666666666,24
allies,pg,p2s-380-r1,1.1528999999999998,0.041666666666666664,24
allies,pg,p2s-383-r1,1.3151,-0.041666666666666664,24
allies,pg,p2s-386-r1,1.0685,-0.16666666666666666,24
allies,pg,p2s-389-r1,1.3439,0.0,24
allies,pg,p2s-392-r1,1.0404,0.0,24
allies,pg,p2s-395-r1,1.1077,0.08333333333333333,24
allies,pg,p2s-398-r1,1.2838,0.0,24
allies,pg,p2s-401-r1,1.0447,-0.041666666666666664,24
allies,pg,p2s-404-r1,1.5776,-0.08333333333333333,24
allies,pg,p2s-407-r1,1.011,0.041666666666666664,24
allies,pg,p2s-410-r1,1.7191,-0.041666666666666664,24
allies,pg,p2s-413-r1,1.3473,0.125,24
allies,pg,p2s-416-r1,1.44,0.041666666666666664,24
allies,pg,p2s-419-r1,1.5007000000000001,-0.08333333333333333,24
allies,pg,p2s-422-r1,1.097,0.08333333333333333,24
allies,pg,p2s-425-r1,2.0072,0.20833333333333334,24
allies,pg,p2s-428-r1,2.4783999999999997,-0.125,24
allies,pg,p2s-431-r1,1.2113,0.041666666666666664,24
allies,pg,p2s-434-r1,1.9457,0.0,24
allies,pg,p2s-437-r1,1.3649,0.16666666666666666,24
allies,pg,p2s-440-r1,1.0335999999999999,0.125,24
allies,pg,p2s-443-r1,1.0447,0.0,24
allies,pg,p2s-446-r1,1.011,-0.125,24
allies,pg,p2s-449-r1,1.5776,0.041666666666666664,24
allies,pg,p2s-452-r1,1.9457,0.0,24
allies,pg,p2s-455-r1,1.7191,0.0,24
allies,pg,p2s-458-r1,1.2838,-0.08333333333333333,24
allies,pg,p2s-461-r1,1.0404,0.041666666666666664,24
allies,pg,p2s-464-r1,1.3473,-0.041666666666666664,24
allies,pg,p2s-467-r1,1.5007000000000001,0.08333333333333333,24
allies,pg,p2s-470-r1,1.3439,0.041666666666666664,24
allies,pg,p2s-473-r1,1.3151,-0.041666666666666664,24
allies,pg,p2s-476-r1,1.0685,0.041666666666666664,24
allies,pg,p2s-479-r1,1.1528999999999998,0.0,24
allies,pg,p2s-482-r1,1.1077,-0.041666666666666664,24
allies,pg,p2s-485-r1,1.0335999999999999,0.0,24
allies,pg,p2s-488-r1,2.0072,0.041666666666666664,24
allies,pg,p2s-491-r1,1.44,0.08333333333333333,24
allies,pg,p2s-494-r1,1.2113,0.041666666666666664,24
allies,pg,p2s-497-r1,1.097,0.0,24
allies,pg,p2s-500-r1,2.4783999999999997,-0.08333333333333333,24
allies,pg,p2s-503-r1,1.3649,0.041666666666666664,24
allies,pg,p2s-506-r1,1.5776,0.0,24
allies,pg,p2s-509-r1,2.0072,0.0,24
allies,pg,p2s-512-r1,1.011,0.0,24
allies,pg,p2s-515-r1,1.3473,-0.041666666666666664,24
allies,pg,p2s-518-r1,1.9457,-0.08333333333333333,24
allies,pg,p2s-521-r1,1.3439,0.041666666666666664,24
allies,pg,p2s-524-r1,2.4783999999999997,-0.125,24
allies,pg,p2s-527-r1,1.7191,0.08333333333333333,24
allies,pg,p2s-530-r1,1.0335999999999999,0.0,24
allies,pg,p2s-533-r1,1.1077,-0.20833333333333334,24
allies,pg,p2s-536-r1,1.0685,0.041666666666666664,24
allies,pg,p2s-539-r1,1.5007000000000001,0.041666666666666664,24
allies,pg,p2s-542-r1,1.3151,-0.041666666666666664,24
allies,pg,p2s-545-r1,1.44,0.16666666666666666,24
allies,pg,p2s-548-r1,1.0447,0.0,24
allies,pg,p2s-551-r1,1.2113,-0.08333333333333333,24
allies,pg,p2s-554-r1,1.1528999999999998,0.125,24
allies,pg,p2s-557-r1,1.097,0.0,24
allies,pg,p2s-560-r1,1.2838,-0.041666666666666664,24
allies,pg,p2s-563-r1,1.0404,0.0,24
allies,pg,p2s-566-r1,1.3649,0.0,24
allies,pg,p2s-569-r1,1.3649,0.08333333333333333,24
allies,pg,p2s-572-r1,1.3473,0.08333333333333333,24
allies,pg,p2s-575-r1,1.7191,0.08333333333333333,24
allies,control,p2s-576-r1,1.0685,0.0,24
allies,control,p2s-577-r1,1.3439,-0.125,24
allies,control,p2s-578-r1,1.5776,0.0,24
allies,control,p2s-579-r1,1.7191,-0.08333333333333333,24
allies,control,p2s-580-r1,1.3473,0.0,24
allies,control,p2s-581-r1,2.0072,0.0,24
allies,control,p2s-582-r1,1.011,0.043478260869565216,23
allies,control,p2s-583-r1,1.1077,-0.25,24
allies,control,p2s-584-r1,1.1528999999999998,0.0,24
allies,control,p2s-585-r1,1.44,0.0,24
allies,control,p2s-586-r1,1.5007000000000001,0.0,24
allies,control,p2s-587-r1,1.3151,0.041666666666666664,24
allies,control,p2s-588-r1,1.0447,0.041666666666666664,24
allies,control,p2s-589-r1,2.4783999999999997,0.0,24
allies,control,p2s-590-r1,1.9457,-0.08333333333333333,24
allies,control,p2s-591-r1,1.097,-0.125,24
allies,control,p2s-592-r1,1.2838,-0.041666666666666664,24
allies,control,p2s-593-r1,1.0404,-0.08333333333333333,24
allies,control,p2s-594-r1,1.0335999999999999,0.041666666666666664,24
allies,control,p2s-595-r1,1.2113,-0.041666666666666664,24
allies,control,p2s-596-r1,1.3649,0.041666666666666664,24
allies,control,p2s-597-r1,1.0685,0.0,24
allies,control,p2s-598-r1,1.3439,0.0,24
allies,control,p2s-599-r1,1.5776,-0.041666666666666664,24
allies,control,p2s-600-r1,1.3473,0.0,24
allies,control,p2s-601-r1,1.7191,-0.125,24
allies,control,p2s-602-r1,1.1077,0.125,24
allies,control,p2s-603-r1,2.0072,-0.08333333333333333,24
allies,control,p2s-604-r1,1.011,0.041666666666666664,24
allies,control,p2s-605-r1,1.44,0.041666666666666664,24
allies,control,p2s-606-r1,1.1528999999999998,0.0,24
allies,control,p2s-607-r1,1.3151,0.041666666666666664,24
allies,control,p2s-608-r1,1.5007000000000001,0.0,24
allies,control,p2s-609-r1,1.0447,-0.20833333333333334,24
allies,control,p2s-610-r1,1.9457,0.041666666666666664,24
allies,control,p2s-611-r1,2.4783999999999997,0.20833333333333334,24
allies,control,p2s-612-r1,1.2838,0.0,24
allies,control,p2s-613-r1,1.097,0.041666666666666664,24
allies,control,p2s-614-r1,1.0335999999999999,-0.08333333333333333,24
allies,control,p2s-615-r1,1.0404,-0.041666666666666664,24
allies,control,p2s-616-r1,1.2113,0.125,24
allies,control,p2s-617-r1,1.3649,-0.041666666666666664,24
allies,control,p2s-618-r1,1.011,0.0,24
allies,control,p2s-619-r1,1.5776,0.0,24
allies,control,p2s-620-r1,1.3439,-0.08333333333333333,24
allies,control,p2s-621-r1,1.0685,0.041666666666666664,24
allies,control,p2s-622-r1,1.7191,0.0,24
allies,control,p2s-623-r1,2.0072,0.0,24
allies,control,p2s-624-r1,1.1077,-0.041666666666666664,24
allies,control,p2s-625-r1,1.44,-0.08333333333333333,24
allies,control,p2s-626-r1,1.1528999999999998,0.08333333333333333,24
allies,control,p2s-627-r1,1.0447,0.0,24
allies,control,p2s-628-r1,1.2838,0.0,24
allies,control,p2s-629-r1,1.5007000000000001,0.041666666666666664,24
allies,control,p2s-630-r1,2.4783999999999997,-0.25,24
allies,control,p2s-631-r1,1.2113,-0.041666666666666664,24
allies,control,p2s-632-r1,1.3151,0.08333333333333333,24
allies,control,p2s-633-r1,1.0404,-0.041666666666666664,24
allies,control,p2s-634-r1,1.9457,-0.125,24
allies,control,p2s-635-r1,1.0335999999999999,-0.041666666666666664,24
allies,control,p2s-636-r1,1.097,0.0,24
allies,control,p2s-637-r1,1.3649,0.0,24
allies,control,p2s-638-r1,1.011,0.0,24
allies,control,p2s-639-r1,1.3473,-0.08333333333333333,24
allies,control,p2s-640-r1,1.0685,-0.08333333333333333,24
allies,control,p2s-641-r1,1.3439,-0.041666666666666664,24
allies,control,p2s-642-r1,1.5776,-0.041666666666666664,24
allies,control,p2s-643-r1,1.3473,0.0,24
allies,control,p2s-644-r1,1.7191,0.0,24
allies,control,p2s-645-r1,2.0072,0.0,24
allies,control,p2s-646-r1,1.9457,0.20833333333333334,24
allies,control,p2s-647-r1,1.0447,0.041666666666666664,24
allies,control,p2s-648-r1,1.097,0.0,24
allies,control,p2s-649-r1,2.4783999999999997,0.0,24
allies,control,p2s-650-r1,1.2838,0.041666666666666664,24
allies,control,p2s-651-r1,1.0335999999999999,-0.08333333333333333,24
allies,control,p2s-652-r1,1.3649,-0.08333333333333333,24
allies,control,p2s-653-r1,1.0404,0.125,24
allies,control,p2s-654-r1,1.2113,-0.08333333333333333,24
allies,control,p2s-655-r1,1.3439,0.0,24
allies,control,p2s-656-r1,1.0685,0.08333333333333333,24
allies,control,p2s-657-r1,1.1077,0.0,24
allies,control,p2s-658-r1,1.1528999999999998,0.08333333333333333,24
allies,control,p2s-659-r1,1.5007000000000001,-0.041666666666666664,24
allies,control,p2s-660-r1,1.3151,0.0,24
allies,control,p2s-661-r1,2.0072,0.0,24
allies,control,p2s-662-r1,1.44,-0.041666666666666664,24
allies,control,p2s-663-r1,1.7191,-0.125,24
allies,control,p2s-664-r1,1.011,0.0,24
allies,control,p2s-665-r1,1.5776,0.0,24
allies,control,p2s-666-r1,1.3473,0.0,24
allies,control,p2s-667-r1,1.1077,-0.08333333333333333,24
allies,control,p2s-668-r1,1.0335999999999999,0.125,24
allies,control,p2s-669-r1,1.1528999999999998,0.08333333333333333,24
allies,control,p2s-670-r1,1.5007000000000001,0.0,24
allies,control,p2s-671-r1,1.3649,-0.041666666666666664,24
allies,control,p2s-672-r1,1.2113,0.08333333333333333,24
allies,control,p2s-673-r1,1.0685,0.08333333333333333,24
allies,control,p2s-674-r1,1.3439,0.041666666666666664,24
allies,control,p2s-675-r1,1.44,0.041666666666666664,24
allies,control,p2s-676-r1,2.4783999999999997,0.0,24
allies,control,p2s-677-r1,1.0447,0.16666666666666666,24
allies,control,p2s-678-r1,1.097,0.125,24
allies,control,p2s-679-r1,1.9457,-0.08333333333333333,24
allies,control,p2s-680-r1,1.2838,0.0,24
allies,control,p2s-681-r1,1.0404,0.08333333333333333,24
allies,control,p2s-682-r1,1.3151,0.0,24
allies,control,p2s-683-r1,1.7191,-0.125,24
allies,control,p2s-684-r1,1.44,-0.041666666666666664,24
allies,control,p2s-685-r1,2.0072,-0.041666666666666664,24
allies,control,p2s-686-r1,1.011,0.0,24
allies,control,p2s-687-r1,1.3473,0.0,24
allies,control,p2s-688-r1,1.1077,0.041666666666666664,24
allies,control,p2s-689-r1,2.4783999999999997,0.0,24
allies,control,p2s-690-r1,1.5007000000000001,0.041666666666666664,24
allies,control,p2s-691-r1,1.1528999999999998,-0.041666666666666664,24
allies,control,p2s-692-r1,1.0447,-0.125,24
allies,control,p2s-693-r1,1.0404,0.0,24
allies,control,p2s-694-r1,1.9457,-0.041666666666666664,24
allies,control,p2s-695-r1,1.2113,-0.041666666666666664,24
allies,control,p2s-696-r1,1.3649,0.041666666666666664,24
allies,control,p2s-697-r1,1.5776,0.041666666666666664,24
allies,control,p2s-698-r1,1.0685,-0.125,24
allies,control,p2s-699-r1,1.0335999999999999,-0.041666666666666664,24
allies,control,p2s-700-r1,1.097,0.08333333333333333,24
allies,control,p2s-701-r1,1.5007000000000001,0.0,24
allies,control,p2s-702-r1,1.3151,0.0,24
allies,control,p2s-703-r1,1.1528999999999998,0.0,24
allies,control,p2s-704-r1,1.9457,-0.08333333333333333,24
allies,control,p2s-705-r1,1.0447,0.0,24
allies,control,p2s-706-r1,1.2838,0.0,24
allies,control,p2s-707-r1,1.3439,-0.041666666666666664,24
allies,control,p2s-708-r1,2.4783999999999997,-0.2916666666666667,24
allies,control,p2s-709-r1,1.0404,0.125,24
allies,control,p2s-710-r1,1.2113,0.041666666666666664,24
allies,control,p2s-711-r1,1.5776,-0.16666666666666666,24
allies,control,p2s-712-r1,1.7191,0.0,24
allies,control,p2s-713-r1,1.011,0.0,24
allies,control,p2s-714-r1,1.3473,0.0,24
allies,control,p2s-715-r1,2.0072,-0.041666666666666664,24
allies,control,p2s-716-r1,1.1077,0.0,24
allies,control,p2s-717-r1,1.3649,0.0,24
allies,control,p2s-718-r1,1.0685,0.0,24
allies,control,p2s-719-r1,1.44,0.041666666666666664,24
allies,control,p2s-720-r1,1.097,0.0,24
allies,control,p2s-721-r1,1.2838,0.0,24
allies,control,p2s-722-r1,1.0335999999999999,-0.041666666666666664,24
allies,control,p2s-723-r1,1.5776,0.08333333333333333,24
allies,control,p2s-724-r1,1.011,0.0,24
allies,control,p2s-725-r1,1.3439,-0.041666666666666664,24
allies,control,p2s-726-r1,1.7191,0.0,24
allies,control,p2s-727-r1,1.0404,-0.08333333333333333,24
allies,control,p2s-728-r1,1.2113,0.0,24
allies,control,p2s-729-r1,1.3151,0.041666666666666664,24
allies,control,p2s-730-r1,1.097,0.0,24
allies,control,p2s-731-r1,1.3473,-0.08333333333333333,24
allies,control,p2s-732-r1,1.5007000000000001,0.08333333333333333,24
allies,control,p2s-733-r1,2.4783999999999997,0.041666666666666664,24
allies,control,p2s-734-r1,2.0072,-0.041666666666666664,24
allies,control,p2s-735-r1,1.0685,0.0,24
allies,control,p2s-736-r1,1.1077,0.041666666666666664,24
allies,control,p2s-737-r1,1.1528999999999998,-0.08333333333333333,24
allies,control,p2s-738-r1,1.44,0.0,24
allies,control,p2s-739-r1,1.3151,0.08333333333333333,24
allies,control,p2s-740-r1,1.0447,0.041666666666666664,24
allies,control,p2s-741-r1,1.9457,0.08333333333333333,24
allies,control,p2s-742-r1,1.5776,0.041666666666666664,24
allies,control,p2s-743-r1,1.011,-0.125,24
allies,control,p2s-744-r1,1.3473,0.041666666666666664,24
allies,control,p2s-745-r1,1.7191,0.041666666666666664,24
allies,control,p2s-746-r1,1.3439,-0.041666666666666664,24
allies,control,p2s-747-r1,1.0335999999999999,-0.08333333333333333,24
allies,control,p2s-748-r1,1.2838,0.041666666666666664,24
allies,control,p2s-749-r1,1.1077,-0.08333333333333333,24
allies,control,p2s-750-r1,1.2113,0.0,24
allies,control,p2s-751-r1,1.0404,0.0,24
allies,control,p2s-752-r1,1.3649,0.0,24
allies,control,p2s-753-r1,1.3473,0.0,24
allies,control,p2s-754-r1,1.3151,0.0,24
allies,control,p2s-755-r1,2.4783999999999997,-0.08333333333333333,24
allies,control,p2s-756-r1,1.1528999999999998,0.0,24
allies,control,p2s-757-r1,1.5007000000000001,0.0,24
allies,control,p2s-758-r1,1.097,-0.08333333333333333,24
allies,control,p2s-759-r1,1.0335999999999999,0.0,24
allies,control,p2s-760-r1,1.44,0.0,24
allies,control,p2s-761-r1,1.0447,-0.041666666666666664,24
allies,control,p2s-762-r1,1.2838,0.0,24
allies,control,p2s-763-r1,1.9457,0.0,24
allies,control,p2s-764-r1,1.1077,0.0,24
allies,control,p2s-765-r1,1.3649,-0.041666666666666664,24
allies,control,p2s-766-r1,2.0072,-0.041666666666666664,24
allies,control,p2s-767-r1,1.44,0.0,24
neutrals,he,p2s-000-r1,0.005900000000000001,0.041666666666666664,24
neutrals,he,p2s-003-r1,0.0148,0.0,24
neutrals,he,p2s-006-r1,0.0412,0.0,24
neutrals,he,p2s-009-r1,0.005299999999999999,0.0,24
neutrals,he,p2s-012-r1,-0.0006999999999999992,0.0,24
neutrals,he,p2s-015-r1,-0.0011000000000000038,0.0,24
neutrals,he,p2s-018-r1,-0.0412,0.0,24
neutrals,he,p2s-021-r1,-0.005900000000000001,0.0,24
neutrals,he,p2s-024-r1,-0.0395,0.041666666666666664,24
neutrals,he,p2s-027-r1,-0.0148,0.0,24
neutrals,he,p2s-030-r1,-0.005299999999999999,0.0,24
neutrals,he,p2s-033-r1,0.0011000000000000038,0.041666666666666664,24
neutrals,he,p2s-036-r1,0.1,-0.041666666666666664,24
neutrals,he,p2s-039-r1,-0.1,0.041666666666666664,24
neutrals,he,p2s-042-r1,0.0395,0.041666666666666664,24
neutrals,he,p2s-045-r1,0.06470000000000001,0.0,24
neutrals,he,p2s-048-r1,0.10189999999999999,0.0,24
neutrals,he,p2s-051-r1,-0.06470000000000001,0.125,24
neutrals,he,p2s-054-r1,-0.1012,0.0,24
neutrals,he,p2s-057-r1,0.0,-0.041666666666666664,24
neutrals,he,p2s-060-r1,0.0,0.08333333333333333,24
neutrals,he,p2s-063-r1,0.005900000000000001,0.0,24
neutrals,he,p2s-066-r1,0.0148,0.0,24
neutrals,he,p2s-069-r1,0.0412,0.125,24
neutrals,he,p2s-072-r1,-0.0395,0.041666666666666664,24
neutrals,he,p2s-075-r1,0.1,0.041666666666666664,24
neutrals,he,p2s-078-r1,0.0162,0.0,24
neutrals,he,p2s-081-r1,0.0395,-0.125,24
neutrals,he,p2s-084-r1,0.06470000000000001,0.041666666666666664,24
neutrals,he,p2s-087-r1,0.0006999999999999992,0.0,24
neutrals,he,p2s-090-r1,-0.0011000000000000038,-0.08333333333333333,24
neutrals,he,p2s-093-r1,-0.0148,0.0,24
neutrals,he,p2s-096-r1,0.005299999999999999,0.041666666666666664,24
neutrals,he,p2s-099-r1,0.0813,-0.041666666666666664,24
neutrals,he,p2s-102-r1,-0.032,-0.08333333333333333,24
neutrals,he,p2s-105-r1,-0.0605,0.0,24
neutrals,he,p2s-108-r1,-0.06470000000000001,0.0,24
neutrals,he,p2s-111-r1,-0.0023999999999999994,-0.041666666666666664,24
neutrals,he,p2s-114-r1,-0.0412,-0.08333333333333333,24
neutrals,he,p2s-117-r1,0.08610000000000001,0.041666666666666664,24
neutrals,he,p2s-120-r1,-0.094,-0.08333333333333333,24
neutrals,he,p2s-123-r1,-0.1055,0.0,24
neutrals,he,p2s-126-r1,-0.054599999999999996,-0.041666666666666664,24
neutrals,he,p2s-129-r1,0.0023999999999999994,0.0,24
neutrals,he,p2s-132-r1,-0.0091,0.13043478260869565,23
neutrals,he,p2s-135-r1,0.0733,0.0,24
neutrals,he,p2s-138-r1,-0.0011000000000000038,0.0,24
neutrals,he,p2s-141-r1,-0.0758,0.0,24
neutrals,he,p2s-144-r1,0.0785,0.0,24
neutrals,he,p2s-147-r1,0.0567,0.0,24
neutrals,he,p2s-150-r1,-0.06470000000000001,0.0,24
neutrals,he,p2s-153-r1,0.054099999999999995,0.0,24
neutrals,he,p2s-156-r1,-0.0006999999999999992,0.0,24
neutrals,he,p2s-159-r1,-0.08499999999999999,0.0,24
neutrals,he,p2s-162-r1,0.054599999999999996,0.041666666666666664,24
neutrals,he,p2s-165-r1,0.021500000000000002,-0.041666666666666664,24
neutrals,he,p2s-168-r1,0.020399999999999998,0.0,24
neutrals,he,p2s-171-r1,-0.012299999999999998,0.0,24
neutrals,he,p2s-174-r1,-0.0412,0.0,24
neutrals,he,p2s-177-r1,0.0013999999999999985,0.0,24
neutrals,he,p2s-180-r1,0.002700000000000001,0.0,24
neutrals,he,p2s-183-r1,-0.015099999999999995,0.0,24
neutrals,he,p2s-186-r1,-0.005999999999999998,0.0,24
neutrals,he,p2s-189-r1,0.0081,0.041666666666666664,24
neutrals,he,p2s-192-r1,0.027200000000000002,0.0,24
neutrals,he,p2s-195-r1,0.0271,-0.041666666666666664,24
neutrals,he,p2s-198-r1,0.010499999999999999,-0.041666666666666664,24
neutrals,he,p2s-201-r1,-0.0162,0.0,24
neutrals,he,p2s-204-r1,0.0126,0.0,24
neutrals,he,p2s-207-r1,-0.021500000000000002,0.0,24
neutrals,he,p2s-210-r1,0.012200000000000003,0.0,24
neutrals,he,p2s-213-r1,0.005900000000000001,0.0,24
neutrals,he,p2s-216-r1,-0.0567,0.041666666666666664,24
neutrals,he,p2s-219-r1,0.0749,0.0,24
neutrals,he,p2s-222-r1,0.0514,-0.041666666666666664,24
neutrals,he,p2s-225-r1,-0.1055,-0.041666666666666664,24
neutrals,he,p2s-228-r1,0.015099999999999995,0.0,24
neutrals,he,p2s-231-r1,-0.0347,0.0,24
neutrals,he,p2s-234-r1,0.0813,0.0,24
neutrals,he,p2s-237-r1,-0.0619,0.0,24
neutrals,he,p2s-240-r1,-0.0933,0.0,24
neutrals,he,p2s-243-r1,0.008300000000000002,0.0,24
neutrals,he,p2s-246-r1,0.0928,0.0,24
neutrals,he,p2s-249-r1,-0.037599999999999995,0.0,24
neutrals,he,p2s-252-r1,-0.0605,-0.08333333333333333,24
neutrals,he,p2s-255-r1,-0.0647,0.041666666666666664,24
neutrals,he,p2s-258-r1,-0.008300000000000002,0.0,24
neutrals,he,p2s-261-r1,-0.027,0.041666666666666664,24
neutrals,he,p2s-264-r1,-0.089,0.0,24
neutrals,he,p2s-267-r1,0.0023999999999999994,-0.041666666666666664,24
neutrals,he,p2s-270-r1,-0.015099999999999999,-0.125,24
neutrals,he,p2s-273-r1,0.03,0.041666666666666664,24
neutrals,he,p2s-276-r1,-0.010499999999999999,0.041666666666666664,24
neutrals,he,p2s-279-r1,0.005900000000000001,0.08333333333333333,24
neutrals,he,p2s-282-r1,-0.0416,0.041666666666666664,24
neutrals,he,p2s-285-r1,-0.08610000000000001,0.0,24
neutrals,he,p2s-288-r1,-0.0514,0.0,24
neutrals,he,p2s-291-r1,0.0686,0.0,24
neutrals,he,p2s-294-r1,0.0866,0.0,24
neutrals,he,p2s-297-r1,-0.0229,-0.041666666666666664,24
neutrals,he,p2s-300-r1,0.08929999999999999,0.0,24
neutrals,he,p2s-303-r1,0.012400000000000001,0.0,24
neutrals,he,p2s-306-r1,0.02,0.08333333333333333,24
neutrals,he,p2s-309-r1,0.094,0.0,24
neutrals,he,p2s-312-r1,0.0679,0.0,24
neutrals,he,p2s-315-r1,-0.0619,-0.08333333333333333,24
neutrals,he,p2s-318-r1,-0.015099999999999999,-0.041666666666666664,24
neutrals,he,p2s-321-r1,0.042300000000000004,0.0,24
neutrals,he,p2s-324-r1,-0.0189,-0.16666666666666666,24
neutrals,he,p2s-327-r1,-0.0268,0.0,24
neutrals,he,p2s-330-r1,0.002700000000000001,0.125,24
neutrals,he,p2s-333-r1,-0.0379,0.041666666666666664,24
neutrals,he,p2s-336-r1,-0.012699999999999996,0.0,24
neutrals,he,p2s-339-r1,0.0393,-0.125,24
neutrals,he,p2s-342-r1,-0.0988,0.125,24
neutrals,he,p2s-345-r1,-0.0119,0.08333333333333333,24
neutrals,he,p2s-348-r1,0.025199999999999997,0.0,24
neutrals,he,p2s-351-r1,0.0442,-0.041666666666666664,24
neutrals,he,p2s-354-r1,0.094,-0.08333333333333333,24
neutrals,he,p2s-357-r1,-0.018,-0.20833333333333334,24
neutrals,he,p2s-360-r1,-0.0023999999999999994,0.041666666666666664,24
neutrals,he,p2s-363-r1,0.0162,0.0,24
neutrals,he,p2s-366-r1,0.0409,0.041666666666666664,24
neutrals,he,p2s-369-r1,-0.0242,0.0,24
neutrals,he,p2s-372-r1,0.0788,-0.041666666666666664,24
neutrals,he,p2s-375-r1,-0.055,0.041666666666666664,24
neutrals,he,p2s-378-r1,-0.032600000000000004,-0.08333333333333333,24
neutrals,he,p2s-381-r1,0.0081,0.0,24
neutrals,he,p2s-384-r1,0.08499999999999999,-0.041666666666666664,24
neutrals,he,p2s-387-r1,-0.026699999999999998,0.041666666666666664,24
neutrals,he,p2s-390-r1,0.0144,0.0,24
neutrals,he,p2s-393-r1,-0.035199999999999995,0.125,24
neutrals,he,p2s-396-r1,-0.0057,0.0,24
neutrals,he,p2s-399-r1,0.042300000000000004,0.0,24
neutrals,he,p2s-402-r1,-0.0419,-0.041666666666666664,24
neutrals,he,p2s-405-r1,-0.0268,-0.041666666666666664,24
neutrals,he,p2s-408-r1,-0.005900000000000001,-0.08333333333333333,24
neutrals,he,p2s-411-r1,-0.0028000000000000004,0.0,24
neutrals,he,p2s-414-r1,0.0207,0.0,24
neutrals,he,p2s-417-r1,-0.051699999999999996,-0.08333333333333333,24
neutrals,he,p2s-420-r1,0.0011000000000000038,0.0,24
neutrals,he,p2s-423-r1,0.0679,0.08333333333333333,24
neutrals,he,p2s-426-r1,0.0917,-0.08333333333333333,24
neutrals,he,p2s-429-r1,-0.094,0.041666666666666664,24
neutrals,he,p2s-432-r1,-0.0023999999999999994,0.0,24
neutrals,he,p2s-435-r1,-0.005499999999999998,-0.08333333333333333,24
neutrals,he,p2s-438-r1,0.0023999999999999994,0.0,24
neutrals,he,p2s-441-r1,0.0813,0.0,24
neutrals,he,p2s-444-r1,0.025199999999999997,0.0,24
neutrals,he,p2s-447-r1,-0.017,-0.041666666666666664,24
neutrals,he,p2s-450-r1,-0.00030000000000000165,0.0,24
neutrals,he,p2s-453-r1,-0.0347,0.0,24
neutrals,he,p2s-456-r1,0.012699999999999996,0.041666666666666664,24
neutrals,he,p2s-459-r1,0.035199999999999995,0.0,24
neutrals,he,p2s-462-r1,-0.1012,0.0,24
neutrals,he,p2s-465-r1,-0.0057,-0.041666666666666664,24
neutrals,he,p2s-468-r1,0.027200000000000002,-0.041666666666666664,24
neutrals,he,p2s-471-r1,-0.0024999999999999988,0.0,24
neutrals,he,p2s-474-r1,-0.0647,0.0,24
neutrals,he,p2s-477-r1,0.0268,0.08333333333333333,24
neutrals,he,p2s-480-r1,-0.0605,-0.041666666666666664,24
neutrals,he,p2s-483-r1,0.0679,0.041666666666666664,24
neutrals,he,p2s-486-r1,-0.0102,0.0,24
neutrals,he,p2s-489-r1,0.0868,0.0,24
neutrals,he,p2s-492-r1,0.0191,0.0,24
neutrals,he,p2s-495-r1,-0.0866,0.0,24
neutrals,he,p2s-498-r1,0.005499999999999998,0.0,24
neutrals,he,p2s-501-r1,-0.006699999999999998,-0.041666666666666664,24
neutrals,he,p2s-504-r1,0.005900000000000001,-0.041666666666666664,24
neutrals,he,p2s-507-r1,0.0057,0.0,24
neutrals,he,p2s-510-r1,0.0837,0.0,24
neutrals,he,p2s-513-r1,0.03,0.0,24
neutrals,he,p2s-516-r1,-0.0412,0.0,24
neutrals,he,p2s-519-r1,0.0013999999999999985,0.0,24
neutrals,he,p2s-522-r1,-0.0742,0.0,24
neutrals,he,p2s-525-r1,-0.10189999999999999,0.041666666666666664,24
neutrals,he,p2s-528-r1,-0.0387,0.0,24
neutrals,he,p2s-531-r1,0.0788,-0.041666666666666664,24
neutrals,he,p2s-534-r1,0.012299999999999998,-0.041666666666666664,24
neutrals,he,p2s-537-r1,0.0728,0.0,24
neutrals,he,p2s-540-r1,-0.054099999999999995,-0.125,24
neutrals,he,p2s-543-r1,-0.0335,-0.08333333333333333,24
neutrals,he,p2s-546-r1,-0.0647,0.0,24
neutrals,he,p2s-549-r1,0.1055,-0.041666666666666664,24
neutrals,he,p2s-552-r1,0.008,0.0,24
neutrals,he,p2s-555-r1,0.012900000000000002,0.0,24
neutrals,he,p2s-558-r1,-0.012699999999999996,0.0,24
neutrals,he,p2s-561-r1,-0.08929999999999999,0.0,24
neutrals,he,p2s-564-r1,0.0933,0.0,24
neutrals,he,p2s-567-r1,0.0031999999999999997,-0.08333333333333333,24
neutrals,he,p2s-570-r1,0.005900000000000001,-0.041666666666666664,24
neutrals,he,p2s-573-r1,-0.021,0.0,24
neutrals,de,p2s-001-r1,-0.005900000000000001,0.041666666666666664,24
neutrals,de,p2s-004-r1,-0.0395,0.08333333333333333,24
neutrals,de,p2s-007-r1,-0.0412,-0.041666666666666664,24
neutrals,de,p2s-010-r1,0.06470000000000001,-0.08333333333333333,24
neutrals,de,p2s-013-r1,0.0006999999999999992,0.08333333333333333,24
neutrals,de,p2s-016-r1,0.1,0.0,24
neutrals,de,p2s-019-r1,0.0412,0.0,24
neutrals,de,p2s-022-r1,0.005900000000000001,-0.041666666666666664,24
neutrals,de,p2s-025-r1,0.0148,-0.041666666666666664,24
neutrals,de,p2s-028-r1,0.0395,-0.041666666666666664,24
neutrals,de,p2s-031-r1,-0.06470000000000001,-0.08333333333333333,24
neutrals,de,p2s-034-r1,0.0,0.0,24
neutrals,de,p2s-037-r1,-0.0006999999999999992,0.041666666666666664,24
neutrals,de,p2s-040-r1,-0.0011000000000000038,0.0,24
neutrals,de,p2s-043-r1,-0.005299999999999999,0.041666666666666664,24
neutrals,de,p2s-046-r1,0.0,-0.08333333333333333,24
neutrals,de,p2s-049-r1,-0.0148,-0.041666666666666664,24
neutrals,de,p2s-052-r1,0.005299999999999999,-0.20833333333333334,24
neutrals,de,p2s-055-r1,0.0162,0.0,24
neutrals,de,p2s-058-r1,-0.007199999999999998,0.0,24
neutrals,de,p2s-061-r1,-0.1079,0.125,24
neutrals,de,p2s-064-r1,-0.005900000000000001,-0.041666666666666664,24
neutrals,de,p2s-067-r1,0.0395,-0.08333333333333333,24
neutrals,de,p2s-070-r1,-0.005299999999999999,-0.041666666666666664,24
neutrals,de,p2s-073-r1,0.0148,0.0,24
neutrals,de,p2s-076-r1,0.005499999999999998,-0.041666666666666664,24
neutrals,de,p2s-079-r1,0.005900000000000001,-0.041666666666666664,24
neutrals,de,p2s-082-r1,-0.0412,-0.041666666666666664,24
neutrals,de,p2s-085-r1,-0.0006999999999999992,0.0,24
neutrals,de,p2s-088-r1,-0.0148,0.041666666666666664,24
neutrals,de,p2s-091-r1,-0.012699999999999996,0.0,24
neutrals,de,p2s-094-r1,-0.08499999999999999,0.0,24
neutrals,de,p2s-097-r1,-0.06470000000000001,-0.041666666666666664,24
neutrals,de,p2s-100-r1,-0.0395,0.0,24
neutrals,de,p2s-103-r1,0.1,0.0,24
neutrals,de,p2s-106-r1,0.0412,-0.125,24
neutrals,de,p2s-109-r1,0.005299999999999999,0.125,24
neutrals,de,p2s-112-r1,-0.024599999999999997,0.0,24
neutrals,de,p2s-115-r1,-0.0011000000000000038,0.20833333333333334,24
neutrals,de,p2s-118-r1,-0.0162,0.041666666666666664,24
neutrals,de,p2s-121-r1,-0.0023999999999999994,0.0,24
neutrals,de,p2s-124-r1,0.10189999999999999,0.041666666666666664,24
neutrals,de,p2s-127-r1,0.0091,0.041666666666666664,24
neutrals,de,p2s-130-r1,-0.032,0.0,24
neutrals,de,p2s-133-r1,-0.0286,0.08333333333333333,24
neutrals,de,p2s-136-r1,0.061200000000000004,-0.08333333333333333,24
neutrals,de,p2s-139-r1,0.0028000000000000004,0.041666666666666664,24
neutrals,de,p2s-142-r1,-0.08499999999999999,-0.08333333333333333,24
neutrals,de,p2s-145-r1,0.0788,-0.041666666666666664,24
neutrals,de,p2s-148-r1,0.0917,0.0,24
neutrals,de,p2s-151-r1,0.0868,-0.041666666666666664,24
neutrals,de,p2s-154-r1,-0.056999999999999995,0.08333333333333333,24
neutrals,de,p2s-157-r1,-0.0928,0.0,24
neutrals,de,p2s-160-r1,-0.0299,0.0,24
neutrals,de,p2s-163-r1,-0.0231,0.0,24
neutrals,de,p2s-166-r1,0.025199999999999997,-0.041666666666666664,24
neutrals,de,p2s-169-r1,-0.0788,0.0,24
neutrals,de,p2s-172-r1,-0.0605,0.0,24
neutrals,de,p2s-175-r1,0.0476,0.041666666666666664,24
neutrals,de,p2s-178-r1,0.005499999999999998,-0.041666666666666664,24
neutrals,de,p2s-181-r1,0.0191,0.16666666666666666,24
neutrals,de,p2s-184-r1,0.0809,0.0,24
neutrals,de,p2s-187-r1,-0.021,0.08333333333333333,24
neutrals,de,p2s-190-r1,-0.005499999999999998,-0.20833333333333334,24
neutrals,de,p2s-193-r1,0.005900000000000001,-0.041666666666666664,24
neutrals,de,p2s-196-r1,-0.0619,-0.041666666666666664,24
neutrals,de,p2s-199-r1,0.0679,-0.08333333333333333,24
neutrals,de,p2s-202-r1,0.054599999999999996,0.0,24
neutrals,de,p2s-205-r1,0.0395,0.0,24
neutrals,de,p2s-208-r1,0.0837,0.041666666666666664,24
neutrals,de,p2s-211-r1,-0.0231,0.0,24
neutrals,de,p2s-214-r1,0.048100000000000004,0.041666666666666664,24
neutrals,de,p2s-217-r1,-0.007199999999999998,0.0,24
neutrals,de,p2s-220-r1,-0.08610000000000001,0.0,24
neutrals,de,p2s-223-r1,-0.0629,0.125,24
neutrals,de,p2s-226-r1,0.010499999999999999,0.0,24
neutrals,de,p2s-229-r1,0.065,-0.08333333333333333,24
neutrals,de,p2s-232-r1,0.0988,0.0,24
neutrals,de,p2s-235-r1,-0.0189,-0.16666666666666666,24
neutrals,de,p2s-238-r1,-0.042300000000000004,-0.041666666666666664,24
neutrals,de,p2s-241-r1,-0.0271,-0.041666666666666664,24
neutrals,de,p2s-244-r1,-0.0662,0.125,24
neutrals,de,p2s-247-r1,-0.0728,0.0,24
neutrals,de,p2s-250-r1,-0.0144,0.0,24
neutrals,de,p2s-253-r1,0.03,0.041666666666666664,24
neutrals,de,p2s-256-r1,0.0024999999999999988,-0.041666666666666664,24
neutrals,de,p2s-259-r1,0.0514,-0.08333333333333333,24
neutrals,de,p2s-262-r1,-0.061200000000000004,-0.043478260869565216,23
neutrals,de,p2s-265-r1,-0.06470000000000001,-0.041666666666666664,24
neutrals,de,p2s-268-r1,-0.054599999999999996,0.125,24
neutrals,de,p2s-271-r1,0.033299999999999996,0.0,24
neutrals,de,p2s-274-r1,0.0011000000000000038,-0.041666666666666664,24
neutrals,de,p2s-277-r1,-0.0476,0.0,24
neutrals,de,p2s-280-r1,0.018,0.0,24
neutrals,de,p2s-283-r1,0.061200000000000004,0.0,24
neutrals,de,p2s-286-r1,0.1,0.041666666666666664,24
neutrals,de,p2s-289-r1,-0.0138,0.0,24
neutrals,de,p2s-292-r1,-0.045899999999999996,0.041666666666666664,24
neutrals,de,p2s-295-r1,-0.018,0.0,24
neutrals,de,p2s-298-r1,-0.1079,0.125,24
neutrals,de,p2s-301-r1,-0.012900000000000002,0.0,24
neutrals,de,p2s-304-r1,-0.015099999999999999,-0.041666666666666664,24
neutrals,de,p2s-307-r1,0.012699999999999996,0.0,24
neutrals,de,p2s-310-r1,0.06470000000000001,-0.041666666666666664,24
neutrals,de,p2s-313-r1,0.0812,0.0,24
neutrals,de,p2s-316-r1,0.0081,0.0,23
neutrals,de,p2s-319-r1,0.08610000000000001,0.0,24
neutrals,de,p2s-322-r1,-0.0474,0.0,24
neutrals,de,p2s-325-r1,-0.027200000000000002,0.0,24
neutrals,de,p2s-328-r1,0.005900000000000001,0.16666666666666666,24
neutrals,de,p2s-331-r1,0.0539,0.0,24
neutrals,de,p2s-334-r1,-0.0728,0.041666666666666664,24
neutrals,de,p2s-337-r1,-0.055,0.041666666666666664,24
neutrals,de,p2s-340-r1,-0.0267,-0.125,24
neutrals,de,p2s-343-r1,0.0412,0.0,24
neutrals,de,p2s-346-r1,-0.0268,-0.125,24
neutrals,de,p2s-349-r1,-0.0126,0.08333333333333333,24
neutrals,de,p2s-352-r1,-0.04139999999999999,0.125,24
neutrals,de,p2s-355-r1,0.037599999999999995,0.041666666666666664,24
neutrals,de,p2s-358-r1,0.0162,0.08333333333333333,24
neutrals,de,p2s-361-r1,0.0675,-0.041666666666666664,24
neutrals,de,p2s-364-r1,-0.0928,0.0,24
neutrals,de,p2s-367-r1,-0.005499999999999998,0.041666666666666664,24
neutrals,de,p2s-370-r1,0.08929999999999999,-0.041666666666666664,24
neutrals,de,p2s-373-r1,0.10189999999999999,0.041666666666666664,24
neutrals,de,p2s-376-r1,-0.0995,0.08333333333333333,24
neutrals,de,p2s-379-r1,-0.0619,0.041666666666666664,24
neutrals,de,p2s-382-r1,0.008,-0.08333333333333333,24
neutrals,de,p2s-385-r1,-0.0538,0.0,24
neutrals,de,p2s-388-r1,-0.065,0.08333333333333333,24
neutrals,de,p2s-391-r1,0.0868,0.0,24
neutrals,de,p2s-394-r1,0.0785,0.16666666666666666,24
neutrals,de,p2s-397-r1,-0.0658,0.041666666666666664,24
neutrals,de,p2s-400-r1,-0.0231,-0.08333333333333333,24
neutrals,de,p2s-403-r1,0.03899999999999999,0.0,24
neutrals,de,p2s-406-r1,0.089,0.0,24
neutrals,de,p2s-409-r1,0.0267,0.0,24
neutrals,de,p2s-412-r1,-0.006699999999999998,0.0,24
neutrals,de,p2s-415-r1,-0.0057,0.08333333333333333,24
neutrals,de,p2s-418-r1,-0.0359,-0.08333333333333333,24
neutrals,de,p2s-421-r1,0.012400000000000001,-0.08333333333333333,24
neutrals,de,p2s-424-r1,-0.032,-0.041666666666666664,24
neutrals,de,p2s-427-r1,0.0542,-0.16666666666666666,24
neutrals,de,p2s-430-r1,-0.0988,0.0,24
neutrals,de,p2s-433-r1,0.0917,0.041666666666666664,24
neutrals,de,p2s-436-r1,-0.032100000000000004,0.0,24
neutrals,de,p2s-439-r1,-0.005499999999999998,-0.041666666666666664,24
neutrals,de,p2s-442-r1,0.06470000000000001,0.125,24
neutrals,de,p2s-445-r1,-0.012299999999999998,0.0,24
neutrals,de,p2s-448-r1,-0.0057,0.041666666666666664,24
neutrals,de,p2s-451-r1,0.0182,0.0,24
neutrals,de,p2s-454-r1,-0.0013999999999999985,0.0,24
neutrals,de,p2s-457-r1,0.0267,-0.16666666666666666,24
neutrals,de,p2s-460-r1,-0.0542,0.0,24
neutrals,de,p2s-463-r1,-0.0449,0.041666666666666664,24
neutrals,de,p2s-466-r1,-0.0091,0.041666666666666664,24
neutrals,de,p2s-469-r1,-0.0476,0.041666666666666664,24
neutrals,de,p2s-472-r1,0.0271,0.16666666666666666,24
neutrals,de,p2s-475-r1,0.049,-0.041666666666666664,24
neutrals,de,p2s-478-r1,0.08610000000000001,0.0,24
neutrals,de,p2s-481-r1,0.007199999999999998,0.08333333333333333,24
neutrals,de,p2s-484-r1,0.005499999999999998,0.08333333333333333,24
neutrals,de,p2s-487-r1,0.0812,0.08333333333333333,24
neutrals,de,p2s-490-r1,0.0162,-0.041666666666666664,24
neutrals,de,p2s-493-r1,-0.1012,-0.041666666666666664,24
neutrals,de,p2s-496-r1,-0.0917,0.041666666666666664,24
neutrals,de,p2s-499-r1,-0.0138,0.0,24
neutrals,de,p2s-502-r1,0.0,0.0,24
neutrals,de,p2s-505-r1,0.0031999999999999997,0.041666666666666664,24
neutrals,de,p2s-508-r1,0.0229,-0.041666666666666664,24
neutrals,de,p2s-511-r1,0.0347,0.0,24
neutrals,de,p2s-514-r1,-0.0091,-0.041666666666666664,24
neutrals,de,p2s-517-r1,0.020399999999999998,0.125,24
neutrals,de,p2s-520-r1,-0.015099999999999999,0.0,24
neutrals,de,p2s-523-r1,0.009500000000000001,0.0,24
neutrals,de,p2s-526-r1,-0.027,0.0,24
neutrals,de,p2s-529-r1,0.027,-0.125,24
neutrals,de,p2s-532-r1,-0.0398,-0.041666666666666664,24
neutrals,de,p2s-535-r1,-0.04139999999999999,-0.08333333333333333,24
neutrals,de,p2s-538-r1,0.012900000000000002,-0.08333333333333333,24
neutrals,de,p2s-541-r1,-0.0182,0.16666666666666666,24
neutrals,de,p2s-544-r1,-0.0988,0.0,24
neutrals,de,p2s-547-r1,0.037599999999999995,0.0,24
neutrals,de,p2s-550-r1,-0.005499999999999998,0.041666666666666664,24
neutrals,de,p2s-553-r1,-0.0191,0.0,24
neutrals,de,p2s-556-r1,0.0812,-0.125,24
neutrals,de,p2s-559-r1,0.0138,-0.08333333333333333,24
neutrals,de,p2s-562-r1,0.0119,0.0,24
neutrals,de,p2s-565-r1,-0.0011000000000000038,0.08333333333333333,24
neutrals,de,p2s-568-r1,0.0788,0.041666666666666664,24
neutrals,de,p2s-571-r1,0.0138,0.0,24
neutrals,de,p2s-574-r1,-0.0928,0.0,24
neutrals,pg,p2s-002-r1,-0.0148,-0.041666666666666664,24
neutrals,pg,p2s-005-r1,0.0395,0.08333333333333333,24
neutrals,pg,p2s-008-r1,-0.005299999999999999,0.20833333333333334,24
neutrals,pg,p2s-011-r1,-0.06470000000000001,0.0,24
neutrals,pg,p2s-014-r1,0.0011000000000000038,-0.041666666666666664,24
neutrals,pg,p2s-017-r1,-0.1,-0.041666666666666664,24
neutrals,pg,p2s-020-r1,0.005299999999999999,0.041666666666666664,24
neutrals,pg,p2s-023-r1,0.06470000000000001,-0.041666666666666664,24
neutrals,pg,p2s-026-r1,-0.0006999999999999992,0.041666666666666664,24
neutrals,pg,p2s-029-r1,0.0006999999999999992,0.0,24
neutrals,pg,p2s-032-r1,-0.0011000000000000038,0.0,24
neutrals,pg,p2s-035-r1,0.0,0.041666666666666664,24
neutrals,pg,p2s-038-r1,0.0148,0.0,24
neutrals,pg,p2s-041-r1,0.005900000000000001,0.08695652173913043,23
neutrals,pg,p2s-044-r1,0.0,0.041666666666666664,24
neutrals,pg,p2s-047-r1,-0.0629,0.041666666666666664,24
neutrals,pg,p2s-050-r1,0.0412,-0.08333333333333333,24
neutrals,pg,p2s-053-r1,-0.0412,0.125,24
neutrals,pg,p2s-056-r1,-0.0395,0.0,24
neutrals,pg,p2s-059-r1,0.1,-0.08333333333333333,24
neutrals,pg,p2s-062-r1,0.056999999999999995,-0.041666666666666664,24
neutrals,pg,p2s-065-r1,-0.0148,-0.125,24
neutrals,pg,p2s-068-r1,-0.0412,0.0,24
neutrals,pg,p2s-071-r1,0.06470000000000001,-0.041666666666666664,24
neutrals,pg,p2s-074-r1,0.0412,-0.08333333333333333,24
neutrals,pg,p2s-077-r1,-0.0605,-0.08333333333333333,24
neutrals,pg,p2s-080-r1,-0.032,0.0,24
neutrals,pg,p2s-083-r1,0.005299999999999999,-0.08333333333333333,24
neutrals,pg,p2s-086-r1,-0.012699999999999996,0.041666666666666664,24
neutrals,pg,p2s-089-r1,-0.06470000000000001,0.08333333333333333,24
neutrals,pg,p2s-092-r1,-0.1,-0.08333333333333333,24
neutrals,pg,p2s-095-r1,-0.0006999999999999992,-0.041666666666666664,24
neutrals,pg,p2s-098-r1,0.0395,0.08333333333333333,24
neutrals,pg,p2s-101-r1,-0.0538,0.0,24
neutrals,pg,p2s-104-r1,0.0686,0.08333333333333333,24
neutrals,pg,p2s-107-r1,0.005900000000000001,0.0,24
neutrals,pg,p2s-110-r1,0.0006999999999999992,0.0,24
neutrals,pg,p2s-113-r1,0.0813,-0.08333333333333333,24
neutrals,pg,p2s-116-r1,-0.0395,-0.041666666666666664,24
neutrals,pg,p2s-119-r1,0.008300000000000002,0.0,24
neutrals,pg,p2s-122-r1,0.1055,-0.08333333333333333,24
neutrals,pg,p2s-125-r1,-0.0011000000000000038,0.0,24
neutrals,pg,p2s-128-r1,0.027200000000000002,-0.125,24
neutrals,pg,p2s-131-r1,0.06470000000000001,0.041666666666666664,24
neutrals,pg,p2s-134-r1,0.007799999999999998,-0.041666666666666664,24
neutrals,pg,p2s-137-r1,0.0263,0.0,24
neutrals,pg,p2s-140-r1,-0.06470000000000001,0.0,24
neutrals,pg,p2s-143-r1,0.1055,-0.08333333333333333,24
neutrals,pg,p2s-146-r1,-0.049,0.0,24
neutrals,pg,p2s-149-r1,-0.0605,-0.125,24
neutrals,pg,p2s-152-r1,-0.005499999999999998,0.08333333333333333,24
neutrals,pg,p2s-155-r1,-0.0057,-0.041666666666666664,24
neutrals,pg,p2s-158-r1,-0.039999999999999994,-0.08333333333333333,24
neutrals,pg,p2s-161-r1,0.10189999999999999,0.0,24
neutrals,pg,p2s-164-r1,0.0785,0.0,24
neutrals,pg,p2s-167-r1,-0.0491,0.08333333333333333,24
neutrals,pg,p2s-170-r1,-0.0868,-0.041666666666666664,24
neutrals,pg,p2s-173-r1,0.0031999999999999997,0.125,24
neutrals,pg,p2s-176-r1,0.0675,-0.08333333333333333,24
neutrals,pg,p2s-179-r1,-0.026699999999999998,0.0,24
neutrals,pg,p2s-182-r1,-0.0271,-0.20833333333333334,24
neutrals,pg,p2s-185-r1,0.0175,0.0,24
neutrals,pg,p2s-188-r1,-0.08499999999999999,-0.041666666666666664,24
neutrals,pg,p2s-191-r1,0.054599999999999996,0.0,24
neutrals,pg,p2s-194-r1,-0.021500000000000002,-0.125,24
neutrals,pg,p2s-197-r1,0.1012,0.0,24
neutrals,pg,p2s-200-r1,-0.1,0.041666666666666664,24
neutrals,pg,p2s-203-r1,0.045899999999999996,-0.041666666666666664,24
neutrals,pg,p2s-206-r1,-0.0409,0.0,24
neutrals,pg,p2s-209-r1,-0.0567,0.16666666666666666,24
neutrals,pg,p2s-212-r1,-0.012200000000000003,0.041666666666666664,24
neutrals,pg,p2s-215-r1,-0.010799999999999997,-0.08333333333333333,24
neutrals,pg,p2s-218-r1,0.0393,0.0,24
neutrals,pg,p2s-221-r1,-0.037599999999999995,0.0,24
neutrals,pg,p2s-224-r1,0.005900000000000001,0.041666666666666664,24
neutrals,pg,p2s-227-r1,-0.033299999999999996,0.0,24
neutrals,pg,p2s-230-r1,-0.0514,-0.041666666666666664,24
neutrals,pg,p2s-233-r1,0.0658,0.08333333333333333,24
neutrals,pg,p2s-236-r1,-0.04139999999999999,0.0,24
neutrals,pg,p2s-239-r1,0.0207,0.0,24
neutrals,pg,p2s-242-r1,0.002700000000000001,0.041666666666666664,24
neutrals,pg,p2s-245-r1,0.012699999999999996,0.041666666666666664,24
neutrals,pg,p2s-248-r1,-0.010499999999999999,0.0,24
neutrals,pg,p2s-251-r1,0.0675,-0.20833333333333334,24
neutrals,pg,p2s-254-r1,0.0661,0.08333333333333333,24
neutrals,pg,p2s-257-r1,0.049,-0.041666666666666664,24
neutrals,pg,p2s-260-r1,-0.005900000000000001,0.125,24
neutrals,pg,p2s-263-r1,0.0503,0.041666666666666664,24
neutrals,pg,p2s-266-r1,0.0933,0.08333333333333333,24
neutrals,pg,p2s-269-r1,0.0091,-0.041666666666666664,24
neutrals,pg,p2s-272-r1,0.027,0.0,24
neutrals,pg,p2s-275-r1,0.0514,0.041666666666666664,24
neutrals,pg,p2s-278-r1,-0.08610000000000001,-0.043478260869565216,23
neutrals,pg,p2s-281-r1,-0.0679,-0.08333333333333333,24
neutrals,pg,p2s-284-r1,0.0182,0.041666666666666664,24
neutrals,pg,p2s-287-r1,-0.065,0.08333333333333333,24
neutrals,pg,p2s-290-r1,0.0686,-0.08333333333333333,24
neutrals,pg,p2s-293-r1,-0.015600000000000001,0.0,24
neutrals,pg,p2s-296-r1,-0.06470000000000001,-0.041666666666666664,24
neutrals,pg,p2s-299-r1,0.015099999999999999,0.125,24
neutrals,pg,p2s-302-r1,-0.026999999999999996,0.0,24
neutrals,pg,p2s-305-r1,-0.0081,0.041666666666666664,24
neutrals,pg,p2s-308-r1,-0.0995,-0.041666666666666664,24
neutrals,pg,p2s-311-r1,0.005499999999999998,-0.041666666666666664,24
neutrals,pg,p2s-314-r1,-0.0138,0.041666666666666664,24
neutrals,pg,p2s-317-r1,-0.06470000000000001,0.0,24
neutrals,pg,p2s-320-r1,0.039,0.041666666666666664,24
neutrals,pg,p2s-323-r1,0.065,0.041666666666666664,24
neutrals,pg,p2s-326-r1,0.0409,-0.041666666666666664,24
neutrals,pg,p2s-329-r1,-0.0437,0.0,24
neutrals,pg,p2s-332-r1,0.0813,0.0,24
neutrals,pg,p2s-335-r1,-0.0263,0.0,24
neutrals,pg,p2s-338-r1,0.005900000000000001,-0.125,24
neutrals,pg,p2s-341-r1,-0.012299999999999998,0.08333333333333333,24
neutrals,pg,p2s-344-r1,-0.065,0.20833333333333334,24
neutrals,pg,p2s-347-r1,-0.012900000000000002,0.0,24
neutrals,pg,p2s-350-r1,0.0031999999999999997,-0.041666666666666664,24
neutrals,pg,p2s-353-r1,-0.0665,-0.20833333333333334,24
neutrals,pg,p2s-356-r1,0.032600000000000004,-0.041666666666666664,24
neutrals,pg,p2s-359-r1,-0.0933,0.08333333333333333,24
neutrals,pg,p2s-362-r1,0.0189,-0.041666666666666664,24
neutrals,pg,p2s-365-r1,-0.024599999999999997,-0.20833333333333334,24
neutrals,pg,p2s-368-r1,0.0387,0.125,24
neutrals,pg,p2s-371-r1,-0.007899999999999997,0.041666666666666664,24
neutrals,pg,p2s-374-r1,0.0023999999999999994,-0.08333333333333333,24
neutrals,pg,p2s-377-r1,0.08929999999999999,-0.08333333333333333,24
neutrals,pg,p2s-380-r1,0.042300000000000004,-0.041666666666666664,24
neutrals,pg,p2s-383-r1,-0.06470000000000001,-0.125,24
neutrals,pg,p2s-386-r1,-0.0057,0.041666666666666664,24
neutrals,pg,p2s-389-r1,0.040799999999999996,-0.041666666666666664,24
neutrals,pg,p2s-392-r1,-0.055,0.0,24
neutrals,pg,p2s-395-r1,-0.017,0.041666666666666664,24
neutrals,pg,p2s-398-r1,0.0679,0.041666666666666664,24
neutrals,pg,p2s-401-r1,0.0175,-0.20833333333333334,24
neutrals,pg,p2s-404-r1,-0.0274,0.08333333333333333,24
neutrals,pg,p2s-407-r1,-0.007799999999999998,0.0,24
neutrals,pg,p2s-410-r1,0.0148,-0.041666666666666664,24
neutrals,pg,p2s-413-r1,-0.0395,0.041666666666666664,24
neutrals,pg,p2s-416-r1,0.0866,-0.08333333333333333,24
neutrals,pg,p2s-419-r1,0.06470000000000001,0.125,24
neutrals,pg,p2s-422-r1,0.007199999999999998,0.0,24
neutrals,pg,p2s-425-r1,-0.027,-0.041666666666666664,24
neutrals,pg,p2s-428-r1,0.0995,0.125,24
neutrals,pg,p2s-431-r1,-0.012699999999999996,-0.041666666666666664,24
neutrals,pg,p2s-434-r1,-0.0857,-0.08333333333333333,24
neutrals,pg,p2s-437-r1,-0.1012,0.08333333333333333,24
neutrals,pg,p2s-440-r1,0.0023999999999999994,0.125,24
neutrals,pg,p2s-443-r1,0.0474,0.041666666666666664,24
neutrals,pg,p2s-446-r1,0.0412,-0.125,24
neutrals,pg,p2s-449-r1,-0.0091,0.041666666666666664,24
neutrals,pg,p2s-452-r1,-0.0728,0.08333333333333333,24
neutrals,pg,p2s-455-r1,-0.015099999999999999,0.041666666666666664,24
neutrals,pg,p2s-458-r1,0.0809,0.0,24
neutrals,pg,p2s-461-r1,-0.073,-0.041666666666666664,24
neutrals,pg,p2s-464-r1,0.0263,0.0,24
neutrals,pg,p2s-467-r1,0.0347,0.125,24
neutrals,pg,p2s-470-r1,-0.0347,0.08333333333333333,24
neutrals,pg,p2s-473-r1,-0.0416,0.041666666666666664,24
neutrals,pg,p2s-476-r1,-0.0183,0.0,24
neutrals,pg,p2s-479-r1,0.042300000000000004,0.041666666666666664,24
neutrals,pg,p2s-482-r1,-0.0679,0.041666666666666664,24
neutrals,pg,p2s-485-r1,-0.0988,0.08333333333333333,24
neutrals,pg,p2s-488-r1,0.0647,0.0,24
neutrals,pg,p2s-491-r1,0.0866,-0.08333333333333333,24
neutrals,pg,p2s-494-r1,-0.0995,-0.041666666666666664,24
neutrals,pg,p2s-497-r1,0.015099999999999995,-0.041666666666666664,24
neutrals,pg,p2s-500-r1,0.094,0.0,24
neutrals,pg,p2s-503-r1,-0.0023999999999999994,0.0,24
neutrals,pg,p2s-506-r1,-0.0148,0.041666666666666664,24
neutrals,pg,p2s-509-r1,-0.0081,0.041666666666666664,24
neutrals,pg,p2s-512-r1,0.0274,0.0,24
neutrals,pg,p2s-515-r1,-0.0395,0.0,24
neutrals,pg,p2s-518-r1,-0.025199999999999997,0.08333333333333333,24
neutrals,pg,p2s-521-r1,-0.005900000000000001,0.0,24
neutrals,pg,p2s-524-r1,0.0182,0.08333333333333333,24
neutrals,pg,p2s-527-r1,0.011600000000000001,0.0,24
neutrals,pg,p2s-530-r1,-0.024599999999999997,0.041666666666666664,24
neutrals,pg,p2s-533-r1,0.023799999999999998,0.0,24
neutrals,pg,p2s-536-r1,-0.0183,0.125,24
neutrals,pg,p2s-539-r1,0.0766,-0.08333333333333333,24
neutrals,pg,p2s-542-r1,-0.013000000000000001,0.0,24
neutrals,pg,p2s-545-r1,0.0866,0.16666666666666666,24
neutrals,pg,p2s-548-r1,0.009500000000000001,0.0,24
neutrals,pg,p2s-551-r1,0.0023999999999999994,0.0,24
neutrals,pg,p2s-554-r1,0.0813,0.0,24
neutrals,pg,p2s-557-r1,-0.08610000000000001,0.0,24
neutrals,pg,p2s-560-r1,0.1,-0.041666666666666664,24
neutrals,pg,p2s-563-r1,-0.094,0.0,24
neutrals,pg,p2s-566-r1,-0.1079,0.125,24
neutrals,pg,p2s-569-r1,-0.0629,0.125,24
neutrals,pg,p2s-572-r1,0.0144,-0.16666666666666666,24
neutrals,pg,p2s-575-r1,0.060700000000000004,-0.041666666666666664,24
neutrals,control,p2s-576-r1,0.005900000000000001,0.0,24
neutrals,control,p2s-577-r1,-0.005900000000000001,0.08333333333333333,24
neutrals,control,p2s-578-r1,-0.0148,-0.041666666666666664,24
neutrals,control,p2s-579-r1,0.0148,0.08333333333333333,24
neutrals,control,p2s-580-r1,-0.0395,-0.041666666666666664,24
neutrals,control,p2s-581-r1,0.0395,0.041666666666666664,24
neutrals,control,p2s-582-r1,0.0412,0.043478260869565216,23
neutrals,control,p2s-583-r1,-0.0412,0.0,24
neutrals,control,p2s-584-r1,-0.005299999999999999,0.041666666666666664,24
neutrals,control,p2s-585-r1,0.005299999999999999,-0.041666666666666664,24
neutrals,control,p2s-586-r1,0.06470000000000001,0.041666666666666664,24
neutrals,control,p2s-587-r1,-0.06470000000000001,0.0,24
neutrals,control,p2s-588-r1,-0.0006999999999999992,0.0,24
neutrals,control,p2s-589-r1,0.0006999999999999992,0.3333333333333333,24
neutrals,control,p2s-590-r1,0.0011000000000000038,0.041666666666666664,24
neutrals,control,p2s-591-r1,-0.0011000000000000038,0.08333333333333333,24
neutrals,control,p2s-592-r1,0.1,-0.041666666666666664,24
neutrals,control,p2s-593-r1,-0.1,0.0,24
neutrals,control,p2s-594-r1,0.0,0.0,24
neutrals,control,p2s-595-r1,0.0,0.0,24
neutrals,control,p2s-596-r1,-0.056999999999999995,0.041666666666666664,24
neutrals,control,p2s-597-r1,0.0629,0.0,24
neutrals,control,p2s-598-r1,-0.005900000000000001,0.08333333333333333,24
neutrals,control,p2s-599-r1,-0.0148,-0.041666666666666664,24
neutrals,control,p2s-600-r1,-0.0395,0.0,24
neutrals,control,p2s-601-r1,0.0148,-0.041666666666666664,24
neutrals,control,p2s-602-r1,-0.0412,0.125,24
neutrals,control,p2s-603-r1,0.0395,0.0,24
neutrals,control,p2s-604-r1,0.0412,0.0,24
neutrals,control,p2s-605-r1,0.005299999999999999,-0.041666666666666664,24
neutrals,control,p2s-606-r1,-0.005299999999999999,0.0,24
neutrals,control,p2s-607-r1,-0.06470000000000001,-0.041666666666666664,24
neutrals,control,p2s-608-r1,0.06470000000000001,-0.041666666666666664,24
neutrals,control,p2s-609-r1,-0.0006999999999999992,0.125,24
neutrals,control,p2s-610-r1,0.0011000000000000038,0.08333333333333333,24
neutrals,control,p2s-611-r1,0.0006999999999999992,-0.041666666666666664,24
neutrals,control,p2s-612-r1,0.1,-0.08333333333333333,24
neutrals,control,p2s-613-r1,-0.0011000000000000038,0.041666666666666664,24
neutrals,control,p2s-614-r1,0.0,0.20833333333333334,24
neutrals,control,p2s-615-r1,-0.1,-0.08333333333333333,24
neutrals,control,p2s-616-r1,0.0,0.08333333333333333,24
neutrals,control,p2s-617-r1,-0.0629,0.041666666666666664,24
neutrals,control,p2s-618-r1,0.0812,0.0,24
neutrals,control,p2s-619-r1,-0.0148,0.0,24
neutrals,control,p2s-620-r1,0.015600000000000001,0.0,24
neutrals,control,p2s-621-r1,0.0229,0.041666666666666664,24
neutrals,control,p2s-622-r1,0.0148,0.0,24
neutrals,control,p2s-623-r1,0.023899999999999998,0.0,24
neutrals,control,p2s-624-r1,-0.0412,0.041666666666666664,24
neutrals,control,p2s-625-r1,0.005299999999999999,0.041666666666666664,24
neutrals,control,p2s-626-r1,-0.005299999999999999,0.125,24
neutrals,control,p2s-627-r1,-0.0006999999999999992,0.0,24
neutrals,control,p2s-628-r1,0.1,0.0,24
neutrals,control,p2s-629-r1,0.06470000000000001,-0.041666666666666664,24
neutrals,control,p2s-630-r1,0.0006999999999999992,0.0,24
neutrals,control,p2s-631-r1,0.0,-0.08333333333333333,24
neutrals,control,p2s-632-r1,-0.06470000000000001,-0.16666666666666666,24
neutrals,control,p2s-633-r1,-0.1,0.20833333333333334,24
neutrals,control,p2s-634-r1,0.0011000000000000038,0.041666666666666664,24
neutrals,control,p2s-635-r1,0.0,-0.041666666666666664,24
neutrals,control,p2s-636-r1,-0.0011000000000000038,0.0,24
neutrals,control,p2s-637-r1,-0.039999999999999994,0.0,24
neutrals,control,p2s-638-r1,0.0812,0.0,24
neutrals,control,p2s-639-r1,-0.0395,0.0,24
neutrals,control,p2s-640-r1,0.0629,0.041666666666666664,24
neutrals,control,p2s-641-r1,0.0031999999999999997,-0.041666666666666664,24
neutrals,control,p2s-642-r1,-0.0091,-0.125,24
neutrals,control,p2s-643-r1,-0.0395,-0.041666666666666664,24
neutrals,control,p2s-644-r1,0.027200000000000002,0.0,24
neutrals,control,p2s-645-r1,0.023899999999999998,0.0,24
neutrals,control,p2s-646-r1,0.0011000000000000038,0.041666666666666664,24
neutrals,control,p2s-647-r1,0.032600000000000004,-0.041666666666666664,24
neutrals,control,p2s-648-r1,-0.0868,-0.08333333333333333,24
neutrals,control,p2s-649-r1,0.0006999999999999992,0.08333333333333333,24
neutrals,control,p2s-650-r1,0.0917,0.125,24
neutrals,control,p2s-651-r1,-0.005499999999999998,0.08333333333333333,24
neutrals,control,p2s-652-r1,-0.0023999999999999994,0.08333333333333333,24
neutrals,control,p2s-653-r1,-0.1,-0.08333333333333333,24
neutrals,control,p2s-654-r1,0.0,0.041666666666666664,24
neutrals,control,p2s-655-r1,0.0031999999999999997,0.041666666666666664,24
neutrals,control,p2s-656-r1,0.0629,-0.041666666666666664,24
neutrals,control,p2s-657-r1,-0.0412,-0.08333333333333333,24
neutrals,control,p2s-658-r1,-0.005299999999999999,-0.041666666666666664,24
neutrals,control,p2s-659-r1,0.06470000000000001,0.041666666666666664,24
neutrals,control,p2s-660-r1,-0.06470000000000001,0.0,24
neutrals,control,p2s-661-r1,0.012299999999999998,-0.041666666666666664,24
neutrals,control,p2s-662-r1,0.005299999999999999,0.0,24
neutrals,control,p2s-663-r1,0.027200000000000002,0.0,24
neutrals,control,p2s-664-r1,0.0412,-0.125,24
neutrals,control,p2s-665-r1,-0.0091,0.0,24
neutrals,control,p2s-666-r1,-0.0395,0.0,24
neutrals,control,p2s-667-r1,-0.0412,0.041666666666666664,24
neutrals,control,p2s-668-r1,-0.054599999999999996,-0.041666666666666664,24
neutrals,control,p2s-669-r1,-0.005299999999999999,0.0,24
neutrals,control,p2s-670-r1,0.06470000000000001,0.0,24
neutrals,control,p2s-671-r1,-0.0023999999999999994,0.08333333333333333,24
neutrals,control,p2s-672-r1,0.0,-0.041666666666666664,24
neutrals,control,p2s-673-r1,0.0629,-0.08333333333333333,24
neutrals,control,p2s-674-r1,0.0031999999999999997,0.0,24
neutrals,control,p2s-675-r1,0.005299999999999999,0.16666666666666666,24
neutrals,control,p2s-676-r1,0.0006999999999999992,0.0,24
neutrals,control,p2s-677-r1,-0.0006999999999999992,-0.041666666666666664,24
neutrals,control,p2s-678-r1,-0.0011000000000000038,-0.041666666666666664,24
neutrals,control,p2s-679-r1,0.0011000000000000038,0.0,24
neutrals,control,p2s-680-r1,0.027,0.0,24
neutrals,control,p2s-681-r1,-0.1,-0.16666666666666666,24
neutrals,control,p2s-682-r1,0.0191,-0.08333333333333333,24
neutrals,control,p2s-683-r1,-0.015099999999999999,0.08333333333333333,24
neutrals,control,p2s-684-r1,-0.002700000000000001,-0.25,24
neutrals,control,p2s-685-r1,0.0395,-0.041666666666666664,24
neutrals,control,p2s-686-r1,0.0412,-0.08333333333333333,24
neutrals,control,p2s-687-r1,0.0144,-0.041666666666666664,24
neutrals,control,p2s-688-r1,-0.0412,0.041666666666666664,24
neutrals,control,p2s-689-r1,0.0006999999999999992,0.0,24
neutrals,control,p2s-690-r1,-0.0102,0.08333333333333333,24
neutrals,control,p2s-691-r1,-0.005299999999999999,0.0,24
neutrals,control,p2s-692-r1,0.0474,-0.041666666666666664,24
neutrals,control,p2s-693-r1,-0.0838,-0.041666666666666664,24
neutrals,control,p2s-694-r1,-0.040799999999999996,0.041666666666666664,24
neutrals,control,p2s-695-r1,0.0,-0.041666666666666664,24
neutrals,control,p2s-696-r1,-0.1079,0.041666666666666664,24
neutrals,control,p2s-697-r1,-0.0091,-0.08333333333333333,24
neutrals,control,p2s-698-r1,-0.0057,0.08333333333333333,24
neutrals,control,p2s-699-r1,0.0,0.08333333333333333,24
neutrals,control,p2s-700-r1,-0.0011000000000000038,-0.041666666666666664,24
neutrals,control,p2s-701-r1,0.06470000000000001,0.0,24
neutrals,control,p2s-702-r1,0.0119,0.0,24
neutrals,control,p2s-703-r1,0.0267,-0.041666666666666664,24
neutrals,control,p2s-704-r1,0.008300000000000002,-0.041666666666666664,24
neutrals,control,p2s-705-r1,-0.0006999999999999992,0.125,24
neutrals,control,p2s-706-r1,0.1079,0.125,24
neutrals,control,p2s-707-r1,-0.0347,0.0,24
neutrals,control,p2s-708-r1,0.0006999999999999992,0.0,24
neutrals,control,p2s-709-r1,-0.0811,-0.25,24
neutrals,control,p2s-710-r1,0.0,0.0,24
neutrals,control,p2s-711-r1,-0.054099999999999995,0.08333333333333333,24
neutrals,control,p2s-712-r1,0.060700000000000004,-0.041666666666666664,24
neutrals,control,p2s-713-r1,0.00030000000000000165,-0.041666666666666664,24
neutrals,control,p2s-714-r1,0.0013999999999999985,0.0,24
neutrals,control,p2s-715-r1,0.0271,0.0,24
neutrals,control,p2s-716-r1,-0.0412,-0.041666666666666664,24
neutrals,control,p2s-717-r1,-0.0686,0.0,24
neutrals,control,p2s-718-r1,0.0467,0.0,24
neutrals,control,p2s-719-r1,0.026099999999999998,0.041666666666666664,24
neutrals,control,p2s-720-r1,-0.0263,-0.041666666666666664,24
neutrals,control,p2s-721-r1,0.0242,0.08333333333333333,24
neutrals,control,p2s-722-r1,0.0,-0.041666666666666664,24
neutrals,control,p2s-723-r1,-0.0271,-0.041666666666666664,24
neutrals,control,p2s-724-r1,0.0242,0.041666666666666664,24
neutrals,control,p2s-725-r1,0.0491,-0.041666666666666664,24
neutrals,control,p2s-726-r1,-0.0393,0.0,24
neutrals,control,p2s-727-r1,0.005499999999999998,0.0,24
neutrals,control,p2s-728-r1,0.0023999999999999994,0.041666666666666664,24
neutrals,control,p2s-729-r1,0.0119,-0.041666666666666664,24
neutrals,control,p2s-730-r1,-0.024900000000000002,0.041666666666666664,24
neutrals,control,p2s-731-r1,-0.0398,0.041666666666666664,24
neutrals,control,p2s-732-r1,0.06470000000000001,0.0,24
neutrals,control,p2s-733-r1,0.0102,0.08333333333333333,24
neutrals,control,p2s-734-r1,-0.0081,0.08333333333333333,24
neutrals,control,p2s-735-r1,0.021500000000000002,0.041666666666666664,24
neutrals,control,p2s-736-r1,-0.0286,-0.08333333333333333,24
neutrals,control,p2s-737-r1,-0.0175,0.08333333333333333,24
neutrals,control,p2s-738-r1,0.035199999999999995,-0.041666666666666664,24
neutrals,control,p2s-739-r1,0.0119,0.041666666666666664,24
neutrals,control,p2s-740-r1,0.0175,-0.16666666666666666,24
neutrals,control,p2s-741-r1,-0.0647,0.0,24
neutrals,control,p2s-742-r1,-0.0031999999999999997,0.0,24
neutrals,control,p2s-743-r1,-0.0207,0.0,24
neutrals,control,p2s-744-r1,-0.0398,-0.041666666666666664,24
neutrals,control,p2s-745-r1,0.0286,0.0,24
neutrals,control,p2s-746-r1,0.056999999999999995,-0.041666666666666664,24
neutrals,control,p2s-747-r1,-0.0138,0.08333333333333333,24
neutrals,control,p2s-748-r1,0.1055,0.041666666666666664,24
neutrals,control,p2s-749-r1,-0.0229,0.041666666666666664,24
neutrals,control,p2s-750-r1,-0.0813,0.0,24
neutrals,control,p2s-751-r1,-0.0933,0.0,24
neutrals,control,p2s-752-r1,-0.0629,0.0,24
neutrals,control,p2s-753-r1,-0.0503,0.0,24
neutrals,control,p2s-754-r1,-0.062,0.0,24
neutrals,control,p2s-755-r1,0.0857,0.08333333333333333,24
neutrals,control,p2s-756-r1,0.0567,0.041666666666666664,24
neutrals,control,p2s-757-r1,-0.0102,0.0,24
neutrals,control,p2s-758-r1,0.007199999999999998,0.0,24
neutrals,control,p2s-759-r1,-0.012699999999999996,0.0,24
neutrals,control,p2s-760-r1,-0.0189,0.0,24
neutrals,control,p2s-761-r1,0.0988,0.0,24
neutrals,control,p2s-762-r1,0.027,0.0,24
neutrals,control,p2s-763-r1,-0.065,0.0,24
neutrals,control,p2s-764-r1,0.037599999999999995,0.0,24
neutrals,control,p2s-765-r1,-0.0686,0.041666666666666664,24
neutrals,control,p2s-766-r1,0.0395,-0.041666666666666664,24
neutrals,control,p2s-767-r1,0.049,0.041666666666666664,24
