{
  "clogit": {
    "overall": {
      "OR": 1.6999992986600334,
      "lo": 0.9785417577581461,
      "hi": 2.9533717825855823,
      "p": 0.05970195306723862,
      "n": 54
    },
    "control": null,
    "grab": {
      "OR": 1.6999992986600334,
      "lo": 0.9785417577581461,
      "hi": 2.9533717825855823,
      "p": 0.05970195306723862,
      "n": 54
    },
    "scale:individual": {
      "OR": 1.874996573382813,
      "lo": 0.7949625300599992,
      "hi": 4.422362082816598,
      "p": 0.15104799290554385,
      "n": 23
    },
    "scale:group": {
      "OR": 1.571428414527961,
      "lo": 0.6091776284866359,
      "hi": 4.053640755194007,
      "p": 0.3498753525144217,
      "n": 18
    },
    "scale:society": {
      "OR": 1.5999997741026533,
      "lo": 0.5234321667811753,
      "hi": 4.890794719153682,
      "p": 0.40968919525375747,
      "n": 13
    },
    "lang:en": {
      "OR": 1.6999992986600336,
      "lo": 0.7784347476183171,
      "hi": 3.712575298426468,
      "p": 0.18303316032708172,
      "n": 27
    },
    "lang:es": {
      "OR": 1.599999774102654,
      "lo": 0.523432127610065,
      "hi": 4.8907950851569355,
      "p": 0.40968922661690876,
      "n": 13
    },
    "lang:zh": {
      "OR": 1.79999817336996,
      "lo": 0.6032461784260413,
      "hi": 5.3709307079057105,
      "p": 0.2919710804010829,
      "n": 14
    },
    "mode:positive": null,
    "mode:positive+negative": {
      "OR": 1.9999914305017428,
      "lo": 0.6022490850711076,
      "hi": 6.641713239976332,
      "p": 0.2576771403837508,
      "n": 12
    },
    "mode:negative": {
      "OR": 1.6249996942123202,
      "lo": 0.8717435023814568,
      "hi": 3.0291295535629374,
      "p": 0.12651713974234943,
      "n": 42
    }
  },
  "gee_main": {
    "OR": 1.223202607859248,
    "lo": 0.9944362342091448,
    "hi": 1.5045958387302556,
    "p": 0.05650116504641163
  },
  "gee_interactions": {
    "ai:C(scale)[T.individual]": {
      "coef": -0.030267509425705694,
      "OR": 0.9701859649412224,
      "p": 0.9222337295748027
    },
    "ai:C(scale)[T.society]": {
      "coef": -0.13163455532737986,
      "OR": 0.8766613077521388,
      "p": 0.6726534661743524
    },
    "ai:C(lang)[T.es]": {
      "coef": -0.002809723182244611,
      "OR": 0.9971942203956171,
      "p": 0.9922461009210893
    },
    "ai:C(lang)[T.zh]": {
      "coef": -0.016008078435786458,
      "OR": 0.9841193698780369,
      "p": 0.9453913498754122
    },
    "ai:C(mode)[T.positive]": {
      "coef": -0.19843768044158647,
      "OR": 0.8200108718635174,
      "p": 0.1318891178577402
    },
    "ai:C(mode)[T.positive+negative]": {
      "coef": 0.05984988998587163,
      "OR": 1.0616771662089473,
      "p": 0.8144347628203387
    }
  },
  "joint": {
    "scale": [
      0.289958408284843,
      0.8650402821781995,
      2
    ],
    "lang": [
      0.004922985321906833,
      0.9975415343279602,
      2
    ],
    "mode": [
      3.47657215196529,
      0.1758214871932028,
      2
    ]
  }
}