{
  "clogit": {
    "overall": {
      "OR": 1.6478869253160626,
      "lo": 1.2270847641674694,
      "hi": 2.2129940798914673,
      "p": 0.0008993070351369916,
      "n": 188
    },
    "control": {
      "OR": 2.714022426716527,
      "lo": 1.1409607483603992,
      "hi": 6.455890567055309,
      "p": 0.023931610079008413,
      "n": 26
    },
    "grab": {
      "OR": 1.5312499094448464,
      "lo": 1.117495628804205,
      "hi": 2.0981972767838597,
      "p": 0.008020834456364647,
      "n": 162
    },
    "scale:individual": {
      "OR": 1.407355297385546,
      "lo": 0.8593243145772121,
      "hi": 2.304891063222898,
      "p": 0.17458359701960469,
      "n": 65
    },
    "scale:group": {
      "OR": 1.2307654146140166,
      "lo": 0.7335556525356642,
      "hi": 2.0649878445812484,
      "p": 0.4316252875634685,
      "n": 58
    },
    "scale:society": {
      "OR": 2.61092938837136,
      "lo": 1.5165527718660141,
      "hi": 4.495031361601385,
      "p": 0.0005354390707489572,
      "n": 65
    },
    "lang:en": {
      "OR": 1.736841089464799,
      "lo": 0.9877065570020145,
      "hi": 3.054163150652363,
      "p": 0.05523647866962001,
      "n": 52
    },
    "lang:es": {
      "OR": 2.785713673849257,
      "lo": 1.5126421145604245,
      "hi": 5.130229152006552,
      "p": 0.0010079253431549634,
      "n": 53
    },
    "lang:zh": {
      "OR": 1.1842092089197613,
      "lo": 0.7689486164952402,
      "hi": 1.8237258256372035,
      "p": 0.44282563376943873,
      "n": 83
    },
    "mode:positive": {
      "OR": 2.714022426716527,
      "lo": 1.1409607483603992,
      "hi": 6.455890567055309,
      "p": 0.023931610079008413,
      "n": 26
    },
    "mode:positive+negative": {
      "OR": 1.2618978682785325,
      "lo": 0.8417412518590217,
      "hi": 1.8917763938134804,
      "p": 0.26016150791610104,
      "n": 95
    },
    "mode:negative": {
      "OR": 2.0454429843539716,
      "lo": 1.2284275885386997,
      "hi": 3.405847476300861,
      "p": 0.005944917227119485,
      "n": 67
    }
  },
  "gee_main": {
    "OR": 1.3000630625850067,
    "lo": 1.116319277430178,
    "hi": 1.5140506850233277,
    "p": 0.0007372586217638997
  },
  "gee_interactions": {
    "ai:C(scale)[T.individual]": {
      "coef": 0.06677892274709848,
      "OR": 1.0690591073968092,
      "p": 0.7238118301764955
    },
    "ai:C(scale)[T.society]": {
      "coef": 0.38794397044887746,
      "OR": 1.473947197374662,
      "p": 0.04485981910884209
    },
    "ai:C(lang)[T.es]": {
      "coef": 0.21403772772564839,
      "OR": 1.2386693860906814,
      "p": 0.2277561795025047
    },
    "ai:C(lang)[T.zh]": {
      "coef": -0.13418002582299507,
      "OR": 0.8744326299787446,
      "p": 0.48549193316813066
    },
    "ai:C(mode)[T.positive]": {
      "coef": 0.4046226974042979,
      "OR": 1.4987369160366217,
      "p": 0.2107342984498991
    },
    "ai:C(mode)[T.positive+negative]": {
      "coef": -0.18375903557260842,
      "OR": 0.8321362949159076,
      "p": 0.25640463773532074
    }
  },
  "joint": {
    "scale": [
      4.578070837695726,
      0.10136418869949068,
      2
    ],
    "lang": [
      3.302064314893757,
      0.19185178514229995,
      2
    ],
    "mode": [
      3.772124800425224,
      0.1516678418583668,
      2
    ]
  }
}