block,contrast,mode,sample,bloc,n_models,n_pairs,n_boundary_models,pp,pp_lo,pp_hi,negative_rate,positive_rate,pp_median,n_positive,n_negative,n_zero,signed_rank_correlation,magnitude_rank_correlation,logit_a025,logit_a025_lo,logit_a025_hi,or_a025,or_a025_lo,or_a025_hi,logit_a05,logit_a05_lo,logit_a05_hi,or_a05,or_a05_lo,or_a05_hi,logit_a1,logit_a1_lo,logit_a1_hi,or_a1,or_a1_lo,or_a1_hi,logit_median,logit_of_mean_rates_a05,pp_leave_one_min,pp_leave_one_max,pp_without_nova,pp_without_lightning,logit_a05_leave_one_min,logit_a05_leave_one_max,logit_a05_without_nova,logit_a05_without_lightning,label
language,es,he,full,all,24,4608,1,0.17361111111111108,-0.5864800347222221,0.9554036458333258,3.081597222222222,3.2552083333333335,0.2604166666666667,12,7,5,0.9561142541273036,0.8440893167681213,0.12608718725378076,-0.19407154817498512,0.5624735068756644,1.1343810675416048,0.8235989751568746,1.7550081606949743,0.11261052509958841,-0.18076589589166006,0.4593522183588764,1.1191959493208543,0.8346307263086925,1.5830481832324659,0.09332469283713335,-0.16348756160823658,0.35903290914739805,1.0978181310890054,0.84917706133286,1.4319439248499497,0.06528428076045723,0.052431842369840886,0.0,0.47554347826086957,0.04528985507246379,0.11322463768115944,0.06858447831316289,0.199907977395324,0.09640166008686392,0.06905437008649463,es
language,es,he,full,US,12,2304,1,0.8246527777777778,-0.17361111111111116,1.909722222222222,2.690972222222222,3.515625,0.2604166666666667,6,2,4,0.9200060827049525,0.8472783291314385,0.33927979709327455,-0.07856240806919217,1.052435629354039,1.403936107505313,0.9244443653433513,2.8646197801038227,0.31510889249622104,-0.061797729033303966,0.8609077006364559,1.3704085300381086,0.9400730170394476,2.3653067099943494,0.27834836057478424,-0.04908571859904033,0.6835023247517632,1.3209462826729153,0.9520995135640948,1.980803013281661,0.12830272295766076,0.25488829110619005,0.5208333333333334,0.9943181818181818,0.615530303030303,0.7575757575757577,0.24244587450490068,0.36212008731882556,0.2996265717784001,0.24244587450490068,es
language,es,he,full,CN,12,2304,0,-0.47743055555555564,-1.388888888888889,0.39062500000000006,3.472222222222222,2.9947916666666665,0.2604166666666667,6,5,1,0.9752893731111885,0.833380492911953,-0.08710542258571292,-0.5178326751716545,0.2677748331504791,0.9165804622572266,0.5958104644438449,1.3070528019170233,-0.08988784229704423,-0.47500069902590447,0.20581102501657836,0.914033695442173,0.6218846217514079,1.228521022317913,-0.09169897490051755,-0.41625466615326695,0.15817517945817622,0.9123797574183282,0.6595122936374352,1.171371376938424,0.06528428076045723,-0.1417797920639594,-0.7575757575757577,0.09469696969696964,-0.4774305555555556,-0.4774305555555556,-0.20035124625017328,0.0742342518307091,-0.08988784229704423,-0.08988784229704423,es
language,es,he,drop_truncated,all,24,4588,1,0.16721488628961376,-0.5912020806467865,0.9563436008547361,3.075070445456209,3.242285331745823,0.2604166666666667,12,7,5,0.9487174760088096,0.8398882554333867,0.12601663269300376,-0.19571973451459335,0.5519440761537097,1.1343010346070082,0.8222426486231786,1.7366258712073614,0.112540165980682,-0.18247650321767647,0.4521949127291197,1.1191172064501487,0.833204221316546,1.5717582744180598,0.093254722172674,-0.16463694367007373,0.3589569428565386,1.0977413187122556,0.8482015931514444,1.4318351495129418,0.06534400944298802,0.05063279738472737,-0.006674321552866827,0.4767403882045539,0.038615533519596956,0.10583521315346421,0.06851106010213012,0.19992047483319517,0.09632824187583115,0.06897364823607166,es
language,es,he,drop_truncated,US,12,2294,1,0.8260233918128654,-0.17551146914064433,1.9138768807463178,2.652683455951707,3.4787068477645726,0.2604166666666667,6,2,4,0.9200060827049525,0.8472783291314385,0.3392938328458784,-0.06708704291863102,1.0181764131966364,1.4039558129434795,0.9351138027595988,2.7681422108743203,0.3151228911383856,-0.04969046660980851,0.8414168662127786,1.3704277140310144,0.9515239073431146,2.319651285050158,0.2783622854362643,-0.038081659659339094,0.6725943341427164,1.3209646767949916,0.962634329290147,1.9593138474959895,0.12830272295766076,0.2580450088352002,0.522328548644338,0.9958133971291865,0.6170255183413078,0.7575757575757577,0.24244587450490068,0.36213535856482326,0.2996418430243978,0.24244587450490068,es
language,es,he,drop_truncated,CN,12,2294,0,-0.4915936192336381,-1.4073939964021138,0.38694365226816124,3.4974574349607117,3.0058638157270736,0.2604166666666667,6,5,1,0.9595796893085182,0.8183536065526446,-0.0872605674598708,-0.5180136711940666,0.26765262424317315,0.9164382705271983,0.5957026348783248,1.3068930781823402,-0.0900425591770216,-0.4751139934322668,0.2057008384475427,0.9138922899398112,0.6218141696933481,1.2283856632589878,-0.09185284109091629,-0.4163646584528964,0.15797383906927975,0.9122393838205096,0.6594397563529687,1.1711355563107542,0.06534400944298802,-0.14520460746547448,-0.7730263724973021,0.09570438426821398,-0.4915936192336381,-0.4915936192336381,-0.2005200283010577,0.07424511159116925,-0.0900425591770216,-0.0900425591770216,es
language,pt,he,full,all,24,4608,1,-0.3472222222222221,-1.0416666666666667,0.36892361111111116,3.081597222222222,2.734375,0.2604166666666667,12,9,3,0.9705119614235618,0.8862907819328847,-0.04323906435547148,-0.5307205729905613,0.46893478560984597,0.9576824149689481,0.5881809896077337,1.5982907637984178,-0.046249355464297925,-0.4441252020977687,0.3561074156859051,0.9548038469477108,0.6413851130384429,1.4277609039441004,-0.04916820239693596,-0.35620578249733464,0.2570630352173254,0.9520209840189935,0.7003284900603881,1.293126636708902,0.04445324243551063,-0.11326557284299898,-0.4755434782608696,-0.1358695652173914,-0.18115942028985507,-0.45289855072463764,-0.10566854254276724,0.016000087638712263,0.016000087638712263,-0.10566854254276724,pt
language,pt,he,full,US,12,2304,1,0.34722222222222215,-0.43402777777777785,1.171875,2.690972222222222,3.0381944444444446,0.5208333333333334,7,2,3,0.9696273392115726,0.9195358899534102,0.24813265131791162,-0.14089780821127895,0.8929502425119882,1.281629930817899,0.868578068708957,2.442324482338918,0.22621268361670213,-0.11970647294888298,0.7169661917791126,1.2538423086388202,0.8871808100689642,2.0482098992201268,0.1935795413135024,-0.09759451474550485,0.5564289100559031,1.2135859129300939,0.9070166110603045,1.7444318409449082,0.1727559653931714,0.11479070127472069,0.14204545454545459,0.7575757575757577,0.7575757575757577,0.18939393939393936,0.1267418414599936,0.3811398863849052,0.3811398863849052,0.1267418414599936,pt
language,pt,he,full,CN,12,2304,0,-1.0416666666666665,-1.953125,-0.17361111111111113,3.472222222222222,2.430555555555556,-0.78125,5,7,0,0.9252124456154485,0.856729001883789,-0.33461078002885464,-1.0638350616047187,0.1322662333430327,0.7156165644129849,0.34512967548390994,1.141412160794414,-0.318711394545298,-0.8839535624387028,0.08721923837010298,0.7270853598295319,0.413146278938414,1.091135872347433,-0.2919159461073743,-0.7108295992822177,0.04316261665720584,0.746831307413751,0.49123649892423443,1.0441076703451913,-0.16692499153572093,-0.3379177413539729,-1.2784090909090908,-0.662878787878788,-1.0416666666666667,-1.0416666666666667,-0.4208061312785578,-0.2276495261093709,-0.318711394545298,-0.318711394545298,pt
language,pt,he,drop_truncated,all,24,4587,1,-0.44033940325155224,-1.1129437710669128,0.2791396532210501,3.0756366418675927,2.6352972386160403,0.0,11,9,4,0.9653498974474415,0.8876837039635376,-0.08676243597045936,-0.6035796904908397,0.39324561518028817,0.9168948910069276,0.5468505723936973,1.481782292862328,-0.08701553786975912,-0.5035722774805497,0.29371723578608333,0.9166628525344832,0.6043678293108676,1.3414045488327184,-0.08542276888865165,-0.40372228436325736,0.21296232687001387,0.9181240480566747,0.66782956222992,1.2373380359688688,0.0,-0.1460147151924791,-0.5727092323784315,-0.2294408863926942,-0.276418233141208,-0.5277750567960656,-0.13925471942167905,-0.02651831106390288,-0.02651831106390288,-0.13925471942167905,pt
language,pt,he,drop_truncated,US,12,2292,1,0.2140406371513426,-0.5322257697381835,1.002392293183098,2.6567703671647993,2.870811004316142,0.2604166666666667,6,2,4,0.9689618703862227,0.9397101912802235,0.17616807372826473,-0.21241557983598564,0.7599405940729992,1.1926384930043143,0.8086285779972622,2.1381491979887386,0.15915331947771663,-0.18549223161472286,0.6080886778915039,1.1725177027021076,0.830695288716908,1.8369171011072514,0.13446635413711147,-0.14985659564213116,0.4728616345362824,1.1439261699718313,0.8608314145503007,1.6045793492499827,0.04445324243551063,0.07297476849437778,-0.0032435473500504615,0.6162739965095987,0.6162739965095986,0.09070972886762363,0.07230492690074546,0.3080265080124593,0.3080265080124593,0.07230492690074546,pt
language,pt,he,drop_truncated,CN,12,2295,0,-1.0947194436544472,-2.0079841584914315,-0.22258286934415453,3.494502916570386,2.399783472915938,-1.0471491228070176,5,7,0,0.90569996954725,0.823687767580373,-0.3496929456691835,-1.1020748573019588,0.12039569611150755,0.7049045004717656,0.3321811397146329,1.1279430859800688,-0.33318439521723486,-0.9155659364270932,0.07480891716880508,0.7166380373449565,0.4002900232699011,1.0776782054063296,-0.30531189191441477,-0.7349975690459369,0.034958398630598034,0.7368935074199172,0.4795066246320547,1.035576626497705,-0.25330475289578946,-0.35579564573400946,-1.3362848476230336,-0.713238912077098,-1.0947194436544474,-1.0947194436544474,-0.4365948592843072,-0.2434382541151202,-0.33318439521723486,-0.33318439521723486,pt
language,fr,he,full,all,24,4608,1,0.6727430555555557,-0.021701388888888895,1.4322916666666667,3.081597222222222,3.754340277777778,1.0416666666666667,18,5,1,0.7580073189770715,0.6561398382700925,0.20190053611724412,-0.06458580731589755,0.6066106457096073,1.223726285490171,0.9374556702559194,1.8342040839735556,0.18849618781831826,-0.049850942070806786,0.5015733521686545,1.2074324800258591,0.9513712233567772,1.6513173316103904,0.168547307098775,-0.03559466284612282,0.41052393116931524,1.1835842174559552,0.9650313772892426,1.5076074607667331,0.4503453481786268,0.1903500293126994,0.5208333333333334,0.996376811594203,0.8831521739130435,0.6793478260869567,0.15187849219568064,0.2790930167539986,0.26095195889013784,0.17425422912259572,fr
language,fr,he,full,US,12,2304,1,0.607638888888889,-0.17361111111111113,1.4756944444444444,2.690972222222222,3.298611111111111,1.0416666666666667,9,2,1,0.6489661199118091,0.5449744219011864,0.24682272922917656,-0.11216975756031142,0.8427630863359421,1.2799521945537342,0.8938924996097827,2.3227761491943766,0.22724674870177694,-0.09140334445001841,0.6738878911522947,1.2551395337843958,0.9126495245307618,1.9618499716143079,0.19816673187238884,-0.06689009596863835,0.5269974126608316,1.219165650648161,0.9352979887077834,1.6938387667075632,0.3540264495515255,0.1934587734725821,0.37878787878787884,1.0416666666666667,1.0416666666666667,0.6155303030303031,0.15420525429839457,0.3822679573868051,0.382267957386805,0.20099088605467158,fr
language,fr,he,full,CN,12,2304,0,0.7378472222222224,-0.3038194444444444,1.822916666666667,3.472222222222222,4.210069444444445,1.3020833333333335,9,3,0,0.759760004695736,0.48853307077945746,0.15697834300531174,-0.25195757112632466,0.551572032252924,1.169970275586495,0.777277716387364,1.7359798903181083,0.14974562693485957,-0.1988204294085718,0.4741266804386548,1.161538740976212,0.8196970736062053,1.606610500259536,0.13892788232516118,-0.1518499247213984,0.4159697845187574,1.1490412308336133,0.8591172033204753,1.5158400663415084,0.48805599588804505,0.188034216379243,0.42613636363636387,1.4204545454545459,0.7378472222222224,0.7378472222222224,0.07456501115527207,0.3356525819018769,0.14974562693485957,0.14974562693485957,fr
language,fr,he,drop_truncated,all,24,4587,1,0.6027978097122948,-0.10870055581561659,1.3822377253354032,3.076602012155915,3.6793998218682096,1.0416666666666667,17,5,2,0.7948502637474232,0.7069413902663414,0.17184794083054156,-0.12327313958027783,0.5759136806113107,1.1874972496390452,0.8840221681375182,1.778754998631393,0.16050020269331802,-0.09889829539024463,0.4786841555162947,1.1740980111224137,0.9058348309167888,1.6139492980654075,0.14384983511170726,-0.0758205763478265,0.3894458075989591,1.15471069850214,0.9269825142273751,1.4761624891202738,0.41381739554951835,0.17223413074344363,0.4671192685989533,0.9328867280401318,0.8101658304244236,0.6061231149400604,0.12266529032611521,0.24998349363327244,0.23173875702057242,0.1450386184017055,fr
language,fr,he,drop_truncated,US,12,2295,1,0.5219791376589623,-0.26110651847769517,1.394013895318184,2.651016578088247,3.172995715747209,0.7853835978835979,8,2,2,0.7385343441312985,0.6466592582585053,0.19295474759057926,-0.19224495890766535,0.7620760350252108,1.212827908892208,0.8251047269818804,2.142719967915771,0.17739673956857907,-0.15657185593862982,0.619714825543876,1.194104747764624,0.8550700736326404,1.8583979986340193,0.15473239540632686,-0.11875518444342804,0.4882564650335716,1.1673455322764537,0.8880251765302217,1.629472699158925,0.22920025170130165,0.17021659265045797,0.2853408774461407,0.9482196653249285,0.9482196653249286,0.5215848965848966,0.09982342615308783,0.3278861292414983,0.3278861292414983,0.1466040212202312,fr
language,fr,he,drop_truncated,CN,12,2292,0,0.6836164817656273,-0.36996102325692104,1.7936374223461928,3.5021874462235836,4.18580392798921,1.3020833333333335,9,3,0,0.7548794396587319,0.49737383641065974,0.15074113407050382,-0.25901822222980764,0.5481154185630429,1.1626956368346784,0.7718089588353477,1.7299896374233403,0.14360366581805697,-0.20670280380796416,0.467929809198061,1.1544264791695908,0.8132613122403695,1.5966853261302416,0.13296727481708762,-0.1601716329072208,0.40903201541312584,1.1422126186023998,0.8519975456007869,1.5053599144336447,0.48805599588804505,0.1739973121475189,0.40727213871530715,1.3811495539104988,0.6836164817656273,0.6836164817656273,0.06786468993694199,0.3291690435220288,0.14360366581805697,0.14360366581805697,fr
language,de,he,full,all,24,4608,2,-0.3255208333333333,-0.8897569444444446,0.23871527777777776,3.081597222222222,2.7560763888888893,0.0,10,11,3,0.9489471524574624,0.8448693458462602,-0.16913583877948893,-0.42640211749124723,0.07959299134007204,0.8443941941184907,0.6528537654125712,1.082846250171583,-0.14206023850746594,-0.35673845808448623,0.06524732773900135,0.867568993850505,0.6999555415098587,1.0674229950551375,-0.11574637959234711,-0.29327939415669196,0.05535077011264989,0.8907010946281888,0.7458137355852887,1.056911282551729,0.0,-0.10582278119439747,-0.47554347826086957,-0.06793478260869565,-0.36231884057971014,-0.407608695652174,-0.1966890354165186,-0.018135880816501217,-0.15243095746532825,-0.19668903541651855,de
language,de,he,full,US,12,2304,1,0.21701388888888884,-0.4774305555555556,0.954861111111111,2.690972222222222,2.907986111111111,0.0,5,5,2,0.8821484831077558,0.7278602642426104,0.12135404350101857,-0.14322334650313562,0.5232089290898942,1.1290245654257647,0.8665605040219461,1.687433826534016,0.11228773374813346,-0.11600548232209937,0.42088576540565165,1.118834740848452,0.890470341438859,1.5233102537402217,0.09858145338411521,-0.09931978902759696,0.3308497510696657,1.1036042930378667,0.9054531077516593,1.3921506074540533,0.0,0.07317841246565804,-4.0371746350005693e-17,0.3314393939393939,0.18939393939393936,0.09469696969696967,0.02118642859789603,0.15356256469482632,0.11372604613220312,0.02118642859789603,de
language,de,he,full,CN,12,2304,1,-0.8680555555555557,-1.6927083333333333,-0.08680555555555547,3.472222222222222,2.6041666666666665,-0.5208333333333334,5,6,1,0.9649182205059428,0.8803035190049984,-0.4596257210599964,-0.8967551052666782,-0.14270967448649619,0.6315199659027227,0.407891078260746,0.8670057462480331,-0.3964082107630653,-0.7451794638287474,-0.1141539923088692,0.6727320234264416,0.47464910994929704,0.8921205655984701,-0.3300742125688094,-0.6085205682564588,-0.08892932089561183,0.7188703822345793,0.5441553145124223,0.9149102363253715,-0.16043944583340752,-0.273621184971383,-1.231060606060606,-0.37878787878787873,-0.8680555555555555,-0.8680555555555555,-0.5212391754242823,-0.16041618761428447,-0.3964082107630653,-0.3964082107630653,de
language,de,he,drop_truncated,all,24,4593,2,-0.36924746047594525,-0.9365317385541658,0.1785981129003494,3.068753329617305,2.6995058691413605,0.0,9,11,4,0.9500482909416994,0.870461316843362,-0.19607868720637592,-0.4737526578175168,0.03207713426878673,0.821947555376583,0.6226612439136412,1.0325971508595608,-0.16699407799666086,-0.39474497982558665,0.02710760190281674,0.8462046225489503,0.6738518631583261,1.027478355441692,-0.13747233763775388,-0.3199968792940789,0.027015343084967832,0.8715584590295122,0.7261513031748265,1.0273835658759074,0.0,-0.12132091454858385,-0.5240621049184702,-0.11070215555384669,-0.4079466254241747,-0.43082867262047186,-0.21672131619261661,-0.0441538002834872,-0.17844887693231423,-0.2115526052167719,de
language,de,he,drop_truncated,US,12,2295,1,0.12950231060217202,-0.5660640825245739,0.8260140630262393,2.6519671233381326,2.781469433940304,0.0,4,5,3,0.8841368770078567,0.836102541439782,0.06746704551838549,-0.2161068842068609,0.4047924907693897,1.0697950044771918,0.8056491860970894,1.4989914132263387,0.062418758954552477,-0.17953319648476487,0.3291110874141459,1.0644079817879377,0.8356602095012877,1.3897322287726426,0.055128252018946965,-0.1437327605063541,0.2665500923270453,1.0566761268320939,0.8661191783848348,1.3054529808751785,0.0,0.04482001862470497,-0.09546717631278204,0.23597221762661189,0.09392676308115733,0.04608248257980876,-0.009893358237387644,0.0991729784220682,0.059323528175569316,-0.009893358237387644,de
language,de,he,drop_truncated,CN,12,2298,1,-0.8679972315540626,-1.6947534904013961,-0.07849180057034283,3.485539535896479,2.6175423043424164,-0.5208333333333334,5,6,1,0.9649182205059428,0.8752318487115212,-0.45962441993113723,-0.8968700023320461,-0.14278669173190311,0.6315207875921102,0.4078442154651145,0.866938974425029,-0.39640691494787417,-0.7451650899468785,-0.11417261102958054,0.672732895163382,0.4746559325485662,0.8921039556094472,-0.3300729272944547,-0.6085294502967324,-0.08883900803620884,0.7188713061808397,0.5441504813244681,0.9149928682162161,-0.16043944583340752,-0.2724754690371407,-1.237041467304625,-0.3727433913604127,-0.8679972315540625,-0.8679972315540625,-0.5212377618077102,-0.1604147739977123,-0.39640691494787417,-0.39640691494787417,de
language,zh,he,full,all,24,4608,1,0.737847222222222,0.021701388888888857,1.541341145833326,3.081597222222222,3.819444444444444,0.0,11,8,5,0.9536384281637187,0.8455546632327983,0.1485149489750548,-0.15109521547009652,0.5911991027631309,1.1601101401023468,0.8597658317539261,1.8061528803400155,0.1396560745451283,-0.11868688922193209,0.4831124653573923,1.1498782584398362,0.888085826477374,1.6211122137246643,0.12651806969133006,-0.08530265139662242,0.39031854490399753,1.1348699577406334,0.9182343374384083,1.477451353531046,0.0,0.20711100681549954,0.407608695652174,0.9510869565217392,0.9510869565217391,0.769927536231884,0.05097066182761839,0.20998836243115704,0.20998836243115704,0.14572807778622082,zh
language,zh,he,full,US,12,2304,1,0.17361111111111113,-0.5642361111111112,0.954861111111111,2.690972222222222,2.8645833333333335,0.0,5,3,4,0.9635293180817431,0.8910660093090754,-0.0065003677487220175,-0.47919512669020886,0.5951101053256806,0.9935207139374077,0.6192816345269839,1.8132305803130766,-0.009026259487716404,-0.40576954026870693,0.44587254979130847,0.991014354901919,0.6664637427828171,1.5618523954344434,-0.011388692383756838,-0.3208698609001684,0.3295148653050495,0.9886759132827413,0.7255176630622397,1.3902934852247448,0.0,0.058939358210943205,-0.331439393939394,0.5681818181818182,0.5681818181818183,0.18939393939393942,-0.0810717553067713,0.12451558481644867,0.12451558481644867,-0.009846828532054258,zh
language,zh,he,full,CN,12,2304,0,1.3020833333333337,0.2604166666666667,2.431640624999985,3.472222222222222,4.774305555555555,0.78125,6,5,1,0.8963217727768591,0.701388046266664,0.3035302656988317,-0.019922078000603496,0.759609853810542,1.3546325892235767,0.9802750553230662,2.1374421428940624,0.2883384085779731,0.004840453602021224,0.6577544476076388,1.3342087354158367,1.0048521875224177,1.9304525312980374,0.26442483176641696,0.019923035737470472,0.558803446620971,1.3026814992446416,1.0201228240044917,1.7485789799544995,0.15933734082430484,0.31278711996061404,0.662878787878788,1.609848484848485,1.3020833333333335,1.3020833333333335,0.1164218487170746,0.3689456141378624,0.2883384085779731,0.2883384085779731,zh
language,zh,he,drop_truncated,all,24,4558,1,0.7205277592239172,0.006170574590809264,1.5282683280672316,3.0804593324758613,3.8009870916997794,0.0,10,8,6,0.9580389627124793,0.855185134520276,0.13301991898800392,-0.16346931970273473,0.5553717687270298,1.142272751021513,0.8491925520818571,1.7425887043500268,0.12546339734187612,-0.12805353790744928,0.4568191860554355,1.133673672731228,0.879806274896805,1.5790433453795978,0.11435864218352924,-0.09620847850056037,0.3679591276436872,1.1211541459599657,0.9082746405938665,1.44478298608207,0.0,0.2025712478506212,0.38953621252350795,0.9330144733930732,0.9330144733930731,0.751855053103218,0.036132938117484685,0.19517861230602426,0.19517861230602432,0.13091832766108813,zh
language,zh,he,drop_truncated,US,12,2262,1,0.1316233609263714,-0.5973432525525376,0.8947103496776553,2.674922257710216,2.806545618636587,0.0,4,3,5,0.9774436090225563,0.9172932330827067,-0.03756895870080849,-0.5190796263344297,0.5224121255036976,0.9631279993752375,0.5950679809089732,1.6860898087397727,-0.03748993218135118,-0.43052751732813876,0.3967027090808743,0.9632041150363583,0.6501660303978818,1.4869138183609463,-0.03578544288912663,-0.33982958983852773,0.2866030596005458,0.9648472861226021,0.7118916259936009,1.331895425431748,0.0,0.04513577462976137,-0.3772442123227464,0.5223769997984657,0.5223769997984657,0.14358912101058696,-0.11212303460891833,0.09346430551430164,0.09346430551430164,-0.04089810783420129,zh
language,zh,he,drop_truncated,CN,12,2296,0,1.3094321575214634,0.267614243488017,2.4646108815768435,3.485996407241508,4.795428564762971,0.78125,6,5,1,0.8877247628654674,0.6466592582585053,0.30360879667681634,-0.01993822218953872,0.7598372431757272,1.3547389740228148,0.9802592297051108,2.1379282297694537,0.28841672686510333,0.004974830126179942,0.6578265678715078,1.3343132324506297,1.0049872251394099,1.9305917610645646,0.2645027272561851,0.0199737413366317,0.558866115939421,1.302782976210285,1.0201745512549203,1.7486885656412234,0.15933734082430484,0.3133032357223344,0.6708956869931115,1.6178653839628085,1.3094321575214634,1.3094321575214634,0.11644879662530562,0.36903105226927724,0.28841672686510333,0.28841672686510333,zh
language,hi,he,full,all,24,4608,1,2.1267361111111107,1.2803819444444444,3.0815972222222228,3.081597222222222,5.208333333333333,1.0416666666666667,16,5,3,0.9121329100328376,0.8371024724723821,0.3559880037751104,0.0312679578172934,0.8771900053242419,1.4275904224653646,1.0317619355250691,2.4041346004856936,0.33928844523412494,0.050841204424910844,0.7491690577059837,1.4039482489950164,1.0521558023311885,2.1152416424173563,0.312930259438091,0.06643705346852286,0.6301740752961739,1.36742616263317,1.06869369139682,1.8779374533315523,0.2140991205324967,0.5146042788860026,0.6567028985507248,2.4682971014492754,2.4003623188405796,0.6567028985507245,0.16721731762056627,0.4183004014109798,0.4183004014109795,0.16721731762056624,hi
language,hi,he,full,US,12,2304,1,3.6458333333333326,2.560763888888889,4.774305555555556,2.690972222222222,6.3368055555555545,1.0416666666666667,8,2,2,0.9168270835647454,0.8596924893086187,0.5199653752486763,0.0930728628667821,1.2636790539320744,1.6819694109180534,1.0975417023895788,3.538415591498909,0.5005827550005002,0.13826393939132778,1.070379217882649,1.6496823512751164,1.148278586231981,2.916485273669424,0.46894404480293783,0.17426586012071676,0.8871334526693732,1.59830556274973,1.1903719961979966,2.4281592321794347,0.27172256237540227,0.8424553867173796,0.710227272727272,4.3560606060606055,4.3560606060606055,0.7102272727272728,0.15546078906000219,0.6804526915308667,0.6804526915308667,0.15546078906000219,hi
language,hi,he,full,CN,12,2304,0,0.6076388888888887,-0.390625,1.7361111111111107,3.472222222222222,4.079861111111112,0.78125,8,3,1,0.9279451940565888,0.8206052020952354,0.1920106323015446,-0.20043211861726634,0.662090501247612,1.211683399879697,0.818377040705403,1.9388412508488648,0.17799413546774992,-0.1826531666966693,0.566469860851383,1.1948183141637179,0.8330570375614766,1.7620358277047374,0.15691647407324416,-0.16338179021956575,0.4753750591729782,1.1698978930141328,0.849266884720153,1.6086174110741527,0.2140991205324967,0.15712070632157404,0.18939393939393928,1.183712121212121,0.6076388888888887,0.6076388888888887,0.07413978893386391,0.31207451370313827,0.17799413546774992,0.17799413546774992,hi
language,hi,he,drop_truncated,all,24,4512,1,1.8580570799963505,0.9812187081081389,2.8460520485187706,3.1458643475745127,5.003921427570863,1.0416666666666667,15,5,4,0.9345330369984008,0.8763741398824592,0.31580925372786156,-0.02477081668528872,0.828022474698969,1.3713686472192372,0.9755334624028715,2.288788125610989,0.3011625407496605,0.00020878783270761344,0.7068114755453853,1.3514289859674389,1.0002088096304043,2.027516156275073,0.2780989293121301,0.02391581558889896,0.5945349824447564,1.3206168384622807,1.024204092242892,1.812188049738277,0.20598985693975091,0.45396060703174923,0.5658444587604946,2.255047704027813,2.1219085319870383,0.5658444587604942,0.1407016974621656,0.3822909978696758,0.3785370753215784,0.1407016974621656,hi
language,hi,he,drop_truncated,US,12,2272,1,3.2383630447085454,2.141862204392944,4.412886041802517,2.6623575253845484,5.900720570093093,1.0416666666666667,7,2,3,0.966253744458459,0.9271773062634479,0.4633577099399077,0.03423526286221559,1.1727390618475453,1.5894017855583389,1.0348280346975587,3.230829973115621,0.44666490303861345,0.08081030232386612,0.9963041740861155,1.5630904246652457,1.084165213437037,2.70825407386802,0.41926098172114584,0.1195274786707904,0.8246254406895616,1.520837213715099,1.126964211120287,2.281026225691219,0.186566406968534,0.7784956199064772,0.661946288007409,3.91553480475382,3.91553480475382,0.6619462880074086,0.12438335455466554,0.6216755082607104,0.6216755082607102,0.12438335455466545,hi
language,hi,he,drop_truncated,CN,12,2240,0,0.47775111528415604,-0.5452931758784119,1.612173584527428,3.629371169764477,4.107122285048633,0.78125,8,3,1,0.9279451940565888,0.8576463157189685,0.1682607975158155,-0.24730780464980828,0.6362604274047626,1.1832451578096528,0.7809002917940374,1.8894020954437571,0.15566017846070743,-0.22425866807085268,0.5441194673222733,1.1684290782499784,0.7991084038040054,1.7230904767203117,0.1369368769031144,-0.1951203691241151,0.46343072567808075,1.1467557594608029,0.8227356201296104,1.5895178411398554,0.2140991205324967,0.12072136219589247,0.04769818637059449,1.1823400596488314,0.47775111528415604,0.47775111528415604,0.04977547219890844,0.31206491950356213,0.15566017846070743,0.15566017846070743,hi
language,sw,he,full,all,24,4607,1,6.57620255235602,5.708144156304536,7.444610329406631,3.081938081733566,9.658140634089587,1.5625,19,4,1,0.7590007902501936,0.6491453471778721,0.8441564470079913,0.5680426415664849,1.3420420251408312,2.3260148699597236,1.7648093041372785,3.826850056091955,0.7938707363623386,0.5493973259532177,1.181980791804012,2.211941720545134,1.7322087459664137,3.2608268291828213,0.7304121645233899,0.5169509526773719,1.01893354516994,2.075936058564924,1.6769068785010253,2.7702388534662377,0.6663544517784472,1.1577906283296988,3.510675127096137,6.952704112603384,5.095820054632369,3.510675127096138,0.5638669355411953,0.853087198129567,0.7114655337490454,0.5638669355411953,sw
language,sw,he,full,US,12,2303,1,11.720113438045376,10.290553496008538,13.065145189407856,2.6916539412449096,14.411767379290287,2.6123472949389184,11,0,1,0.47719591995930266,0.47719591995930266,1.386801439100518,0.9702061554411676,2.1112230589929037,4.0020288262656,2.6384883420182055,8.258335541983271,1.301998406477581,0.9333498323776578,1.851502662038868,3.676636745634912,2.5430135947558465,6.369383365784954,1.1995876659903764,0.893244440218135,1.6032251153134682,3.318748207816624,2.443043114304043,4.969032311987989,0.8206354195036556,1.7313881324023872,5.778002538473744,12.7855782960495,9.092396477867682,5.778002538473743,0.867274792952939,1.4203618979755426,1.1758900437511712,0.8672747929529391,sw
language,sw,he,full,CN,12,2304,0,1.432291666666667,0.2604166666666668,2.604166666666666,3.472222222222222,4.904513888888888,0.78125,8,4,0,0.9087775240401426,0.8100502229878042,0.3015114549154638,-0.03201538106386711,0.7705837639375422,1.3519006009565109,0.9684916855321656,2.161027415511948,0.28574306624709667,-0.02670661387654509,0.6745522219767052,1.330750496604543,0.9736468541010436,1.963153722036167,0.26123666305640303,-0.024268890054308687,0.5804637852348418,1.2985349443202445,0.9760232315308656,1.7868669611183396,0.24251780956885938,0.3396849889275759,0.6628787878787882,1.7518939393939397,1.432291666666667,1.432291666666667,0.20942792670707133,0.3633658799317337,0.28574306624709667,0.28574306624709667,sw
language,sw,he,drop_truncated,all,24,4351,2,5.851125447190778,4.5004096258169195,7.187054628606387,3.127495804566061,8.97862125175684,1.3368983957219251,19,4,1,0.7559930795704802,0.6344643526580659,0.8220124791210691,0.5521813287030065,1.245695726241008,2.275073771979889,1.737037939002615,3.475351851915992,0.7498636953709973,0.5084887015112654,1.0889109768956537,2.1167114793757387,1.662776343703767,2.9710367824411996,0.6685985202428983,0.4559149088544851,0.9324434615933933,1.9515004148974637,1.5776160978939964,2.540709725767064,0.575803124137243,1.0481444352359004,2.7681064066216066,6.196101915909217,4.888130901416463,2.7681064066216075,0.4852113216612935,0.8071668075299064,0.7090472861707834,0.48521132166129355,sw
language,sw,he,drop_truncated,US,12,2079,2,10.644614114863264,8.196281758864027,13.052349560685904,2.841425652162131,13.486039767025396,2.6123472949389184,11,0,1,0.47719591995930266,0.47719591995930266,1.413906465860223,1.0085500906329727,2.0211525452621624,4.111987407871941,2.741623026945097,7.547018203079778,1.2813981456684511,0.9296208304049572,1.7636689028214967,3.601671868837481,2.5335483509689825,5.833801830413185,1.13701689044754,0.8291444797549624,1.50693499516,3.117454771249919,2.2913575986713464,4.512877583444532,0.8206354195036556,1.566537506955345,4.634073272552499,11.612306307123562,9.066851761669016,4.634073272552498,0.7763554052115662,1.3978888861837648,1.244376058276863,0.7763554052115661,sw
language,sw,he,drop_truncated,CN,12,2272,0,1.0576367795182906,-0.07744017603033936,2.1735525795767905,3.413565956969991,4.471202736488282,0.5263741134751774,8,4,0,0.9438654593312679,0.8007366018809913,0.23011849238191517,-0.11829889100257833,0.6750477866891179,1.2587491532785338,0.8884304690527097,1.964126832845624,0.21832924507354376,-0.10603374296544635,0.5966938040572892,1.243996579945857,0.8993942993331336,1.8161044663674153,0.20018015003825662,-0.08802463613812007,0.5124153994047356,1.221622813734694,0.9157383161897851,1.6693184000032748,0.2426671446555011,0.26368712686009843,0.575750895575392,1.3431795170502563,1.0576367795182906,1.0576367795182906,0.1358855763359227,0.28982352956058505,0.21832924507354376,0.21832924507354376,sw
language,es,de,full,all,24,4607,0,-0.4997000436300177,-2.083333333333333,1.04155588732548,14.541293993600931,14.041593949970911,0.5208333333333334,14,8,2,0.947026921905541,0.8866162799978281,0.0034374665672336955,-0.19613250026016074,0.20642222238454724,1.0034433814308743,0.8219033250586721,1.2292721206445265,-0.00032998970860726823,-0.1829384420608443,0.17958194812802325,0.9996700647320081,0.8328194208064225,1.1967169687646806,-0.0056471417374078054,-0.17158164699386802,0.15621112530948095,0.9943687733950641,0.842331491378248,1.1690729979351282,0.0700113707775959,-0.040154853862731654,-1.2687087411791484,0.4070158965020109,-0.9969696107443662,-0.407608695652174,-0.04871281763611523,0.0832884544545289,-0.029137093989104294,0.023060005491811503,es
language,es,de,full,US,12,2303,0,1.7349749127399654,0.04340277777777768,3.4283706460878425,11.981893542757417,13.716868455497384,1.3020833333333335,8,4,0,0.8966738794730832,0.6830133066298876,0.24889492393824883,-0.042487288520093994,0.570565553102419,1.2826072546698495,0.958402648159521,1.7692673831942811,0.23880569087894532,-0.01278940184969879,0.506024607329446,1.2697317921437585,0.9872920350042221,1.6586841500354523,0.22327321853465273,0.012273403622798476,0.44684345169827444,1.2501620945345004,1.0123490309258047,1.5633695372823488,0.39905429916371693,0.1523841480047401,0.3301999048072349,3.0764120260193564,0.8983817229890529,2.1306818181818175,0.15938120344756979,0.33665062947128027,0.20031226198222907,0.30945165180596207,es
language,es,de,full,CN,12,2304,0,-2.734375,-5.034722222222222,-0.47743055555555575,17.10069444444444,14.366319444444443,0.2604166666666667,6,4,2,0.9912141845604473,0.9858903445580492,-0.24201999080378145,-0.4450436853460661,-0.05707089486423002,0.7850404838046925,0.6407962820135215,0.9445271048719706,-0.23946567029615987,-0.44054488553629917,-0.05598833188530766,0.787048292012958,0.6436855905423671,0.9455501686138453,-0.23456750200946838,-0.429974283124051,-0.05404870996064669,0.7909128438831557,0.6505258240001207,0.9473859582451242,0.013865332980951162,-0.20373360382738004,-3.2670454545454546,-1.0416666666666665,-2.734375,-2.734375,-0.27769594173451984,-0.08636671255392542,-0.23946567029615987,-0.23946567029615987,es
language,es,de,drop_truncated,all,24,4598,0,-0.5016460087767899,-2.0654555908308274,1.039599853180597,14.466936980767855,13.965290971991067,0.5208333333333334,13,8,3,0.965773410033313,0.9041720020010413,-0.0017486210904562594,-0.2171569592634036,0.21572152652914625,0.9982529068566728,0.8048036380046212,1.2407568130312172,-0.005147651313029957,-0.19497321750016136,0.1814805160485435,0.9948655751392034,0.8228566959202283,1.198991175396271,-0.009841003502971587,-0.17971494219888773,0.15226688454255696,0.9902072607194545,0.8355083456404688,1.1644709742679937,0.03539802612281617,-0.04048369520761952,-1.2707393135062153,0.40498532417494404,-0.9990001830714327,-0.43143922148873215,-0.053739942788556316,0.07826132930208782,-0.03416421914154536,0.014176606744220553,es
language,es,de,drop_truncated,US,12,2295,0,1.7297195444010451,0.038529165244089815,3.4269789837552693,11.865674790506043,13.595394334907091,1.3020833333333335,7,4,1,0.9020979020979022,0.6783216783216784,0.23833539930155143,-0.10003669017731129,0.5773341045503954,1.2691347883702908,0.9048042199996786,1.7812833800748744,0.2289848216244319,-0.04422487310121733,0.5026966758904561,1.2573229547449878,0.9567387884626756,1.6531733377939297,0.21470347818562177,-0.008538655535490523,0.437866795708596,1.239494305368952,0.9914976952478368,1.5493985071428664,0.39905429916371693,0.15310066289800828,0.32446677571023164,3.070678896922353,0.8926485938920493,2.0793669681104237,0.1486675278971915,0.3259873963575254,0.1895985864318507,0.2906748587384522,es
language,es,de,drop_truncated,CN,12,2303,0,-2.733011561954625,-5.033808599131993,-0.47743055555555564,17.068199171029665,14.335187609075042,0.2604166666666667,6,4,2,0.9912141845604473,0.9858903445580492,-0.24183264148246397,-0.44519774475342555,-0.05635816168125689,0.7851875743847699,0.6406975689221117,0.9452005406433326,-0.23928012425049175,-0.4406979589222872,-0.055724226655423204,0.7871943392601164,0.6435870669503734,0.9457999263382032,-0.23438548519156496,-0.4298311587192783,-0.053810201704756304,0.7910568164245528,0.650618936784667,0.9476119445664106,0.013865332980951162,-0.2039624912556397,-3.2670454545454546,-1.0401792797080758,-2.733011561954625,-2.733011561954625,-0.27749352786651826,-0.08616429868592385,-0.23928012425049175,-0.23928012425049175,es
language,pt,de,full,all,24,4606,0,-0.6700161794648051,-2.1252732557082608,0.7435779377066687,14.543793630017452,13.873777450552646,0.2604166666666667,12,10,2,0.9708196440503751,0.8814319106041323,-0.007193463336708145,-0.20132573443387358,0.1762372062265714,0.9928323476933647,0.8176460526977473,1.1927209459329682,-0.007653463275363158,-0.1786088821421695,0.15350020477129475,0.9923757498998609,0.836432979304554,1.165908025866584,-0.008523151353339744,-0.15708949762940244,0.1338793900321274,0.9915130677278746,0.8546275682534934,1.1432549233894025,0.01349685109882004,-0.05410177432716723,-1.4237849988618256,0.11607007360194273,-0.45005311480385435,-0.9267821913650502,-0.05369017473106706,0.04748788601949334,0.014309943350090035,-0.03603443759211578,pt
language,pt,de,full,US,12,2302,0,0.8301065299592789,-0.7739660714422398,2.399027306554453,11.986892815590458,12.816999345549737,1.5625,6,4,2,0.938490025807232,0.8274699183723666,0.20452965112618704,-0.06542602540407544,0.49955485569396774,1.2269478356915056,0.9366683338583662,1.6479875151399128,0.20010726011504643,-0.02349730603308525,0.4459675787690441,1.2215337729867353,0.9767766060691592,1.562000823723338,0.19185960289481974,0.0027468000681396348,0.39896800480650907,1.2115004138731567,1.0027505759798803,1.4902859358577227,0.2008611943333687,0.07502534973742603,-0.6095807551959386,2.6101162145010313,1.4264040932889102,0.4296069332064098,0.12273602010679366,0.29221246193776385,0.26491808518557663,0.1596525613973281,pt
language,pt,de,full,CN,12,2304,0,-2.170138888888889,-4.166666666666666,-0.2604166666666666,17.10069444444444,14.930555555555555,-0.2604166666666667,6,6,0,0.9772344233319931,0.9543918399186053,-0.2189165777996033,-0.4057100763911843,-0.0655141187910904,0.8033887358143228,0.6665033744795067,0.9365858232067017,-0.2154141866657727,-0.39166218460539776,-0.064201860520607,0.8062074506391936,0.6759324157722801,0.9378156724626654,-0.20890590560149924,-0.3752490064067031,-0.060534929009516285,0.811471586982116,0.6871181606629342,0.9412608911335894,-0.03887933030810742,-0.15929273480082884,-3.361742424242424,-0.9943181818181817,-2.170138888888889,-2.170138888888889,-0.30506608878082764,-0.1190059766302009,-0.2154141866657727,-0.2154141866657727,pt
language,pt,de,drop_truncated,all,24,4600,0,-0.624865820382836,-2.100195021663591,0.7835450219015133,14.485212684792744,13.86034686440991,0.5208333333333334,13,10,1,0.9647374357839714,0.8595093840692023,0.012145556432872434,-0.17640401315276205,0.1982864768286414,1.0122196132199976,0.8382792390748394,1.2193116483267308,0.010308700247221072,-0.1550026426965081,0.17333688948131395,1.0103620179521962,0.856412914241205,1.1892666890419978,0.0072656560566851935,-0.13949329731149174,0.1493598253335824,1.0072921149773069,0.869798853175638,1.1610907039022653,0.04758189586054651,-0.05055970371365692,-1.3766715806893361,0.16318349177443212,-0.40163553850100614,-0.9050819786649514,-0.03494704757706615,0.06623101317349425,0.033070135555898855,-0.021189770341845115,pt
language,pt,de,drop_truncated,US,12,2296,0,0.9204072481232171,-0.6866129184265588,2.4874335425517806,11.869730925141047,12.790138173264262,1.8270502645502646,7,4,1,0.9246949382066171,0.7986001739057147,0.2432076906653482,-0.01770261024998074,0.5354786846181682,1.2753334714715767,0.9824531604179847,1.7082657671167747,0.23603158716021486,0.01796867428410885,0.48087193666192324,1.2662143056493436,1.0181310822052212,1.6174841312204573,0.2234372177148696,0.03888756373664633,0.42493316138953574,1.2503671369060732,1.0396535823143287,1.5294881873817188,0.3717711158072725,0.08359558181506621,-0.5110708808352785,2.7086260888616915,1.52764084374032,0.47498010521570744,0.1619261950651592,0.3314026368961294,0.30414394161590425,0.19069141110243956,pt
language,pt,de,drop_truncated,CN,12,2304,0,-2.170138888888889,-4.166666666666666,-0.2604166666666666,17.10069444444444,14.930555555555555,-0.2604166666666667,6,6,0,0.9772344233319931,0.9543918399186053,-0.2189165777996033,-0.4057100763911843,-0.0655141187910904,0.8033887358143228,0.6665033744795067,0.9365858232067017,-0.2154141866657727,-0.39166218460539776,-0.064201860520607,0.8062074506391936,0.6759324157722801,0.9378156724626654,-0.20890590560149924,-0.3752490064067031,-0.060534929009516285,0.811471586982116,0.6871181606629342,0.9412608911335894,-0.03887933030810742,-0.15929273480082884,-3.361742424242424,-0.9943181818181817,-2.170138888888889,-2.170138888888889,-0.30506608878082764,-0.1190059766302009,-0.2154141866657727,-0.2154141866657727,pt
language,fr,de,full,all,24,4607,0,-0.06635398487492723,-1.3923268457602336,1.2568711596495055,14.541293993600931,14.474940008726003,1.0416666666666667,16,8,0,0.8745657871384421,0.7921472907750347,-0.05623021208397002,-0.2615120166962366,0.14162631159891645,0.9453214864091793,0.7698866238750589,1.1521460244767063,-0.05433889913735831,-0.2346108457183867,0.12172346651101756,0.947111076979586,0.790878563529995,1.129441730129463,-0.05096642602006662,-0.20616406865206743,0.1021634015815311,0.9503105757050313,0.81369956274008,1.1075644347229923,0.19998321618590897,-0.005266191814628174,-0.952391114652098,0.6780436679565977,0.31572482737688756,0.18115942028985516,-0.11059910499767821,0.03806986711051799,-0.016939103259525034,0.038069867110517984,fr
language,fr,de,full,US,12,2303,0,-1.0441663030831876,-2.5203265888598025,0.43107934300465384,11.981893542757417,10.93772723967423,0.78125,8,4,0,0.7719345764047543,0.5729429371083451,-0.11336472726483295,-0.4642868532051625,0.2371414735499476,0.8928249631175659,0.6285832174925663,1.2676204398539312,-0.11038905754550159,-0.4066921975713564,0.18497771253034487,0.895485672057195,0.6658491087354865,1.2031916237320583,-0.10515659185453412,-0.34650977025546237,0.13662009070121153,0.900183550137448,0.7071519101987063,1.1463925405936533,0.17723352880840215,-0.1009065967384728,-1.7546208154846896,-0.2868177851816595,-0.3341662700301443,-0.6155303030303029,-0.198405939548313,0.07773380293568125,-0.037284953292590524,0.07773380293568126,fr
language,fr,de,full,CN,12,2304,0,0.9114583333333336,-0.9559461805555554,2.8211805555555554,17.10069444444444,18.012152777777782,2.083333333333333,8,4,0,0.9807370556736849,0.9684270140350553,0.0009043030968929056,-0.15731044136533084,0.15200242547257337,1.0009047121022174,0.854438764504007,1.1641630600742612,0.0017112592707849799,-0.15386033013528236,0.15120805134292317,1.0017127243104993,0.857391764440738,1.1632386462704603,0.0032237398144008556,-0.14726104142693003,0.14997211480906855,1.0032289416518845,0.863068651335595,1.1618018452103016,0.20057612427032373,0.06218912758867834,-0.852272727272727,2.556818181818182,0.9114583333333336,0.9114583333333336,-0.11082824767277998,0.1492158702156714,0.0017112592707849705,0.0017112592707849705,fr
language,fr,de,drop_truncated,all,24,4598,1,-0.0915437445075686,-1.4346968821981048,1.2308549472392132,14.482770236988586,14.391226492481016,1.0416666666666667,15,8,1,0.8872449883247896,0.8128321764733065,-0.1287914595089122,-0.32214924184164684,0.07750298209414798,0.8791572863222494,0.724590043107586,1.0805854548613165,-0.10524612989942221,-0.27745675415355997,0.06898769444943992,0.9001029530706339,0.7577083316326064,1.0714230246170242,-0.08435313904216934,-0.23616368818718522,0.06586917673735088,0.9191066263450998,0.7896514067460572,1.06808697740241,0.17127559291128458,-0.007293009036614784,-0.9786760812252892,0.6517587013834065,0.2894398608036965,0.1588701722437212,-0.16371969361896227,0.029118021578939637,-0.0700596918808091,0.029118021578939633,fr
language,fr,de,drop_truncated,US,12,2295,1,-1.095227541371158,-2.5599714509610982,0.3374367485883572,11.861437434419287,10.766209893048128,0.78125,7,4,1,0.8021028062474066,0.6035124870073533,-0.25849536276894747,-0.581037677739204,0.08455168869147472,0.7722126119691854,0.5593176738322679,1.0882290919160928,-0.21221163654575015,-0.4858838301675538,0.06410784978459286,0.8087935091877706,0.6151532654145824,1.066207382797458,-0.1719380893146337,-0.39638189406114416,0.05026884780112073,0.842031302289833,0.6727497277475336,1.0515537662945569,0.12441705370865475,-0.10699718488973997,-1.810323984526112,-0.3425209542230819,-0.38986943907156685,-0.6628787878787877,-0.3094851166394932,0.059007452304794844,-0.14836413038377072,0.05900745230479481,fr
language,fr,de,drop_truncated,CN,12,2303,0,0.9121400523560214,-0.9565651694681725,2.821180555555556,17.10410303955788,18.016243091913907,2.0874236474694587,8,4,0,0.9807370556736849,0.9684270140350553,0.0009124437511231024,-0.15731077298947405,0.15206941303879268,1.0009128601545612,0.8544384811515308,1.1642410471363904,0.001719376746905708,-0.15386544673395905,0.15128538646162998,1.001720855722622,0.8573873775223937,1.1633286089478463,0.0032318112302949877,-0.1472536821587759,0.15000685090658994,1.0032370391625889,0.863075002912607,1.1618422023734185,0.2006248291270481,0.06222488131378712,-0.8515290337934313,2.557561875297478,0.9121400523560214,0.9121400523560214,-0.11081939224428462,0.14922472564416675,0.0017193767469056986,0.0017193767469056986,fr
language,de,de,full,all,24,4607,0,-1.4097949389179754,-2.9513888888888893,0.19531249999999933,14.541293993600931,13.131499054682955,0.2604166666666667,12,10,2,0.9769365589914533,0.9241190744546224,-0.10913089829512335,-0.34004748656662104,0.10245824586666606,0.896613044697517,0.7117365240362581,1.1078910419137549,-0.10724526221710695,-0.31175277279889246,0.08404511398466108,0.898305325614168,0.7321625163444698,1.0876779621888852,-0.10390847753551428,-0.28302969798256766,0.0698965665707197,0.9013077835560912,0.7534974101744807,1.072397253792001,0.014489959623794957,-0.11640445121718179,-1.9692787768419457,-0.5200034145231051,-1.9239889217694814,-1.6304347826086956,-0.15184281610445982,-0.023203115506680305,-0.13954212817128706,-0.1329717428664753,de
language,de,de,full,US,12,2303,0,1.043257344386271,-0.6935307017543861,2.822776914267016,11.981893542757417,13.025150887143688,2.083333333333333,8,2,2,0.9368421052631579,0.8807017543859651,0.2069874322440843,-0.10557364951716477,0.5297905888089616,1.2299671137571466,0.8998081999668621,1.698576570429388,0.20278254587441027,-0.06482606913702052,0.4803048870841044,1.2248061001476032,0.9372304625048572,1.6165671975247222,0.19493974430077618,-0.03396608489302677,0.4331949489754539,1.215237759282666,0.9666042865693819,1.5421768371916211,0.1534726141309004,0.09366713732588106,0.1911292241789622,2.5585534666032044,0.19112922417896236,0.8049242424242425,0.13771746120917402,0.28147115712336634,0.16343708143308075,0.17717515979768717,de
language,de,de,full,CN,12,2304,0,-3.862847222222222,-5.990668402777777,-1.7361111111111114,17.10069444444444,13.237847222222221,-2.604166666666667,4,8,0,0.9790209790209792,0.9525615702844267,-0.42524922883433103,-0.6803335388821177,-0.23808423735712048,0.6536068671511508,0.5064480440772721,0.7881362977786354,-0.41727307030862426,-0.6463943116262464,-0.23235509459596554,0.6588409854666214,0.5239315087868399,0.7926646024096384,-0.40275669937180475,-0.6117319762806751,-0.2233572532118109,0.6684747198591933,0.5424106127430544,0.7998290567480183,-0.18994238479071013,-0.2970760161386117,-5.255681818181818,-2.2253787878787876,-3.862847222222222,-3.862847222222222,-0.5279103181409921,-0.2697329279224156,-0.41727307030862426,-0.41727307030862426,de
language,de,de,drop_truncated,all,24,4600,0,-1.3851950354609928,-2.9478927709008556,0.20038748447576196,14.480828900709218,13.095633865248226,0.2604166666666667,12,10,2,0.9786772031945561,0.9345857369307484,-0.10531808611286514,-0.3593231607491835,0.11670900195397374,0.9000381874005964,0.6981487006356712,1.1237923607235198,-0.10350687390139453,-0.3196870871292235,0.0942125259907783,0.9016698247310876,0.7263762940074487,1.0987932432268486,-0.10031003734705894,-0.2842213635727791,0.07714675780878506,0.9045569281267725,0.7526000280343664,1.0802005926325908,0.014489959623794957,-0.11469794809567402,-1.9436093123650944,-0.49433395004625363,-1.8983194572926303,-1.6304347826086956,-0.1479418891663251,-0.019302188568545608,-0.13564120123315238,-0.1329717428664753,de
language,de,de,drop_truncated,US,12,2296,0,1.0924571513002361,-0.6069756028899939,2.830426423773088,11.860963356973995,12.953420508274233,2.083333333333333,8,2,2,0.9368421052631579,0.8947368421052633,0.21461305660860075,-0.16009080899132266,0.5478896004262649,1.2393822334060902,0.8520664101616722,1.7295990184928516,0.21025932250583512,-0.08450834077349546,0.49109922296428365,1.233998021927522,0.918963990474371,1.6341114859473622,0.20213662467768687,-0.04007033464162291,0.4405381167239233,1.224015227373883,0.960721864747884,1.553542981081714,0.1534726141309004,0.09871978404548187,0.24480174081237893,2.6122259832366215,0.2448017408123791,0.8049242424242425,0.14587394480709204,0.28962764072128433,0.17159356503099873,0.17717515979768717,de
language,de,de,drop_truncated,CN,12,2304,0,-3.862847222222222,-5.990668402777777,-1.7361111111111114,17.10069444444444,13.237847222222221,-2.604166666666667,4,8,0,0.9790209790209792,0.9525615702844267,-0.42524922883433103,-0.6803335388821177,-0.23808423735712048,0.6536068671511508,0.5064480440772721,0.7881362977786354,-0.41727307030862426,-0.6463943116262464,-0.23235509459596554,0.6588409854666214,0.5239315087868399,0.7926646024096384,-0.40275669937180475,-0.6117319762806751,-0.2233572532118109,0.6684747198591933,0.5424106127430544,0.7998290567480183,-0.18994238479071013,-0.2970760161386117,-5.255681818181818,-2.2253787878787876,-3.862847222222222,-3.862847222222222,-0.5279103181409921,-0.2697329279224156,-0.41727307030862426,-0.41727307030862426,de
language,zh,de,full,all,24,4606,0,-0.17224767306573577,-1.8229397494335753,1.4765210287594517,14.543793630017452,14.371545956951715,0.5208333333333334,13,9,2,0.9662254363444261,0.8742122368419015,-0.04474813577045319,-0.2937388815833738,0.17442046149158985,0.9562382937269885,0.7454711222704239,1.190556043567079,-0.043420450679444604,-0.26324455180626943,0.15470653145627064,0.9575087202295646,0.7685539230772739,1.1673153405003496,-0.04102259393200542,-0.23415762594730036,0.13828688945449835,0.9598074438786878,0.7912370865702433,1.1483049396004772,0.041824571111508946,-0.01371124449924932,-0.8364396008801883,0.9072198194096669,0.22787199332271071,0.002371196600652789,-0.08589543887873125,0.004672538868760261,-0.0019582609129746467,0.0010071334220627213,zh
language,zh,de,full,US,12,2302,0,-1.1691481239092496,-2.780073197487064,0.4923655224463737,11.986892815590458,10.817744691681208,0.2604166666666667,6,4,2,0.9505537730685134,0.8798806300894417,-0.10710444001372332,-0.5077560231007754,0.2501319226136205,0.8984318358569487,0.6018445900281386,1.2841948198504745,-0.10486182370144854,-0.4430937945473142,0.2011513185366382,0.9004489346914959,0.6420469837573334,1.2228097916127658,-0.10081810279120988,-0.38082410992830323,0.1610915471187449,0.9040974707364189,0.6832980643963518,1.1747925127607937,0.06091693599408288,-0.11348808469097538,-2.506494923052515,0.997292955735364,-0.42316158971918133,-0.894663255592575,-0.18362610773883115,-0.00988933401174777,-0.023753733555375346,-0.017553363582115386,zh
language,zh,de,full,CN,12,2304,0,0.8246527777777785,-1.5624999999999998,3.1250000000000004,17.10069444444444,17.925347222222225,0.5208333333333334,7,5,0,0.9772344233319931,0.9033517474653049,0.017608168472816932,-0.17952942276391276,0.20370603181465088,1.0177641061858975,0.835663363055596,1.2259377137948344,0.018020922342559326,-0.17660155358653534,0.2019386763645449,1.0181842789672162,0.8381136613850122,1.2237729596034035,0.01877291492719903,-0.17027844604633086,0.1993645955537165,1.0189502339549366,0.8434299341663336,1.220626919928566,0.041824571111508946,0.05637236140994739,-0.4734848484848484,2.272727272727273,0.8246527777777778,0.8246527777777778,-0.06520483725394871,0.11412843055960892,0.01802092234255931,0.01802092234255931,zh
language,zh,de,drop_truncated,all,24,4596,0,-0.13145866340165244,-1.8070785513627337,1.5204897922581762,14.500434918294488,14.368976254892834,0.5208333333333334,14,9,1,0.9651582591129421,0.8727689558384274,-0.02545697023296198,-0.2804313307100215,0.20512963653991953,0.9748643262480958,0.755457819013133,1.2276842073803773,-0.025506010081753388,-0.25173438814568977,0.18015108391601392,0.9748165202211543,0.7774512109046801,1.1973982570740898,-0.025281248428458736,-0.22414544134308115,0.1600822630148236,0.9750356462185363,0.7991988893562977,1.1736074115047888,0.08244962913594789,-0.010476592923642558,-0.793877156013319,0.949782264276536,0.2704344381895797,0.023008808898961838,-0.06724828792678146,0.02336586818809025,0.016735068406355306,0.015842670773321146,zh
language,zh,de,drop_truncated,US,12,2293,0,-1.093478336111043,-2.72968351508721,0.598449234758472,11.895176119311488,10.801697783200446,0.5249669312169312,7,4,1,0.9296005160692783,0.8591762345488785,-0.06861090198508447,-0.48919763311679665,0.289598086790779,0.9336899062974059,0.6131181425698136,1.3358904680898005,-0.0691214510435448,-0.41457750411950944,0.23737702447104803,0.93321333346211,0.660619330697888,1.2679190641853821,-0.06942335540013118,-0.3556727244073509,0.19225629714781273,0.9329316348162772,0.7007019053448379,1.211981104462132,0.1262012167545401,-0.10654912313931231,-2.4239460636362895,1.0798418151515894,-0.3406127303029562,-0.8579572279106114,-0.14463661029384525,0.02910016343323815,0.015235763889610586,0.013369841565993624,zh
language,zh,de,drop_truncated,CN,12,2303,0,0.8305610093077379,-1.557080333769633,3.1321881290950966,17.105693717277486,17.936254726585226,0.5208333333333334,7,5,0,0.9772344233319931,0.9033517474653049,0.017696961519160503,-0.1794616730116488,0.20376468033741962,1.017854480573594,0.8357199809593219,1.226009615339194,0.018109430880037986,-0.17660151399416443,0.202140493751529,1.0182744009568552,0.8381136945679197,1.224019963188343,0.01886085854321364,-0.17019776298007358,0.1994598448198814,1.0190398480634861,0.8434979874249311,1.2207431892841478,0.041824571111508946,0.05675413204907187,-0.46703950499761987,2.279172616214501,0.8305610093077372,0.8305610093077372,-0.06520483725394871,0.1142249853277675,0.018109430880038007,0.018109430880038007,zh
language,hi,de,full,all,24,4606,1,3.2875899869109957,1.3047560307017543,5.370595806555123,14.543793630017452,17.83138361692845,5.208333333333334,14,10,0,0.9149447238718357,0.6759592139635768,0.22806730011222795,0.03958348046759195,0.472902685045329,1.2561698629603744,1.0403773464472235,1.6046452194010674,0.2462393676196624,0.06434579243626752,0.46350823330996094,1.279205737329831,1.0664611091943248,1.5896410456781378,0.25706842550943826,0.08507820743663419,0.45492232762265356,1.293133607057999,1.088802215799008,1.5760509626546233,0.3340174134151825,0.23965140297518706,1.7687941042567716,4.245746073298429,3.7475576675013276,1.7687941042567719,0.15064899428080802,0.3049376285498759,0.287250173920969,0.15064899428080802,hi
language,hi,de,full,US,12,2302,1,5.620318862710879,3.586930104538907,7.738498263888889,11.986892815590458,17.607211678301336,6.770833333333334,7,5,0,0.8631632081616798,0.5623979750756762,0.3758769405043956,0.14073104953775484,0.7385480018958732,1.4562679151489324,1.1511150134334724,2.0928944284608173,0.4130640684574929,0.1924841111463145,0.7180011053012492,1.511441858580471,1.2122572421764723,2.050330716582996,0.43634381605254857,0.23488953089828243,0.6933385168655777,1.547040600714895,1.264769043115279,2.0003827092231816,0.6564947043474538,0.4434587409649784,2.6567210058702213,7.8358023956845955,6.794135729017929,2.65672100587022,0.22835916973423637,0.5509626777513783,0.513979818072755,0.22835916973423645,hi
language,hi,de,full,CN,12,2304,0,0.954861111111111,-1.6059027777777775,3.4288194444444446,17.10069444444444,18.055555555555554,2.6041666666666665,7,5,0,0.9720279720279721,0.886165982448008,0.08025765972006037,-0.11498756226646617,0.27399476019585717,1.083566223079568,0.8913772305503566,1.31520791078881,0.07941466678183196,-0.11420843878277984,0.27104268586526886,1.0826531693084205,0.8920719941016555,1.311331044490216,0.07779303496632796,-0.11244564209195672,0.2655676956513323,1.0808989272357183,0.8936459225111542,1.3041711379486745,0.14488910399741517,0.06508945171281222,-0.09469696969696981,2.1780303030303028,0.954861111111111,0.954861111111111,0.008779079207503981,0.1594052649439013,0.07941466678183197,0.07941466678183197,hi
language,hi,de,drop_truncated,all,24,4559,1,3.2039900479366,1.2042353650264155,5.27969639105521,14.503262727837644,17.707252775774244,5.208333333333334,14,9,1,0.9286956521739129,0.7085690100494781,0.24223225526200318,0.04444247033890393,0.49776747166385793,1.2740900725786712,1.045444830893572,1.645044559453028,0.25945244588903216,0.06993953484325427,0.4809764635188975,1.2962201416495738,1.0724433338394501,1.617653210589413,0.26865170180943465,0.08866358911794237,0.466517098643707,1.308199418197095,1.0927129939448559,1.594431264461269,0.3344891704675653,0.2344074681219246,1.8116734097045935,4.158511354368625,3.6603229485715247,1.811673409704594,0.1628774196475785,0.3187251884831313,0.30103773385422444,0.1628774196475785,hi
language,hi,de,drop_truncated,US,12,2279,1,5.462702407919469,3.457779033150054,7.562223624142082,11.783571674632974,17.246274082552443,6.789921465968586,7,4,1,0.8951048951048951,0.6363636363636365,0.4055140334008833,0.1490727447218046,0.7897419022137007,1.500073389734371,1.1607574251138877,2.2028278078987062,0.44077937177701737,0.20613440970830105,0.755133709546734,1.5539178263909432,1.2289183714548413,2.1278960243475376,0.46076463552147917,0.2527014994422844,0.7195816657453793,1.5852856874283838,1.2874989003293773,2.053573950599531,0.6564947043474538,0.4375820944383897,2.756832378887353,7.663857172275783,6.622190505609117,2.7568323788873528,0.2553340374437947,0.5811975540999506,0.5442146944213271,0.2553340374437947,hi
language,hi,de,drop_truncated,CN,12,2280,0,0.9452776879537312,-1.6227653036154184,3.452885143007898,17.22295378104231,18.168231468996044,2.6041666666666665,7,5,0,0.9720279720279721,0.886165982448008,0.07895047712312324,-0.11630871923290372,0.27463024076276654,1.0821507295259567,0.8902003588997625,1.3160439654776799,0.07812552000104699,-0.11561814030894269,0.27190733831172564,1.0812583697043778,0.8908153248225341,1.3124653804184454,0.07653876809739012,-0.11425823908777039,0.26651942452328053,1.079544041394451,0.8920275697504579,1.3054129461132291,0.14488910399741517,0.06410309589428476,-0.1051516131413841,2.167575659585889,0.9452776879537312,0.9452776879537312,0.007372737264829465,0.1579989230012268,0.078125520001047,0.078125520001047,hi
language,sw,de,full,all,24,4604,0,4.865315045084352,3.133277205133798,6.601701684300466,14.54606602675974,19.411381071844094,-0.2604166666666667,11,12,1,0.9708084041977115,0.8862279659326342,0.3140671586650925,0.08708367881160801,0.5621391307672103,1.3689816724418524,1.0909879684754378,1.7544214259963955,0.3085676978930201,0.10133152556952836,0.5304549311108943,1.361473675327066,1.1066434615588512,1.6997053816151901,0.2998172263366706,0.11360708629287972,0.49608513414374844,1.3496121114822262,1.120311852512191,1.6422793659150126,-0.017451253747851836,0.3425458910472099,1.3664020411260336,5.960002655740192,3.831379467334395,1.366402041126034,0.1033434575570878,0.3968332480148171,0.2592020827348286,0.10334345755708776,sw
language,sw,de,full,US,12,2300,0,12.291393979057593,10.325708306064572,14.352192404769985,11.991437609075044,24.282831588132638,5.46875,8,3,1,0.9281975705483088,0.8701807952199049,0.9278579256709697,0.593867876631554,1.3321639617598695,2.529085881197533,1.8109795317052022,3.7892342800646457,0.9128505800026122,0.6174273393424783,1.254853953408803,2.4914143966781066,1.8541517972705062,3.5073261039141252,0.8876976140657624,0.6370496931391787,1.1826296073049862,2.4295294923701243,1.890893924423529,3.2629431906654136,0.7348268784283813,0.8446801679564664,5.650583055687769,13.929626765032525,10.804626765032523,5.650583055687768,0.5386801576738075,1.0424562523356484,0.8645663739545385,0.5386801576738075,sw
language,sw,de,full,CN,12,2304,0,-2.5607638888888893,-4.947916666666667,-0.2593315972222375,17.10069444444444,14.539930555555555,-2.864583333333333,3,9,0,0.9667265263069178,0.9422080999150758,-0.29972360834078454,-0.5139296036445131,-0.11804998778069915,0.7410230049579384,0.5981404994919429,0.8886516297815398,-0.295715184216572,-0.5064467340745434,-0.1156455699719892,0.7439993005900888,0.6026330946229257,0.8907908903934532,-0.2880631613924214,-0.490205840946321,-0.11143349809543664,0.749714237748395,0.6125003035654473,0.8945508787624011,-0.25604486146883265,-0.18991078862888155,-4.214015151515152,-0.9469696969696973,-2.5607638888888893,-2.5607638888888893,-0.415095615355436,-0.16609475051732306,-0.295715184216572,-0.295715184216572,sw
language,sw,de,drop_truncated,all,24,4376,0,4.411032008953002,2.456586827782021,6.4614977294550116,14.459236709224461,18.870268718177464,0.2604166666666667,12,11,1,0.9513043478260867,0.8062622499796168,0.31678130464985055,0.07022885904651248,0.6139039070042807,1.3727023354785894,1.0727536625431906,1.8476303146162996,0.3077646549206084,0.08228951246480386,0.5636538699544396,1.3603807923347058,1.0857701083109572,1.7570809306006832,0.2931328377058588,0.09257921977098195,0.5106788037271007,1.3406208636039514,1.0970000422102448,1.6664219845644075,0.11554705184923325,0.31229280306349194,0.9506420962987845,5.485968183255307,3.7032657844547066,0.9506420962987845,0.10944400796622836,0.3959952901305615,0.27264303787446614,0.10944400796622833,sw
language,sw,de,drop_truncated,US,12,2089,0,11.681616843192714,9.090264447678038,14.339731803844646,11.70415895289014,23.385775796082857,5.46875,9,2,1,0.8671328671328673,0.7762237762237763,0.9485974890108605,0.5725958611104354,1.4602066513538723,2.5820857150088248,1.7728631899931675,4.306849452660323,0.926493445333891,0.5933403689025426,1.3498127031170697,2.525637346505787,1.8100244779264176,3.856703114574195,0.8894548888258305,0.6015652478233455,1.2324000048134396,2.433802596635426,1.82497310113796,3.42945036471253,0.7760229758715704,0.8158618191441072,5.107218374392051,13.269897800229371,10.862704267808981,5.107218374392052,0.5680710735577583,1.0574111714623893,0.9093054088204372,0.5680710735577584,sw
language,sw,de,drop_truncated,CN,12,2287,0,-2.859552825286711,-5.2641681664371385,-0.5344696817581279,17.214314465558783,14.354761640272072,-2.8782894736842106,3,9,0,0.9580419580419581,0.9160839160839163,-0.3150348797111593,-0.532276740181349,-0.1318142687434316,0.7297634198878383,0.587266393466285,0.8765037741096807,-0.31096413549267415,-0.5228489320795394,-0.12969804499942167,0.7327401547627383,0.592829209707021,0.8783606162619179,-0.30318921341411303,-0.5063742577895018,-0.1256061309056135,0.7384593567345212,0.6026767728136645,0.8819621560174131,-0.25626099452366535,-0.21253918608407618,-4.539966718494594,-1.2729212639491398,-2.8595528252867113,-2.8595528252867113,-0.4317308349293656,-0.1827299700912527,-0.31096413549267415,-0.31096413549267415,sw
language,es,pg,full,all,24,4607,0,0.7607984293193718,-0.8888489126461987,2.367164207933391,23.639061591041308,24.399860020360677,-0.2604166666666667,10,12,2,0.9778068810930047,0.932317935373817,-0.025049956193068573,-0.14151006605511599,0.07643981600264436,0.9752611904750474,0.8680464377376285,1.0794372235351974,-0.02381842145477339,-0.13464413317975935,0.07604395174891672,0.9764629983922317,0.8740268935220968,1.0790099974915954,-0.021558081868368596,-0.12677507135038177,0.0756578352344936,0.9786726326833104,0.8809317971139122,1.0785934543346072,-0.05358054572503057,0.04131566243112639,-0.2930798998406557,1.5638041581303588,-0.04398569694210477,0.7938766218984749,-0.07262445043340851,0.02598466609580778,-0.06435023077878041,-0.02485400499628528,es
language,es,pg,full,US,12,2303,0,4.4295829697498545,2.518049863742763,6.336805555555556,21.67048429319372,26.100067262943572,1.8229166666666667,6,5,1,0.9141870411815418,0.8161133356141735,0.18478144707188823,0.014177293818751624,0.3376330989645526,1.2029555019484486,1.014278268265938,1.4016261509667696,0.1853032719678155,0.027436722612311795,0.33138091538473835,1.2035833978896768,1.0278165755015858,1.39289026460029,0.18605671991451792,0.04234406846002728,0.32386385763924963,1.2044905770427212,1.043253367585662,1.3824590830639276,0.10158824405186095,0.2419823942951982,2.559545057908932,5.2584086942725685,3.0803783912422658,4.832272330636204,0.10226536532363197,0.22859636354883967,0.11956600641967258,0.20214902396488965,es
language,es,pg,full,CN,12,2304,0,-2.9079861111111107,-5.208333333333333,-0.6510416666666664,25.607638888888886,22.699652777777775,-3.6458333333333335,4,7,1,0.9930069930069931,0.9492133645984593,-0.23488135945802538,-0.3776364385441187,-0.1037602634233749,0.7906646489468958,0.6854796693556279,0.9014413799891892,-0.2329401148773623,-0.37459365968498826,-0.10262913037827305,0.7922010131586624,0.6875686088807152,0.9024616070197925,-0.22917288365125513,-0.3682852793837471,-0.10011944540543781,0.7951910460892799,0.691919763086725,0.9047293458182004,-0.20250798208319182,-0.15746618055897965,-3.977272727272727,-1.5625000000000002,-2.907986111111111,-2.907986111111111,-0.297961485201652,-0.14781744940092792,-0.2329401148773623,-0.2329401148773623,es
language,es,pg,drop_truncated,all,24,4596,0,0.8324742207585055,-0.8268771321770344,2.466540138030577,23.536950343879596,24.36942456463811,-0.2604166666666667,11,12,1,0.9843478260869565,0.9489019576351261,-0.014858296949280278,-0.12996256012269036,0.08967890147636344,0.985251542861075,0.8781283073212015,1.0938230023590905,-0.013774316451241497,-0.1246956830812295,0.08904690075564493,0.9863201153704472,0.8827655021904438,1.0931319238373258,-0.0117992370363108,-0.11667029967008244,0.08732714341218069,0.9882701009811692,0.8898785380503829,1.0912536177621988,-0.05358054572503057,0.045290602237096245,-0.21828776964329863,1.6385962883277156,0.02641971954404485,0.8459052647295671,-0.06214364521233179,0.03646547131688452,-0.054354306071694745,-0.0173385124034157,es
language,es,pg,drop_truncated,US,12,2294,0,4.565662883052788,2.65059176561611,6.469141754438378,21.443765071121618,26.00942795417441,2.0846967713787086,7,5,0,0.9440559440559443,0.8811188811188813,0.20501479050700136,0.039942916428625644,0.3572178609295446,1.2275432208155121,1.0407513626919989,1.4293472348527385,0.2052420743615544,0.05217042253638192,0.35320801329675144,1.2278222532789553,1.0535552767770748,1.4236272460326878,0.20542612715116396,0.06510848497267266,0.34450643726109814,1.2280482581875949,1.067274801381709,1.4112931860106361,0.1356893392762435,0.25058114940058474,2.7079958724212223,5.4068595087848585,3.219656986176578,4.933126762473579,0.12401678611680164,0.2427614771797674,0.14030358613813354,0.21770024562635337,es
language,es,pg,drop_truncated,CN,12,2302,0,-2.900714441535777,-5.197891730102415,-0.6320057773247731,25.630135616637578,22.729421175101805,-3.6458333333333335,4,7,1,0.9930069930069931,0.9492133645984593,-0.23473138440556193,-0.3775780909156768,-0.10361756144675588,0.7907832378115659,0.6855196666355419,0.9015700266347667,-0.2327907072640374,-0.3745177059629752,-0.10248207215419543,0.7923193828637594,0.6876208342590299,0.9025943311798695,-0.22902460122378562,-0.36817571550827594,-0.10000342463918489,0.7953089676905306,0.691995576650622,0.9048343192995878,-0.20250798208319182,-0.1569589611375326,-3.9735542598762494,-1.554567269554181,-2.900714441535777,-2.900714441535777,-0.2978717471844851,-0.14765445927730078,-0.2327907072640374,-0.2327907072640374,es
language,pt,pg,full,all,24,4607,0,-0.5619637143688191,-2.0182291666666665,0.911458333333333,23.639061591041308,23.077097876672486,-1.0416666666666667,11,12,1,0.9808377254162209,0.9253983071926374,-0.09119755476008513,-0.18978807648237567,0.0005675942451363109,0.9128373577198368,0.8271344046032906,1.0005677553572305,-0.0896284306894441,-0.18542809722840467,0.0006584296770104439,0.9142708371498344,0.8307485665579198,1.000658646489413,-0.08667635901638356,-0.17937232789595245,0.002027366174267988,0.9169738179231987,0.835794651793398,1.0020294226705924,-0.04623140727379593,-0.031102666098888232,-1.6054186584718109,0.11559583428181226,-0.31465778890659374,-0.6769766294863038,-0.1385904186581243,-0.02033590192701973,-0.07576478376733874,-0.10395958616027925,pt
language,pt,pg,full,US,12,2303,0,1.4802392379290288,-0.04340277777777768,3.043886798283886,21.67048429319372,23.150723531122747,1.0416666666666667,6,5,1,0.9772344233319931,0.8386016534578921,0.06000182404039717,-0.06452802695035009,0.1831023369268691,1.0618384833798822,0.9375098383521424,1.200937302025281,0.06026388091382088,-0.06062014063224621,0.1800859511465457,1.062116781916347,0.9411806881828039,1.1973202697492429,0.06070184410973678,-0.05537058806118506,0.1760417293726328,1.0625820518547087,0.9461344568425463,1.1924878193809951,0.11999407256988248,0.08432850643582701,-0.5158753768046964,3.082609471680152,2.1829882595589405,1.4254125019831825,-0.028484611056759104,0.125263302901734,0.10287808007851978,0.04392531143873506,pt
language,pt,pg,full,CN,12,2304,0,-2.6041666666666665,-4.730902777777778,-0.5642361111111112,25.607638888888886,23.003472222222225,-2.34375,5,7,0,0.9842396880153765,0.9824621881515055,-0.24239693356056743,-0.3754044697869221,-0.12974918782350123,0.7847446242451006,0.6870113472540695,0.8783156955681373,-0.23952074229270903,-0.36927962062631303,-0.12704194721803513,0.7870049488856434,0.6912321006719498,0.8806967290446067,-0.2340545621425039,-0.3591400080620748,-0.12277147502890122,0.7913186386773443,0.6982765801565756,0.8844657619802537,-0.13395431834470573,-0.1403955794731797,-4.024621212121212,-1.4678030303030298,-2.6041666666666665,-2.6041666666666665,-0.32283125339232943,-0.10826293775339134,-0.23952074229270906,-0.23952074229270906,pt
language,pt,pg,drop_truncated,all,24,4595,0,-0.5204010776294105,-1.9755659262260876,0.933389327042284,23.53473205182165,23.014330974192237,-0.5376344086021505,11,12,1,0.9791040131219095,0.9074689398274466,-0.08569983330812118,-0.1825579379337325,0.00460388079277325,0.9178697037867996,0.8331363723300355,1.0046144949344467,-0.08415238677114796,-0.1787026524027677,0.004513898397183987,0.9192911576095648,0.8363545504433165,1.004524101382524,-0.08125982641587697,-0.1717261842462335,0.005469895411941251,0.9219541122888602,0.8422097518970603,1.005484882603513,-0.04623140727379593,-0.028872091924467602,-1.5620489505698192,0.15896554218380388,-0.26986536304421055,-0.6350446947612157,-0.1328762858738153,-0.014621769142710744,-0.06963648700155697,-0.09880092039438963,pt
language,pt,pg,drop_truncated,US,12,2293,0,1.5642734701047625,0.009988986870467096,3.134563429657782,21.44091916472532,23.00519263483008,1.0582010582010581,6,5,1,0.9772344233319931,0.8686528207395494,0.07099723354198734,-0.051668902186312204,0.19286551927785459,1.073578255855081,0.9496432395963658,1.2127196951322095,0.07121596201561105,-0.04715332206477305,0.1899558822690292,1.0738131036713157,0.9539411261542045,1.2091962494856343,0.07153495509397419,-0.041014127150389115,0.18418068065799617,1.074155697258429,0.9598155703931115,1.2022330237275258,0.12638194328170527,0.08964486505500524,-0.42420166897662265,3.1742831795082256,2.277636741304196,1.5140799568050034,-0.016536886218442556,0.13721102774005056,0.1156917841508248,0.05471160523853837,pt
language,pt,pg,drop_truncated,CN,12,2302,0,-2.605075625363583,-4.724341232184409,-0.5678370227488457,25.628544938917972,23.023469313554397,-2.34375,5,7,0,0.9842396880153765,0.9824621881515055,-0.24239690015822965,-0.3755449740475921,-0.12943211042276695,0.7847446504574062,0.6869148260136333,0.8785942337826651,-0.23952073555790696,-0.36929578670171914,-0.12695818188914115,0.787004954185966,0.6912209262520107,0.880770503985619,-0.2340546079257281,-0.3591929052162382,-0.1228034580390738,0.7913186024482265,0.6982396442895761,0.884437474555152,-0.13395431834470573,-0.14036471878267753,-4.031810249087735,-1.4616055846422336,-2.605075625363583,-2.605075625363583,-0.322945650362888,-0.10826293040633449,-0.23952073555790696,-0.23952073555790696,pt
language,fr,pg,full,all,24,4608,0,2.2352430555555554,0.7807074652777775,3.7109374999999996,23.6328125,25.868055555555557,2.864583333333333,14,10,0,0.974548826187785,0.8114123811946801,0.03978709102112101,-0.07157169944932552,0.13477792281575063,1.040589199821672,0.9309295280674149,1.1442826370661772,0.041510598514292174,-0.06254234431918024,0.1347967352721693,1.0423842095168714,0.9393732848490933,1.1443041640359046,0.044501778001184926,-0.05176972574964955,0.13541952818779154,1.0455068356211956,0.9495474980076356,1.1450170505298698,0.12759970197902476,0.11903460535680277,1.3360507246376812,3.0344202898550727,2.7626811594202896,2.513586956521739,-0.004394098394951181,0.08867118461109602,0.07424555920673236,0.07408161603741331,fr
language,fr,pg,full,US,12,2304,0,1.8229166666666667,0.30381944444444425,3.3420138888888893,21.657986111111114,23.480902777777775,1.3020833333333333,6,6,0,0.9632238939652261,0.7285475270718802,-0.005317345286917731,-0.1781119603184654,0.12891558441088094,0.9946967667695605,0.8368487243938851,1.1375940894371364,-0.0019355061890986684,-0.1512380547784551,0.1271751649752869,0.9980663656951294,0.8596430321676808,1.1356159204952323,0.0039350266106000275,-0.12745295113104393,0.1280335122742266,1.0039427789930881,0.8803348336181079,1.1365910918111826,0.021495651561136087,0.10335513687024922,0.6628787878787878,2.888257575757576,2.8882575757575757,2.3674242424242427,-0.05994445938397051,0.06256067483114985,0.06256067483114985,0.062217884568028195,fr
language,fr,pg,full,CN,12,2304,0,2.647569444444445,0.564236111111111,4.730902777777778,25.607638888888886,28.25520833333333,3.385416666666667,8,4,0,0.99124495269876,0.9036791441564668,0.08489152732915974,-0.02801634447665989,0.1949994973553491,1.0885989770552498,0.9723724737521635,1.2153103756203179,0.084956703217683,-0.02735971793263023,0.19463048232898292,1.088669929773003,0.9730111689982908,1.2148619905655147,0.0850685293917698,-0.02625920134830805,0.19387570463712542,1.088791678373306,0.9740825733675078,1.2139453857962812,0.16646667455059305,0.1335526310363151,0.8049242424242422,4.3560606060606055,2.647569444444444,2.647569444444444,-0.0070761989831539356,0.18751484730221749,0.084956703217683,0.084956703217683,fr
language,fr,pg,drop_truncated,all,24,4595,0,2.234289948921929,0.7549343192786188,3.7140716798068403,23.526418052527077,25.760708001449007,2.864583333333333,14,10,0,0.9721619014490999,0.8127041104101708,0.034459190333187194,-0.07863585107852507,0.12581892403978,1.0350597870691518,0.9243764738603075,1.1340767956448277,0.03641833484172585,-0.06640679722051883,0.1264500621730699,1.0370896064725206,0.935750126304811,1.1347927806755993,0.03983263750128984,-0.055190766908612326,0.12827858867925665,1.040636596076384,0.9463046071289163,1.136869677605961,0.12759970197902476,0.11932434574608108,1.329839546063766,3.0334257438025927,2.7639392501384306,2.5144993517354686,-0.009820697113746639,0.08335751817015727,0.06978730421127273,0.07150228974665483,fr
language,fr,pg,drop_truncated,US,12,2293,0,1.8130570648013922,0.25859252723413423,3.3681716429967814,21.428835959620766,23.241893024422158,1.2907608695652173,6,6,0,0.965034965034965,0.7202797202797203,-0.016161933863678507,-0.18730442281537313,0.11096599333174195,0.9839679694184773,0.8291912732177037,1.117356908622648,-0.012308062632871201,-0.1605661635218977,0.11265898361792812,0.9877673717690668,0.8516614727852844,1.119250185212375,-0.005589780956485116,-0.13408587639451963,0.1148030212186356,0.994425812800328,0.8745149611867546,1.1216524740726352,0.0005424562485841777,0.10354881380970005,0.6521228585712155,2.882211705152209,2.882211705152209,2.360655553946016,-0.07125997550444964,0.05661962512519874,0.05303374627849074,0.05661962512519874,fr
language,fr,pg,drop_truncated,CN,12,2302,0,2.655522833042467,0.5641793011925544,4.742274762070645,25.62400014543339,28.279522978475853,3.385416666666667,8,4,0,0.99124495269876,0.9036791441564668,0.0850803145300529,-0.0278391508167635,0.19523034851206877,1.0888045100094084,0.9725447872555495,1.2155909638121114,0.0851447323163229,-0.02718630888890813,0.1948584956102502,1.088874650644752,0.9731799125650451,1.2151390268170426,0.08525505595906478,-0.02606397531800144,0.19410795276969578,1.0889947858894573,0.9742727582054086,1.2142273550873282,0.16646667455059305,0.1338887404442538,0.8026931619863557,4.364737029985721,2.6555228330424665,2.6555228330424665,-0.007107207456519857,0.1877199699552792,0.0851447323163229,0.0851447323163229,fr
language,de,pg,full,all,24,4607,0,-0.9096404159394997,-2.4077208087914483,0.6100277459642233,23.6172465823153,22.707606166375797,-0.78125,9,14,1,0.9738585203688894,0.9510813184548692,-0.1077115295472627,-0.23044521220142583,0.00208279424963377,0.8978865728212891,0.7941799451811759,1.0020849647722327,-0.10594186925754777,-0.2230420735624043,0.0016415435400319105,0.8994769338181864,0.8000811863206774,1.0016428916101665,-0.10266183180773004,-0.2126426058514965,0.0010673090841026216,0.9024320957177464,0.8084450191102811,1.0010678788611345,-0.07020641378390724,-0.05063962423456525,-1.515313187647014,-0.17926246300933296,-1.515313187647014,-1.2209291296759996,-0.13856024824984134,-0.037358620432867036,-0.13856024824984137,-0.1373721249877018,de
language,de,pg,full,US,12,2303,0,1.609538612565445,-0.17468930356541407,3.477465777705061,21.62685427574171,23.236392888307154,-0.2604166666666667,5,6,1,0.9352028352316923,0.9001765118147749,0.09659631579181126,-0.06513677319185589,0.2548467526117067,1.1014156597565723,0.9369393064338699,1.2902638761521164,0.09666864738126753,-0.05271557167823241,0.24812181793226795,1.1014953297831895,0.948649796983004,1.2816160465018134,0.09661404588147353,-0.03947480621389099,0.23724352021428735,1.1014351881280946,0.9612941723252866,1.2677498028918883,-0.03125384870370218,0.09163946394862466,0.5721481834047277,2.986920910677455,0.5721481834047281,1.187678486435031,0.046885720091818704,0.1550124771473689,0.04688572009181868,0.04936997782174684,de
language,de,pg,full,CN,12,2304,0,-3.4288194444444446,-5.295138888888888,-1.5190972222222223,25.607638888888886,22.178819444444446,-3.125,4,8,0,0.9684270140350553,0.9504502286645982,-0.31201937488633663,-0.4554541042914162,-0.19119287696718162,0.7319673463067897,0.6341599278083841,0.8259732615688092,-0.3085523858963631,-0.4487936549781842,-0.18842596457590277,0.7345094732541583,0.6383978153148953,0.8282618218839922,-0.3019377094969336,-0.435933768745673,-0.18373819923753665,0.7393841200639151,0.6466605536567496,0.8321536337672122,-0.16628364570630677,-0.1871044566999549,-4.78219696969697,-2.1306818181818183,-3.4288194444444446,-3.4288194444444446,-0.39165683685553976,-0.18357018532101385,-0.3085523858963631,-0.3085523858963631,de
language,de,pg,drop_truncated,all,24,4595,0,-0.8776441631889931,-2.3785980590474223,0.6245882986766118,23.507750282537586,22.630106119348596,-0.78125,10,14,0,0.9738585203688894,0.9419069005919606,-0.10110993694018423,-0.2244550130742066,0.008326640919784214,0.9038336627164234,0.7989515182641302,1.0083614038133442,-0.09950514681124296,-0.21666881220184095,0.007541616602472945,0.9052852905240062,0.8051965964385974,1.0075701262174261,-0.096530612950248,-0.20631274395401425,0.006635879687369181,0.9079821011633976,0.8135785947045981,1.0066579459195995,-0.07020641378390724,-0.04899671129076322,-1.484889789223388,-0.14587506883489137,-1.484889789223388,-1.1918550550322689,-0.13222997258748168,-0.030642040488896814,-0.1322299725874817,-0.1318572280039063,de
language,de,pg,drop_truncated,US,12,2292,0,1.6685318452334155,-0.11941410317838429,3.5344374306690893,21.39922656856557,23.067758413798988,0.0098536036036036,6,6,0,0.9352028352316923,0.8511396590310907,0.10970899423117657,-0.0449801913287184,0.26381272387817883,1.1159532743618177,0.9560164190605236,1.3018843616150968,0.10945190356571799,-0.03356453423495033,0.2581441593319547,1.1156664100685374,0.9669925050962394,1.2945254230937184,0.10878692600229052,-0.021750719078211044,0.24815877318877028,1.1149247635540476,0.9784841220756628,1.2816634098267057,0.02718383512246958,0.09558685186705351,0.6303069915635355,3.051277164497059,0.6303069915635361,1.2430159812358763,0.060023363340578936,0.16895784753040577,0.06002336334057896,0.06080273837896379,de
language,de,pg,drop_truncated,CN,12,2303,0,-3.4238201716114016,-5.295138888888888,-1.5189949643688205,25.616273996509594,22.192453824898198,-3.125,4,8,0,0.9684270140350553,0.9504502286645982,-0.3119288681115451,-0.45526536161332637,-0.19096921670466668,0.7320335973085936,0.6342796321477994,0.8261580196260697,-0.30846219718820395,-0.44879147393567503,-0.18842596457590277,0.7345757207020227,0.6383992076891866,0.8282618218839922,-0.3018481519027865,-0.4358744848360673,-0.18352570145155042,0.7394503404920854,0.6466988913589514,0.8323304833613963,-0.16628364570630677,-0.18677296246769615,-4.78219696969697,-2.125228066000317,-3.4238201716114016,-3.4238201716114016,-0.39165683685553976,-0.18347179763938576,-0.30846219718820395,-0.30846219718820395,de
language,zh,pg,full,all,24,4607,0,0.937022796684119,-1.1224730948225716,2.936101339805113,23.639061591041308,24.576084387725427,-0.78125,11,12,1,0.919730454714722,0.7089341443580237,-0.05171707346799868,-0.2120646054104683,0.07428197442145278,0.9495974951661622,0.8089124357583751,1.0771104802844653,-0.04817611620647292,-0.19347851497153618,0.07668624614397235,0.9529659395514322,0.8240875415491971,1.079703262181372,-0.04215973259092052,-0.1742336532346664,0.08063775499611206,0.9587166300499689,0.8401005825059418,1.0839781597648843,-0.05510222621821015,0.05076130640755605,0.185190454510964,1.8382701646558917,1.1136324834964715,1.1362774110327032,-0.08350192215349228,-0.014889137415183476,-0.04195400207922379,-0.024576713718871157,zh
language,zh,pg,full,US,12,2303,0,0.13793448225712623,-1.8627745055264688,2.135399623691099,21.67048429319372,21.808418775450843,-0.78125,5,6,1,0.9160839160839163,0.665500144921429,-0.14023296476461464,-0.39518183748554137,0.0266081224724538,0.8691557291514563,0.673557550101368,1.026965279284166,-0.13346584486790172,-0.347679544115889,0.028325860036491488,0.8750573561668068,0.7063251860132481,1.0287308520825857,-0.12203230389931159,-0.3020724278852376,0.032331080029609036,0.885119775220695,0.7392845181361787,1.032859407826772,-0.09564237056660141,0.008024116836516493,-1.4678030303030305,1.9497164048865618,0.4345648897350468,0.48191337458353156,-0.21508250536270845,-0.07161941000079003,-0.1282095815710562,-0.09187525136304614,zh
language,zh,pg,full,CN,12,2304,0,1.7361111111111114,-0.9548611111111112,4.340277777777778,25.607638888888886,27.343750000000004,0.0,6,6,0,0.9562186292818428,0.8736895887490174,0.03679881782861725,-0.11036745759087845,0.17723618866201157,1.0374842765015198,0.8955050147159767,1.1939130485539866,0.03711361245495589,-0.10927853698853263,0.17701294660219122,1.0378109223871606,0.896480679690443,1.1936465466941,0.0377128387174706,-0.10757110400834531,0.17628600386094842,1.0384329923090827,0.8980126678804403,1.1927791493136837,-0.0014415310017966698,0.08848839368496642,0.23674242424242434,2.651515151515152,1.7361111111111114,1.7361111111111114,-0.028600575213261537,0.09550367550059097,0.03711361245495585,0.03711361245495585,zh
language,zh,pg,drop_truncated,all,24,4589,0,0.9861273881655045,-1.0770576062585426,2.9929626571728623,23.560542436574135,24.546669824739638,-0.78125,11,12,1,0.9182608695652172,0.6981296876178099,-0.04989360598057002,-0.21590100959195582,0.07658095587638455,0.9513306350065875,0.8058150658876587,1.0795895859205886,-0.04610808885709453,-0.19596257303282308,0.0797588783092696,0.9549387383753167,0.8220430006788484,1.0830258951540996,-0.03968687305724172,-0.1765000909239378,0.08419893117801215,0.9610903353189293,0.8381987029428541,1.0878452786280415,-0.05510222621821015,0.053506151391180534,0.23643002823067072,1.889509738375598,1.1428199288301102,1.166302263165835,-0.0813439805715322,-0.0127311958332234,-0.04111001384746537,-0.02536649115011209,zh
language,zh,pg,drop_truncated,US,12,2288,0,0.238449549914181,-1.7967460409484473,2.2439568621765233,21.489277250907673,21.727726800821856,-0.78125,5,6,1,0.9160839160839163,0.6573426573426573,-0.13657124814842045,-0.4124025663414639,0.032317501121334156,0.8723441651388782,0.6620577002522716,1.0328453828188346,-0.1293150236195971,-0.35385091106513955,0.03513408352944258,0.8786971115954817,0.7019796169475365,1.0357585776551446,-0.11707184872442496,-0.30707748077367397,0.040148739892704496,0.889521279898086,0.735593604337639,1.0409655957890558,-0.08053190703928259,0.013941620117260412,-1.3581502292226064,2.059369205966986,0.4981086950991447,0.5472081214374799,-0.21055433672819435,-0.06709124136627594,-0.12642876994150912,-0.09351049521067954,zh
language,zh,pg,drop_truncated,CN,12,2301,0,1.733805226416828,-0.9599295724449646,4.342816369567021,25.63180762224059,27.36561284865742,0.0,6,6,0,0.965034965034965,0.886165982448008,0.0367840361872804,-0.1104175150769292,0.17742440460040854,1.0374689408943947,0.8954601891081321,1.1941377831674393,0.03709884590540804,-0.10936730016554483,0.1770943828063795,1.037795597613901,0.8964011087487206,1.1937437566961584,0.037698102609941525,-0.10765933064067394,0.17629291465103736,1.0384176899615951,0.8979334427418998,1.19278739238849,-0.0014415310017966698,0.08832245598852562,0.23422691366684265,2.64899964093957,1.733805226416828,1.733805226416828,-0.028616684176404606,0.09558180686374652,0.03709884590540804,0.03709884590540804,zh
language,hi,pg,full,all,24,4606,0,3.3056926169590626,1.5888786092836265,4.995529059409541,23.623446637426905,26.929139254385962,2.8645833333333335,13,11,0,0.9832501549930331,0.8946459524079698,0.12807962043019144,0.0024317245163213565,0.24481234787181103,1.1366434991387053,1.0024346835564204,1.2773815873396819,0.1287945500382678,0.011613315070618434,0.24194733032977175,1.1374564097823863,1.01168101141995,1.2737271042629021,0.1298641447362929,0.020185676926223143,0.24005881826758393,1.1386736780032922,1.0203907854629797,1.2713239251931368,0.15093291538895393,0.17372015652504702,1.6151792524790232,4.174056064073226,3.8117372234935156,1.6151792524790238,0.030451416301499723,0.17116672989108747,0.15932438126470388,0.0304514163014997,hi
language,hi,pg,full,US,12,2302,0,6.871801900584793,4.799087354356637,8.961848569506653,21.639254385964914,28.511056286549707,7.291666666666667,8,4,0,0.9894797752097305,0.8682018740230752,0.316265189102505,0.13032981037341268,0.48751572757590944,1.3719940452568917,1.1392040426837506,1.6282661346233627,0.3170942303428494,0.151030070035943,0.4834899583782738,1.3731319565244262,1.1630316299589305,1.621724287790987,0.31806115878410285,0.16816137971881884,0.4773725301227027,1.3744603189790063,1.1831275280301001,1.6118337888631766,0.37223994552496675,0.3643701600195737,3.6612838915470487,9.011662679425838,8.254086921850078,3.66128389154705,0.12858583073911445,0.4074674574684849,0.3980474847530868,0.12858583073911445,hi
language,hi,pg,full,CN,12,2304,0,-0.26041666666666724,-2.4305555555555554,1.7795138888888893,25.607638888888886,25.347222222222225,-2.864583333333333,5,7,0,1.0,0.9580419580419581,-0.06010594824212217,-0.18697656441455096,0.059237249074263046,0.9416647605729034,0.8294631751127413,1.06102693854038,-0.059505130266313794,-0.18541140793560978,0.059254344124672675,0.9422306996844121,0.8307624312796819,1.061045077004419,-0.058332869311516905,-0.18244667282033755,0.05928120620330958,0.9433358876018226,0.8332290765002506,1.0610735792635282,-0.1826748551671349,-0.013600432001459106,-1.8465909090909098,0.9943181818181812,-0.26041666666666724,-0.26041666666666724,-0.14303460046901692,0.011973093034619908,-0.0595051302663138,-0.0595051302663138,hi
language,hi,pg,drop_truncated,all,24,4559,0,3.226502139709232,1.4922660374375127,4.953095100714031,23.569795175451727,26.796297315160956,2.8700370855148343,13,11,0,0.9858665160214624,0.8999565879633948,0.13067732658592465,0.0031982533027621503,0.25272053595701555,1.139600003355334,1.003203373171614,1.2875234100544488,0.13126985303377958,0.010440241921896184,0.24990315490556816,1.1402754465865252,1.0104949314057032,1.2839010711462344,0.13209909523222857,0.019333503458738407,0.24674705046309128,1.1412214032640808,1.0195216059076198,1.2798553330162292,0.15102548762449064,0.16991271502948313,1.6926219228949915,4.091422522595141,3.7100342693533404,1.692621922894991,0.036043637637720075,0.17374965475596935,0.1606364932360813,0.036043637637720075,hi
language,hi,pg,drop_truncated,US,12,2274,0,6.644208337930959,4.558902618949125,8.795123808015555,21.392042585892444,28.036250923823403,7.291666666666667,8,4,0,0.99124495269876,0.8756580854229329,0.3177296271262715,0.12758964987062207,0.4971024513527309,1.3740047173981786,1.1360867137027764,1.6439509350897947,0.31832686945260336,0.14636390449050132,0.4912831546024913,1.3748255762734207,1.157617373571022,1.6344120783933695,0.31883879981302354,0.16654449806809962,0.4829174049642137,1.3755295714090643,1.181216096535245,1.6207960297773538,0.37223994552496675,0.3555160028210248,3.747704811703157,8.763378792894379,7.96593062702516,3.7477048117031586,0.13622269329891754,0.4088121546791257,0.3967350277318547,0.1362226932989175,hi
language,hi,pg,drop_truncated,CN,12,2285,0,-0.19120405851249522,-2.351614295456272,1.8823399917288923,25.747547765011003,25.556343706498506,-2.864583333333333,5,7,0,1.0,0.9580419580419581,-0.05637497395442223,-0.18303872501460644,0.06315510151491682,0.9451846498072283,0.8327359074025089,1.065192039318558,-0.05578716338504425,-0.18174044722016583,0.06305863961436368,0.9457404026570962,0.833817732042223,1.0650892938255838,-0.054640609348566245,-0.17902515079982306,0.06292322963318696,0.9468253669994896,0.8360848709293713,1.0649450798685802,-0.1826748551671349,-0.009936435803961308,-1.7875336140710474,1.069822845259096,-0.19120405851249522,-0.19120405851249522,-0.13930303579115047,0.016029056905095786,-0.05578716338504425,-0.05578716338504425,hi
language,sw,pg,full,all,24,4606,0,3.002558479532162,0.8846449022441905,5.1308993512426895,23.623446637426905,26.626005116959064,-0.2604166666666667,10,12,2,0.9754187744383233,0.9608188230674732,0.10873719375459452,-0.03317230350514017,0.2561403375723823,1.114869317218291,0.9673718636654149,1.291934022102555,0.10865960077268315,-0.03017512608152313,0.25129685585903117,1.1147828145395704,0.9702755981053847,1.2856916927989532,0.10849087927610275,-0.026317235929400405,0.24720482146323297,1.1145947425810765,0.9740260445337425,1.2804413477921124,-0.011984801792067012,0.1583832026299361,-0.24098970251716198,3.9936117467582006,1.8423436308161711,-0.24098970251716254,-0.06769196813334843,0.1741751167028961,0.05570326967025783,-0.06769196813334843,sw
language,sw,pg,full,US,12,2302,0,10.779422514619883,8.574521862090796,13.087074239417989,21.639254385964914,32.41867690058479,5.46875,7,3,2,0.9789473684210527,0.9719298245614036,0.5663154081535311,0.3984064149369192,0.7649954982250485,1.7617636975335973,1.4894492413349265,2.1489847003879494,0.5636313230572411,0.4023156933273311,0.7566758917036734,1.7570413143241852,1.495283309135377,2.13118015934441,0.5583652501782249,0.40568021553492245,0.7424906530190586,1.747812926718782,1.5003226958460294,2.1011622689251936,0.31254906112178965,0.5477222173846192,4.704445773524721,12.990430622009569,9.060506379585327,4.7044457735247205,0.23625729009777127,0.6644263051575219,0.49426551459622076,0.23625729009777138,sw
language,sw,pg,full,CN,12,2304,0,-4.774305555555556,-7.595486111111111,-2.0833333333333335,25.607638888888886,20.833333333333336,-7.03125,3,9,0,0.952715996940151,0.9420166082517577,-0.34884102064434197,-0.5177925249212766,-0.199151270301512,0.7055052821299693,0.5958343868634125,0.8194259291497431,-0.34631212151187496,-0.5137125503478063,-0.19701025337228772,0.7072916916986464,0.5982703419501085,0.8211822133825418,-0.3413834916260194,-0.5068516383966724,-0.19328525416148137,0.7107862753490563,0.6023891352716859,0.8242468207657523,-0.46388323821468275,-0.26602371919282386,-6.912878787878788,-3.409090909090909,-4.774305555555556,-4.774305555555556,-0.46192431618153534,-0.2506861993200259,-0.34631212151187496,-0.34631212151187496,sw
language,sw,pg,drop_truncated,all,24,4368,0,2.19805257632302,0.0014081137697419376,4.361550845778037,23.19087785492789,25.388930431250913,-0.2604166666666667,11,12,1,0.9736899556118457,0.954763030729653,0.0868821174780262,-0.06700975066794244,0.2558997532160706,1.0907680896458696,0.9351860826033639,1.2916232403735606,0.0853889897940014,-0.06469998227640661,0.24451894803446206,1.089140648905136,0.9373486424018557,1.2770068587650636,0.0827077295279106,-0.061308214049059,0.23219301814072205,1.0862242908636908,0.9405333095184141,1.2613631713072673,-0.011984801792067012,0.11744404417749155,-1.0260038921564718,3.1541273260182248,1.7501418187718476,-1.0260038921564727,-0.08945972717545518,0.14989274002948905,0.05487460950487446,-0.08945972717545515,sw
language,sw,pg,drop_truncated,US,12,2089,0,9.285947131341869,6.636131232193888,12.003446388980853,20.64210180575312,29.92804893709499,5.46875,8,3,1,0.9720279720279721,0.9440559440559443,0.5291261672217772,0.3229347935070096,0.7942052637232367,1.6974483743289352,1.3811752863726363,2.212681799352772,0.5235688570134789,0.32505542292368333,0.768581633450478,1.6880412904024333,1.384107355131322,2.156705085018646,0.5131952685862741,0.32702359800361613,0.7353516529843706,1.6706207577459384,1.3868342033127097,2.086215487431825,0.31254906112178965,0.4887821718004408,3.189092202250097,11.361184749342645,8.993760506918402,3.189092202250097,0.19781061855184037,0.6207217967461449,0.4996005952470752,0.19781061855184048,sw
language,sw,pg,drop_truncated,CN,12,2279,0,-4.889841978695828,-7.707663428680142,-2.2023533755431464,25.739653904102664,20.849811925406836,-7.30802792321117,3,9,0,0.9597212616235344,0.9508830463894928,-0.35536193226572466,-0.5250054021802574,-0.2070889701407964,0.7009197118351612,0.5915521686867364,0.81294731873255,-0.35279087742547616,-0.5209054986817194,-0.20517580136086794,0.7027241334924343,0.5939824540561837,0.8145041128926176,-0.3477798095304528,-0.5137767351338349,-0.20130757824606313,0.7062543695759347,0.59823194332854,0.8176608981678107,-0.4755152410738475,-0.2718762372600263,-7.047842843965177,-3.535130643425752,-4.889841978695828,-4.889841978695828,-0.4691721496945934,-0.25775393304395444,-0.35279087742547616,-0.35279087742547616,sw
language,es,control,full,all,24,4606,0,-1.7997382198952876,-3.3423547484002327,-0.2794962778141363,20.276482511634672,18.476744291739383,-1.5625,9,15,0,0.9466817356484704,0.8732331513761296,-0.14147165468054212,-0.25904410375968684,-0.0292329237219866,0.8680797812348766,0.7717889834972159,0.9711902248774087,-0.14050900889382859,-0.25637814986937285,-0.031023697688276643,0.8689158369269948,0.7738492824510121,0.9694525990183205,-0.13856178509802483,-0.25191474127267904,-0.03221800899767426,0.87060945891659,0.7773110077911267,0.9682954619438783,-0.1513466906614812,-0.11396646353453899,-2.2176616207603006,-1.4250891569921846,-1.9912123453979815,-1.6515384323545035,-0.16432558822582582,-0.11342425557728683,-0.15174301182104752,-0.12603807854896554,es
language,es,control,full,US,12,2302,0,0.30677356020942415,-1.341626923643642,1.9600606958442193,20.11025668993601,20.417030250145434,1.0416666666666667,7,5,0,0.9071817764981585,0.7205724055657101,0.004692181461717099,-0.119448543400682,0.13401475653819378,1.004703206982989,0.8874096697280432,1.1434096922889512,0.004461855411126907,-0.11798152607944407,0.13031534739237075,1.0044718243090611,0.8887124704665423,1.139187566516426,0.00416166005476154,-0.11430047726841713,0.1253789657164076,1.0041703317873953,0.8919898929245309,1.1335779588609842,0.10625835788174837,0.018781090029060588,-0.37556520704426455,0.8554953990163415,0.09791964144058397,0.8081469141678564,-0.03215727734623505,0.04789842470538195,-0.005848253954425776,0.04789842470538195,es
language,es,control,full,CN,12,2304,0,-3.9062499999999996,-6.119791666666667,-1.7795138888888886,20.442708333333332,16.536458333333336,-3.645833333333333,2,10,0,0.9790209790209792,0.9614094269768303,-0.2876354908228014,-0.44654750033230856,-0.1443608979777843,0.7500349370354403,0.6398333671658563,0.8655753073049517,-0.2854798731987841,-0.4424028396821752,-0.1432067414926095,0.7516534694060598,0.642490762542308,0.8665748933877043,-0.28128523025081126,-0.43523561152486434,-0.14098023905473947,0.7548130092689438,0.6471121820271566,0.8685064740369872,-0.27726455334733235,-0.2568715861599671,-4.49810606060606,-3.314393939393939,-3.9062499999999996,-3.9062499999999996,-0.3227548124595348,-0.2420272857464654,-0.28547987319878404,-0.28547987319878404,es
language,es,control,drop_truncated,all,24,4595,0,-1.7875501810506,-3.3550361145140797,-0.2409923351266613,20.258492020663933,18.470941839613335,-1.0512537889225682,9,15,0,0.9523604377344025,0.9024403938998268,-0.13584116918600708,-0.25328030650169514,-0.0240322535231004,0.8729812778048079,0.7762502633294694,0.9762542216120216,-0.1349822719202691,-0.25103460405297745,-0.025000846478897082,0.8737314011306776,0.7779954492974066,0.9753090864494235,-0.13323213740176,-0.2464545696314181,-0.02616315132564984,0.8752618875035645,0.7815668676013383,0.974176138514146,-0.13351473788574886,-0.11324090751240146,-2.204943667183235,-1.405182337530601,-1.978494391820916,-1.638820478777438,-0.15855855834037244,-0.10765722569183343,-0.1459759819355941,-0.12027104866351217,es
language,es,control,drop_truncated,US,12,2300,0,0.3922085017298919,-1.260055355584642,2.04269151759744,20.029390461865834,20.421598963595727,1.0416666666666667,7,5,0,0.9071817764981585,0.7754433699338666,0.017326893573791996,-0.10945420457246786,0.1538178032602692,1.0174778749464175,0.8963232109268807,1.1662783753019796,0.01689266655532921,-0.10790057759693489,0.1482634591808068,1.0170361544728503,0.8977168451597176,1.159818420925643,0.01620503623810467,-0.10450285506972186,0.1414665652585202,1.0163370499695938,0.9007722256357041,1.151961988065657,0.10625835788174837,0.02404554000814585,-0.28236345265829976,0.9486971534023063,0.19112139582654877,0.9013486685538216,-0.01859639246165072,0.06145930958996628,0.007712630930158554,0.06145930958996628,es
language,es,control,drop_truncated,CN,12,2295,0,-3.9673088638310916,-6.207371402604618,-1.8293171579864966,20.487593579462033,16.52028471563094,-3.670504385964912,2,10,0,0.9790209790209792,0.9790209790209792,-0.2890092319458062,-0.4486954728409978,-0.1446055754178521,0.7490052905944995,0.6384604976538706,0.8653635464621813,-0.28685721039586737,-0.444469975484052,-0.14332044894196252,0.7506189017611331,0.6411640186370318,0.8664763629688312,-0.2826693110416247,-0.43689076499618856,-0.1413752477519844,0.7537690097386704,0.646041997956495,0.8681634741745533,-0.2777048099669961,-0.2607436145315476,-4.471513975854014,-3.3659723439965927,-3.9673088638310916,-3.9673088638310916,-0.3198267188790205,-0.24352983541601086,-0.28685721039586737,-0.28685721039586737,es
language,pt,control,full,all,24,4607,0,-2.776982438917976,-4.339945439754218,-1.301401614310646,20.27227857766143,17.495296138743456,-2.34375,8,16,0,0.9738585203688894,0.8899648173095484,-0.18400555921813364,-0.29952649020160665,-0.07676722045035957,0.8319311789269205,0.7411690884311419,0.9261054069168625,-0.18332968368431057,-0.2980850287467901,-0.07986716602366448,0.8324936509156978,0.7422382254784167,0.9232389757460391,-0.18184266511195177,-0.2957477684630825,-0.08106417064422802,0.8337325053074427,0.7439750583284348,0.922134515580022,-0.14906389829481786,-0.17943956232279157,-3.2826845739433947,-2.2183729797404963,-2.286307762349192,-2.8297860232187575,-0.21420787639260955,-0.13705282928703028,-0.15753709588778503,-0.18584715473855065,pt
language,pt,control,full,US,12,2303,0,-0.8230621000581735,-2.4730550556282718,0.8358134920634802,20.101848821989527,19.27878672193135,0.5208333333333333,6,6,0,0.912286317569255,0.7830992317955069,0.012936556648656358,-0.09690695286199003,0.14907027163990516,1.0130205958994483,0.9076404555510545,1.1607545544692597,0.010931802888188477,-0.0976242049106644,0.13900170465736547,1.0109917733746732,0.906989681987086,1.1491260588681356,0.007412679426458189,-0.09833804817668851,0.12478222655424338,1.0074402213456786,0.9063424645436367,1.1329017102916354,0.08060381591660248,-0.05147651784498675,-1.7028101697604314,0.5225686181183562,0.38052316357290167,-0.7558404727907347,-0.03597155581348221,0.08393141082415823,0.082521894332969,0.02332813491773179,pt
language,pt,control,full,CN,12,2304,0,-4.730902777777778,-6.987847222222221,-2.517361111111111,20.442708333333332,15.711805555555555,-4.427083333333333,2,10,0,0.9737317909903014,0.9719358075641679,-0.3809476750849236,-0.5687704641536787,-0.22466778719334393,0.6832136377802077,0.5662212001425901,0.798781540142712,-0.3775911702568096,-0.5621860550071337,-0.22282246847624984,0.6855107005486041,0.5699617332780204,0.8002569075124574,-0.3710980096503617,-0.5505374507392798,-0.21883794928199551,0.6899763139074779,0.5766398115903718,0.8034519075632006,-0.30028950494922246,-0.3170148123175698,-5.303030303030304,-3.977272727272727,-4.730902777777778,-4.730902777777778,-0.41877972495667815,-0.29849060984181447,-0.3775911702568096,-0.3775911702568096,pt
language,pt,control,drop_truncated,all,24,4599,0,-2.758248321775206,-4.322023595540691,-1.259128965697416,20.259276880300664,17.50102855852546,-2.3519306282722514,7,16,1,0.9686687741749013,0.8667834993889382,-0.1800783354371198,-0.2957377237655377,-0.07264622729558179,0.8352047827168742,0.7439825313704087,0.9299297556044755,-0.17947754442495814,-0.2945975413250996,-0.07458568793467864,0.8357067170073523,0.7448312909671141,0.9281279412851262,-0.17813244834179867,-0.29127968065997195,-0.07717102328600439,0.8368315791933296,0.7473066415730116,0.9257315184211412,-0.14906389829481786,-0.17824838282987043,-3.263135929968331,-2.198824335765432,-2.2667591183741282,-2.8102373792436937,-0.21018825281763312,-0.13303320571205388,-0.15351747231280863,-0.18182753116357425,pt
language,pt,control,drop_truncated,US,12,2300,0,-0.7341994274517006,-2.3876611966489083,0.9564697335510214,20.029617701540065,19.29541827408836,0.5194698952879582,6,6,0,0.886165982448008,0.7333378475845165,0.025610228350903836,-0.08208585604239278,0.1639538711666094,1.0259409878211458,0.921192865327378,1.1781599666944065,0.023401465356757207,-0.08271817742802819,0.15279743498550924,1.0236774280868128,0.9206105594999525,1.1650889487780258,0.019494691749369093,-0.08480552170693867,0.1363111613183453,1.019685954097683,0.9186909324737066,1.1460384409522733,0.1152873759679719,-0.045966230203005054,-1.6058690723715523,0.6195097155072357,0.47746426096178074,-0.6588993754018553,-0.02236828766595268,0.09753467897168776,0.09612516248049853,0.03693140306526132,pt
language,pt,control,drop_truncated,CN,12,2299,0,-4.782297216098711,-7.0434296877391995,-2.5753650417883227,20.488936059061263,15.706638842962553,-4.427083333333333,1,10,1,0.9790209790209792,0.9790209790209792,-0.38576689922514346,-0.5770359193536962,-0.22844642069745108,0.6799289991860127,0.5615604124798366,0.7957689328066914,-0.3823565542066735,-0.5708421594273967,-0.22667027438136694,0.6822517501010861,0.5650493766081294,0.7971835908130522,-0.3757595884329665,-0.5595085445292747,-0.22301465252884134,0.686767420028732,0.5714898566611015,0.800103125674539,-0.30028950494922246,-0.3202016093167437,-5.359840656496071,-4.0333393872592,-4.782297216098711,-4.782297216098711,-0.42399296497081096,-0.30368921051439324,-0.3823565542066735,-0.3823565542066735,pt
language,fr,control,full,all,24,4605,0,-1.4744446262361839,-3.0175693329887947,-0.02044289969305904,20.263529850203607,18.789085223967422,-0.78125,8,13,3,0.9642702440438664,0.8778372879610945,-0.1902831518028533,-0.35833777406858236,-0.08526124829613944,0.8267250121212725,0.6988369861243401,0.9182723559739854,-0.18558340793837877,-0.332988042150179,-0.08252394271718394,0.8306195524271351,0.7167787652372826,0.9207893913928954,-0.17734608658121542,-0.3070941196029296,-0.07800826721990867,0.8374898903486923,0.735581365023079,0.9249567796908265,-0.041986747519137,-0.09281496971484704,-1.9008697549131195,-0.9950726534638441,-1.1535871462174674,-0.9950726534638441,-0.21484471288581394,-0.11466929410176452,-0.17406111374671604,-0.11466929410176452,fr
language,fr,control,full,US,12,2302,0,-1.3863892524723676,-3.170289465073023,0.3065887186744128,20.11571044211751,18.729321189645145,-1.0416666666666667,4,7,1,0.9001765118147749,0.635091628769366,-0.24121678004353234,-0.5353143265638242,-0.09254058707306632,0.7856712900697919,0.5854852276586651,0.9116122105422,-0.23312177710290416,-0.47221239997007464,-0.08914693180304402,0.7920571132305217,0.6236210417592075,0.914711163539616,-0.21917212273024708,-0.4140958340098729,-0.08190333791906072,0.8031834601252471,0.6609376079294943,0.9213610150651048,-0.05206384358958949,-0.0876163522741289,-2.131177613834682,-0.37606100269712817,-0.7075003966365223,-0.3760610026971284,-0.2960091428495705,-0.08916848173221305,-0.2133513773534753,-0.08916848173221303,fr
language,fr,control,full,CN,12,2303,0,-1.5625,-3.6471969507784507,0.34722222222222227,20.4113492582897,18.848849258289704,-0.2604166666666667,4,6,2,0.9912141845604473,0.9876681458393988,-0.13934952356217425,-0.28378663715791785,-0.008478538224537877,0.8699239164081005,0.7529272742725164,0.9915573032148083,-0.13804503877385335,-0.2814223937981086,-0.008238756318199786,0.8710594594123116,0.7547094835391868,0.9917950892224684,-0.13552005043218374,-0.2768447806284912,-0.007730163946767705,0.8732616534793821,0.7581721709855155,0.9922996369325531,-0.017851607056928565,-0.09797444636511798,-2.4621212121212124,-0.7575757575757577,-1.5625,-1.5625,-0.19490609737626097,-0.067559487884314,-0.13804503877385335,-0.13804503877385335,fr
language,fr,control,drop_truncated,all,24,4595,0,-1.4183570906432752,-2.9627633777041007,0.03335132619246934,20.22008521248584,18.801728121842565,-0.7839912280701755,9,14,1,0.9580343779423386,0.8611239386194474,-0.18286460495307655,-0.3488570761712363,-0.07669680499010195,0.8328809160540352,0.7054939549618701,0.9261706213513629,-0.1782727356344415,-0.32455348287554714,-0.07425532396308998,0.8367141905909438,0.7228500465169448,0.9284346119716353,-0.17024075204101075,-0.29784935452325106,-0.0694702810053005,0.8434617270179553,0.7424131725103305,0.9328878574618792,-0.041986747519137,-0.08933014934866201,-1.842343630816171,-0.9365465293668954,-1.0950610221205188,-0.9365465293668954,-0.20721618526431423,-0.10704076648026481,-0.1664325861252163,-0.10704076648026481,fr
language,fr,control,drop_truncated,US,12,2298,0,-1.2175621345029237,-3.043662249605799,0.5122081894366032,19.971671584611613,18.754109450108693,-1.0416666666666667,5,7,0,0.8826633501063164,0.5884422334042109,-0.2240030403229133,-0.5133269439441047,-0.07068938723541625,0.7993127041969414,0.5985010833099231,0.9317512610195194,-0.21613295073306396,-0.45106370073865354,-0.06798079733527294,0.8056281858951718,0.6369502666831784,0.9342784140401071,-0.202612070686869,-0.3966557375618504,-0.061830900458511834,0.8165949611115831,0.6725655248295251,0.9400418339948687,-0.05206384358958949,-0.07711558163773158,-1.9470025760498344,-0.19188596491228083,-0.5233253588516749,-0.19188596491228083,-0.2774758777188357,-0.0706352166014783,-0.19481811222274056,-0.07063521660147835,fr
language,fr,control,drop_truncated,CN,12,2297,0,-1.6191520467836258,-3.7054944855282654,0.29262001873168614,20.468498840360063,18.849346793576434,-0.5235745614035088,4,7,1,0.9790209790209792,0.9719358075641679,-0.14172616958323977,-0.2866689827966547,-0.010727202889607504,0.8678588701076014,0.7507602022528442,0.9893301283668435,-0.14041252053581904,-0.2834711498740409,-0.010450645443878817,0.8689996812342832,0.7531648507274382,0.9896037728175882,-0.13786943339515248,-0.27853962502682633,-0.009784120628334246,0.8712124355698776,0.7568882754374681,0.990263588156949,-0.030909053469503567,-0.10141312557190263,-2.523923444976077,-0.8094098883572568,-1.6191520467836258,-1.6191520467836258,-0.1974888047529508,-0.07014219526100383,-0.14041252053581904,-0.14041252053581904,fr
language,de,control,full,all,24,4605,0,-1.5170520651541597,-3.0815972222222228,-0.04225201670369933,20.283413321698664,18.766361256544503,-1.0416666666666667,8,14,2,0.9655646300633793,0.9348184717152302,-0.14027727525207034,-0.27773382926498186,-0.015716088464178605,0.8691172172906687,0.7574984185943762,0.984406764821085,-0.13891123522689489,-0.27157906613901,-0.020353505614005042,0.8703052774801926,0.7621750188496348,0.9798522288115459,-0.13627226259004457,-0.26136860686148833,-0.02333620164583559,0.872605022440528,0.7699970411058329,0.9769339817423751,-0.10252797310472617,-0.09550458735884049,-2.1944238940739056,-0.903663024508688,-2.1944238940739056,-1.5150760679869488,-0.17090159853401765,-0.09830092892239896,-0.17090159853401768,-0.13949746939168217,de
language,de,control,full,US,12,2301,0,1.0891597585805701,-0.39580198109256504,2.5372877492378914,20.124118310063988,21.21327806864456,1.0471204188481675,6,4,2,0.9647947133362913,0.9225409302704685,0.04653041834276798,-0.10909086916128381,0.20826107176428826,1.0476299457506493,0.8966489360594307,1.231534646505709,0.046480047415766446,-0.0957408783766916,0.19801444829821965,1.0475771769881441,0.9086994492408627,1.2189800058810591,0.046366948414139485,-0.08209013282672972,0.1814083687208089,1.0474587037550283,0.9211889255925849,1.1989046745074303,0.047071943211953626,0.0657350086119759,-0.0902348088211963,2.60862882754244,-0.0902348088211963,1.3302197366333492,-0.0035551410770664886,0.12271131394515238,-0.0035551410770664886,0.062108038038725936,de
language,de,control,full,CN,12,2304,0,-4.123263888888888,-6.3368055555555545,-2.0833333333333335,20.442708333333332,16.319444444444446,-2.8645833333333335,2,10,0,0.9667265263069178,0.9667265263069178,-0.32708496884690863,-0.4930477276217156,-0.18059229055868214,0.7210224759753697,0.6107621181469046,0.8347756352319639,-0.3243025178695563,-0.48890477282466593,-0.17876583622537467,0.723031479348893,0.6132977268234222,0.836301708035175,-0.31891147359422867,-0.4808418843476685,-0.17493880953981075,0.7269398998344798,0.6182626669797786,0.8395083891022272,-0.15897612767597763,-0.2724643336906847,-4.8768939393939394,-3.3617424242424248,-4.123263888888889,-4.123263888888889,-0.37745149776873976,-0.25624381220039766,-0.3243025178695563,-0.3243025178695563,de
language,de,control,drop_truncated,all,24,4595,0,-1.5332833185834474,-3.131889266043537,-0.05885063582082858,20.284088643079727,18.75080532449628,-1.3020833333333335,8,13,3,0.9812481141277362,0.9550625364546899,-0.13901064326748458,-0.2772712786827342,-0.01451671984299011,0.8702187664378613,0.7578488809759895,0.9855881397156705,-0.13768849991144397,-0.27047485429061746,-0.017949997612138936,0.8713700813321639,0.7630170863608989,0.9822101439830218,-0.1351315683886903,-0.26058352342356067,-0.022012598701820034,0.8736009658551454,0.7706017903883196,0.9782279105718167,-0.08630774534730679,-0.09654791906269455,-2.211360854174032,-0.9170431897078358,-2.211360854174032,-1.5320130280870754,-0.16962570081354714,-0.09702503120192843,-0.16962570081354714,-0.13822157167121163,de
language,de,control,drop_truncated,US,12,2298,0,1.1691481239092496,-0.34290437068463475,2.609051579343291,20.058704379841398,21.22785250375065,1.0471204188481675,6,3,3,0.9857713667157699,0.964418918339255,0.05904921005976135,-0.09701159137660574,0.22710667443841878,1.0608274428375728,0.9075454863707841,1.2549637333516348,0.05879537299639127,-0.08438187157912978,0.2122512488527389,1.0605581996881315,0.9190802184593724,1.23645850483624,0.05829570141672291,-0.06898015154475641,0.19696477314688277,1.0600284012707921,0.9333452053548876,1.2177011441710115,0.047071943211953626,0.07062948964091498,-0.00297477391718217,2.70332579723941,-0.00297477391718217,1.4174797715373633,0.00987975955634241,0.13628903553548694,0.00987975955634241,0.07554293867213484,de
language,de,control,drop_truncated,CN,12,2297,0,-4.235714761076143,-6.45237589596598,-2.1907069649897974,20.509472906318056,16.27375814524191,-2.8700370855148343,2,10,0,0.965034965034965,0.9510489510489512,-0.3370704965947305,-0.5065074726387784,-0.18854544765644685,0.7138585135344986,0.6025964926655842,0.8281628645219994,-0.33417237281927914,-0.5015634551718714,-0.18625554407313813,0.7159303646552335,0.6055831171289974,0.8300614505929271,-0.32855883819410353,-0.4930026579715617,-0.18251973496981047,0.719960565800051,0.6107896456022185,0.8331682012167847,-0.18438535217624213,-0.2798093033057325,-4.999567618143671,-3.472454380504118,-4.235714761076143,-4.235714761076143,-0.3882186122593465,-0.2670109266910044,-0.33417237281927914,-0.33417237281927914,de
language,zh,control,full,all,24,4607,0,-2.6037121873182083,-4.601782354384817,-0.6933593750000009,20.27227857766143,17.668566390343223,-4.427083333333334,8,15,1,0.9373371696193787,0.7915581762013231,-0.22477173182696006,-0.37329734919005797,-0.0872739570122006,0.7986985154032453,0.6884604892364301,0.9164259999111672,-0.2230986740115727,-0.36949334894897645,-0.08796582895044566,0.8000359026477106,0.691084380581048,0.9157921697682792,-0.21974218615279273,-0.36382368964818623,-0.08793277830160484,0.8027257250944312,0.6950137220550274,0.9158224377938795,-0.2855169518987362,-0.16763249185739548,-3.418909818650884,-1.9696344563320436,-1.9696344563320436,-2.2866634418392904,-0.26507661103582425,-0.18310504293087873,-0.1888487941966363,-0.18310504293087873,zh
language,zh,control,full,US,12,2303,0,-4.2959660413030845,-6.503954124284559,-2.2091848869601787,20.101848821989527,15.805882780686444,-4.427083333333334,3,9,0,0.9176896735232337,0.7775843798555644,-0.3363717767064169,-0.5141770141175841,-0.16687507384664407,0.7143574749721874,0.5979925315731619,0.8463053304030045,-0.3341826003060911,-0.5100889781193441,-0.17202239109160739,0.7159230425243143,0.6004421502220118,0.8419603205467682,-0.3297142039544653,-0.4997187277894766,-0.17387170481705633,0.7191292283554016,0.6067012839268411,0.8404047106184374,-0.38933270151043653,-0.28916549129802993,-6.154311438997302,-3.1240084086942725,-3.124008408694273,-3.7868871965730606,-0.42611016340888086,-0.2606580922550508,-0.2726677539925438,-0.26065809225505077,zh
language,zh,control,full,CN,12,2304,0,-0.9114583333333335,-3.2552083333333335,1.3454861111111114,20.442708333333332,19.53125,-2.34375,5,6,1,0.9807370556736849,0.8826633501063164,-0.1131716869475033,-0.27475603147704114,0.039564403532871995,0.892997330968203,0.7597574575209003,1.040357499425812,-0.1120147477170544,-0.2725033900820173,0.03971087683816388,0.8940310724858382,0.7614708477222021,1.040509895188121,-0.10977016835112015,-0.26871825057354,0.04007701825888936,0.8960400499949173,0.7643585829049522,1.040890938713076,-0.12016610975478709,-0.05637822347688082,-2.367424242424242,0.18939393939393961,-0.9114583333333331,-0.9114583333333331,-0.18968825910462417,-0.04182183423121008,-0.11201474771705443,-0.11201474771705443,zh
language,zh,control,drop_truncated,all,24,4591,0,-2.587999393327941,-4.619982877498261,-0.6724525044729909,20.254224906381882,17.66622551305394,-4.427083333333334,9,15,0,0.937364160010206,0.8020879401665056,-0.21913951595864548,-0.3672633491569324,-0.08066112563524076,0.8032096497718633,0.6926272182304828,0.9225062522024043,-0.2175679092110592,-0.36405606472252156,-0.08149731674992358,0.8044729719399647,0.6948522369529837,0.9217351830965695,-0.21440413739041309,-0.35721277146878394,-0.08223729251981886,0.8070221712752305,0.6996236219512746,0.9210533736871507,-0.2855169518987362,-0.16668021688197476,-3.4025138597045186,-1.9493260229946012,-1.9493260229946008,-2.2702674828929235,-0.25846283810650666,-0.17733381009556035,-0.1830116844397193,-0.1773338100955603,zh
language,zh,control,drop_truncated,US,12,2294,0,-4.194199010164041,-6.393343328912528,-2.095400970331852,20.043017512007513,15.84881850184347,-4.427083333333334,3,9,0,0.9020979020979022,0.7552447552447553,-0.321391039705929,-0.4991366055823519,-0.15050723387578288,0.72513963715115,0.6070545610325541,0.8602715068876842,-0.31941987225026985,-0.4950628634753239,-0.15586351444524857,0.7265704184962475,0.6095325887550512,0.855675969810911,-0.31536657101730703,-0.48498168497741084,-0.15871463465448496,0.7295214038454444,0.6157084733756173,0.8532398093043242,-0.38933270151043653,-0.2823419045898641,-6.043292859572893,-3.0048092009976117,-3.0048092009976117,-3.6758686171486503,-0.41000536916616676,-0.24455329801233672,-0.25642521709557825,-0.24455329801233672,zh
language,zh,control,drop_truncated,CN,12,2297,0,-0.9817997764918406,-3.324421471709378,1.2437519834587443,20.46543230075625,19.483632524264415,-2.081969895287958,6,6,0,0.9807370556736849,0.8721554530812412,-0.11688799221136197,-0.28154781983300387,0.03604460912866383,0.8896848392141654,0.7546148292573484,1.0367020918364345,-0.11571594617184859,-0.2787954396752738,0.03614556304248393,0.890728202121625,0.756694677093075,1.0368067562531234,-0.11344170376351918,-0.2734425555242187,0.036209763968981096,0.8927562392230618,0.7607560363323956,1.0368733223442528,-0.1022945996258166,-0.06076290565585918,-2.4107672202877493,0.11885526524545527,-0.9817997764918406,-0.9817997764918406,-0.19196425540421957,-0.045766114788738065,-0.11571594617184862,-0.11571594617184862,zh
language,hi,control,full,all,24,4604,0,-0.14301851909563554,-2.053627696019335,1.7595725771839454,20.26022225050094,20.1172037314053,1.8229166666666665,13,11,0,0.9721383998671517,0.8508543790399561,-0.07142315985376345,-0.22030765630636875,0.07146288320120674,0.9310678182335392,0.8022719359695775,1.074078283613908,-0.06972073557550791,-0.2098309325083928,0.06859809780166791,0.9326542406909021,0.8107213010008383,1.0710056831009944,-0.06664666490916149,-0.2003599778224604,0.06571882736416994,0.9355256970026122,0.8184360812051591,1.0679264032662676,0.13070228500965086,-0.008782836141562056,-1.3784650333563375,0.6886256032625258,0.6886256032625253,-1.3784650333563377,-0.13639479569386836,-0.02092975776222952,-0.020929757762229554,-0.13639479569386836,hi
language,hi,control,full,US,12,2300,0,2.8389629618087295,0.7830662448946437,4.869448665991217,20.07773616766854,22.91669912947727,3.6458333333333335,8,4,0,0.9737317909903014,0.6491268028858163,0.0928944495978044,-0.08995072839171864,0.26122085304898174,1.097345903853664,0.9139762172399747,1.2985144146354257,0.09452186059114605,-0.06641011265558096,0.25208896291907684,1.0991331905716564,0.9357470238911758,1.2867105017154596,0.09721107934961877,-0.04921887856075481,0.2450096222104453,1.102092978140187,0.9519727404700578,1.2776336068051775,0.204864187884979,0.166708020109974,0.5268458393458395,4.848944443185281,4.848944443185282,0.5268458393458393,-0.029956392732093665,0.211470504761333,0.211470504761333,-0.029956392732093648,hi
language,hi,control,full,CN,12,2304,0,-3.125,-5.642361111111111,-0.651041666666667,20.442708333333332,17.317708333333332,-4.6875,5,7,0,0.952715996940151,0.9298302852148176,-0.2357407693053312,-0.4235886878377978,-0.05992346284259957,0.7899854358646846,0.6546931097752756,0.9418366163230586,-0.23396333174216188,-0.42024934934101416,-0.05946674831128864,0.791390834286716,0.6568830060477967,0.9422668650347946,-0.23050440916794177,-0.4137119635645646,-0.05865055572077978,0.7941329335290407,0.6611913710463354,0.9430362502088454,-0.3204897656555784,-0.20203414341775394,-4.1193181818181825,-2.2253787878787885,-3.1250000000000004,-3.1250000000000004,-0.28952564857474117,-0.1721976256679233,-0.23396333174216188,-0.23396333174216188,hi
language,hi,control,drop_truncated,all,24,4532,0,-0.1804905202874447,-2.0853465429722666,1.7454776637407319,20.270951955270107,20.09046143498266,1.8463115321754064,13,11,0,0.9704220143771551,0.8633006927615593,-0.06447974507801456,-0.21292263686305493,0.07964775794547675,0.9375551041752216,0.8082186611288966,1.0829055556088438,-0.06292228439021676,-0.2030012361677409,0.07756195233390818,0.9390164470892924,0.816277232369404,1.08064917912357,-0.06012529642922351,-0.19317733229999284,0.0751699261306868,0.9416465412431851,0.8243357798172023,1.0780673271304946,0.1313456611208157,-0.011096406525610725,-1.300572514597212,0.6583439879838108,0.6583439879838108,-1.300572514597212,-0.12465389951504433,-0.01369051117287597,-0.01369051117287597,-0.12465389951504433,hi
language,hi,control,drop_truncated,US,12,2274,0,2.685071192288436,0.6064663104887867,4.72148490982692,20.008201049865715,22.693272242154148,3.6458333333333335,8,4,0,0.9737317909903014,0.6912323252351664,0.09639750399430254,-0.0891461226218448,0.2637792582425898,1.101196707095359,0.9147119037069917,1.3018407939564856,0.09778539347846571,-0.06513193243757268,0.2572517999201756,1.1027261074990014,0.9369438419378082,1.293370756414095,0.10001975121964185,-0.04769204662169094,0.24945604508820135,1.1051927467647633,0.9534273530472118,1.2833271546842004,0.204864187884979,0.15835304670759642,0.6035871780567287,4.699503501635231,4.699503501635231,0.6035871780567289,-0.016680012885384385,0.21533434455733128,0.21533434455733128,-0.016680012885384385,hi
language,hi,control,drop_truncated,CN,12,2258,0,-3.046052232863325,-5.6000305792339775,-0.5303732321726432,20.533702860674502,17.487650627811174,-4.555157103825136,5,7,0,0.9457107322567676,0.9176896735232337,-0.22535699415033159,-0.4161056679010286,-0.0479240525711945,0.7982312040176598,0.659610567137625,0.953206177886854,-0.22362996225889922,-0.4130519132651412,-0.04734257925232446,0.7996109658671487,0.6616279346698962,0.9537606030227678,-0.22027034407808888,-0.4068561191597058,-0.04635440391157233,0.8023018710816643,0.6657399706372711,0.9547035515541673,-0.3055992818039205,-0.19581069260438544,-3.9928225315446806,-2.2382553284128837,-3.046052232863325,-3.046052232863325,-0.27830017339244795,-0.1609248589589095,-0.22362996225889922,-0.22362996225889922,hi
language,sw,control,full,all,24,4604,0,0.8959247076023384,-1.3398067571085879,2.9413254246903344,20.283945540935672,21.179870248538013,-1.8229166666666665,10,13,1,0.9893455332813528,0.956276035696764,-0.07109852690083877,-0.24561901783442747,0.08747742769558702,0.9313701225950695,0.7822201801022389,1.0914176283539572,-0.06908951445356663,-0.23969089960028953,0.08560672332214103,0.9332431375896215,0.7868710456351199,1.0893778171600659,-0.0652722045191043,-0.22801011614222366,0.08417720119709039,0.9368124240921643,0.7961162061699496,1.0878216400277252,-0.11505218716936094,0.05394853532904276,-2.3033466819221973,1.6821605644546147,0.18759534706331046,-2.3033466819221964,-0.2391540619219211,0.019503374245370346,-0.10347353997413801,-0.2391540619219211,sw
language,sw,control,full,US,12,2300,0,8.302266081871345,6.174215622749245,10.2992378418299,20.125182748538013,28.42744883040935,3.90625,8,3,1,0.9930069930069931,0.9720279720279721,0.4543473159052082,0.288264150521861,0.6408574995050004,1.5751449753854165,1.3341096633471923,1.8981078081658536,0.4513988913253357,0.2902790552454892,0.6259126726957754,1.5705076190303169,1.3368004771660893,1.8699518328411056,0.4458206334130617,0.2934145743663842,0.6044265496929866,1.5617713118195184,1.3409986188603473,1.8302023777861212,0.2510146660375351,0.4510106228571604,2.286184210526315,9.95663875598086,7.49451754385965,2.2861842105263155,0.1431265107804948,0.5348797355356797,0.4268221475804049,0.14312651078049488,sw
language,sw,control,full,CN,12,2304,0,-6.510416666666667,-9.505208333333334,-3.689236111111111,20.442708333333332,13.932291666666664,-5.989583333333334,2,10,0,0.9720279720279721,0.9440559440559443,-0.5965443697068858,-0.8455193580711278,-0.3957652486691056,0.5507114067709871,0.4293343220525679,0.6731647037004993,-0.589577920232469,-0.8308940793442539,-0.3900700685708943,0.5545613044500032,0.4356595978937049,0.6770094357525565,-0.5763650424512704,-0.8059025954504856,-0.3810204623359216,0.561937276790532,0.44668456909256804,0.6831639103474528,-0.547201315618024,-0.4559663742407385,-8.285984848484848,-5.5397727272727275,-6.510416666666667,-6.510416666666667,-0.7024351709087848,-0.4516553716600465,-0.589577920232469,-0.589577920232469,sw
language,sw,control,drop_truncated,all,24,4316,0,-0.29351183106387974,-2.592439365815353,1.84891474400543,20.18948700465685,19.89597517359297,-3.3963241710296685,9,14,1,0.9826086956521738,0.9408695652173911,-0.12717899097696928,-0.30923086259880117,0.03554576207272023,0.8805760433241787,0.7340112947092141,1.036185065019406,-0.12491053315953553,-0.3017390530629176,0.03246863441325227,0.8825758603261865,0.7395310180672087,1.033001491937928,-0.12061442959549185,-0.2884465252591593,0.030637742597086223,0.8863756539344634,0.7494268794841703,1.0311119082997107,-0.1865731744825867,-0.0179863062594261,-3.4392655423889082,0.42228142657494094,-0.0064231400606598816,-3.439265542388908,-0.2875305078972586,-0.041408615775235934,-0.11601624324776566,-0.2875305078972586,sw
language,sw,control,drop_truncated,US,12,2068,0,6.1040317128123975,3.5448623455843187,8.60573703116408,20.041203666119987,26.145235378932384,1.8229166666666667,7,4,1,0.9930069930069931,0.9370629370629372,0.3476750647106836,0.16133764855183372,0.5564663171924276,1.4157721406611017,1.1750816664608765,1.7444970963654416,0.345235278372574,0.16522529892951235,0.5415591996821073,1.4123221694421098,1.1796588646535247,1.7186845465186749,0.3405944323434383,0.1711094494511387,0.5207057297533172,1.4057829851204338,1.1866206168898272,1.683215125626442,0.18251797129530267,0.34166963675006023,0.10814154766700054,7.5340044548133305,7.285902934353336,0.10814154766700135,0.047952223151163036,0.4178738026063705,0.40657295832737556,0.047952223151163056,sw
language,sw,control,drop_truncated,CN,12,2248,0,-6.6910553749401585,-9.603816981359754,-3.9600837757523784,20.33777034319371,13.646714968253553,-5.291597838564269,2,10,0,0.965034965034965,0.9580419580419581,-0.6020330466646221,-0.8498762533566531,-0.4016435620551165,0.5476970098552599,0.4274678263845586,0.6692192383138925,-0.595056344691645,-0.8334904191773712,-0.3967976350016003,0.5515314891206461,0.4345299446424613,0.6724700962741818,-0.5818232915344219,-0.8098029062828022,-0.38676577146567725,0.5588784387089731,0.44494575359386956,0.6792501760684171,-0.468513044537083,-0.4731071829777427,-8.213803281537729,-5.77599161295683,-6.691055374940157,-6.691055374940157,-0.6949848131256288,-0.46320195484557397,-0.595056344691645,-0.595056344691645,sw
nationality,us_ally,he,full,all,24,4606,0,-0.19553973967422922,-0.9784155484196603,0.5859375,6.100021815008726,5.904482075334497,-0.2604166666666667,9,12,3,0.8771715242109668,0.6124175893878523,0.011163000438502768,-0.21178517646245024,0.2638001309433465,1.0112255392180691,0.8091385008924382,1.301867967173399,0.00915710826530434,-0.19148132221971287,0.22596774394371547,1.0091991628493069,0.8257350478602503,1.2535352305231071,0.006515238395997723,-0.1682849933788746,0.18542428492898969,1.0065365087303513,0.8451129487660437,1.203729055893751,-0.04125830549036502,-0.033299404312692626,-0.2946211776310797,0.045052735412398584,0.045052735412398535,-0.13610668487745659,-0.047853102129269215,0.03716380835704949,0.0225054552645055,0.03716380835704949,US / US ally
nationality,us_ally,he,full,US,12,2303,0,-0.7814772396742292,-1.7795138888888886,0.17338387143688194,6.424520069808029,5.6430428301337985,-0.5221967713787086,3,7,2,0.7730690880440998,0.595411771557174,-0.14345509071716456,-0.5250225889617486,0.15930128661911983,0.8663597069067165,0.59154200189624,1.1726912096311668,-0.1354706880198906,-0.45298234266976023,0.13338625702590068,0.8733047608450939,0.6357293588105423,1.1426912856377596,-0.12244003008542875,-0.3753023649578491,0.11370932783173736,0.8847589622719295,0.6870814980115568,1.120426400775688,-0.1541198446566603,-0.13260950390967174,-1.0419145644930987,-0.33168729176582584,-0.33168729176582573,-0.7104751705537046,-0.1817350547857152,-0.09005920567216846,-0.12070848941112407,-0.09005920567216846,US / US ally
nationality,us_ally,he,full,CN,12,2303,0,0.39039776032577084,-0.6537828947368423,1.4756944444444446,5.775523560209424,6.165921320535195,0.5208333333333334,6,5,1,0.9364483778807908,0.7112094658698587,0.1657810915941701,-0.14330653373607732,0.5515015011001041,1.1803146926326051,0.8664884202497063,1.7358574539730112,0.15378490455049929,-0.11344651748068255,0.4659161768646234,1.166240006879339,0.8927519417573737,1.5934734238116797,0.1354705068774242,-0.09199314293642387,0.3889412052275766,1.1450754234865888,0.9121114039295323,1.4754178019289803,0.06634621150690889,0.06681284981423907,0.2364945264159924,0.5679339203553864,0.39039776032577084,0.39039776032577084,0.04772971884231774,0.19883220557013448,0.15378490455049929,0.15378490455049929,US / US ally
nationality,us_ally,he,drop_truncated,all,24,4583,0,-0.20076378929121433,-0.9888018909833963,0.5727945276852379,6.023406538160501,5.822642748869288,-0.5208333333333334,9,13,2,0.818859202815131,0.4653348900776751,-0.006478165873774727,-0.23547190051632255,0.23155100720601646,0.9935427722049226,0.790197866848911,1.260553622256131,-0.00557738925678682,-0.2023933155393037,0.19800962281954995,0.994438135502722,0.816773615002819,1.2189741237332339,-0.004358873226587058,-0.17183284040589708,0.1678790114890177,0.9956506128734082,0.8421199298294153,1.182793497566396,-0.08253212941274901,-0.0345872968116141,-0.3005465991602382,0.04222359744440797,0.042223597444408,-0.1627418315558627,-0.06322822997840782,0.016623679940847288,0.007533968562818888,0.014308121537821428,US / US ally
nationality,us_ally,he,drop_truncated,US,12,2289,0,-0.7895545470637234,-1.7852430311266545,0.16904606539394065,6.243086971461666,5.453532424397942,-0.5291597838564269,3,8,1,0.5905105780360111,0.3427647434484974,-0.17871091691299776,-0.5870416981189597,0.1259370486184725,0.8363476384111407,0.5559695801887958,1.1342107659009524,-0.16491325124031964,-0.4845467880745511,0.11566548634798006,0.8479672610055258,0.6159763013183029,1.1226202775071314,-0.14416196977480997,-0.3965376908636117,0.09700148189855219,0.8657475117729676,0.6726449236553729,1.1018620064675129,-0.2053767172075831,-0.1377529485031137,-1.0517177638600923,-0.33501644368674127,-0.33501644368674116,-0.7635805225054889,-0.2138653157749615,-0.13297791218922403,-0.15198367234328342,-0.13781953430464175,US / US ally
nationality,us_ally,he,drop_truncated,CN,12,2294,0,0.38802696848129475,-0.6662538311071566,1.4756944444444444,5.803726104859337,6.191753073340632,0.5208333333333334,6,5,1,0.9312531405135757,0.720281078143876,0.1657545851654483,-0.14346616399080722,0.5515864339881876,1.180283407119971,0.8663501135217241,1.7360048916209423,0.153758472726746,-0.11352104327474859,0.46617120260275197,1.1662091814364113,0.8926854111891628,1.5938798523704443,0.13544422332163586,-0.09201267974754758,0.38906053131115925,1.1450453272283336,0.9120935843553793,1.4755938682613767,0.06641115026163713,0.06613227051953574,0.23390820804020027,0.5653476019795942,0.3880269684812947,0.3880269684812947,0.04770088412549598,0.1988033708533127,0.153758472726746,0.153758472726746,US / US ally
nationality,us_rival,he,full,all,24,4607,0,1.6714614237929029,0.5425347222222222,2.842881944444444,7.422329479348458,9.093790903141361,1.0416666666666667,16,7,1,0.8648099608591661,0.647359817331973,0.3175955120190877,0.11330298931675309,0.6308502251113483,1.373820454964698,1.1199712208606758,1.8792076497666819,0.3027657213500981,0.10391410773880784,0.5660561082489183,1.3535973083423782,1.1095051529164006,1.7613069315971177,0.2792853159196634,0.08981435135001921,0.5006829534648082,1.3221845303535686,1.093971170581019,1.6498476551947712,0.20727128058130118,0.21501576087766017,1.4271046741027391,1.834713369754913,1.495039456711435,1.7214887320737535,0.2338207600338238,0.3419442680427462,0.30553480708213704,0.29349200324271385,US / US rival
nationality,us_rival,he,full,US,12,2303,0,1.954033958696917,0.8680555555555557,3.0393363238074467,6.858547847585807,8.812581806282724,1.3020833333333335,9,3,0,0.7193026734680664,0.3816468860797186,0.34286040637905213,0.042280366473501155,0.7289291282212902,1.4089720646856063,1.043186912390383,2.072859651804541,0.32819748707376745,0.05891036782736299,0.6473376880889539,1.3884631487396475,1.0606801654116198,1.9104478444137145,0.3047162069158568,0.071189807917979,0.5602551664873104,1.3562400568377089,1.0737850194258245,1.751119270246368,0.39063499225184106,0.2636793504228674,1.4687946216087575,2.273718864033,1.6108400761542123,2.084324924639061,0.2438719711069927,0.4124282452241835,0.3362993723065461,0.31111896427866126,US / US rival
nationality,us_rival,he,full,CN,12,2304,0,1.388888888888889,-0.21701388888888887,2.952473958333318,7.986111111111112,9.375000000000002,0.78125,7,4,1,0.9614094269768303,0.8866140192766774,0.29233061765912344,0.06765224413956886,0.6250960150136725,1.3395458219397378,1.0699931473843,1.868425345705215,0.27733395562642865,0.05808101335555242,0.5645859844136566,1.319606987635863,1.0598008502556546,1.7587194946881124,0.25385442492347,0.04283608480433243,0.5024395156032955,1.2889841466432057,1.0437667915899087,1.6527482619223155,0.13407611441814637,0.17081947718320434,0.852272727272727,1.7045454545454541,1.3888888888888886,1.3888888888888886,0.1308643305357034,0.32335593618374714,0.27733395562642865,0.27733395562642865,US / US rival
nationality,us_rival,he,drop_truncated,all,24,4586,0,1.7199468570129934,0.5944138495501198,2.8872872005465244,7.29739225693195,9.017339113944944,1.0416666666666667,16,5,3,0.8767731047000773,0.7258473344673886,0.33595760846068795,0.12764478832312273,0.6697558929731513,1.3992797059329674,1.1361493574931014,1.9537603357938866,0.32033680981462553,0.11635699802743536,0.5994330057896019,1.377591672603022,1.1233968510145005,1.8210859624142763,0.29547198725804685,0.10290090789711857,0.5273830866968199,1.3437604468425173,1.1083815717733505,1.6944921623317974,0.21131411971575062,0.2236850558996939,1.477698169636747,1.8857811046090511,1.5403330755880267,1.7717227843135357,0.2521558088663742,0.36027931687529663,0.3235183046856049,0.3118234195785836,US / US rival
nationality,us_rival,he,drop_truncated,US,12,2292,0,2.0516865441597862,0.9604259114652056,3.141037459101339,6.619136307753167,8.670822851912954,1.3020833333333335,9,2,1,0.7482517482517484,0.5578981711288905,0.3765744227511916,0.06614902598697367,0.8010459099582132,1.4572839904723853,1.0683859225694072,2.2278698616268606,0.3604108848756063,0.08631256699217564,0.7046599280717418,1.4339184689470266,1.0901470190327853,2.0231585484922805,0.3343137552617317,0.10246752915689378,0.6061964448819698,1.3969813850807313,1.1079013268355764,1.8334445124423555,0.39063499225184106,0.28311343641322173,1.5753247148409786,2.3802489572652212,1.7062886091027452,2.1901034546197184,0.2790138596180896,0.4475701337352805,0.3707061991568341,0.34625325756942593,US / US rival
nationality,us_rival,he,drop_truncated,CN,12,2294,0,1.3882071698662013,-0.18372938769255512,2.950250262121224,7.9756482061107326,9.363855375976934,0.7826134380453753,7,3,2,0.956064745391637,0.9103704744721839,0.29534079417018433,0.06926257324540529,0.6300408386354385,1.343584166323794,1.0717175765691889,1.8776872598840404,0.28026273475364477,0.05893093452001682,0.5693212670609508,1.3234774901942494,1.0607019803189153,1.7670672775499778,0.2566302192543622,0.04565637960994486,0.5061418080591893,1.2925670719614144,1.0467146766489885,1.6588785604205472,0.1340906451834103,0.1709057830179761,0.8515290337934315,1.7047933523718866,1.3882071698662013,1.3882071698662013,0.13405936231084822,0.32655096795889194,0.28026273475364477,0.28026273475364477,US / US rival
nationality,us_neutral,he,full,all,24,4607,0,-0.2606439063408959,-1.0640497745782431,0.5448332202032792,6.663235347585807,6.402591441244909,0.0,10,10,4,0.9289842317839466,0.6992479785875824,0.06166558830118083,-0.13709215060188978,0.3355717003605869,1.063606602758307,0.8718898772530971,1.3987398167406473,0.05439922932554173,-0.12518631978660072,0.27577002208189744,1.0559060666858204,0.8823324912670465,1.3175448229668703,0.04353783995510224,-0.11614491968686554,0.21819127654799103,1.0444995173790879,0.8903461852572528,1.2438249594113175,0.0,-0.04115271722920033,-0.3625559602397755,0.04505273541239847,0.04505273541239855,-0.2946211776310797,-0.0006439323272823696,0.07423060402085822,0.0716058896731938,0.04560765469120348,US / neutral
nationality,us_neutral,he,full,US,12,2303,0,-0.5212878126817918,-1.520233420593368,0.4361000156641602,6.902859584060501,6.381571771378709,0.0,4,5,3,0.9058628854298054,0.5914130450698982,0.009245359825365293,-0.3126968829865203,0.3531594553539138,1.0092882301799482,0.7314716004554749,1.4235581193005924,0.006429489853912516,-0.2707525989194846,0.28896746106192417,1.0064502033925034,0.762805191891066,1.3350482867682065,0.0020969530795697986,-0.22750419693164392,0.22813226473082743,1.002099153223276,0.7965190785543511,1.2562514722072458,0.0,-0.08112280681397266,-0.7580715532286213,0.09420117404410605,0.094201174044106,-0.6160260986831667,-0.04738063403035084,0.038046166992491456,0.038046166992491456,-0.01631377887894285,US / neutral
nationality,us_neutral,he,full,CN,12,2304,0,1.0177044392397268e-16,-1.0850694444444444,1.0416666666666667,6.42361111111111,6.423611111111112,0.2604166666666667,6,5,1,0.9577702286774383,0.8419935835830972,0.11408581677699638,-0.13624040437670715,0.4544618758274413,1.1208483083463407,0.8726328225203203,1.5753254342077794,0.10236896879717094,-0.1303133451254174,0.38709139603338705,1.1077921370632462,0.8778203271011024,1.4726910832458686,0.08497872683063469,-0.12409182972678826,0.314967874951956,1.0886939064821943,0.8832987240778364,1.3702152920178585,0.03852278534539244,0.0,-0.18939393939393928,0.2840909090909092,1.0177044392397268e-16,1.0177044392397268e-16,-0.008360392888585892,0.14819545583934443,0.10236896879717094,0.10236896879717094,US / neutral
nationality,us_neutral,he,drop_truncated,all,24,4583,0,-0.2851383630095891,-1.0730616528936807,0.5031508179669897,6.599545887224218,6.314407524214627,0.0,9,10,5,0.9329541231370794,0.7362092983004229,0.049250733170089746,-0.1480561002446284,0.32268230425168565,1.050483708832787,0.8623827337026344,1.3808265984749346,0.04146752663313865,-0.13792292890593413,0.25481728353554817,1.0423393130349776,0.8711658308622199,1.2902258538279296,0.030551508598347845,-0.12943949307285554,0.1979717652872954,1.031022995230431,0.8785877474528103,1.2189279772545287,0.0,-0.04548374237100461,-0.3881153932853686,0.0031118654257014486,0.0031118654257016563,-0.29753568314044093,-0.014137882962833413,0.06073665338530717,0.05751529460296583,0.0432704625737099,US / neutral
nationality,us_neutral,he,drop_truncated,US,12,2291,0,-0.5760066811196319,-1.5557415061732947,0.38384747661135715,6.7915971036582095,6.215590422538578,0.0,3,5,4,0.9255913610168003,0.6836408835910318,-0.01686167606350117,-0.3468530771350102,0.33492238400511015,0.9832796863454414,0.7069091817506067,1.3978318868993285,-0.020660401084001717,-0.3001196970080119,0.25622686854318427,0.979551562740145,0.7407295522639996,1.2920458192445876,-0.025009584577622857,-0.2534579581887857,0.19096094826953824,0.9753005641395723,0.7761123734091356,1.210412182468028,0.0,-0.09132799538072289,-0.8177648642517196,0.0002557675986995472,0.0002557675986995068,-0.6283709248577801,-0.06946087256832831,0.007246029424078714,0.007246029424078714,-0.02253861936436551,US / neutral
nationality,us_neutral,he,drop_truncated,CN,12,2292,0,0.005729955100453515,-1.074244224848272,1.0475132483231022,6.407494670790224,6.41322462589068,0.2604166666666667,6,5,1,0.9490465829402037,0.8622392611430678,0.11536314240368067,-0.13373244512952603,0.4585935393249338,1.122280911369713,0.8748240967416099,1.5818476132473516,0.10359545435027902,-0.12698795089725748,0.38399259811189884,1.1091516616634176,0.8807442847115999,1.468134574673932,0.08611260177431855,-0.12310662594283511,0.3140023942634533,1.089929049340533,0.8841693821405442,1.368893014033967,0.03852278534539244,0.0009148235858726927,-0.18314307928435375,0.29034176920049476,0.005729955100453515,0.005729955100453515,-0.007022408648831625,0.1495334400790987,0.10359545435027902,0.10359545435027902,US / neutral
nationality,cn_ally,he,full,all,24,4607,0,0.5211741928446773,-0.5425347222222222,1.5625,9.5492928301338,10.070467022978477,0.5208333333333334,16,8,0,0.9367941761919141,0.7210669520974559,0.19958520596339477,0.018017914484897615,0.460364078458898,1.220896232638937,1.0181812164184374,1.5846508172094391,0.19160828691777324,0.02096459818991924,0.4136101416939793,1.2111959827187606,1.0211858991683416,1.512267441921915,0.1779301185877742,0.021199763956966683,0.36195065797170295,1.1947418280713338,1.0214260753731212,1.4361280787397994,0.15254705700178972,0.0575267007649054,0.27209480992488044,0.9287977084756049,0.928797708475605,0.49854408528719935,0.14026783879226465,0.2163908884328726,0.2153483618049407,0.18598782584172793,China / China ally
nationality,cn_ally,he,full,US,12,2303,0,0.04408449680046549,-1.0823396381578947,1.2152777777777777,9.246155104712042,9.290239601512507,0.5208333333333334,8,4,0,0.8985684737240432,0.7442178040467319,0.14149417402428646,-0.13878142309069177,0.483414769556575,1.1519937927533992,0.8704182610005686,1.6216023568366473,0.13517842699985524,-0.11340505635710292,0.4272213693969462,1.1447410188359015,0.8927889570232989,1.5329919816756135,0.12445763547505849,-0.09879134178443157,0.3697512460381863,1.1325340401773292,0.9059317183993669,1.4473745297304057,0.1949633590034474,0.005110571249844931,-0.425392670157068,0.8530164207520229,0.8530164207520229,-0.04660479136918923,0.07699830808430413,0.18186660653888867,0.179686778135031,0.11829656657558617,China / China ally
nationality,cn_ally,he,full,CN,12,2304,0,0.998263888888889,-0.4774305555555555,2.4739583333333335,9.852430555555554,10.850694444444445,1.0416666666666667,8,4,0,0.9632238939652261,0.8712860822229288,0.257676237902503,0.08725291942055557,0.5346702305582385,1.293919828603652,1.0911726235687065,1.7068852708310145,0.24803814683569123,0.08033905848371967,0.47925994531279037,1.2815088167678894,1.0836544276202913,1.6148788611940956,0.2314026017004899,0.07159595254972086,0.42628503605090257,1.2603665630392291,1.074221220021378,1.5315572619567313,0.11312001479173428,0.10524217039120698,0.5208333333333335,1.3731060606060608,0.998263888888889,0.998263888888889,0.14581992438398397,0.2931022921140551,0.24803814683569123,0.24803814683569123,China / China ally
nationality,cn_ally,he,drop_truncated,all,24,4580,0,0.554104156760901,-0.5166912891813521,1.5981528348948,9.464353650528748,10.018457807289648,0.5208333333333334,15,8,1,0.9587837568792676,0.7733679250222688,0.20297271502535583,0.011756745444749032,0.4810457808621645,1.2250390426322764,1.0118261276127047,1.6177653458987145,0.19477303226503642,0.018125146552844876,0.4289160921014202,1.2150351814084621,1.0182904039499168,1.5355921806785462,0.18072678549175433,0.02079250938809638,0.3730325058380692,1.1980877996037917,1.0210101796306312,1.4521315418183545,0.113152299152394,0.06152204760032376,0.29152578995021866,0.9482233939188679,0.948223393918868,0.507307173028388,0.1435701817633219,0.21969323140392985,0.21808196144126896,0.17560202232475824,China / China ally
nationality,cn_ally,he,drop_truncated,US,12,2289,0,0.0783730927507172,-1.020904448351083,1.2167516842032626,9.036639653754243,9.115012746504961,0.5208333333333334,7,4,1,0.9700553547016413,0.7903740243551208,0.14788046970380966,-0.16617473710493538,0.5297078410923903,1.1593743077259706,0.8468982367133928,1.698436022911837,0.14112034533386056,-0.131677493510747,0.4598114177223538,1.1515632249067969,0.8766236663162889,1.5837752848800906,0.12966568181716995,-0.10336205105482894,0.39218257223647274,1.1384477159245157,0.9018004165778807,1.4802079316067025,0.10493271729325337,0.009258131652358781,-0.38798692912042976,0.8591923100800861,0.8591923100800861,-0.06272342450909897,0.08348040081230992,0.1883486992668945,0.1849796802540581,0.09615798937408106,China / China ally
nationality,cn_ally,he,drop_truncated,CN,12,2291,0,1.0298352207710846,-0.4592452432948533,2.5072563743662437,9.892067647303248,10.921902868074335,1.0443935427574171,8,4,0,0.965034965034965,0.8877247628654674,0.25806496034690196,0.08780087346268904,0.534959161106882,1.294422902053919,1.0917706998626533,1.7073785133817763,0.24842571919621234,0.08053699844203371,0.4795694631206272,1.282005590426684,1.0838689473628353,1.6153787723208415,0.23178788916633866,0.07183570713261497,0.4266349338903507,1.2608522600388177,1.0744788003587196,1.5320932442977442,0.113152299152394,0.10804788559358514,0.5240560050769475,1.407547513568456,1.0298352207710846,1.0298352207710846,0.14624273059546156,0.29352509832553264,0.24842571919621234,0.24842571919621234,China / China ally
nationality,cn_rival,he,full,all,24,4607,0,-0.8462405468295521,-1.779513888888889,0.06556148651105301,8.095413394415358,7.249172847585807,0.2604166666666667,12,9,3,0.9245214777284092,0.8065988084638754,-0.03006108458952687,-0.29767848064303265,0.24358302523714379,0.9703862560919212,0.7425400423689064,1.2758122380571932,-0.030024808422846782,-0.2636842455888381,0.20514782360112793,0.9704214586239939,0.7682160689773448,1.2277065355512429,-0.02996016691265237,-0.23623793055085665,0.16680944874819542,0.9704841901601131,0.789592783335341,1.1815291020070373,0.02565517197959033,-0.11591798712744072,-1.018903179300402,0.06805334243872846,0.06805334243872826,-0.7471640488656197,-0.07379686098515846,0.04002936681995603,0.009437452812783477,0.04002936681995603,China / China rival
nationality,cn_rival,he,full,US,12,2303,0,-1.8660922047702158,-2.9513888888888893,-0.7812500000000004,8.768951788830716,6.902859584060501,0.2604166666666667,6,4,2,0.9049351873263755,0.8460508288587225,-0.12142175157946926,-0.5024991432636027,0.2909075623574573,0.885660352161254,0.6050167452327878,1.337640929860852,-0.11941802982472727,-0.4416021333826082,0.21190535988796577,0.8874367481835316,0.6430054149585084,1.2360309014399284,-0.11578386152145177,-0.37816505276398255,0.15207687172230602,0.8906677100585695,0.6851174108109236,1.164249730874279,0.02565517197959033,-0.25170328520818863,-2.2251308900523563,-0.04710058702205347,-0.047100587022053,-1.751646041567508,-0.21906806894609537,0.018932225555507633,-0.04503268555039859,0.018932225555507654,China / China rival
nationality,cn_rival,he,full,CN,12,2304,0,0.17361111111111116,-1.2152777777777775,1.5625,7.421875,7.595486111111112,0.5208333333333334,6,5,1,0.9560765576286496,0.8171559266982236,0.06129958240041552,-0.21955185635331836,0.3534104872618542,1.063217387697454,0.802878522261187,1.4239155226692923,0.059368412979033704,-0.2036949886381892,0.3266196793118491,1.0611661161040429,0.8157111344115103,1.3862741481715941,0.05586352769614705,-0.18770471303727765,0.300460371412974,1.0574533607924286,0.8288594224816797,1.3504803870502944,0.07467746874684011,0.024219082111677004,-0.09469696969696964,0.662878787878788,0.17361111111111116,0.17361111111111116,-0.005606980497750627,0.11313917043517266,0.059368412979033704,0.059368412979033704,China / China rival
nationality,cn_rival,he,drop_truncated,all,24,4586,0,-0.7963336743468724,-1.7384684160541308,0.1319690227870009,8.01316426241437,7.216830588067499,0.2604166666666667,12,10,2,0.9181192506317589,0.726448642659411,-0.03057207239046768,-0.31685744575736297,0.2481925318434392,0.9698905272193474,0.7284345891657036,1.2817066777894899,-0.029760566640772933,-0.2766436005162567,0.20930556070241255,0.9706779184017854,0.7583247154919134,1.2328216428306085,-0.02860178561198104,-0.23883569343406305,0.17445818690733375,0.9718033735107752,0.7875442704373414,1.1906009586360036,0.02565517197959033,-0.109773799508742,-0.9668264427967364,0.08921795563896649,0.08921795563896634,-0.7369498270505553,-0.07352113042995097,0.026389046541711147,0.008517974549785886,0.026389046541711147,China / China rival
nationality,cn_rival,he,drop_truncated,US,12,2290,0,-1.7706991927105369,-2.8515370820681682,-0.6983516377198278,8.582195091657352,6.811495898946814,0.2604166666666667,6,5,1,0.9052687305110301,0.7972091278638944,-0.12249409188068194,-0.5281860501575313,0.3057674289157164,0.8847111319069721,0.5896736385331998,1.3576665158537362,-0.11893976907136779,-0.45371808041775114,0.2271652120439594,0.8878612758606481,0.6352618007449096,1.255037198073829,-0.11311703974801457,-0.3833050585344429,0.16148761694845817,0.8930461321049018,0.6816049381639404,1.175257904789058,0.02565517197959033,-0.2425194137383211,-2.1210657859872524,-0.007669922591389231,-0.007669922591388595,-1.7351116500331165,-0.2185463299424305,-0.009643232638046067,-0.04701001953025343,-0.009643232638046067,China / China rival
nationality,cn_rival,he,drop_truncated,CN,12,2296,0,0.1780318440167917,-1.2069521422557512,1.5735313110325202,7.444133433171392,7.622165277188184,0.5405405405405406,6,5,1,0.9649182205059428,0.8298707220429701,0.06134994709974658,-0.2195061632185045,0.3533786418810728,1.0632709376700118,0.8029152091359067,1.423870178259281,0.05941863578982193,-0.20367123113511618,0.3266744186881302,1.0612194121874352,0.815730513901496,1.386350034030773,0.05591346852405249,-0.187723887700469,0.3004790682352026,1.0575061722074497,0.828843529533792,1.3505056369780604,0.07490613911432997,0.02475878033699752,-0.0898743519816818,0.6677014055940758,0.1780318440167917,0.1780318440167917,-0.005565404067297926,0.11319395895603254,0.05941863578982193,0.05941863578982193,China / China rival
nationality,cn_neutral,he,full,all,24,4606,0,-1.0637089150668995,-1.9545044069954975,-0.19507951953400077,8.616928446771379,7.553219531704478,0.0,7,11,6,0.9670584210314697,0.8542366466554506,-0.0333202960289506,-0.20594921634436392,0.1464123805942033,0.9672287104549117,0.8138744067510592,1.1576734917110538,-0.03864318316020605,-0.202895283581689,0.11542756255064546,0.9620939392265686,0.8163637236350145,1.122353211199717,-0.045264566747389455,-0.19560223630591375,0.08898797139225774,0.9557445901436598,0.8223392663375849,1.0930675081669619,0.0,-0.139170439555385,-1.3590513316640107,-0.3400295925335759,-0.3400295925335762,-1.087312201229228,-0.0977316670950192,-0.005626920480144102,-0.0071968907354487905,-0.03282759586326886,China / neutral
nationality,cn_neutral,he,full,US,12,2302,0,-1.7801956079115768,-2.864569266115405,-0.7378415412303666,8.726912449098313,6.946716841186736,-0.2604166666666667,4,6,2,0.9228070175438597,0.6831028262308048,-0.046512433405402676,-0.2883619731387737,0.26333445612788015,0.9545526921555882,0.7494902477948294,1.3012618611831246,-0.05719994211536613,-0.27778160613245123,0.180820828196523,0.9444052241098211,0.7574622285573529,1.1982004763191454,-0.07052764606438883,-0.26056011624696646,0.1124463413290707,0.9319019757476428,0.7706198282116175,1.119012210593818,-0.08620084549488083,-0.23999999397838723,-2.131425511661114,-0.3321830874186899,-0.3321830874186895,-1.8946830874186895,-0.18243556842953543,0.008835390006362444,0.006864418504111771,-0.046727055854057446,China / neutral
nationality,cn_neutral,he,full,CN,12,2304,0,-0.3472222222222223,-1.6927083333333333,1.0416666666666667,8.506944444444445,8.159722222222221,0.0,3,5,4,0.9981867618808631,0.9909272217944569,-0.020128158652498524,-0.2764820809640428,0.20515808522623408,0.9800730604149649,0.758447209652727,1.2277191338800906,-0.020086424205045972,-0.2555351312365595,0.19385525240683996,0.9801139640761444,0.7745019268721596,1.2139205581595882,-0.02000148743039008,-0.23207031981331575,0.18225179193399885,0.9801972153305446,0.7928903654437875,1.1999162850882665,0.0,-0.04418669108162243,-0.8996212121212124,0.3314393939393938,-0.3472222222222223,-0.3472222222222223,-0.07901564937754327,0.05063455766737086,-0.020086424205045972,-0.020086424205045972,China / neutral
nationality,cn_neutral,he,drop_truncated,all,24,4581,0,-1.1295733227863518,-2.0237462999138334,-0.25012715368160715,8.570981317384748,7.4414079945983955,0.0,7,11,6,0.9496467357454268,0.7918695094302352,-0.07536867589260778,-0.2647448358274518,0.09058665779548633,0.927401512713207,0.7674017384252919,1.0948163779047348,-0.07801163692989457,-0.2525272802797326,0.0661960663805492,0.9249536628599808,0.776835020273586,1.0684361810457754,-0.08025008827530432,-0.2340064318521103,0.049660157241747944,0.9228855146770178,0.791356725989787,1.0509138902073636,0.0,-0.14906497684481845,-1.427779409284309,-0.42662880215544086,-0.4266288021554411,-1.1556808355553003,-0.10871366691347366,-0.04670704615286255,-0.048578828768126935,-0.07390393068123245,China / neutral
nationality,cn_neutral,he,drop_truncated,US,12,2288,0,-1.8761509382419073,-2.9445205406822628,-0.8145253099477057,8.610126132895548,6.733975194653641,-0.26455026455026454,4,6,2,0.9087719298245616,0.6291749611217023,-0.11787805107845147,-0.3754562883124309,0.15857927326727783,0.888804434748226,0.6869757482613986,1.1718448165105613,-0.12364933107179898,-0.35269738804403594,0.0883105762903316,0.883689669065131,0.7027898338080908,1.09232732031897,-0.1290093430545382,-0.32111447699684653,0.040430426479517036,0.8789657532822492,0.7253402114680734,1.0412588631375228,-0.08624444032456169,-0.25781576628361735,-2.1887555689911715,-0.47422854196414443,-0.4742285419641441,-1.9986100663456687,-0.18181243255501622,-0.06365485249156431,-0.06625688620100342,-0.11920937201931495,China / neutral
nationality,cn_neutral,he,drop_truncated,CN,12,2293,0,-0.38299570733079663,-1.7004135329233496,0.9686475586611453,8.531836501873945,8.148840794543148,0.0,3,5,4,0.9872974517512536,0.9546295213624254,-0.03285930070676404,-0.2959672441836461,0.18482994451532797,0.9676747011578314,0.7438117917836035,1.2030138436295645,-0.03237394278799016,-0.2659450173001729,0.174442829173998,0.9681444837339599,0.7664812695520336,1.1905826738443783,-0.03149083349607046,-0.2414441277836003,0.16329156732757183,0.9689998387538594,0.7854926897805136,1.1773799251662274,0.0,-0.048703941313740895,-0.938646832239657,0.29241377382094913,-0.38299570733079663,-0.38299570733079663,-0.09242021510439148,0.03722999194052265,-0.03237394278799016,-0.03237394278799016,China / neutral
nationality,us_cn,he,full,all,24,4608,0,1.1284722222222223,0.3255208333333333,1.953125,7.118055555555556,8.246527777777777,0.5208333333333334,13,8,3,0.9112430040529323,0.7604848408063063,0.16828647268849242,-0.00617938855289564,0.41566634895861004,1.1832755382234081,0.9938396646027298,1.515380176338903,0.16054185546444708,-0.002987572813535847,0.3641560312979036,1.1741469165766707,0.9970168855411307,1.439298772294054,0.14834941936678583,0.0018753328982640022,0.3146452995755589,1.1599181234179685,1.0018770924347373,1.3697733655854154,0.14910408844918788,0.15450577770484086,0.6340579710144927,1.3813405797101448,0.6340579710144929,1.1775362318840579,0.11006002646018685,0.19353675581424087,0.1449772660223281,0.16752193613681438,US / China
nationality,us_cn,he,full,US,12,2304,0,1.5624999999999998,0.6076388888888888,2.560763888888889,6.597222222222221,8.159722222222221,0.5208333333333334,6,4,2,0.8606822413743331,0.6536669863565475,0.2504248295301171,-0.00857481635281972,0.6409248728044886,1.2845710244891184,0.9914618425290324,1.8982356942596799,0.2366924141371104,-0.003176816625831896,0.547435180739958,1.2670513307549727,0.996828224116854,1.7288132332011061,0.21550461492203585,0.001851133801831226,0.46250715147140903,1.2404877076639633,1.0018528482077091,1.5880504811729463,0.10946701102250289,0.222085952680513,0.5681818181818179,1.9412878787878787,0.5681818181818182,1.7045454545454541,0.13806227700753562,0.3126045292932849,0.21107105063746737,0.2582099063313932,US / China
nationality,us_cn,he,full,CN,12,2304,0,0.6944444444444443,-0.43402777777777785,1.8229166666666667,7.638888888888889,8.333333333333332,0.5208333333333334,7,4,1,0.9771544088929232,0.896571531093212,0.08614811584686781,-0.1392408211627056,0.33115990455322064,1.0899677578472091,0.8700184843649581,1.392582454780603,0.08439129679178381,-0.1236363400949876,0.30444783125096775,1.0880545627816454,0.8837011491316987,1.3558761238482693,0.08119422381153583,-0.10704242577904365,0.2746497611288156,1.0845815276695356,0.8984875531472759,1.31606965538836,0.14910408844918788,0.09178624931808654,0.284090909090909,1.183712121212121,0.6944444444444443,0.6944444444444443,0.05188025698728655,0.13140474658070878,0.08439129679178381,0.08439129679178381,US / China
nationality,us_cn,he,drop_truncated,all,24,4580,0,1.1056790948984496,0.29689488927325425,1.9221476089049898,7.024263194448717,8.129942289347168,0.5221967713787086,13,8,3,0.9042129588791933,0.7544333783195456,0.1772935906287074,-0.010347724883136915,0.4385456285920071,1.1939815834780385,0.9897056286342378,1.5504506468721426,0.1688532280815139,-0.0030548071012352377,0.3801215213392716,1.1839463560929933,0.9969498540744388,1.462462299013463,0.1555074634733912,0.0033506310517931416,0.32568443493588006,1.168250655242394,1.0033562506907083,1.3849782491565565,0.14910408844918788,0.153203594845015,0.6339033277579282,1.3575564468505559,0.6339033277579285,1.153752099024469,0.11873276310408264,0.195010179340988,0.15436894170981766,0.17619467278071016,US / China
nationality,us_cn,he,drop_truncated,US,12,2288,0,1.5603856830310845,0.5904969863672693,2.5303349110138273,6.370720235800335,7.9311059188314195,0.5208333333333334,6,4,2,0.8606822413743331,0.7336963369092676,0.27184558551441435,-0.020280581424271228,0.7039724345936818,1.3123843345122619,0.9799236863468506,2.021768118195756,0.25669591416398746,-0.0023814387139063802,0.5936827793677827,1.2926519898276967,0.9976213946616513,1.8106443553702058,0.23315120558574431,0.010403922637699205,0.4926556135767688,1.2625723728899987,1.010458231619569,1.6366567819474451,0.10946701102250289,0.228018151719239,0.6152824052038711,1.938981351185426,0.6152824052038711,1.7022389269430016,0.15988427703685604,0.31110129311122525,0.23439628684884742,0.28003190636071357,US / China
nationality,us_cn,he,drop_truncated,CN,12,2292,0,0.6509725067658143,-0.4838454367645873,1.7806510136015645,7.677806153097099,8.328778659862913,0.5221967713787086,7,4,1,0.9720279720279721,0.8756580854229329,0.08274159574300044,-0.1423553034214101,0.3281036945726106,1.0862610777920745,0.8673130424429909,1.3883329274151504,0.08101054199904036,-0.1276637594413341,0.30044371572964046,1.0843823280639666,0.880149271279072,1.3504578940639382,0.07786372136103809,-0.11064028185217613,0.2707570599103109,1.080975334784386,0.8952607325464148,1.3109565477939016,0.14910408844918788,0.0858606228910519,0.23666697707785805,1.1362881891990702,0.6509725067658143,0.6509725067658143,0.04819216084974824,0.12771665044317046,0.08101054199904036,0.08101054199904036,US / China
nationality,allies,he,full,all,24,4607,0,0.6942172047702154,-0.23871811827370562,1.6710069444444446,7.986792830133798,8.681010034904014,0.5208333333333334,13,10,1,0.9493116705141349,0.713461036153936,0.017937792170967675,-0.20982023812842024,0.23728447661905494,1.0180996406514413,0.8107299712088442,1.267801726429253,0.020330587110441427,-0.1810677574278758,0.2213968153968366,1.0205386611937666,0.8343788214175876,1.247818485922446,0.024041978945889015,-0.1486099482243059,0.20629810393571707,1.024333317420982,0.8619052370103595,1.229119554764038,0.06395473989061506,0.0883718205889763,0.36208172091964486,0.8149802716442826,0.36208172091964486,0.7017556339631232,-0.03238188465394858,0.05618542609439802,0.005309330551787332,0.014758995216240906,US ally / China ally
nationality,allies,he,full,US,12,2303,0,0.6071844095404305,-0.6083206079115765,1.8663194444444446,7.813863438045376,8.421047847585806,-0.2604166666666667,5,6,1,0.9560765576286496,0.7787502437998757,-0.09891080186403922,-0.4930933177908506,0.20321863707344068,0.9058235021880552,0.6107342740333508,1.2253403437894048,-0.09005358905433508,-0.41528513196543604,0.19142764461344877,0.9138822098755665,0.6601520234232487,1.210977209245921,-0.07545609192729669,-0.3396632569492111,0.17435507587012566,0.9273204464936965,0.7120100468329998,1.1904782008652068,-0.018731871798372546,0.07909552639088524,-0.09519276534983331,0.8044284467713788,-0.09519276534983333,0.6150345073774395,-0.1328282427380122,-0.025119305375587334,-0.1314965960555915,-0.11173820630264313,US ally / China ally
nationality,allies,he,full,CN,12,2304,0,0.78125,-0.43402777777777773,1.9965277777777777,8.159722222222221,8.940972222222221,1.0416666666666667,8,4,0,0.9171432444451881,0.7543130698619713,0.13478638620597458,-0.08391072712874412,0.42040987683783293,1.144292321617643,0.9195133400271583,1.5225855002698492,0.13071476327521794,-0.07838734865203201,0.38707999523624015,1.139642667005166,0.9246062122011403,1.472674293489277,0.12354004981907472,-0.06962024554790386,0.344704572016914,1.1314953198174809,0.9327479678505377,1.411572839945098,0.1483724499538479,0.09724686092501234,0.47348484848484845,1.0416666666666667,0.78125,0.78125,0.030532701964654872,0.1836386011354859,0.13071476327521794,0.13071476327521794,US ally / China ally
nationality,allies,he,drop_truncated,all,24,4577,0,0.6432377253594207,-0.293857869312554,1.6304708784462456,7.942812392984611,8.586050118344032,0.2604166666666667,12,10,2,0.9553112273918235,0.729664455823232,-0.00965188381613897,-0.24136829998556134,0.19415467669666692,0.9903945461156207,0.7855522542198469,1.2142840898830194,-0.004016737816383796,-0.20169693876256387,0.18906093569111665,0.9959913184846663,0.8173425952694894,1.2081145675361078,0.004167415131092996,-0.16573109349537152,0.1827043893285096,1.004176110880934,0.8472740410594961,1.2004594869891383,0.02153269314186501,0.08246107537401803,0.33858400802532096,0.7617842931286709,0.3385840080253209,0.6945799920534022,-0.05778778892541838,0.04426818984841343,-0.018986935684893427,0.003312054478344561,US ally / China ally
nationality,allies,he,drop_truncated,US,12,2286,0,0.4606864745699177,-0.7670092788915552,1.732184661152491,7.724478528455165,8.185165003025082,-0.5208333333333334,4,7,1,0.9492133645984593,0.7654618617100225,-0.1602252398016845,-0.5618209684078125,0.1273333150174902,0.851951873882447,0.5701698566581829,1.1357955324034266,-0.14478835577587648,-0.4695195782466229,0.1260827025820823,0.8652053894577749,0.625302605106689,1.1343759802263433,-0.12106453684766416,-0.3765660478952787,0.12295676427952544,0.8859767795993282,0.6862137932132396,1.1308355274017576,-0.1044434197242482,0.06105439678100222,-0.19291232083679113,0.6461077330236423,-0.19291232083679122,0.5514429184946512,-0.1925388973433301,-0.05662638138216345,-0.18888709840635046,-0.14226193715594382,US ally / China ally
nationality,allies,he,drop_truncated,CN,12,2291,0,0.8257889761489237,-0.38595685465051666,2.0533657957233657,8.161146257514057,8.986935233662981,1.0416666666666667,8,3,1,0.9171432444451881,0.7680334973255655,0.14092147216940656,-0.08034877866762632,0.42997347817306547,1.1513342326551523,0.9227944392377154,1.5372167532109424,0.1367548801431089,-0.07460428313631695,0.3937752548114766,1.1465470726188038,0.9281106827193756,1.4825673113595241,0.12939936710985014,-0.06400913080806303,0.35725320034112346,1.1381445709220284,0.937996434826218,1.4293977480355078,0.1483724499538479,0.10253411183813288,0.5220728224654925,1.0902546406473108,0.8257889761489237,0.8257889761489237,0.03712192036599047,0.1902278195368215,0.1367548801431089,0.1367548801431089,US ally / China ally
nationality,neutrals,he,full,all,24,4607,0,0.43448225712623617,-0.23989743238304087,1.1284722222222223,6.641420338859802,7.075902595986039,0.2604166666666667,12,7,5,0.940600803493818,0.7885734372947859,0.0898961426147263,-0.0899454258380388,0.30230720646597176,1.0940606515259437,0.9139810636607778,1.352976806095019,0.08842800123661322,-0.06842081508638621,0.2726738390537384,1.0924555943270173,0.933867405385631,1.3134717717569828,0.08473874880405015,-0.05286996463506974,0.23830079613283026,1.0884326752130982,0.9485033434418333,1.269090873044888,0.01367667199200906,0.06570061557682116,0.3175032248273769,0.5213075726534638,0.4307278625085363,0.4307278625085363,0.05820860152855782,0.11471014206515884,0.09108342111716083,0.08331661620604203,Neutral A / neutral B
nationality,neutrals,he,full,US,12,2303,0,0.4349367364746946,-0.5208333333333335,1.4322916666666667,6.642215677719605,7.077152414194298,0.5208333333333334,7,5,0,0.8680298351727508,0.36962393762132567,0.07163179144922065,-0.2582295964466487,0.420372554187309,1.0742597196176105,0.7724178673488767,1.5225286744037825,0.07259486100142871,-0.2099744586979813,0.37200632400507083,1.0752948047942428,0.8106049496116229,1.4506421551324962,0.07205151931640723,-0.16892014930596475,0.32183695775523014,1.0747107109987342,0.844576340700511,1.3796598147854362,0.11667160046188452,0.06575985374742954,0.1903855306996668,0.5691734094875456,0.42712795494209105,0.42712795494209105,0.0371402753783702,0.12610905180337095,0.07670772618482968,0.06046804318885397,Neutral A / neutral B
nationality,neutrals,he,full,CN,12,2304,0,0.43402777777777773,-0.5208333333333334,1.4322916666666667,6.640625000000001,7.074652777777778,0.0,5,2,5,0.9924812030075186,0.988686284726269,0.108160493780232,-0.13287489944347902,0.3886574797052779,1.1142265574692134,0.875574620129874,1.4749992476225966,0.10426114147179773,-0.10889187492678928,0.34822569230290057,1.1098902554493086,0.8968273817823185,1.416551918529945,0.09742597829169304,-0.08984622613281945,0.2999321034073313,1.1023298422052636,0.9140717348100703,1.3497671598737033,0.0,0.0656413612132174,0.23674242424242423,0.615530303030303,0.43402777777777773,0.43402777777777773,0.04251450028542594,0.15478010462266384,0.10426114147179773,0.10426114147179773,Neutral A / neutral B
nationality,neutrals,he,drop_truncated,all,24,4580,0,0.3873610119519804,-0.2879365959716667,1.0739688286206481,6.636463519951562,7.023824531903543,0.0,11,7,6,0.9466275940490324,0.7924604484573683,0.06328297288485842,-0.12574752954942864,0.2667949560433553,1.0653282555927717,0.8818374565810294,1.3057726780830694,0.06336689862380869,-0.09783342576615767,0.23994371578991497,1.0654176678057876,0.9067999406795085,1.2711776010807228,0.06230289146774756,-0.07336692001622497,0.21026522695683253,1.0642846586548615,0.9292598034427226,1.2340053080298836,0.0,0.05878176870927421,0.2683332298629362,0.47213757768902315,0.3815578675440956,0.40420279508032747,0.03205788575867483,0.08855942629527584,0.06493270534727784,0.06612198117266994,Neutral A / neutral B
nationality,neutrals,he,drop_truncated,US,12,2294,0,0.3047284031413613,-0.650596217105263,1.2632558842015125,6.605301834974253,6.910030238115614,0.0,5,5,2,0.9103605839595025,0.6313191525028135,0.012729067438220961,-0.3395199204708775,0.3450568120935889,1.0128104268605083,0.712112111160247,1.412070140049844,0.016879431018526774,-0.2768495584824691,0.30025170470828744,1.01702269354248,0.7581685485582461,1.3501986161573092,0.021745367111211483,-0.2162508113566886,0.2559045335420236,1.021983520719814,0.8055332396500943,1.2916294147684158,0.0,0.04667879978378808,0.048340076154212236,0.42712795494209105,0.2850825003966365,0.3324309852451213,-0.022437229846569495,0.06532858273111429,0.015927257112573014,0.018413924747483754,Neutral A / neutral B
nationality,neutrals,he,drop_truncated,CN,12,2286,0,0.4699936207625999,-0.48698954851463894,1.4832741923053896,6.6676252049288705,7.13761882569147,0.2617801047120419,6,2,4,0.9909272217944569,0.9890974485997908,0.11383687833149587,-0.13034694576700023,0.3953999625373153,1.1205693208376182,0.8777908322704427,1.4849780077325887,0.10985436622909062,-0.10222615906234533,0.3520456499683253,1.116115514511192,0.9028253464445026,1.4219734352792408,0.10286041582428362,-0.08303030977154732,0.3065762753645386,1.1083366920146607,0.92032325200986,1.358765103828366,0.030658496705189275,0.07066142873159453,0.27597788931677564,0.6547657681046544,0.4699936207625999,0.4699936207625999,0.04861620002065454,0.16088180435789246,0.10985436622909062,0.10985436622909062,Neutral A / neutral B
nationality,us_ally,de,full,all,24,4605,0,-1.7612294671014366,-2.886304605693718,-0.6971853137151344,19.9555411557362,18.194311688634762,-2.0833333333333335,6,18,0,0.881331721135845,0.618691005044001,-0.11284412728402105,-0.24284612204291536,0.02553502273689749,0.8932898887858798,0.784392205155529,1.0258638342004516,-0.1126189783598569,-0.23568527917093654,0.014148983650138516,0.8934910346863485,0.7900292734789569,1.0142495542835934,-0.11194297015744076,-0.22505883415779981,0.0027109832675523116,0.8940952461575272,0.7984692401121449,1.0027146613056397,-0.15334125504385554,-0.11284474866359884,-2.0189640816130927,-1.4735888634630057,-1.4754858207435275,-1.8604495888594699,-0.13762829493441905,-0.09509125566999888,-0.10226227598904222,-0.12210449711589684,US / US ally
nationality,us_ally,de,full,US,12,2302,0,-1.7827119883040936,-3.042350342000836,-0.5217469564235634,18.242415935672515,16.45970394736842,-1.5625,3,9,0,0.8315840663996672,0.4227893707699504,-0.11624278386393938,-0.3280285982660396,0.11215727268820883,0.8902590565239822,0.7203424188665942,1.1186887860031993,-0.11655358332374326,-0.31655705386437694,0.07674913463647612,0.8899824074835422,0.7286534378794036,1.0797711652270199,-0.11667376201581951,-0.29890901758140176,0.055264681691784015,0.889875456988554,0.7416268813729487,1.0568202986448054,-0.15334125504385554,-0.12281171079862285,-2.181519138755981,-1.187200956937799,-1.187200956937799,-1.9921251993620415,-0.16920348206727195,-0.09179044336509405,-0.09525635154512044,-0.13674463208308915,US / US ally
nationality,us_ally,de,full,CN,12,2303,0,-1.739746945898778,-3.390923531613295,-0.08975967132053508,21.668666375799884,19.928919429901104,-2.0833333333333335,3,9,0,0.939982145344492,0.8333363438475112,-0.10944547070410267,-0.2329898326043343,0.01210383862506778,0.8963310393300037,0.792161627704069,1.012177386517526,-0.10868437339597058,-0.23037126554939388,0.011544586582922688,0.8970134941455508,0.794238674300617,1.0116114825033404,-0.10721217829906204,-0.22650713516918078,0.00985623725741679,0.8983350455655634,0.7973136533248846,1.0099049699392213,-0.1428282330138596,-0.10455286899436822,-2.2766936379501823,-1.1363636363636362,-1.7397469458987782,-1.7397469458987782,-0.13835867120137796,-0.07167780732045957,-0.10868437339597059,-0.10868437339597059,US / US ally
nationality,us_ally,de,drop_truncated,all,24,4585,0,-1.8352505288287284,-2.945845413965406,-0.7781353106970507,19.900703557185725,18.065453028356995,-2.0833333333333335,6,18,0,0.8689250426312563,0.599054569570841,-0.11874951344480537,-0.25251464277923535,0.022173357421633923,0.8880302125340542,0.776844837588574,1.0224210133787248,-0.1183557192080777,-0.24553129271976437,0.00860732634606429,0.8883799825779839,0.7822888034671824,1.0086444758890625,-0.11738115223173985,-0.2344961288042726,-0.002610386877103747,0.88924619039165,0.7909692958824104,0.9973930172200726,-0.15334125504385554,-0.11800977324171846,-2.0962034503720055,-1.5066846738486652,-1.5066846738486657,-1.9378075174484155,-0.14361445929777988,-0.0993077981448953,-0.10653560254189963,-0.12809196690732558,US / US ally
nationality,us_ally,de,drop_truncated,US,12,2286,0,-1.8736976139804042,-3.1506570515934156,-0.6341210181646433,18.087974522748407,16.214276908768003,-1.5707671957671958,3,9,0,0.8581449237144743,0.43035183008581906,-0.12460965282586396,-0.3374591926359903,0.10135136362757731,0.8828414499988829,0.7135810934758002,1.1066654154338413,-0.12460654525159043,-0.3290113860750116,0.07263632061050021,0.8828441934985234,0.7196348228843532,1.0753393870206607,-0.12417531409959474,-0.3114746326560081,0.05049657115291353,0.8832249855159076,0.7323661884547623,1.051793256910576,-0.15334125504385554,-0.13024062648744295,-2.2807761849483197,-1.190191470399517,-1.1901914703995167,-2.091630143380812,-0.17798853144310522,-0.10046001277171925,-0.10046001277171925,-0.14553241099033712,US / US ally
nationality,us_ally,de,drop_truncated,CN,12,2299,0,-1.796803443677051,-3.4601728806357137,-0.14662952889885913,21.713432591623036,19.916629147945986,-2.0833333333333335,3,9,0,0.939982145344492,0.8333363438475112,-0.11288937406374677,-0.23789887564691473,0.008113372660531332,0.8932494712094401,0.7882824016112767,1.0081463752622526,-0.11210489316456501,-0.23469302183951085,0.007495830888220751,0.8939504832871499,0.7908135748676585,1.0075239949556225,-0.11058699036388497,-0.22987604690266075,0.006641041917933902,0.895308443594546,0.7946320935083109,1.0066631425334291,-0.14300069990808573,-0.10791854725038963,-2.338937090071935,-1.1380989211486594,-1.7968034436770512,-1.7968034436770512,-0.14209014731257186,-0.0717091649375916,-0.11210489316456501,-0.11210489316456501,US / US ally
nationality,us_rival,de,full,all,24,4606,0,-2.5863486842105265,-4.060573196928932,-1.1518750681719023,24.20641447368421,21.620065789473685,-2.864583333333333,6,17,1,0.9076668826675863,0.7810949445697313,-0.19361820536910881,-0.32860373946414395,-0.06967496246575487,0.8239724324728869,0.7199282393820216,0.9326969321528759,-0.19151805391282503,-0.3219507572312937,-0.07498023107093998,0.8257047177709215,0.7247338773539279,0.9277618270050072,-0.18752384602476746,-0.31024612845780214,-0.07711902910246429,0.82900934936722,0.733266456270073,0.9257796523269496,-0.15750817014154045,-0.14516316453508726,-3.015827612509535,-2.2232551487414187,-2.4044145690312737,-2.5855739893211287,-0.22842915669718614,-0.15353977466350824,-0.1858686550012063,-0.18491746873835013,US / US rival
nationality,us_rival,de,full,US,12,2302,0,-2.785544590643275,-4.383680555555555,-1.2152777777777777,21.93713450292397,19.151589912280702,-3.6458333333333335,2,10,0,0.7684257828756418,0.38245849467326465,-0.27271646693268553,-0.47814889891489937,-0.08453887287610663,0.7613086131969184,0.6199298832225297,0.918935932999847,-0.26898286316844033,-0.4616874138981824,-0.09417962266055628,0.7641563507546625,0.6302193069521839,0.9101192695130936,-0.2619124189615606,-0.43926561278862875,-0.10283761734639657,0.7695784212334522,0.6445095669092992,0.9022734751477004,-0.28382158885000397,-0.16903371885114105,-3.7016547049441786,-2.2253787878787885,-2.4232456140350878,-2.8020334928229667,-0.3532028789226149,-0.19661598921583387,-0.2642127390128391,-0.2622238950086851,US / US rival
nationality,us_rival,de,full,CN,12,2304,0,-2.387152777777778,-4.340277777777778,-0.39062499999999994,26.475694444444446,24.088541666666668,-0.78125,4,7,1,0.9667265263069178,0.9649182205059428,-0.11451994380553211,-0.23580986517219288,0.007375002067317008,0.8917941524716145,0.7899308530219316,1.0074022643737093,-0.11405324465720974,-0.23441270818805202,0.0068702466434271536,0.8922104491781551,0.7910352817807383,1.0068939009271245,-0.11313527308797434,-0.23175397057456323,0.0056691911008713335,0.8930298490396232,0.7931412353864754,1.0056852913755392,-0.03658288358772835,-0.1253666638664821,-2.793560606060606,-1.609848484848485,-2.387152777777778,-2.387152777777778,-0.13582425321120958,-0.08024356290913123,-0.11405324465720978,-0.11405324465720978,US / US rival
nationality,us_rival,de,drop_truncated,all,24,4593,0,-2.582102027610009,-4.043069578947499,-1.1368443782504978,24.18328255320679,21.601180525596778,-2.8782894736842106,6,17,1,0.8990429862737404,0.7673562758382774,-0.18748535906031952,-0.32231923985301836,-0.06287948032888536,0.8290412560345676,0.7244668747106859,0.9390566416671242,-0.1855392480239603,-0.3147148934016932,-0.06761914989823226,0.8306562333253914,0.729996971556027,0.9346163545380014,-0.1818329568868213,-0.3031673144716703,-0.0684950498852042,0.8337405994095924,0.7384755283905411,0.9337980824997866,-0.15750817014154045,-0.1450115143731161,-3.0113963186655166,-2.2188238548974004,-2.361746758199847,-2.5799508571857297,-0.22219040272619694,-0.15534537525551786,-0.17783833983639033,-0.17866467536917813,US / US rival
nationality,us_rival,de,drop_truncated,US,12,2289,0,-2.7770512774422396,-4.38776633277853,-1.168285288651053,21.89087066196913,19.113819384526895,-3.1414473684210527,2,10,0,0.7972027972027973,0.39860139860139865,-0.26045077431510694,-0.4637670057418514,-0.07317939256498934,0.7707040938791648,0.628910069832979,0.9294340815056478,-0.2570252513907109,-0.4499733302013057,-0.08119067317037103,0.7733486853890803,0.6376451572629863,0.9220178706124545,-0.25053064068566827,-0.42974026526142173,-0.0897880964597885,0.7783876293176671,0.6506780764772432,0.9141248710455228,-0.2949216839519526,-0.16875868318967302,-3.692389272361231,-2.2161133552958403,-2.334031100478469,-2.7902760347216775,-0.3401582115287284,-0.20039133590821756,-0.24742208003186006,-0.2491498725095073,US / US rival
nationality,us_rival,de,drop_truncated,CN,12,2304,0,-2.387152777777778,-4.340277777777778,-0.39062499999999994,26.475694444444446,24.088541666666668,-0.78125,4,7,1,0.9667265263069178,0.9649182205059428,-0.11451994380553211,-0.23580986517219288,0.007375002067317008,0.8917941524716145,0.7899308530219316,1.0074022643737093,-0.11405324465720974,-0.23441270818805202,0.0068702466434271536,0.8922104491781551,0.7910352817807383,1.0068939009271245,-0.11313527308797434,-0.23175397057456323,0.0056691911008713335,0.8930298490396232,0.7931412353864754,1.0056852913755392,-0.03658288358772835,-0.1253666638664821,-2.793560606060606,-1.609848484848485,-2.387152777777778,-2.387152777777778,-0.13582425321120958,-0.08024356290913123,-0.11405324465720978,-0.11405324465720978,US / US rival
nationality,us_neutral,de,full,all,24,4607,0,-3.2785003999418265,-4.494346276905177,-2.043550961965341,21.097613074461897,17.81911267452007,-3.125,6,17,1,0.8751922719690964,0.806640881600872,-0.20205804702492045,-0.3713662530794395,-0.05036479209372895,0.8170474993891486,0.6897912571162967,0.9508824868112442,-0.20067531363608934,-0.34922132898458613,-0.06713699363550157,0.8181780396845937,0.7052370236008002,0.935067094321365,-0.1979852376954044,-0.32664322044549926,-0.07807766412020017,0.8203819637768743,0.7213410568626302,0.9248925927846242,-0.2048277418108784,-0.20722663367541494,-3.5116236057363985,-2.719051141968283,-2.719051141968283,-3.466333750663935,-0.21906156136484287,-0.18033347727172663,-0.1803334772717267,-0.21906156136484287,US / neutral
nationality,us_neutral,de,full,US,12,2303,0,-3.866028577661431,-5.3864892379290294,-2.3471472331297263,19.97300392670157,16.10697534904014,-3.385416666666667,2,9,1,0.9230769230769231,0.847637026689399,-0.24326703593364885,-0.5429934685038776,0.029606009313101773,0.7840621130556444,0.5810064221924025,1.0300486244314035,-0.24160502145984927,-0.494140865587528,-0.010742524419624451,0.7853663191403791,0.6100948356698305,0.9893149704317068,-0.23835704920557518,-0.4498492466972401,-0.0423394487190463,0.7879213141847733,0.6377242834174738,0.9585443486905796,-0.2048277418108784,-0.2590716000395399,-4.3121826907821665,-2.7496826907821674,-2.7496826907821674,-4.3121826907821665,-0.2837698765130394,-0.20279297340925095,-0.20279297340925095,-0.2837698765130394,US / neutral
nationality,us_neutral,de,full,CN,12,2304,0,-2.690972222222222,-4.340277777777778,-0.998263888888889,22.222222222222225,19.53125,-3.125,4,8,0,0.8371291296643237,0.7894785440503169,-0.16084905811619202,-0.272956098178852,-0.04965007383250307,0.851420576434209,0.7611262017218382,0.9515623428126573,-0.15974560581232936,-0.27070210126120475,-0.049953679491669754,0.8523605969693626,0.7628437127395783,0.9512734869516852,-0.15761342618523363,-0.2659035394901626,-0.04956067975560506,0.8541799217435195,0.7665130621758481,0.9516474106521278,-0.20129017557952633,-0.16138398442077784,-3.1250000000000004,-1.8939393939393943,-2.6909722222222228,-2.6909722222222228,-0.18883771482376546,-0.12524817093686016,-0.15974560581232936,-0.15974560581232936,US / neutral
nationality,us_neutral,de,drop_truncated,all,24,4594,0,-3.3488167974288174,-4.576036832310687,-2.12353032512274,21.080447334878507,17.73163053744969,-3.125,5,18,1,0.8145413999782538,0.7237489943323157,-0.2215696152877096,-0.3893888171669829,-0.0736305409256507,0.8012601402511272,0.6774708065180213,0.9290148634153212,-0.21948938343200383,-0.36736840981864505,-0.08747627353145358,0.8029286819947297,0.692554454179002,0.9162406105470101,-0.2155494330252148,-0.3438627791060426,-0.09825674365734832,0.8060984213896103,0.70902621458549,0.9064161572778096,-0.21242440091699613,-0.21210588540040654,-3.584997237896737,-2.7893646487858867,-2.789364648785887,-3.5399445024843383,-0.23869623086195732,-0.19999657767416065,-0.19999657767416068,-0.2386962308619574,US / neutral
nationality,us_neutral,de,drop_truncated,US,12,2291,0,-4.00461621556735,-5.518773200177754,-2.5012270908037633,19.927310463823336,15.922694248255985,-3.394960732984293,1,10,1,0.7902097902097903,0.6993006993006995,-0.2822550741688725,-0.5826343142497594,-0.01739948769585172,0.754081313335409,0.5584253593537271,0.9827510092693544,-0.2791981825629351,-0.5328139511151365,-0.05602718026823149,0.7563899850541389,0.5869509922647411,0.9455134362323228,-0.2734506991462547,-0.4850901214668661,-0.08491152331766096,0.7607498410480001,0.6156417117300013,0.9185935549162886,-0.2389498321869277,-0.26972884782663975,-4.4638650005142155,-2.894470760962908,-2.8944707609629075,-4.4638650005142155,-0.3247860271101952,-0.24386857044480215,-0.24386857044480212,-0.3247860271101952,US / neutral
nationality,us_neutral,de,drop_truncated,CN,12,2303,0,-2.693017379290285,-4.340277777777778,-0.9996343235242338,22.23358420593368,19.540566826643396,-3.125,4,8,0,0.8371291296643237,0.7894785440503169,-0.16088415640654669,-0.2729590482668151,-0.049649872181993494,0.8513906935520255,0.7611239563359041,0.951562534695708,-0.15978058430107267,-0.2708247922884787,-0.04997001512479169,0.8523307832052396,0.7627501244021548,0.9512579474239281,-0.15764816690417485,-0.2660764303385756,-0.04957716550183186,0.8541502474343894,0.7663805505375637,0.9516317221637369,-0.20129017557952633,-0.16144780779878976,-3.127231080437887,-1.8961704743772805,-2.693017379290285,-2.693017379290285,-0.1888758731751218,-0.12528632928821645,-0.15978058430107264,-0.15978058430107264,US / neutral
nationality,cn_ally,de,full,all,24,4604,0,-2.0191526300236404,-3.279235521087422,-0.8269094306022158,28.53132387706856,26.512171247044915,-1.573581560283688,7,14,3,0.9488694366004251,0.8868706227728008,-0.1603413103139513,-0.25314753528687073,-0.07927068570237432,0.8518529931306995,0.776353333862188,0.9237898338986111,-0.15839720528928605,-0.24838696786466413,-0.07822768656728557,0.8535106956667226,0.7800580274767386,0.9247538485421992,-0.1547511034277795,-0.24097152619755433,-0.07664809246394559,0.8566283628151353,0.7858640026061354,0.9262157385608584,-0.08324230159605128,-0.10047023908112662,-2.3333911501695965,-1.2690795559666979,-1.2690795559666976,-1.9031375269811903,-0.17618613737178773,-0.10994553344053315,-0.10994553344053316,-0.13793898517105282,China / China ally
nationality,cn_ally,de,full,US,12,2300,0,-3.560874704491725,-4.990654768397323,-2.169900106882001,25.33521719858156,21.774342494089836,-2.34375,1,9,2,0.8857658670540167,0.8304094300040916,-0.2883293157478973,-0.4427010106926177,-0.15634738816158975,0.7495147245904816,0.6422992189802286,0.8552620308545817,-0.28470171427145124,-0.4301953335090401,-0.15538376441535187,0.7522386028974374,0.6503820409085195,0.8560865788699884,-0.2779142834496788,-0.41391640468476626,-0.1534635569554668,0.7573617371675782,0.6610562101584634,0.8577320219955349,-0.1591327836344365,-0.1962293095751395,-4.073984526112185,-2.1326966473243067,-2.132696647324307,-3.4584542230818824,-0.33048678120931085,-0.19487590122243753,-0.1948759012224376,-0.25340766393170583,China / China ally
nationality,cn_ally,de,full,CN,12,2304,0,-0.47743055555555575,-2.1278211805555554,1.171875,31.727430555555557,31.25,0.2604166666666667,6,5,1,0.9700553547016413,0.9362644043561713,-0.03235330488000529,-0.11668334622543751,0.05034964478878792,0.9681644644169103,0.8898669282765108,1.0516387321036882,-0.03209269630712078,-0.11599633630771942,0.05032361031258125,0.9684168092564855,0.8904784857306505,1.0516113535965332,-0.03158792340588014,-0.11461332938475098,0.05015516990344175,0.968905763213876,0.8917108756466298,1.051434234667289,0.010715191472380203,-0.02198015832317568,-0.9943181818181818,0.37878787878787884,-0.4774305555555556,-0.4774305555555556,-0.05780550802670037,0.006278650037284713,-0.03209269630712078,-0.03209269630712078,China / China ally
nationality,cn_ally,de,drop_truncated,all,24,4579,0,-2.1052810847405476,-3.3721501204284237,-0.9134634345594481,28.512497490177893,26.40721640543735,-1.573581560283688,7,15,2,0.9413098639801086,0.8587169931718419,-0.16518699208401752,-0.2588557416513574,-0.08498548484864359,0.8477351694999815,0.7719343729898387,0.9185256168430491,-0.16313441039233495,-0.25353522834615033,-0.08350311506014772,0.8494770022037097,0.7760524054008082,0.9198882211596352,-0.1592866819769868,-0.24660147050454062,-0.08101961690543057,0.8527518553356468,0.7814520631787254,0.9221756010356138,-0.09974071636134785,-0.10488021589573182,-2.4232643203089776,-1.2920651077765155,-1.2920651077765153,-1.9919436586502777,-0.18112930791409967,-0.11452816799847682,-0.11452816799847683,-0.14286958641191042,China / China ally
nationality,cn_ally,de,drop_truncated,US,12,2278,0,-3.7358873458479374,-5.165845252091287,-2.330231611005931,25.257606311925453,21.521718966077515,-2.350567190226876,1,10,1,0.8616475560561659,0.8028368093325585,-0.2980791953951634,-0.45526619923386435,-0.16670783048636828,0.7422425552276051,0.6342791008623752,0.8464468811866649,-0.29423441737256517,-0.44126401556877615,-0.16530782467063646,0.7451018061617622,0.6432228633032042,0.8476327416551184,-0.2870432908338831,-0.42326338053166274,-0.16292634761587793,0.7504792392617431,0.6549061208723164,0.8496537651355801,-0.15924930251684855,-0.2068523684765322,-4.26490740759169,-2.1837635995692692,-2.1837635995692697,-3.6471460241235003,-0.34088609368325345,-0.20452136572906462,-0.20452136572906457,-0.2637806951389712,China / China ally
nationality,cn_ally,de,drop_truncated,CN,12,2301,0,-0.4746748236331571,-2.1423890136176342,1.173772330407646,31.767388668430332,31.292713844797177,0.2604166666666667,6,5,1,0.9700553547016413,0.9100882964109944,-0.03229478877287168,-0.11668045651299469,0.05036885428695167,0.9682211192900282,0.8898694997397613,1.0516589337500126,-0.03203440341210471,-0.11602095225684247,0.05038005190149122,0.9684732627212813,0.8904565660273388,1.051670709887312,-0.03153007312009048,-0.1146704177815717,0.05017938352769841,0.9689618163105094,0.8916599707553646,1.051459694009008,0.010715191472380203,-0.021838616375907116,-0.9913119288119288,0.38179413179413185,-0.474674823633157,-0.474674823633157,-0.05774191577759193,0.006342242286393149,-0.03203440341210471,-0.03203440341210471,China / China ally
nationality,cn_rival,de,full,all,24,4606,0,0.32552083333333326,-0.8915137235449733,1.54252094356261,24.55203764619883,24.877558479532166,1.3020833333333335,15,8,1,0.9391544260969351,0.8095331571414207,-0.046647798630262284,-0.18772208783385008,0.06598843602035587,0.9544234876608694,0.8288450213429356,1.0682143642854052,-0.04089817570862605,-0.159800197977174,0.06684418128051224,0.9599268688448085,0.8523140660292697,1.0691288749027283,-0.032397971696967266,-0.13415448500136362,0.06729011553190258,0.968121220557779,0.8744549639917889,1.0696057424050718,0.08259973540798693,0.01734284308506928,0.045289855072463935,1.0869565217391306,1.0869565217391304,0.3849637681159421,-0.07252970198802715,0.03943233107032092,0.002094312788372902,-0.03771193729460323,China / China rival
nationality,cn_rival,de,full,US,12,2302,0,-1.0416666666666667,-2.430555555555556,0.34881882013333965,22.49817251461988,21.456505847953213,-0.2604166666666667,5,6,1,0.9543918399186053,0.8225070385481765,-0.18270523574394135,-0.4335133958438746,0.008091157174978325,0.8330136622044741,0.6482276090016177,1.0081239790497898,-0.1707542420798529,-0.3766906025519506,0.00898725871935978,0.843028729002585,0.6861283274125146,1.009027765386032,-0.15287070706764191,-0.32240183800325756,0.011250257621770557,0.8582406790923119,0.7244070375581784,1.0113137797600245,-0.03408504476172647,-0.06015714744043121,-1.6098484848484846,0.42613636363636365,0.42613636363636365,-1.0416666666666665,-0.24869798487962125,-0.014595552121257111,-0.09266595398351209,-0.17589720415700763,China / China rival
nationality,cn_rival,de,full,CN,12,2304,0,1.6927083333333333,-0.21701388888888884,3.6024305555555554,26.605902777777775,28.29861111111111,1.8229166666666667,10,2,0,0.90111070324378,0.90111070324378,0.0894096384834168,-0.014354808965278553,0.1974281999150018,1.0935285159526462,0.985747730075793,1.2182655902564001,0.08895789066260078,-0.014236136167764887,0.19591324293322648,1.0930346283932781,0.9858647184580959,1.2164213676064963,0.08807476367370733,-0.013724797936151835,0.19361573602416404,1.0920697661238132,0.986368957687253,1.2136298391160185,0.09849297127976825,0.0843495881797075,1.2310606060606057,2.509469696969697,1.692708333333333,1.692708333333333,0.06937290901195683,0.1309139102016078,0.08895789066260078,0.08895789066260078,China / China rival
nationality,cn_rival,de,drop_truncated,all,24,4589,0,0.22807170524847162,-0.9761082738383439,1.4420870784669497,24.523923804249605,24.751995509498077,1.3020833333333335,15,8,1,0.9369733893433425,0.8167589019635157,-0.059887108518798526,-0.1990921512441306,0.04779260855154984,0.9418708567787666,0.8194743742702691,1.0489530888640828,-0.05389143717387035,-0.17145924489333472,0.04907761828522642,0.9475349679922122,0.8424346008324162,1.0503018702064222,-0.0449271474083174,-0.14535497486221918,0.05010850620562475,0.9560671312643335,0.8647152864344778,1.0513851720026195,0.08259973540798693,0.012185463789886164,-0.05639619162478316,0.998263466251197,0.9982634662511968,0.33049480436658285,-0.07803853296271396,0.02587414519354426,-0.011930120488408923,-0.045238929476607785,China / China rival
nationality,cn_rival,de,drop_truncated,US,12,2287,0,-1.2420473789767408,-2.604254156507773,0.11192987295425186,22.419558134815006,21.177510755838266,-0.2604166666666667,5,6,1,0.9543918399186053,0.8084470891712846,-0.20929180573058848,-0.4541959955548066,-0.028065963806025062,0.8111585004059078,0.6349582720505964,0.9723242264791313,-0.19684831937382843,-0.3969638852869064,-0.027472335001572517,0.8213152014691741,0.6723583072215548,0.9729015975023163,-0.17803582767001289,-0.3419204085686031,-0.02471815988727113,0.8369124383289519,0.7104047445895955,0.975584832223834,-0.03408504476172647,-0.07212846128771955,-1.828445625550384,0.23470638637211974,0.23470638637211974,-1.1615371793866187,-0.2603337816777703,-0.04306181826013952,-0.12210710104967798,-0.19175279257045744,China / China rival
nationality,cn_rival,de,drop_truncated,CN,12,2302,0,1.698190789473684,-0.21427301961819897,3.6065549556428147,26.62828947368421,28.326480263157894,1.8229166666666667,10,2,0,0.90111070324378,0.90111070324378,0.08951758869299146,-0.014252462913095431,0.19761761528319266,1.093646568956928,0.9858486226273038,1.2184963703376899,0.08906544502608771,-0.01413273572446811,0.1959905604686247,1.0931521953593109,0.9859666625774578,1.2165154219446235,0.08818153285337804,-0.013668591847952357,0.19378898082299004,1.0921863717417177,0.9864243991859463,1.2138401123871947,0.09849297127976825,0.08457379364432382,1.237041467304625,2.515450558213716,1.698190789473684,1.698190789473684,0.06937290901195682,0.13103124223450266,0.08906544502608771,0.08906544502608771,China / China rival
nationality,cn_neutral,de,full,all,24,4606,0,-1.4300073099415205,-2.7993683873254795,-0.08594443679005638,25.050027412280702,23.620020102339183,-0.78125,11,13,0,0.920365883818471,0.6884858692833482,-0.0815152449235818,-0.19129499222846066,0.02177019053714999,0.921718658216271,0.8258889213996772,1.022008890166928,-0.0809447891522105,-0.18817484212378086,0.020045798859868864,0.9222446079456975,0.8284698431420137,1.0202480651549364,-0.07985558881835375,-0.18171371484569737,0.016817496283044252,0.923249664335084,0.8338400222680084,1.0169597064615399,-0.07371075725173903,-0.07699296282321155,-1.7865655987795577,-0.5637395118230358,-0.5637395118230358,-1.356311975591152,-0.10786194207363467,-0.03403263186209031,-0.0340326318620903,-0.061734028511095294,China / neutral
nationality,cn_neutral,de,full,US,12,2302,0,-1.5579312865497077,-3.038194444444445,-0.12563327444769307,22.322277046783626,20.76434576023392,0.0,6,6,0,0.9422080999150758,0.7500185981922587,-0.08924557894466155,-0.260325665084973,0.08119345319301513,0.9146209343484263,0.770800522106916,1.0845806918712453,-0.08853750106764031,-0.2531754155390859,0.0747914615571358,0.9152687865357316,0.776331689237162,1.077659394038254,-0.0872020506337459,-0.24235197292015903,0.06793857701548064,0.9164918991552021,0.7847799076591403,1.0702995654660883,-0.004117714635364922,-0.09127606971107438,-2.178030303030304,0.24172647527910615,0.24172647527910687,-1.415470494417863,-0.14550906735020266,0.008861308546662854,0.00886130854666285,-0.049059793537620314,China / neutral
nationality,cn_neutral,de,full,CN,12,2304,0,-1.3020833333333333,-3.2552083333333335,0.737847222222222,27.777777777777775,26.475694444444443,-1.5625,5,7,0,0.9824621881515055,0.9187795405622854,-0.07378491090250203,-0.1801975706119683,0.03380654750575228,0.9288714624810455,0.835105202865401,1.0343844831132665,-0.07335207723678071,-0.17923050611455055,0.033903835084073096,0.9292735963433938,0.8359131940855422,1.0344851207699988,-0.0725091270029616,-0.17752167695495802,0.0337053890909245,0.9300572579861923,0.8373428480958202,1.0342798517108949,-0.14447604782586032,-0.06535716488258869,-2.035984848484848,-0.6628787878787875,-1.302083333333333,-1.302083333333333,-0.10523853758758296,-0.040229038331368,-0.07335207723678071,-0.07335207723678071,China / neutral
nationality,cn_neutral,de,drop_truncated,all,24,4583,0,-1.5331218140449268,-2.9139826946671454,-0.18728514767940022,24.988213465322605,23.455091651277684,-0.78125,11,13,0,0.9334207190499385,0.7514208585780854,-0.09580651183731347,-0.20621343257912403,0.006070800022274897,0.9086398101085266,0.8136593963256131,1.0060892646748907,-0.09488090992403664,-0.2016564560358841,0.004150571570185195,0.9094812382088986,0.8173756841961378,1.0041591971218926,-0.09313357436312882,-0.1942722447470681,0.0019861971340647353,0.911071796333097,0.8234336982515985,1.0019881709301588,-0.07371075725173903,-0.08278798482719463,-1.8941633421918074,-0.6094411199695849,-0.6094411199695852,-1.4602768429280704,-0.11672708716071784,-0.04740649077012236,-0.04740649077012236,-0.07430703233500877,China / neutral
nationality,cn_neutral,de,drop_truncated,US,12,2281,0,-1.8121317859845902,-3.34046512134023,-0.3340575543448727,22.22012210608381,20.40799032009922,0.0013634380453751982,6,6,0,0.9510489510489512,0.7845896445389478,-0.12020460609672982,-0.2888842413282851,0.04165001069782909,0.8867389859520903,0.7490989150792666,1.0425295407058384,-0.11877619175761371,-0.2809573109794437,0.03823033437318026,0.8880065217022781,0.7550605675883155,1.038970515942425,-0.11610466240813784,-0.26963411288091693,0.034034661253127804,0.8903820288932757,0.7636588561651338,1.0346204673485373,-0.004117714635364922,-0.10695815758299143,-2.4553399387774477,0.09383603145115416,0.09383603145115432,-1.6851841165529509,-0.16662686069190868,-0.021683795511572675,-0.021683795511572675,-0.07793038241997151,China / neutral
nationality,cn_neutral,de,drop_truncated,CN,12,2302,0,-1.254111842105263,-3.2126295120320854,0.7515375664893506,27.7563048245614,26.50219298245614,-1.5625,5,7,0,0.9824621881515055,0.8905094008526767,-0.07140841757789705,-0.17854769621792035,0.0352820540996316,0.9310815443933431,0.8364841587951815,1.0359118507821345,-0.07098562809045957,-0.17774520759616605,0.03531568528919233,0.9314752791098442,0.8371556972298302,1.0359466903158008,-0.07016248631811979,-0.1755391093930606,0.03527967011140754,0.9322423309748867,0.8390045835717694,1.035909381183425,-0.14447604782586032,-0.06294605469284975,-1.9836523125996806,-0.61054625199362,-1.2541118421052628,-1.2541118421052628,-0.10265695670068718,-0.037647457444472225,-0.07098562809045958,-0.07098562809045958,China / neutral
nationality,us_cn,de,full,all,24,4607,0,-0.9347503999418266,-2.1918402777777777,0.3038194444444445,23.940835878417683,23.006085478475857,-1.8229166666666667,7,15,2,0.9327531911793137,0.7819656225188101,-0.06722925850723133,-0.19923626100042413,0.06902881940303851,0.934980824455749,0.8193562885267625,1.071467087745237,-0.07030098440586256,-0.19279450725457292,0.04651946421889909,0.9321132261353269,0.8246514166125324,1.0476184699453086,-0.07390943116825098,-0.18622958730915315,0.027138538246702468,0.9287558063606056,0.830082996581724,1.027510142357114,-0.12546892794097442,-0.05156267169130313,-1.3830004173306016,-0.6567028985507245,-1.383000417330602,-0.8395221564610363,-0.16005527871279,-0.030917897128896154,-0.09814690682377368,-0.05589135813365061,US / China
nationality,us_cn,de,full,US,12,2303,0,-1.2184591332169867,-2.6512052792321117,0.2523591785697521,21.53618564572426,20.31772651250727,-2.604166666666667,4,8,0,0.8461538461538463,0.5604211746706771,-0.1116232211152312,-0.3470751204870875,0.12788507638719326,0.8943811779669052,0.706752234691447,1.1364223934250324,-0.11777335434106596,-0.33216539024305947,0.07926747348741381,0.8888974945441614,0.7173686672642332,1.0824938217494515,-0.12500726233038753,-0.3165954619615059,0.03987875707724664,0.8824904936237948,0.7286254522248294,1.040684590901662,-0.26245453898477733,-0.07288241732402923,-2.1815008726003486,-0.6628787878787877,-2.1815008726003486,-1.0451372362367126,-0.30975709424965997,-0.03974256911970014,-0.18031231666353495,-0.09195980576600493,US / China
nationality,us_cn,de,full,CN,12,2304,0,-0.6510416666666665,-2.517361111111111,1.215277777777778,26.345486111111114,25.694444444444443,-0.78125,3,7,2,0.9912141845604473,0.9471889703921984,-0.02283529589923149,-0.12820292776189982,0.08460664224799602,0.9774234561679246,0.8796748505824274,1.0882888956182015,-0.022828614470659148,-0.12678364733564135,0.0837653303186716,0.9774299867747488,0.8809242422882005,1.087373690228355,-0.022811600006114444,-0.1251926166721322,0.08242738086947747,0.9774466173640836,0.8823269353378408,1.0859198120231013,-0.03534348693564432,-0.033543603867091765,-1.2310606060606057,-0.1420454545454544,-0.6510416666666665,-0.6510416666666665,-0.05833704749961513,0.0033979851485747004,-0.022828614470659148,-0.022828614470659148,US / China
nationality,us_cn,de,drop_truncated,all,24,4590,0,-0.9355626156663231,-2.2134389953239015,0.31958788868083204,23.891069535477,22.955506919810677,-1.8229166666666667,7,15,2,0.9312446486600046,0.7887637395133377,-0.07124203979004716,-0.20335316005441573,0.0671254129795407,0.9312364685686205,0.8159900154553951,1.0694295901160407,-0.07421339672194664,-0.1993589252330641,0.044632340996499674,0.9284735394895534,0.8192557889803475,1.0456433490368826,-0.07763435008865456,-0.19237561525945687,0.027348409038973003,0.9253027015454459,0.8249969288508157,1.0277258093550667,-0.12546892794097442,-0.05168984294977119,-1.4110218598257283,-0.6575504280023728,-1.4110218598257283,-0.8152086553168717,-0.16413779591218206,-0.035000414328288224,-0.10314517714867148,-0.05503010826078021,US / China
nationality,us_cn,de,drop_truncated,US,12,2288,0,-1.2146011085256287,-2.6526255926911886,0.23769933209514488,21.409697550486168,20.195096441960533,-2.8645833333333335,4,8,0,0.8181818181818183,0.5253948512537597,-0.11954394022777541,-0.35344966159331376,0.121210160894006,0.8873250176990509,0.702261342415387,1.1288621301139983,-0.125493714405683,-0.3404589976645533,0.07399669620097563,0.8820613086891576,0.7114436968127719,1.0768032479488232,-0.13235338723517762,-0.32153471737074235,0.03387762449162209,0.876031362071448,0.7250354582656893,1.0344580066574416,-0.26245453898477733,-0.07298393555068694,-2.234110300209777,-0.6586700336700337,-2.2341103002097764,-0.9883190544185307,-0.31817930522924215,-0.04816478009928234,-0.19064928417826554,-0.09004504923085654,US / China
nationality,us_cn,de,drop_truncated,CN,12,2302,0,-0.6565241228070176,-2.5198891524869107,1.214828979421175,26.372441520467834,25.715917397660817,-0.78125,3,7,2,0.9912141845604473,0.9471889703921984,-0.022940139352318905,-0.12830181899420423,0.08459066065072002,0.9773209850894561,0.8795878627536639,1.0882715031623318,-0.022933079038210274,-0.1267848975800448,0.08363547107082749,0.9773278853069546,0.8809231409182853,1.0872324938668416,-0.02291531294213149,-0.12529427534073892,0.0824265279712389,0.9773452487623053,0.8822372437153612,1.0859188858444013,-0.03534348693564432,-0.03380442282599594,-1.237041467304625,-0.14204545454545456,-0.6565241228070176,-0.6565241228070176,-0.05845100884603454,0.0033979851485747004,-0.022933079038210274,-0.022933079038210274,US / China
nationality,allies,de,full,all,24,4606,0,-2.4538559941520464,-3.77741494179794,-1.1949127375730997,24.96482090643275,22.510964912280702,-1.3020833333333335,3,18,3,0.8750587007835819,0.8178754234519195,-0.19537500994541498,-0.33299157464020457,-0.07710992244365675,0.8225261447272141,0.716776233227916,0.9257880831247625,-0.19282319299352244,-0.3234471634742868,-0.07780305951335188,0.824627761216559,0.7236501920742744,0.925146607426642,-0.18807424001204096,-0.3088373154759273,-0.07900883455579101,0.8285531931502698,0.7343002195914529,0.9240317609988814,-0.20999573318655912,-0.13440953930804622,-2.696414950419527,-2.175581617086194,-2.5605453852021354,-2.6058352402745997,-0.21195589671572326,-0.17422131707927235,-0.2012068100801973,-0.2119558967157232,US ally / China ally
nationality,allies,de,full,US,12,2302,0,-2.1733369883040936,-3.868410356040564,-0.5628724936659931,22.151864035087716,19.978527046783626,-2.0833333333333335,2,8,2,0.7711315409512693,0.6584297020615364,-0.23559664456292195,-0.4763682438508578,-0.03932978691656215,0.7900993005172954,0.6210347479079533,0.9614335886394672,-0.231458658233463,-0.4548502121247096,-0.04360502899027863,0.7933754943696024,0.6345430076790515,0.9573320011971277,-0.22383420618210637,-0.4282279283888928,-0.04576226827014859,0.7994476668634228,0.6516628654030503,0.9552690329583606,-0.25399063808791883,-0.1294432380550239,-2.6550039872408293,-1.5659888357256782,-2.37091307814992,-2.46561004784689,-0.2749757174016956,-0.19607614179820734,-0.2525003544365051,-0.2749757174016956,US ally / China ally
nationality,allies,de,full,CN,12,2304,0,-2.7343750000000004,-4.427083333333333,-1.0416666666666667,27.777777777777782,25.043402777777775,-1.3020833333333335,1,10,1,0.9543918399186053,0.9488905105990602,-0.15515337532790793,-0.26727787950980697,-0.05550148125558201,0.8562838345975783,0.765460336166362,0.9460106223858817,-0.15418772775358192,-0.2654532555017003,-0.05524970657031553,0.8571111023656649,0.7668582884537928,0.9462488338991477,-0.15231427384197546,-0.26152963971029103,-0.05477891453975091,0.8587183656097773,0.7698730562718175,0.9466944251912629,-0.10566956252754467,-0.1396427017369145,-3.077651515151515,-2.178030303030303,-2.734375,-2.734375,-0.1724723384118025,-0.12719959060478297,-0.15418772775358192,-0.15418772775358192,US ally / China ally
nationality,allies,de,drop_truncated,all,24,4591,0,-2.4544686624449956,-3.7881903121618126,-1.1799623576086549,24.92068367998412,22.466215017539124,-1.3020833333333335,4,18,2,0.8711601242943237,0.8301744253945094,-0.1993556900873946,-0.33960749783049504,-0.0820306450570766,0.8192584393964527,0.7120497489925967,0.9212437266971791,-0.19667439471836182,-0.32842551392376085,-0.08229585100636413,0.8214580608556439,0.7200565604162256,0.9209994397747197,-0.19168742091483496,-0.31433526066862166,-0.08263593779975387,0.8255648824804034,0.7302741549120813,0.9206862732834452,-0.20999573318655912,-0.13461486886075913,-2.6970542564643436,-2.1762209231310106,-2.585205829848922,-2.583948178613217,-0.2122282131066164,-0.17823996235736564,-0.20630649099695972,-0.2109036266165499,US ally / China ally
nationality,allies,de,drop_truncated,US,12,2289,0,-2.1718354487992424,-3.8934119201067645,-0.5051929073708419,22.04313801150983,19.871302562710593,-2.0833333333333335,3,8,1,0.7600712181471058,0.6982499122933914,-0.24351908058465918,-0.4829707421853448,-0.0448484676671422,0.78386451929626,0.6169478736560295,0.9561423573381127,-0.2391222591958746,-0.46248963210200433,-0.04738275061434901,0.7873186195469771,0.629713936287623,0.9537222899298488,-0.231022007335272,-0.4361182103100199,-0.05003045709845986,0.7937219981369068,0.6465412935712281,0.9512004532536664,-0.25399063808791883,-0.12983759089843128,-2.653365944144628,-1.5643507926294766,-2.4195010521305647,-2.4168714177286357,-0.275502776232908,-0.2044364337572018,-0.2631209936399896,-0.27273318629913257,US ally / China ally
nationality,allies,de,drop_truncated,CN,12,2302,0,-2.737101876090751,-4.433965765266679,-1.048005756578948,27.798229348458406,25.061127472367655,-1.3020833333333335,1,10,1,0.9492133645984593,0.9436853723733583,-0.15519229959012995,-0.2674633026866491,-0.05550207714160638,0.8562505050297325,0.7653184152372048,0.946010058671541,-0.15422653024084912,-0.2654536939477171,-0.05523373310440352,0.8570778449682678,0.7668579522279044,0.9462639488933594,-0.15235283449439793,-0.2615793008284434,-0.054775290298714654,0.8586852535077685,0.7698348244643326,0.9466978562462649,-0.10566956252754467,-0.13971699686175287,-3.080626289068697,-2.1810050769474856,-2.7371018760907506,-2.7371018760907506,-0.17251466839791219,-0.12720446986147818,-0.15422653024084912,-0.15422653024084912,US ally / China ally
nationality,neutrals,de,full,all,24,4606,0,-0.13112207602339165,-1.1081399523705644,0.8246527777777777,22.903188961988302,22.772066885964914,0.0,10,11,3,0.919994940213552,0.7254366361662462,-0.011029368666208794,-0.08477524986859578,0.06062127694741625,0.9890312318207182,0.9187187433580427,1.0624964460826114,-0.010864009246232315,-0.08336576779041409,0.05978226562344249,0.9891947909742014,0.9200145739721799,1.0616053733949757,-0.010557350875124863,-0.08108130838499773,0.058089627310739994,0.9894981823538851,0.9221187124131549,1.0598099793720055,0.0,-0.007370076320886154,-0.36327231121281445,0.08962623951182315,-0.023598398169336284,-0.06888825324180002,-0.04250022092345664,0.008249856312408235,-0.00657043221748693,-0.0012549858015289213,Neutral A / neutral B
nationality,neutrals,de,full,US,12,2302,0,-0.6094663742690056,-1.7399804047640917,0.5624010922141344,21.674433479532166,21.064967105263154,-0.78125,4,6,2,0.8415545127276409,0.5982535149670464,-0.07430562712203546,-0.1896874901506001,0.03134144580389928,0.9283879099524183,0.827217607203387,1.0318377604184428,-0.0729499336370454,-0.18551178771173385,0.030539671088651958,0.9296473729234588,0.8306790437181002,1.031010790557965,-0.07040955444127243,-0.17841359391468045,0.02981504818717282,0.9320120320627807,0.836596340769262,1.030263967142808,-0.054808140453688065,-0.03590336334065847,-0.9016148325358849,-0.3807814992025516,-0.4281299840510366,-0.5228269537480063,-0.10522241492291297,-0.03862875332268907,-0.0696166293397426,-0.05850251410637586,Neutral A / neutral B
nationality,neutrals,de,full,CN,12,2304,0,0.3472222222222223,-1.2586805555555558,1.9531249999999998,24.131944444444443,24.479166666666668,0.78125,6,5,1,0.9788218772814518,0.9201886304993039,0.05224688978961787,-0.04228452491461191,0.15392109456110822,1.0536358423354963,0.9585969970387394,1.1663988479342855,0.051221915144580764,-0.04257746258933801,0.1515425600237554,1.0525564455836502,0.9583162289892049,1.1636278247836838,0.04929485269102271,-0.04342786906825561,0.14700009794723487,1.0505300566931837,0.957501617083935,1.1583540764874285,0.034297125660345984,0.01870594746748533,-0.09469696969696964,0.8522727272727273,0.34722222222222227,0.34722222222222227,-0.009282352508632559,0.08440362669966518,0.051221915144580764,0.051221915144580764,Neutral A / neutral B
nationality,neutrals,de,drop_truncated,all,24,4583,0,-0.06611257521753074,-1.0456346605260274,0.8719557828850465,22.755139052237794,22.689026477020263,0.0,10,11,3,0.9310971155841672,0.7873000876523416,-0.010161013446514414,-0.0838974450544156,0.06143263538104905,0.9898904352462106,0.9195255531527943,1.0633588613514855,-0.009898801348880304,-0.082252572447421,0.060487231150909225,0.9901500305266886,0.9210393001658045,1.0623540324453984,-0.009422256046061487,-0.07931088184363279,0.058945661566838545,0.9906219943199547,0.923752701858242,1.0607176014416695,0.0,-0.003728915725065063,-0.3002543800604762,0.1574622403527214,-0.020944757805657913,0.0225461457684346,-0.041493047465350194,0.009257029770514687,-0.00833556208160891,0.003628605269794877,Neutral A / neutral B
nationality,neutrals,de,drop_truncated,US,12,2283,0,-0.4886820062270238,-1.611770111676431,0.6464831659023974,21.378333660031146,20.889651653804123,-0.5347593582887701,4,6,2,0.9068555305553029,0.7429623522407207,-0.07300308504842708,-0.18618885855599135,0.027396638219935016,0.9295979621666379,0.8301168055156888,1.0277753769243976,-0.07145033762760936,-0.18088949706922774,0.02752114382673127,0.931042514226795,0.8345275713432555,1.0279033486877875,-0.06856361685616073,-0.17051172549217544,0.026992153238065194,0.9337340569888273,0.8432332022463312,1.0273597412845499,-0.02292665224806109,-0.029014275510683696,-0.7698500673991776,-0.24901673406584426,-0.43265560900306177,-0.34172008334814097,-0.10358649200352822,-0.036992830403304304,-0.07377734063956273,-0.04876135435935481,Neutral A / neutral B
nationality,neutrals,de,drop_truncated,CN,12,2300,0,0.3564568557919623,-1.2575557191681213,1.9281356466706887,24.131944444444443,24.488401300236404,0.78125,6,5,1,0.9788218772814518,0.9149856678935311,0.05268105815539825,-0.041831688127618304,0.15495769620393107,1.0540933970079855,0.9590311833232414,1.1676085657856723,0.05165273492984876,-0.0421990232469715,0.1523024755789868,1.0530100054197795,0.9586789621846096,1.1645124197343995,0.049719104764037764,-0.04298756166401257,0.14826384973172718,1.0509758408032304,0.9579233049648471,1.159818873893883,0.034297125660345984,0.019198277452407986,-0.09469696969696964,0.8623468729851709,0.35645685579196223,0.35645685579196223,-0.008812367288340199,0.08487361191995754,0.05165273492984876,0.05165273492984876,Neutral A / neutral B
nationality,us_ally,pg,full,all,24,4606,0,-1.4336622807017543,-2.605537280701754,-0.28257486710067053,28.70202850877193,27.268366228070175,-1.3020833333333335,8,16,0,0.9482936721340977,0.7800774320239474,-0.06779996523816388,-0.15216916790536278,0.015668383651459665,0.9344473768414903,0.8588429797834152,1.0157917763871502,-0.06787646319615091,-0.1488328997836414,0.010345889309140129,0.9343758962594096,0.86171309531371,1.0103995930665297,-0.06792176159612189,-0.14555518055989794,0.005603966136391728,0.9343335714849672,0.8645421828360053,1.0056196977273264,-0.07913032201041303,-0.07060426179518908,-1.6318649885583525,-1.156321510297483,-1.2242562929061784,-1.4733504958047292,-0.07978369450640752,-0.05377645857713622,-0.05945836016798665,-0.06663342692105455,US / US ally
nationality,us_ally,pg,full,US,12,2302,0,-1.7822551169590646,-3.175302622876636,-0.3060804792030251,27.108918128654974,25.32666301169591,-1.8393640350877194,5,7,0,0.9166357786440942,0.7586442133088405,-0.06724275461653245,-0.19904952274980842,0.06904380522956256,0.9349682059374983,0.8195093079735601,1.0714831446854531,-0.06783219540031057,-0.19241793705519927,0.0578700327918785,0.934417259936356,0.8249620142381345,1.0595772764605775,-0.06877384302787383,-0.1857465657816131,0.04852936294381599,0.9335377822843911,0.8304840413875579,1.0497261944190708,-0.12618844456317757,-0.09140656059845864,-2.2283692185007977,-1.2340510366826158,-1.37609649122807,-1.8969298245614035,-0.09272510924940706,-0.038346343215476204,-0.05022668290543617,-0.06522909520730542,US / US ally
nationality,us_ally,pg,full,CN,12,2304,0,-1.0850694444444444,-2.647569444444444,0.4774305555555555,30.295138888888886,29.210069444444446,-1.3020833333333335,3,9,0,0.9929823694376382,0.9805806756909201,-0.06835717585979532,-0.14634364422922158,0.009288553009582302,0.9339268378761469,0.8638607913957393,1.0093318254939059,-0.06792073099199124,-0.1453818620638394,0.009323198506181326,0.9343345344135016,0.8646920369727853,1.009366794901996,-0.06706968016436994,-0.14358725984412743,0.009472252561110209,0.9351300390517152,0.8662452084673649,1.009517256328851,-0.05972689681595389,-0.05154688290390741,-1.4204545454545454,-0.8996212121212122,-1.0850694444444444,-1.0850694444444444,-0.08435202902991093,-0.0465082306534021,-0.06792073099199124,-0.06792073099199124,US / US ally
nationality,us_ally,pg,drop_truncated,all,24,4590,0,-1.4041299113266519,-2.5772339111502673,-0.25013424145658686,28.574700666983944,27.170570755657295,-1.3020833333333335,7,16,1,0.9542316858959846,0.8016759019721295,-0.06856555296700396,-0.14881087341498536,0.012612960663903484,0.933732249177945,0.8617320759330593,1.012692839535325,-0.06857391385948929,-0.1464346788369798,0.008276312162951148,0.9337244423756355,0.863782153746865,1.008310655514512,-0.06849343403416186,-0.14281446052960448,0.0034691001941814623,0.9337995913796105,0.8669149009062767,1.003475124486537,-0.07913032201041303,-0.06931425627746346,-1.601048603123463,-1.1255051248625934,-1.2249676518863744,-1.442415550539807,-0.08051146911163018,-0.05450423318235889,-0.06166318436835614,-0.06735988167348028,US / US ally
nationality,us_ally,pg,drop_truncated,US,12,2287,0,-1.7654569576154913,-3.151625482756442,-0.31911044892596724,26.892211470675278,25.12675451305979,-1.8407274731330945,4,7,1,0.9149856678935311,0.744755776192409,-0.07262378561705611,-0.20404894914683122,0.06058850970297767,0.9299506250232739,0.8154224559768658,1.0624616315722384,-0.07304257152108719,-0.19590771177655297,0.04985850391120658,0.9295612563468164,0.8220881002276713,1.0511223561509535,-0.07366588939312306,-0.18593085363718087,0.03986479072406967,0.9289820247440422,0.8303310073660763,1.0406700564346167,-0.12620362287034226,-0.09099900088012347,-2.210043953762354,-1.2157257719441723,-1.423692873902987,-1.8783566619965284,-0.0984091559266179,-0.044030389892687045,-0.058999106008863135,-0.07091038219230451,US / US ally
nationality,us_ally,pg,drop_truncated,CN,12,2303,0,-1.0428028650378125,-2.564487390350877,0.47743055555555564,30.25718986329261,29.214386998254806,-1.3020833333333335,3,9,0,0.9877114437266564,0.9752433670693016,-0.06450732031695185,-0.14118122638037664,0.010776479607123718,0.9375292512256593,0.8683319327843493,1.0108347550099226,-0.0641052561978914,-0.14048107213261155,0.010772702891073746,0.9379062738867099,0.86894011196033,1.0108309373812885,-0.06332097867520063,-0.13896394986739452,0.010920499392554617,0.9386421412200957,0.8702594008595608,1.0109803456981634,-0.05972689681595389,-0.04955426457568901,-1.37434554973822,-0.8535122164048867,-1.0428028650378127,-1.0428028650378127,-0.08018969289089292,-0.0465082306534021,-0.0641052561978914,-0.0641052561978914,US / US ally
nationality,us_rival,pg,full,all,24,4605,0,-1.517374889770723,-2.860384731289469,-0.21042596726191032,32.417741402116405,30.90036651234568,-2.34375,7,15,2,0.9008515908542755,0.6301136893823893,-0.05517449930839521,-0.13277097402074528,0.035933989064065995,0.9463200013591619,0.8756656193208887,1.0365874181267904,-0.05585020223819937,-0.13253206264115225,0.029856620848138827,0.9456807861458283,0.8758748507949577,1.0303067988477272,-0.05696257951821842,-0.13238882628631757,0.023730404391074256,0.9446294171930493,0.8760003169013163,1.0240142109389363,-0.12510674822871973,-0.06966651042375915,-1.7871520588911893,-1.288963653094088,-1.3342535081665516,-1.470123073383943,-0.08686270277583762,-0.04136768394990871,-0.04657763421264666,-0.041367683949908717,US / US rival
nationality,us_rival,pg,full,US,12,2301,0,-1.6892636684303353,-3.255214014325189,-0.08610679355730098,30.373677248677254,28.68441358024691,-2.864583333333333,5,7,0,0.7789521634629794,0.20035427862070965,-0.043725873928305424,-0.15785649333192794,0.10472267234693208,0.957216319460689,0.8539723238983078,1.1104026222976742,-0.045368878837844274,-0.15581994601337654,0.08787724008062152,0.9556448996270746,0.8557132510832436,1.0918540778821677,-0.048166405254945345,-0.15518869141020053,0.07247553551211851,0.9529751938024122,0.8562535945411931,1.075166502370535,-0.1486686001060268,-0.08060653056836786,-2.126924001924002,-1.22730278980279,-1.3219997594997595,-1.6060906685906688,-0.1092603505619647,-0.014134402107749714,-0.02502793447529268,-0.01413440210774971,US / US rival
nationality,us_rival,pg,full,CN,12,2304,0,-1.345486111111111,-3.3854166666666674,0.6510416666666665,34.46180555555556,33.11631944444444,-1.8229166666666667,2,8,2,0.956064745391637,0.9260620788592869,-0.06662312468848498,-0.16353458028119394,0.027990714143829427,0.9355477197431773,0.849137135092977,1.0283861349313508,-0.06633152563855448,-0.16274736567595818,0.027943074646473814,0.9358205643480996,0.8498058514246678,1.0283371442997489,-0.06575875378149149,-0.1612903075346194,0.027880296248587105,0.9363567295661346,0.8510449704740702,1.0282725889677038,-0.09972225096435142,-0.05976304253303255,-1.8939393939393938,-0.899621212121212,-1.345486111111111,-1.345486111111111,-0.09320198234557496,-0.04745814509182555,-0.06633152563855448,-0.06633152563855448,US / US rival
nationality,us_rival,pg,drop_truncated,all,24,4588,0,-1.5334753385103488,-2.8699947562940573,-0.21860582056978214,32.325704496608,30.792229158097644,-2.0887870855148343,7,15,2,0.9198271051727361,0.7179094745420557,-0.05726140308659108,-0.13466659225678884,0.032234989978128015,0.944347181831203,0.8740072639052017,1.0327601650812979,-0.057902010509329964,-0.134133761247552,0.027417932754574038,0.9437424197451019,0.8744730861689612,1.0277972631557903,-0.05894729722775857,-0.13308513210229386,0.02107658642993567,0.9427564537264909,0.8753905650973606,1.021300266383691,-0.12510674822871973,-0.07052059410454559,-1.8039525271412336,-1.3057641213441322,-1.3572528671946706,-1.5090942298500887,-0.08900372010223476,-0.04548129770456661,-0.04938865065501802,-0.046467189663840794,US / US rival
nationality,us_rival,pg,drop_truncated,US,12,2285,0,-1.7212373262353575,-3.2403568634649704,-0.13473063255672668,30.173014941441707,28.451777615206343,-2.6096204188481673,5,7,0,0.8651501883978577,0.45263436525551504,-0.047893821219781495,-0.15867956178589734,0.0964090110385529,0.9532349950333753,0.8532697353968236,1.1012093786875021,-0.04946665961033584,-0.1574287475519008,0.0787321521598433,0.9517368888862346,0.8543376850913988,1.0819144947965773,-0.052130053436040526,-0.15463507586467665,0.06705065162390042,0.9492054113899011,0.8567277610829155,1.0693496410987076,-0.1486686001060268,-0.08247408339931417,-2.1618043558931173,-1.262183143771905,-1.3698414305503037,-1.6873279161025414,-0.11373065685922823,-0.022729228209558482,-0.03089914801504777,-0.024790638669859054,US / US rival
nationality,us_rival,pg,drop_truncated,CN,12,2303,0,-1.3457133507853403,-3.387694744400814,0.6510416666666666,34.47839405177429,33.13268070098895,-1.8229166666666667,2,8,2,0.956064745391637,0.9260620788592869,-0.06662898495340067,-0.16354286973998045,0.028000535602824197,0.935542237201763,0.8491300962348658,1.0283962352332054,-0.06633736140832407,-0.16283559955754054,0.02795440731117498,0.9358151031306756,0.8497308730636697,1.0283487981658397,-0.06576454101947664,-0.1613145353301833,0.027881547875739984,0.9363513106625818,0.8510243517802837,1.0282738759824022,-0.09972225096435142,-0.05975896041135187,-1.8941872917658258,-0.8998691099476439,-1.3457133507853403,-1.3457133507853403,-0.09320834863986907,-0.047464511386119644,-0.06633736140832407,-0.06633736140832407,US / US rival
nationality,us_neutral,pg,full,all,24,4606,0,-2.9100420321637426,-4.362453529486619,-1.5201303511697002,30.568576388888886,27.658534356725152,-3.385416666666667,5,19,0,0.9769086365400672,0.7675570000565468,-0.10889039222901888,-0.19933069184108756,-0.0028477352704575536,0.8968287115072636,0.8192789196766943,0.9971563156813692,-0.1101258016507934,-0.1995049370520045,-0.013855475152396336,0.895721444971934,0.8191361766850379,0.9862400701591875,-0.11211799726892994,-0.19926706220788362,-0.022442042343342298,0.8939387689434729,0.8193310517523998,0.9778079070060471,-0.1639470407270949,-0.14005681936117997,-3.2630148741418767,-2.606311975591152,-2.606311975591152,-3.05921052631579,-0.1489779753974317,-0.09699311522336233,-0.09699311522336233,-0.11910806683227863,US / neutral
nationality,us_neutral,pg,full,US,12,2302,0,-3.042306286549708,-4.730931182737057,-1.304380759037622,28.975694444444443,25.933388157894736,-3.385416666666667,3,9,0,0.9930069930069931,0.6409817185295869,-0.0729674583888288,-0.2073219896726028,0.11213212912257986,0.9296310812267565,0.8127579081979899,1.118660658531904,-0.07608342216276534,-0.2089267099323913,0.08176699284419259,0.9267388927718316,0.8114547050343204,1.0852029203222227,-0.08133642876523471,-0.21050466742236668,0.0582008874196992,0.9218834911427662,0.8101752737143294,1.059927900505624,-0.1710307192837643,-0.1516729120054453,-3.5082735247208934,-2.4192583732057416,-2.4192583732057416,-3.3662280701754383,-0.15422502367955196,-0.04552940695195236,-0.04552940695195236,-0.09176976031605011,US / neutral
nationality,us_neutral,pg,full,CN,12,2304,0,-2.7777777777777772,-4.730902777777778,-0.8680555555555555,32.16145833333333,29.383680555555554,-3.385416666666667,2,10,0,0.9347806145306725,0.9136157704280913,-0.14481332606920894,-0.24386599814081097,-0.053537579954588646,0.8651837852951396,0.7835926300971667,0.947870319410919,-0.1441681811388215,-0.2427609426939999,-0.05325671865010016,0.8657421343167306,0.7844590220185265,0.9481365768942764,-0.1428995657726252,-0.2402331914016266,-0.05271016298755684,0.8668411250423577,0.7864444475991257,0.9486549279501912,-0.1604385468650302,-0.1295506657994595,-3.5037878787878785,-2.3674242424242418,-2.7777777777777772,-2.7777777777777772,-0.17717152380927018,-0.12652848972725025,-0.1441681811388215,-0.1441681811388215,US / neutral
nationality,us_neutral,pg,drop_truncated,all,24,4585,0,-2.9570138636875,-4.39716376770034,-1.5773394980160258,30.498889490173912,27.541875626486416,-3.385416666666667,5,19,0,0.9708202886113483,0.7052943197202424,-0.10653895301478283,-0.19716218752542522,-0.0009268017176416709,0.8989400310549064,0.8210574572359797,0.9990736276304198,-0.10787898783897594,-0.1972546004044221,-0.012213134571928352,0.8977362268583426,0.8209815844583995,0.9878611430610245,-0.11006599738439515,-0.1967573359518933,-0.022002785827165677,0.8957750145376759,0.8213899309362109,0.9782375098467847,-0.1639470407270949,-0.14257978009324523,-3.2904510701442073,-2.631685751693025,-2.6316857516930243,-3.1082246113840584,-0.14663347402857868,-0.09390184281967662,-0.09390184281967665,-0.11676356546342563,US / neutral
nationality,us_neutral,pg,drop_truncated,US,12,2287,0,-3.039572092639043,-4.721025075546421,-1.3188729790675264,28.744259723120013,25.704687630480976,-3.385416666666667,3,9,0,0.9860139860139862,0.5218922189120679,-0.06447759235691622,-0.19511990633865892,0.11878631929004292,0.9375571224720476,0.8227360008797778,1.1261292604774205,-0.06781349675942626,-0.19581500421104484,0.09339407762351679,0.9344347324324911,0.822164317546983,1.0978943056081647,-0.07347732910610168,-0.19787301201320398,0.06654982291657176,0.9291572103772733,0.8204740368688103,1.0688142141900487,-0.1710307192837643,-0.1523134253970233,-3.5103547768021452,-2.366845879282552,-2.366845879282552,-3.363245313181986,-0.14520328687590933,-0.034946239802750474,-0.034946239802750474,-0.08274802351240748,US / neutral
nationality,us_neutral,pg,drop_truncated,CN,12,2298,0,-2.8744556347359573,-4.841699126314601,-0.9639618572064249,32.25351925722781,29.379063622491845,-3.392233856893543,2,10,0,0.924198192479382,0.8959784003426069,-0.14860031367264942,-0.2476279060787685,-0.057481667535562476,0.8619135411208916,0.780650364497935,0.9441391986260532,-0.14794447891852558,-0.24656489232091833,-0.05719820905890567,0.8624789993795298,0.781480647798568,0.9444068608188143,-0.14665466566268856,-0.244339555296813,-0.05664155377781542,0.8635921539522504,0.7832216420487493,0.9449327162319047,-0.1604385468650302,-0.13395682961794775,-3.5641372274225676,-2.4623691099476437,-2.8744556347359573,-2.8744556347359573,-0.17940125566393164,-0.13042492894595925,-0.1479444789185256,-0.1479444789185256,US / neutral
nationality,cn_ally,pg,full,all,24,4606,0,-2.842881944444444,-4.165330317982457,-1.5638562321557061,36.79801717836257,33.95513523391813,-1.5625,3,17,4,0.9739081167279983,0.9541307265678312,-0.14241759976358712,-0.22707445480762464,-0.06626393229256235,0.8672590136958384,0.7968614499154199,0.935883821729157,-0.14179506132904485,-0.22283617569583206,-0.06792171206510486,0.8677990838543406,0.8002459382904828,0.9343336177634604,-0.14057215559428096,-0.21758039748377747,-0.0693254181546388,0.8688609694912891,0.8044629255248279,0.9330230080451719,-0.10675457245328407,-0.12363758067550845,-3.0797101449275366,-2.2418478260869565,-2.241847826086956,-2.8985507246376807,-0.1535528436886113,-0.1058267073632929,-0.10582670736329289,-0.14033111566294246,China / China ally
nationality,cn_ally,pg,full,US,12,2302,0,-3.211805555555556,-4.862474909854382,-1.5618182809773125,33.66547880116959,30.453673245614038,-1.5625,0,8,4,0.9872974517512536,0.9872974517512536,-0.17819395535977126,-0.3122199085774296,-0.055491264321570546,0.8367801097612301,0.7318205769096716,0.94602028776336,-0.17728333191100412,-0.3059412144858855,-0.05932513191634714,0.8375424483996807,0.7364299095945159,0.9424003149204165,-0.17549902812627946,-0.29668289168684525,-0.06312889316619257,0.839038212612257,0.7432796751586408,0.938822458091143,-0.09168416815317465,-0.14655895710065547,-3.5037878787878793,-1.988636363636364,-1.9886363636363635,-3.3617424242424248,-0.19339999844836814,-0.10530298003551901,-0.10530298003551902,-0.17744856102569542,China / China ally
nationality,cn_ally,pg,full,CN,12,2304,0,-2.4739583333333335,-4.296875,-0.6944444444444443,39.93055555555556,37.45659722222222,-2.083333333333333,3,9,0,0.9788975131335582,0.9418355625648663,-0.106641244167403,-0.18720035104548302,-0.02934123732630431,0.8988480821458534,0.8292775731116984,0.971085037460391,-0.10630679074708564,-0.18659841514581346,-0.029245253240140275,0.8991487552390424,0.8297768953186496,0.9711782506437188,-0.10564528306228244,-0.18540852553509096,-0.02905619247372647,0.8997437458241394,0.8307648258731959,0.9713618797060886,-0.10675457245328407,-0.10371980988753388,-2.9356060606060606,-1.8939393939393943,-2.4739583333333335,-2.4739583333333335,-0.12766503835509183,-0.07938442528067945,-0.10630679074708564,-0.10630679074708564,China / China ally
nationality,cn_ally,pg,drop_truncated,all,24,4594,0,-2.8702956150901517,-4.173808060024775,-1.608733219882535,36.74708811267178,33.876792497581626,-1.5706806282722514,3,18,3,0.9714536832889986,0.9531090715271985,-0.14549685552324282,-0.22962583937805242,-0.07012387892852687,0.8645926087610417,0.794830941312973,0.9322783231125304,-0.14479358674244305,-0.2251120190986182,-0.07266090876702637,0.8652008636091467,0.7984267747021345,0.9299161029675438,-0.14342038676545277,-0.22018986069794644,-0.07361577574488323,0.8663897735338624,0.8023664456466983,0.9290285805889832,-0.1001570827028973,-0.1249269150312462,-3.1083157142969706,-2.2430346723854937,-2.2430346723854937,-2.926800614517017,-0.15668173977215724,-0.10848639584185193,-0.10848639584185193,-0.143455678329011,China / China ally
nationality,cn_ally,pg,drop_truncated,US,12,2291,0,-3.309581195276291,-4.9499953880061796,-1.6827248439212432,33.59952453831622,30.289943343039926,-1.5706806282722514,0,9,3,0.9769109548752802,0.9769109548752802,-0.18734018833587204,-0.3214540891296522,-0.0655025731502131,0.8291616172905569,0.7250939189561769,0.9365966367526918,-0.1862491398460451,-0.31380964151566393,-0.06903940072402746,0.83006676651198,0.7306581018909164,0.9332899070556994,-0.1841271160620542,-0.3046150850544938,-0.07379222417399015,0.8318300581445371,0.7374071588080409,0.9288646694167025,-0.10366395817897123,-0.15129772202873948,-3.61045221302868,-2.037970640547108,-2.037970640547108,-3.46766306500393,-0.20318087983204922,-0.11410279097240922,-0.11410279097240922,-0.18722038162737817,China / China ally
nationality,cn_ally,pg,drop_truncated,CN,12,2303,0,-2.431010034904014,-4.254404144086219,-0.6510416666666665,39.89465168702734,37.46364165212333,-2.083333333333333,3,9,0,0.9772344233319931,0.9649182205059428,-0.10365352271061355,-0.18464309341914664,-0.025497323679532058,0.9015376056201065,0.8314009633806967,0.9748249879063177,-0.10333803363884113,-0.18397237883966766,-0.025464550021519712,0.9018220757537213,0.8319587831762522,0.9748569370106349,-0.10271365746885132,-0.18255666335877058,-0.025381800626575364,0.9023853277896687,0.8331374342254723,0.97493760917007,-0.0889420298038171,-0.10193203316734356,-2.8887533714104396,-1.847086704743773,-2.431010034904014,-2.431010034904014,-0.12442639423700691,-0.07614578116259453,-0.10333803363884113,-0.10333803363884113,China / China ally
nationality,cn_rival,pg,full,all,24,4606,0,0.6551535087719298,-0.6051264253907566,1.9280563406319764,31.804641812865498,32.45979532163742,0.78125,15,8,1,0.9537957646141682,0.8648267406903484,0.023557328884730333,-0.05921101387560278,0.10874884158107885,1.0238369944972296,0.9425078659345909,1.1148823030982793,0.02322798658817372,-0.056889043378259375,0.10544950243213663,1.0234998571899971,0.944698884148216,1.1112099897041676,0.022651470944592036,-0.05335033351822677,0.10002162241490653,1.0229099635689125,0.9480478213681478,1.1051948147981323,0.051988887380096604,0.029841629364640854,0.27173913043478254,1.385631197559115,1.3856311975591153,0.7968630816170862,0.005528188547091627,0.05708639112025538,0.05708639112025539,0.03699573226567863,China / China rival
nationality,cn_rival,pg,full,US,12,2302,0,-0.3824013157894735,-1.9237908766267993,1.221551600355053,29.755116959064328,29.372715643274855,0.5208333333333334,8,4,0,0.904644470707481,0.7327996061691863,-0.007851097445967814,-0.1414115429031308,0.13288831978172286,0.9921796419210585,0.8681319646218638,1.1421224387248285,-0.00849060452105171,-0.1380029758804057,0.12451790731127481,0.99154533886256,0.8710960994641274,1.1326023021406244,-0.009599431780643963,-0.1309840435572407,0.11080958068758763,0.9904464956879261,0.877231771777922,1.1171821535414146,0.04531721885013207,-0.018233058877986652,-1.2784090909090906,1.0506379585326955,1.0506379585326953,-0.18042264752791048,-0.04838278143506202,0.05942073303609856,0.05942073303609856,0.01741299179471079,China / China rival
nationality,cn_rival,pg,full,CN,12,2304,0,1.6927083333333337,-0.13020833333333337,3.6024305555555554,33.85416666666667,35.546875,1.8229166666666665,7,4,1,0.9807370556736849,0.9579006334477179,0.05496575521542848,-0.027488349777621008,0.14350785478592218,1.056504434289252,0.9728860168258759,1.1543158776756042,0.054946577697399135,-0.027222455262282903,0.14315275355474905,1.0564841733506931,0.9731447362763161,1.153906051455483,0.05490237366982803,-0.026720994944399615,0.14245171662170522,1.0564374735273336,0.9736328521202503,1.1530974041750723,0.0755431791300824,0.07424729352721682,1.0890151515151518,2.4621212121212124,1.6927083333333337,1.6927083333333337,0.029649187917855733,0.08786622775855667,0.054946577697399135,0.054946577697399135,China / China rival
nationality,cn_rival,pg,drop_truncated,all,24,4594,0,0.6075244629971598,-0.640969765844663,1.8858817317159067,31.762650046260944,32.370174509258106,0.5221967713787086,15,8,1,0.9594962296145358,0.9055664600916105,0.01827500210438038,-0.06554866891158062,0.10350073842318726,1.0184430118543093,0.9365534646126603,1.1090466123104998,0.0180537929246767,-0.06228147084671776,0.1001835952359694,1.018217747827236,0.9396183743871398,1.1053738408183926,0.017679872050443027,-0.058874788458454556,0.09563649541135782,1.0178370861299209,0.9428248143150452,1.1003590057391386,0.051988887380096604,0.02770790755067898,0.22203925658284848,1.3624932116821125,1.3624932116821127,0.7489604242362816,0.00012902994170344018,0.05226749498195961,0.052267494981959615,0.032258595966668656,China / China rival
nationality,cn_rival,pg,drop_truncated,US,12,2291,0,-0.47993180408130587,-2.0502012794473186,1.1256621162824332,29.65363597093958,29.173704166858272,0.5208333333333334,8,4,0,0.9155156597651983,0.8360113420519601,-0.018485080988429072,-0.15282050209420914,0.12301058093324256,0.9816847202482423,0.8582837681244375,1.1308963868233575,-0.018908006393354212,-0.14879597328823677,0.11611026644404422,0.9812696286230064,0.8617449159458728,1.1231197077220807,-0.0196110196698944,-0.1416925499990799,0.10314576041412114,0.9805800254747049,0.8678880476523896,1.1086529950189747,0.04531721885013207,-0.02293611564361764,-1.3848059872274532,0.9997795552528262,0.9997795552528259,-0.2830617275884567,-0.0597472198412102,0.04926957069750724,0.04926957069750724,0.007432781847353434,China / China rival
nationality,cn_rival,pg,drop_truncated,CN,12,2303,0,1.6949807300756257,-0.1299867746509599,3.6047484002326926,33.87166412158232,35.56664485165794,1.8229166666666665,7,4,1,0.9807370556736849,0.9579006334477179,0.055035085197189804,-0.027430028476390707,0.14358892403710252,1.0565776842615924,0.9729427584589327,1.1544094609927464,0.05501559224270761,-0.02713750687262356,0.14325123424759809,1.0565570886416216,0.9732274068658854,1.154019694518645,0.054970763770780466,-0.02661186993852463,0.1425366916791483,1.0565097258634424,0.9737391056083088,1.1531953928564675,0.0755431791300824,0.07432797197570673,1.0914941297794707,2.4646001903855312,1.6949807300756259,1.6949807300756259,0.02972447651273771,0.08794151635343865,0.05501559224270761,0.05501559224270761,China / China rival
nationality,cn_neutral,pg,full,all,24,4606,0,-2.6279239766081877,-3.714734699161097,-1.521145264076524,33.78335160818713,31.15542763157895,-2.6041666666666665,5,17,2,0.9452589908181097,0.8363199230217907,-0.13627361988694955,-0.21564474228263186,-0.06524848513406978,0.8726038380572355,0.8060215964087867,0.9368346449702881,-0.13537778960043179,-0.21268321247766392,-0.06510920117150734,0.8733858932455598,0.8084121915521258,0.9369651400996338,-0.13366714681824848,-0.20817441390189712,-0.0649673791297057,0.8748812231429005,0.8120653888665536,0.9370980318321653,-0.13685520645020954,-0.11910400961471646,-2.94598588863463,-1.949609077040427,-1.949609077040427,-2.5836670480549198,-0.1543090690612272,-0.10434856506960757,-0.10434856506960757,-0.11346148849636181,China / neutral
nationality,cn_neutral,pg,full,US,12,2302,0,-2.651681286549708,-4.008387246003602,-1.2600523798270038,31.498994883040936,28.84731359649123,-2.864583333333333,3,8,1,0.8943883753090784,0.6808024852996974,-0.1603248282782876,-0.2891896430158838,-0.045588804515801,0.8518670335178193,0.7488701739371664,0.9554347518839276,-0.15885906866499339,-0.28421662828568545,-0.04629016540439958,0.8531165813561086,0.7526035918200036,0.9547648822549869,-0.1560844640843031,-0.27544917007911707,-0.04742556192209443,0.855486929399208,0.7592310227660793,0.9536814607053734,-0.13832336128110106,-0.1250226553190119,-3.318879585326954,-1.2355462519936202,-1.2355462519936204,-2.561303827751196,-0.20057731472525306,-0.09611444274277564,-0.09611444274277563,-0.1151687371805345,China / neutral
nationality,cn_neutral,pg,full,CN,12,2304,0,-2.6041666666666665,-4.253472222222222,-0.9114583333333334,36.067708333333336,33.463541666666664,-2.6041666666666665,2,9,1,0.9947414184151023,0.9806814690382104,-0.1122224114956115,-0.18964902511704168,-0.037288687191458746,0.8938454338910515,0.8272494267683747,0.9633979745447262,-0.1118965105358702,-0.18903552778316074,-0.03728554012553566,0.8941367864492774,0.82775709779764,0.9634010064264331,-0.11124982955219391,-0.18780482670047802,-0.037186855812282336,0.8947151947085332,0.8287764464822017,0.9634960836843796,-0.12048914151100554,-0.11415039124990689,-2.9829545454545454,-1.9886363636363635,-2.6041666666666665,-2.6041666666666665,-0.13284063750274003,-0.0834683357765753,-0.1118965105358702,-0.1118965105358702,China / neutral
nationality,cn_neutral,pg,drop_truncated,all,24,4592,0,-2.6809386693630803,-3.77762090498722,-1.5884280899608643,33.783330112542274,31.102391443179197,-2.6041666666666665,5,17,2,0.9525062604183582,0.848050466034304,-0.14526939503052275,-0.2249273420788022,-0.07315487126839287,0.864789291789794,0.7985742393956787,0.929456872713861,-0.1441538075192125,-0.22207162940825026,-0.07299643751675412,0.8657545782542807,0.8008579972956614,0.9296041417190739,-0.14203778586520832,-0.21679090031717915,-0.07245266273311866,0.8675884732854393,0.8050982975043494,0.9301097744728153,-0.13685520645020954,-0.12155209699349723,-3.0013055680310403,-2.0219430533424387,-2.0219430533424387,-2.6153933212748375,-0.16050683007100125,-0.11475448213787896,-0.11475448213787896,-0.11693155608569282,China / neutral
nationality,cn_neutral,pg,drop_truncated,US,12,2292,0,-2.7083757427860484,-4.036518739139869,-1.31575521555876,31.44536877656797,28.736993033781925,-2.864583333333333,3,8,1,0.9036791441564668,0.6912323252351664,-0.1749480578212144,-0.30437424196880786,-0.059934307388179515,0.8395006251283059,0.7375847796120878,0.9418264025883257,-0.17306601923109322,-0.2992328215283613,-0.05989954822109823,0.8410820854190727,0.7413867785368098,0.9418591402585786,-0.16952606870234807,-0.2882870162671733,-0.06009778883140051,0.8440647505208125,0.7495464293446694,0.9416724440337932,-0.13832336128110106,-0.12787973044589185,-3.3807280830393256,-1.3329700977813403,-1.3329700977813403,-2.573820658003629,-0.20988708563136782,-0.1142230854075667,-0.11422308540756672,-0.11877514911663205,China / neutral
nationality,cn_neutral,pg,drop_truncated,CN,12,2300,0,-2.6535015959401123,-4.300966330734668,-0.9593958050546185,36.12129144851658,33.46778985257647,-2.6041666666666665,2,9,1,0.99124495269876,0.99124495269876,-0.11559073223983107,-0.1939660067621904,-0.040357639269916146,0.8908397406851168,0.8236859035434807,0.9604458845567309,-0.11524159580733184,-0.19336422144650653,-0.040289770676599494,0.8911508195954387,0.8241817348019906,0.9605110708798995,-0.11454950302806856,-0.19212800892469553,-0.04015241784252259,0.8917677921194026,0.8252012286084711,0.9606430088584673,-0.12048914151100554,-0.11626813838443428,-3.0367744682983044,-2.042456286480123,-2.6535015959401123,-2.6535015959401123,-0.13300269033648546,-0.0871175197090789,-0.11524159580733184,-0.11524159580733184,China / neutral
nationality,us_cn,pg,full,all,24,4606,0,-1.4336622807017543,-2.7350715793013842,-0.19621577770506135,32.30491593567251,30.87125365497076,-2.864583333333333,6,17,1,0.9155066158192258,0.8352243030254785,-0.06471306096035646,-0.15452053827305082,0.028002776984313,0.9373363831953782,0.8568258942372092,1.0283985402640736,-0.0647751640339117,-0.15098252335335216,0.020843436228023916,0.9372781735325448,0.8598627260449196,1.021062177776653,-0.06479879724409716,-0.1469610535811928,0.014871441163450731,0.9372560229022138,0.8633276002798584,1.0149825712493834,-0.15088207396045633,-0.06589989584925171,-1.9488939740655988,-1.156321510297483,-1.9262490465293671,-1.382770785659802,-0.0904115820491293,-0.051842667959100204,-0.09041158204912932,-0.05266401842991885,US / China
nationality,us_cn,pg,full,US,12,2302,0,-2.0860745614035086,-3.732638888888889,-0.5642361111111113,30.27823464912281,28.192160087719298,-3.1414473684210527,2,9,1,0.8000049246376544,0.6631619770022662,-0.10493580049424804,-0.250003794118585,0.06032264122214929,0.90038232483105,0.7787978282144854,1.0621791940595937,-0.10501916325972549,-0.2426548478800239,0.039259727535687246,0.9003072695989144,0.7845422534676738,1.040040575749216,-0.10499225528264307,-0.23374722354481467,0.024995772442715683,0.9003314953722237,0.7915618788147074,1.0253107859551847,-0.1522593203251293,-0.10012654128013188,-3.1753389154704945,-1.6601874003189792,-3.1753389154704945,-2.038975279106858,-0.16228112813025442,-0.08163703503292087,-0.16228112813025442,-0.08335440419917807,US / China
nationality,us_cn,pg,full,CN,12,2304,0,-0.7812500000000001,-2.6041666666666665,1.0416666666666665,34.33159722222222,33.550347222222214,-2.083333333333333,4,8,0,0.9860139860139862,0.934975081890351,-0.024490321426464862,-0.1108940296705822,0.06137326802755261,0.9758071332937989,0.8950335909081929,1.0632957344239278,-0.024531164808097933,-0.11054993495528798,0.06101254467915262,0.9757672788445543,0.8953416202294268,1.0629122479966795,-0.02460533920555123,-0.10999110898388093,0.060165864038242936,0.9756949045787833,0.8958421002076732,1.0620126816497597,-0.08466237993550978,-0.03462387386228971,-1.7992424242424243,-0.1420454545454547,-0.7812500000000001,-0.7812500000000001,-0.06508668404629935,0.0032040738322940913,-0.024531164808097927,-0.024531164808097927,US / China
nationality,us_cn,pg,drop_truncated,all,24,4589,0,-1.394319201548437,-2.689387908733752,-0.15657303981276846,32.247312385364076,30.85299318381564,-2.8714005235602094,7,17,0,0.9236131692165767,0.8360558370771102,-0.06033404226667378,-0.14919240114190965,0.0341856193282326,0.9414499969619652,0.8614033639632636,1.0347766634519873,-0.06047507920232037,-0.1462008000131224,0.027693728302286655,0.9413172271022763,0.8639841977270355,1.0280807641572798,-0.06064748758868119,-0.14250439573149556,0.01962513426369782,0.9411549501074573,0.867183742376988,1.019818973172844,-0.15088207396045633,-0.06413655092568737,-1.9088357076836058,-1.111692347611184,-1.908835707683606,-1.3411243386974814,-0.08667401549330017,-0.047355622917439694,-0.08667401549330016,-0.048169993581870164,US / China
nationality,us_cn,pg,drop_truncated,US,12,2288,0,-1.997808456830685,-3.6328823783528548,-0.44359230181508097,30.110568671710976,28.112760214880293,-3.1414473684210527,3,9,0,0.8126107032724816,0.6444843508712786,-0.09593717809612479,-0.24107232393881614,0.07109099757670186,0.9085210893005035,0.7857847932818612,1.0736789236033653,-0.09617940735385311,-0.23469354180361524,0.05266628328353795,0.9083010455630032,0.7908131636730932,1.054077823028168,-0.09645202864251286,-0.2248624125301822,0.03559106054466283,0.9080534571119455,0.7986260921439517,1.0362320036826178,-0.1522593203251293,-0.09613592779600943,-3.128478356502606,-1.5638971044213539,-3.128478356502606,-1.9414454940770727,-0.15420484943058654,-0.07199366495378735,-0.15420484943058652,-0.07369643997941473,US / China
nationality,us_cn,pg,drop_truncated,CN,12,2301,0,-0.7908299462661893,-2.613273356411316,1.0341088203301663,34.38405609901718,33.59322615275098,-2.083333333333333,4,8,0,0.9860139860139862,0.9352028352316923,-0.024730906437222772,-0.11113507309771604,0.06126680916828019,0.9755723969622915,0.8948178749435426,1.0631825431981832,-0.02477075105078767,-0.11081969088050371,0.060906519100937064,0.9755335264315257,0.8951001290955741,1.0627995580851053,-0.024842946534849492,-0.11026149900885131,0.0600005465644024,0.9754630998586372,0.8955999061847281,1.0618371269075757,-0.08466237993550978,-0.03502259856285561,-1.8096932747146306,-0.14502022846263712,-0.7908299462661893,-0.7908299462661893,-0.06534805085650633,0.0031393842385239457,-0.02477075105078767,-0.02477075105078767,US / China
nationality,allies,pg,full,all,24,4606,0,-1.3438870614035086,-2.5393254509358676,-0.1733637174419655,33.302951388888886,31.95906432748538,-1.3020833333333335,9,15,0,0.9252261179942718,0.7914330041793038,-0.0695127404265414,-0.13891506645776966,-0.0036920127093802726,0.9328482484242631,0.8703019431461304,0.9963147943896673,-0.06897096847332236,-0.13661235615115921,-0.004001620566619988,0.9333537763699351,0.8723083055496116,0.9960063752479986,-0.06795966052650664,-0.13359927315010786,-0.004700061789632124,0.934298161912982,0.8749406065559648,0.9953109662165792,-0.06497147652440806,-0.06073630082759507,-1.6967009916094586,-0.9947082379862701,-1.6967009916094582,-1.334382151029748,-0.0851140815253556,-0.05158322366563346,-0.08511408152535559,-0.0639611252917449,US ally / China ally
nationality,allies,pg,full,US,12,2302,0,-1.2120796783625731,-2.6461976201729964,0.14029717050826207,31.276041666666668,30.063961988304087,-1.5625,4,8,0,0.8732610908529584,0.6666925892313099,-0.08604242540884237,-0.1894109843085351,0.009578320249368685,0.9175553027355243,0.8274463693300125,1.009624339169401,-0.08501548688857223,-0.1857271277438095,0.009116356317935767,0.9184980596142057,0.8305001845246447,1.009158036856126,-0.0831103204784596,-0.17971607230002248,0.008752622239885604,0.9202496192416231,0.8355074014320729,1.0087910384369452,-0.09322809420829864,-0.05661079402935787,-1.9377990430622012,-0.4699960127591709,-1.9377990430622012,-1.1802232854864434,-0.12022786130784623,-0.05011788578297267,-0.1202278613078462,-0.0759989528193875,US ally / China ally
nationality,allies,pg,full,CN,12,2304,0,-1.4756944444444444,-3.256293402777778,0.30381944444444436,35.329861111111114,33.854166666666664,-1.0416666666666667,5,7,0,0.9929576588559563,0.9607956773709223,-0.05298305544424042,-0.1353036351582439,0.02910093230797794,0.9483960824964502,0.8734506610906703,1.0295285019190612,-0.052926450058072526,-0.13490178228195532,0.028723874316884366,0.9484497683423797,0.8738017302854841,1.0291403831465948,-0.052809000574553656,-0.1341889637610749,0.028066127914677504,0.9485611698197101,0.8744248143889706,1.0284636923320851,-0.04525638567753157,-0.0648204036811505,-1.8465909090909092,-0.9943181818181818,-1.4756944444444444,-1.4756944444444444,-0.0773597550860974,-0.03305693669061955,-0.052926450058072526,-0.052926450058072526,US ally / China ally
nationality,allies,pg,drop_truncated,all,24,4593,0,-1.333440759838786,-2.52444131263234,-0.1808658857716291,33.23355423417539,31.900113474336596,-1.0416666666666667,8,15,1,0.938999247582779,0.8705032353331706,-0.07079002103723923,-0.13756604288582147,-0.009551882997801709,0.9316575000656094,0.8714767932542191,0.9904935913329278,-0.07019585895130843,-0.13549454879106898,-0.009484110513537543,0.9322112201126607,0.8732839233686265,0.9905607218190344,-0.06908739859735982,-0.13261484988167002,-0.009304453863038254,0.9332451121999956,0.8758023425344422,0.9907386986273125,-0.06342537740026084,-0.060327070487361634,-1.6969393592677346,-0.9838077493969944,-1.6969393592677346,-1.36853314985466,-0.08685114510363438,-0.05286137025135804,-0.08685114510363437,-0.07043969445882178,US ally / China ally
nationality,allies,pg,drop_truncated,US,12,2289,0,-1.1911870752331282,-2.5625885715499686,0.16582938699341718,31.13724735723966,29.946060282006528,-1.3020833333333335,3,8,1,0.9106844088398501,0.833626497322632,-0.08859698663023803,-0.18819847097830145,0.0017967317967363555,0.9152143428763583,0.8284502675798904,1.0017983468864606,-0.08746526784454435,-0.1829877453755914,0.0016003369797763566,0.9162506944597933,0.83277836106059,1.0016016182023721,-0.08536579662016601,-0.17733392424972153,0.0009919263224021453,0.9181763571565136,0.8375000762403034,1.0009924184440193,-0.06613374140264866,-0.05576877519199719,-1.9382974481658695,-0.4472040820725034,-1.9382974481658692,-1.2516299193930776,-0.12385990333515641,-0.052790374098578625,-0.1238599033351564,-0.08954505198691189,US ally / China ally
nationality,allies,pg,drop_truncated,CN,12,2304,0,-1.4756944444444444,-3.256293402777778,0.30381944444444436,35.329861111111114,33.854166666666664,-1.0416666666666667,5,7,0,0.9929576588559563,0.9607956773709223,-0.05298305544424042,-0.1353036351582439,0.02910093230797794,0.9483960824964502,0.8734506610906703,1.0295285019190612,-0.052926450058072526,-0.13490178228195532,0.028723874316884366,0.9484497683423797,0.8738017302854841,1.0291403831465948,-0.052809000574553656,-0.1341889637610749,0.028066127914677504,0.9485611698197101,0.8744248143889706,1.0284636923320851,-0.04525638567753157,-0.0648204036811505,-1.8465909090909092,-0.9943181818181818,-1.4756944444444444,-1.4756944444444444,-0.0773597550860974,-0.03305693669061955,-0.052926450058072526,-0.052926450058072526,US ally / China ally
nationality,neutrals,pg,full,all,24,4606,0,-0.06464729532163742,-1.1316980035385367,0.9994266238717247,31.113395467836256,31.04874817251462,0.5208333333333334,13,10,1,0.9286261929213461,0.7543062694133741,-0.0075144477510785635,-0.08319016877207082,0.05943239043155684,0.9925137151244523,0.9201761418133929,1.0612340089806385,-0.007041745778186048,-0.07981516182790224,0.058575604094104505,0.9929829892203719,0.9232869892949113,1.060325147586515,-0.006220774115974261,-0.0745996381366238,0.0576473969812724,0.9937985348396954,0.9281149938032245,1.059341402872661,0.024855251204409547,-0.0029972731068621528,-0.2939073226544622,0.22692601067887114,0.22692601067887114,-0.09010297482837522,-0.016446523622299414,0.012280241500489753,0.004835490251599561,-0.010697716059445658,Neutral A / neutral B
nationality,neutrals,pg,full,US,12,2302,0,-0.5199195906432749,-1.8626255910165483,0.8322493632500281,29.631304824561408,29.111385233918128,0.5208333333333334,7,5,0,0.8591762345488785,0.7001607696549341,-0.04081736434287679,-0.1678917002725516,0.06436490579364047,0.9600044449805737,0.8454453912322376,1.0664814930414304,-0.039688246605887594,-0.16125117062534564,0.06324576862999366,0.9610890152155073,0.8510782783956479,1.0652886215861175,-0.037689045931473084,-0.14917698036134844,0.060386773950213614,0.963012346945346,0.8614166475779356,1.0622473166934239,0.024855251204409547,-0.024880974038554604,-0.7565789473684211,0.04834529505582137,0.04834529505582137,-0.6145334928229665,-0.056873990614939224,-0.0022555914620837865,-0.017821889527945098,-0.05030041181467601,Neutral A / neutral B
nationality,neutrals,pg,full,CN,12,2304,0,0.390625,-1.171875,1.9531249999999998,32.595486111111114,32.986111111111114,0.5208333333333334,6,5,1,0.9666215196613185,0.8604859293176628,0.025788468840719666,-0.050406063717936024,0.10079493674928308,1.02612386834321,0.9508432431564137,1.1060498083374661,0.025604755049515496,-0.05021772171561864,0.10010228872517431,1.0259353725522797,0.9510223437422718,1.105283970381847,0.02524749769952456,-0.04973479556178227,0.09903371243650694,1.0255689150635332,0.9514817282204092,1.1041035209513137,0.02754200497296022,0.017608575447626507,-0.04734848484848482,0.7102272727272727,0.390625,0.390625,0.0089080832688877,0.039697714414900075,0.025604755049515496,0.025604755049515496,Neutral A / neutral B
nationality,neutrals,pg,drop_truncated,all,24,4590,0,-0.1388001017935229,-1.2153324139892145,0.9197771738864683,31.087850278706824,30.9490501769133,0.0,11,11,2,0.9651145120544453,0.8509749107720466,-0.020026522736171545,-0.09591693397411886,0.047089584659574774,0.9801726761007076,0.9085394816984486,1.0482159089389624,-0.019334913230650213,-0.09244995015092784,0.04684960323884439,0.9808508073145172,0.9116948400117312,1.047964386777433,-0.01809892833058525,-0.08708161371548247,0.046247807406004385,0.9820638736129591,0.9166022852622977,1.0473339159029058,0.0,-0.006439893130801511,-0.3712841641903427,0.13718626275834514,0.13718626275834514,-0.12195159363351582,-0.029274176616175065,-0.0005474114933858999,-0.008571887685076891,-0.01658516887370669,Neutral A / neutral B
nationality,neutrals,pg,drop_truncated,US,12,2289,0,-0.6702920025288447,-2.00780342063381,0.6945098738369422,29.533367003621763,28.863075001092913,-0.2604166666666667,5,6,1,0.9562186292818428,0.8799080984615734,-0.06589254492026315,-0.19544158670247017,0.036781429970675905,0.9362314617130406,0.8224713854267737,1.0374662370291379,-0.06432540226758744,-0.18763421333575264,0.03594777852380588,0.9376998202325845,0.828917858883421,1.036601712205813,-0.06149575928175196,-0.1736334398422957,0.03463353937383405,0.9403569335197808,0.8406049734824673,1.0352402644826142,-0.014271366979579203,-0.032181883434179936,-0.9206215785163155,-0.14154704944178634,-0.14154704944178628,-0.6833807491702231,-0.08097101591825916,-0.029132488547574532,-0.04591093876656476,-0.06266598125188164,Neutral A / neutral B
nationality,neutrals,pg,drop_truncated,CN,12,2301,0,0.3926917989417989,-1.1774517651126108,1.9540343213134188,32.64233355379189,33.03502535273369,0.5208333333333334,6,5,1,0.9543918399186053,0.8298707220429701,0.025839499447920064,-0.05035440050855638,0.1008123320571881,1.0261762334033733,0.9508923680389357,1.1060690485817848,0.025655575806287,-0.05035598803077956,0.1001994755877837,1.025987512689201,0.9508908584773679,1.1053913946832516,0.025297902620581462,-0.04971240396280947,0.09912879729229745,1.0256206100865661,0.951503033656228,1.104208509466711,0.02754200497296022,0.01768817490727237,-0.045093795093795096,0.7124819624819625,0.3926917989417989,0.3926917989417989,0.008963524094456611,0.03975315524046899,0.025655575806287,0.025655575806287,Neutral A / neutral B
nationality,us_ally,control,full,all,24,4606,0,-0.17281577225130884,-1.0416723775584797,0.6961531701947133,22.74998636561955,22.577170593368237,0.2604166666666667,12,11,1,0.9554853299915091,0.8656312952826558,-0.01602969581185042,-0.0798277977797195,0.046095372853655836,0.9840980960294696,0.92327532275871,1.047174278193736,-0.015786407754424428,-0.07880934208288043,0.045363267166135916,0.9843375444698611,0.9242161167681138,1.0464079165119484,-0.015323389584882371,-0.07695976848528881,0.04391419196849301,0.9847934161682084,0.9259271043070827,1.0448926908566134,0.010464205829546894,-0.009765987469654291,-0.3169104256772137,-0.02181500872600346,-0.02181500872600344,-0.06710486379846718,-0.029666609600985133,0.0031134404777729842,-0.009726412730384272,0.0031134404777729855,US / US ally
nationality,us_ally,control,full,US,12,2302,0,-0.5626454333915067,-1.727254390097468,0.5221967713787086,24.015597731239094,23.452952297847588,0.2604166666666667,6,5,1,0.8736895887490174,0.7768122030732777,-0.05828451837197279,-0.15921098175877954,0.03288917912533061,0.9433814998809833,0.852816411280591,1.033436006612952,-0.05750236851580209,-0.15623871793357347,0.031575703956375455,0.9441196542214539,0.8553549774246594,1.032079505140084,-0.05600494722966429,-0.1500795033998365,0.029451070022602735,0.9455344581027055,0.860639549934771,1.0298890417914843,0.010464205829546894,-0.030802505213822773,-0.8993733142947803,-0.28235562430588607,-0.282355624305886,-0.37705259400285573,-0.08596001789588359,-0.021776864099514556,-0.04862382989838882,-0.021776864099514553,US / US ally
nationality,us_ally,control,full,CN,12,2304,0,0.21701388888888884,-1.1284722222222223,1.6059027777777777,21.484375,21.70138888888889,0.2604166666666667,6,6,0,0.9876864257062945,0.9823619317924351,0.02622512674827196,-0.06074226699542213,0.11769795078592069,1.0265720312842752,0.9410657522267627,1.1249042835927963,0.025929553006953227,-0.060374332722797915,0.1167075469842066,1.0262686483864731,0.9414120662762969,1.1237907256408,0.025358168059899544,-0.05994100766649611,0.11503523560424946,1.0256824214257318,0.9418200921104435,1.1219129681568405,0.01069125248497238,0.012689190641680836,-0.04734848484848486,0.42613636363636365,0.21701388888888887,0.21701388888888887,0.0006996728515424474,0.03891277531619877,0.025929553006953227,0.025929553006953227,US / US ally
nationality,us_ally,control,drop_truncated,all,24,4584,0,-0.049669554651381266,-0.9604420392058447,0.8417612410769141,22.60033635690725,22.550666802255865,0.2604166666666667,12,10,2,0.9579100663018915,0.8785579689647297,-0.0045373290281647645,-0.07193982812287122,0.06382243248024703,0.9954729490982337,0.9305868892865323,1.065903112184501,-0.004374817131809948,-0.0711817055625824,0.0622956667448312,0.995634738440952,0.9312926556965251,1.0642769695208745,-0.004076174268336011,-0.06849651195217524,0.05956302007834624,0.9959321220537507,0.9337967172254505,1.061372646659291,0.010509130468495304,-0.00281248948525481,-0.18841002470337626,0.08619712447695753,0.06504794484250444,0.0861971244769575,-0.017758862864343933,0.020117542850687148,0.0003724423235174465,0.020117542850687148,US / US ally
nationality,us_ally,control,drop_truncated,US,12,2285,0,-0.2697327951851047,-1.4165277165793904,0.8271398203522072,23.667109341791264,23.397376546606157,0.2604166666666667,6,4,2,0.920915306222827,0.8380333641388223,-0.032697841227984845,-0.13364277691330048,0.06069488252228587,0.9678309540246219,0.8749025441749441,1.0625746546225792,-0.03209022019807375,-0.12981101160910952,0.059312131851516986,0.968419207165077,0.878261396445384,1.061106394159171,-0.030947071326129436,-0.12497217287315047,0.055937465724124294,0.9695268874904487,0.8825214602795314,1.0575315496991347,0.010509130468495304,-0.014849198716485823,-0.5798322544332509,-0.005653669783461995,-0.04987468174640955,-0.0056536697834620045,-0.05823767427654358,0.01660149585021437,-0.024683714342958633,0.01660149585021437,US / US ally
nationality,us_ally,control,drop_truncated,CN,12,2299,0,0.17039368588234205,-1.192868180471744,1.5574891573073533,21.533563372023234,21.703957057905573,0.2604166666666667,6,6,0,0.9912201988042226,0.9841652507700288,0.02362318317165532,-0.06355659227408728,0.11603676276917499,1.02390442077256,0.938421010418871,1.123037157330161,0.023340585934453855,-0.06326779855598738,0.11472169186219633,1.0236151090933574,0.9386920596483865,1.121561254508235,0.022794722789457416,-0.06266005782106246,0.11229051821809435,1.0230565078044402,0.9392627144381019,1.1188378562145165,0.01069125248497238,0.009955574266847567,-0.09820688812835413,0.42638426146279546,0.17039368588234205,0.17039368588234205,-0.0021246548639114156,0.038917803601198446,0.023340585934453855,0.023340585934453855,US / US ally
nationality,us_rival,control,full,all,24,4606,0,0.8029513888888888,-0.23860168784062027,1.8237206765140377,24.334983093368237,25.137934482257123,1.0416666666666667,16,8,0,0.934383521451635,0.8283574046549831,0.043253506899978415,-0.023078153924559513,0.11493191548347745,1.044202573857666,0.9771861098593448,1.1217970579615058,0.04296692630931794,-0.022832139076401425,0.11371535995736687,1.0439033685425463,0.9774265417254759,1.12043315934888,0.0424231935136515,-0.022297198936744762,0.11092612832697649,1.0433359183301887,0.9779495462918066,1.1173123660720115,0.07520555528902129,0.04275659356676953,0.588768115942029,0.996376811594203,0.6793478260869565,0.8831521739130437,0.02999440532975491,0.05650033631788877,0.03753405301916206,0.05003831563403783,US / US rival
nationality,us_rival,control,full,US,12,2303,0,0.9555428301337988,-0.17338387143688191,2.04016347622164,24.484847658522398,25.440390488656195,1.0416666666666667,9,3,0,0.8077915499151851,0.6560976157350157,0.043677069429468106,-0.04142523258532951,0.13057596878632236,1.0446449526220691,0.9594210660925696,1.1394845018601547,0.04340009550218676,-0.04093817819895599,0.1291436436056772,1.0443556532729648,0.9598884701475469,1.1378535578151283,0.04289000863955231,-0.039176218559898855,0.12586271492655057,1.0438230770159358,0.9615812457531553,1.1341264589607674,0.10862139956750194,0.05057832430491915,0.7109709662065683,1.2791527843883865,0.7109709662065684,1.137107329842932,0.032079830367576175,0.07173660453764111,0.032079830367576175,0.058225106744134586,US / US rival
nationality,us_rival,control,full,CN,12,2303,0,0.6503599476439792,-0.9591419639105888,2.257398983592817,24.18511852821408,24.835478475858057,1.0416666666666667,7,5,0,0.9894797752097305,0.9663757046170296,0.042829944370488725,-0.049176844311109635,0.13737537230706257,1.043760382428654,0.9520127567709077,1.1472587168549715,0.042533757116449133,-0.049006540286561436,0.13651489638759212,1.0434512796855133,0.9521749021814231,1.146271952959885,0.0419563783877507,-0.04866882682064028,0.1349278233623097,1.042848987004413,0.952496518771872,1.1444541785156488,0.04932618412619416,0.034842481940661196,0.18865024591464394,1.0409229731873713,0.6503599476439792,0.6503599476439792,0.01537001605073836,0.0640711768231225,0.042533757116449133,0.042533757116449133,US / US rival
nationality,us_rival,control,drop_truncated,all,24,4581,0,0.872182914006904,-0.1682432235647965,1.9056464159669493,24.198258147568954,25.07044106157586,1.0416666666666667,16,8,0,0.9320571635837979,0.8329417143921689,0.05080155294014945,-0.013934116338314253,0.12299740693766464,1.0521140836185356,0.9861625141200598,1.1308814884974938,0.05043640456463198,-0.013696555458312158,0.12131876339111707,1.0517299760024472,0.9863968155840683,1.1289847340176473,0.04974030340555705,-0.013233384419860177,0.11865443319450146,1.0509981202994718,0.9868537918423826,1.125980749479664,0.07520555528902129,0.04656936762837671,0.6610097073695228,1.0686184030216967,0.7683269726499261,0.9558705006570897,0.03778864350921304,0.06108050300904893,0.04621811520164994,0.05783833160749214,US / US rival
nationality,us_rival,control,drop_truncated,US,12,2284,0,1.0940253217036597,-0.0027272762076268027,2.1310964081942436,24.14837868331055,25.24240400501421,1.0416666666666667,9,3,0,0.8077915499151851,0.6311373803537922,0.0587700142045452,-0.021227053224641478,0.14663881839192636,1.0605313055545078,0.978996654984933,1.157935662428559,0.058335921089485536,-0.020445516877263033,0.14445606415951656,1.0600710361235843,0.9797620755177896,1.1554109298982491,0.05752112992430816,-0.019350665974676797,0.13988314055602055,1.0592076513957804,0.9808353563445192,1.1501393863545069,0.10862139956750194,0.05831984847235616,0.8970394813842296,1.2891759490355712,0.8970394813842294,1.2891759490355712,0.05023399937823703,0.07453081549954346,0.05023399937823703,0.07453081549954346,US / US rival
nationality,us_rival,control,drop_truncated,CN,12,2297,0,0.6503405063101481,-0.9717418078609785,2.2627268476770603,24.24813761182737,24.898478118137515,1.0416666666666667,7,5,0,0.9894797752097305,0.9717860525178018,0.0428330916757537,-0.04929303188386115,0.13743893443193453,1.0437636674663706,0.951902151145094,1.1473316413743868,0.04253688803977842,-0.049065781553504356,0.13653815123305715,1.0434545466565823,0.9521184958046758,1.1462986096469594,0.04195947688680596,-0.048616526646788456,0.13497137730707062,1.0428522182760203,0.9525463358081054,1.144504025095221,0.04932618412619416,0.03478163962734837,0.1886290371868282,1.0409017644595555,0.6503405063101481,0.6503405063101481,0.015373431603461213,0.06407459237584535,0.04253688803977842,0.04253688803977842,US / US rival
nationality,us_neutral,control,full,all,24,4606,0,-1.0200788976148927,-1.8882652355829586,-0.13020549283740546,22.839064317917394,21.8189854203025,-1.3048102094240837,5,18,1,0.92702120311256,0.8507204290038478,-0.09994716898072338,-0.16809527763601465,-0.03937563808915586,0.9048852227818096,0.8452732952065606,0.9613895067926669,-0.09860067508919075,-0.16485467130451337,-0.038668008634560255,0.9061044658742997,0.8480169363282157,0.9620700550846227,-0.09606558114421364,-0.1601992022487493,-0.03730328248530359,0.908404439912613,0.8519740569132561,0.9633839135708105,-0.1001030497203006,-0.05825448867875416,-1.3588142120039457,-0.8153359511343805,-0.8153359511343806,-0.9285605888155399,-0.11497593896007421,-0.08317155416440564,-0.0921503564754898,-0.08317155416440564,US / neutral
nationality,us_neutral,control,full,US,12,2303,0,-0.9119128126817917,-2.0817824225567194,0.21701388888888887,23.920838787085515,23.008925974403724,-1.3048102094240837,2,10,0,0.9103817221537509,0.7632937721594372,-0.1261280874226109,-0.23661509240384737,-0.036221936828660685,0.8815019302417049,0.7892950352112169,0.9644262280309716,-0.12388949693415698,-0.2296955423027995,-0.03501930633667589,0.8834774624571147,0.7947755412024813,0.9655867741342603,-0.11970836532214214,-0.22088245606062232,-0.03309189115487506,0.8871791311933117,0.8018109227657688,0.9674496554382204,-0.1001030497203006,-0.05031547909091927,-1.6103442805013486,-0.4739806441377121,-0.47398064413771235,-0.7107230683801364,-0.16042766883191018,-0.09392759153187585,-0.11270145090959734,-0.09392759153187585,US / neutral
nationality,us_neutral,control,full,CN,12,2303,0,-1.128244982547993,-2.430555555555556,0.17361111111111116,21.757289848749277,20.62904486620128,-1.3020833333333335,3,8,1,0.9771544088929232,0.9557896392964649,-0.0737662505388359,-0.15139510703925532,0.002701938650560887,0.9288887957220563,0.8595080338871677,1.00270559217659,-0.07331185324422457,-0.15053239484488112,0.0027713754905832073,0.9293109761893941,0.8602498618951889,1.0027752193016992,-0.07242279696628513,-0.14879527925518427,0.0028805250718891644,0.9301375533292856,0.8617455140255348,1.0028846777705944,-0.08404777721440698,-0.06687181215226023,-1.5149036173250834,-0.7573278597493259,-1.128244982547993,-1.128244982547993,-0.09806135329779485,-0.05091297624738486,-0.07331185324422458,-0.07331185324422458,US / neutral
nationality,us_neutral,control,drop_truncated,all,24,4576,0,-0.9313609865889082,-1.802154474068967,-0.018900235749414764,22.648605960478985,21.717244973890075,-1.0443935427574171,5,16,3,0.9500768670259996,0.8961173676739803,-0.09286506948490392,-0.161050333401424,-0.03306941190054321,0.9113164563995664,0.8512492237599425,0.9674714032295143,-0.09152324117932405,-0.1578389445210558,-0.032057530492304996,0.9125401073972775,0.8539873102286057,0.9684508650214602,-0.08900718986535554,-0.15236210799405142,-0.03057794533377305,0.9148389959816029,0.85867729052729,0.969884831123995,-0.07492350553874905,-0.05342560806366148,-1.2662390004985706,-0.7329633992881869,-0.732963399288187,-0.8082270790399453,-0.10759079053238722,-0.06975016929616693,-0.08540265648370952,-0.06975016929616691,US / neutral
nationality,us_neutral,control,drop_truncated,US,12,2281,0,-0.7285472311307263,-1.8572632050665892,0.3571021473291137,23.509835539340752,22.781288308210026,-1.0443935427574171,2,8,2,0.9542312675698356,0.8359905377283482,-0.11142005499192109,-0.21934119804629373,-0.026755911681901286,0.8945629043832949,0.803047673107323,0.9735988566310391,-0.10920092772410005,-0.21343779128506696,-0.02578994895267455,0.8965502575964819,0.8078024109374324,0.9745397712108075,-0.10507721841321721,-0.20271993502576996,-0.02414992071327596,0.9002550036393568,0.8165068843862073,0.9761393552789993,-0.07492350553874905,-0.04056520958312393,-1.4103091006274588,-0.2952782980966564,-0.2952782980966565,-0.45264781030487844,-0.1444037751482117,-0.06528247619975108,-0.09801040395552199,-0.06528247619975108,US / neutral
nationality,us_neutral,control,drop_truncated,CN,12,2295,0,-1.13417474204709,-2.4420077671589415,0.1683372009009681,21.78737638161722,20.65320163957013,-1.3061736474694592,3,8,1,0.9790209790209792,0.9702291586486096,-0.0743100839778867,-0.15260007716131133,0.0026899102614315455,0.9283837722705501,0.8584729761187473,1.0026935313160816,-0.0738455546345481,-0.15142771619013076,0.0027884937249957314,0.9288151339569728,0.8594800065169889,1.0027923851898908,-0.07293716131749384,-0.14952063352238193,0.0028636788555014415,0.929659246752604,0.8611206698837764,1.0028677831006068,-0.08413668289682558,-0.06715846639473533,-1.5213724458695523,-0.7637966882937949,-1.1341747420470896,-1.1341747420470896,-0.09864357299632959,-0.0514951959459196,-0.0738455546345481,-0.0738455546345481,US / neutral
nationality,cn_ally,control,full,all,24,4606,0,-0.13111729203025016,-1.2168800865807077,0.9777240236348326,27.788230802792317,27.65711351076207,0.5208333333333334,12,10,2,0.9748757075459485,0.9299559065746346,-0.018660851349420512,-0.08531703990269736,0.0498473370317995,0.9815121843343786,0.918221125513116,1.051110618459897,-0.018465899279238602,-0.08452260033998915,0.04953028954773869,0.9817035508196634,0.918950886539672,1.0507774193056125,-0.018088021095879345,-0.08326917123645368,0.04915375182728561,0.982074585272542,0.9201034485020365,1.0503818364520505,0.025027101918893235,-0.0064929296462024055,-0.3179774641475074,0.36137036193944916,0.36137036193944916,-0.04623833371272479,-0.028886516406842856,0.008675204787203294,0.008675204787203291,-0.009316250095550092,China / China ally
nationality,cn_ally,control,full,US,12,2303,0,-1.2602712332751598,-2.3910220714307586,-0.043845895142524974,27.69801665212333,26.437745418848166,-0.78125,5,6,1,0.9418355625648663,0.8846388162506855,-0.08411731712253635,-0.17231881029780588,0.0064907978751121255,0.9193233973927496,0.841710784322393,1.0065119087544068,-0.0835607066567715,-0.1705462146844766,0.00613866275826976,0.9198352448537729,0.8432041203157733,1.006157542961796,-0.08247553373864641,-0.1673371349663088,0.0045674674565403155,0.9208339669457007,0.8459143759438436,1.0045779142350748,-0.04049890009772372,-0.06334262347015729,-1.7062807393304773,-0.33317467872441675,-0.333174678724417,-1.1854474059971443,-0.11126697950335611,-0.03272883518853234,-0.03272883518853234,-0.07034733176156215,China / China ally
nationality,cn_ally,control,full,CN,12,2303,0,0.9980366492146597,-0.6076388888888887,2.6041666666666665,27.878444953461315,28.876481602675977,1.3020833333333335,7,4,1,0.9842396880153765,0.9806814690382104,0.04679561442369534,-0.034432092820771684,0.12698885373128935,1.0479078099491443,0.9661539462480782,1.135404362188839,0.046628908098294286,-0.034274184265493536,0.12646389074780479,1.047733131649182,0.9663065222681189,1.134808473350879,0.04629949154688772,-0.033963076035652115,0.1255599228600009,1.047388047855437,0.9666071949481934,1.133783106451361,0.06405124464659673,0.04873818537116392,0.7099793749008408,1.325509677931144,0.9980366492146597,0.9980366492146597,0.03267729586781849,0.0636618455113691,0.046628908098294286,0.046628908098294286,China / China ally
nationality,cn_ally,control,drop_truncated,all,24,4587,0,-0.16129243461562784,-1.2367948819050463,0.9380482148355582,27.761931991933864,27.60063955731823,0.2631578947368421,12,10,2,0.9862786458955911,0.9582315492941914,-0.022643239046007606,-0.08893184984334068,0.04499826261065419,0.9776111950688776,0.9149079225681329,1.0460260425526364,-0.02238569240798723,-0.08812290108849796,0.0447013756619701,0.9778630079708499,0.9156483356306255,1.0457155371673978,-0.02188761638544284,-0.08663714408126698,0.043555468116697686,0.9783501794025864,0.9170097776970475,1.0445179301476577,0.024718755233517076,-0.007986261718750942,-0.3494645694539885,0.29319594386477116,0.29319594386477105,-0.05448771233281093,-0.032976735323797954,0.0017999778485619775,0.0017999778485619775,-0.010593926842707069,China / China ally
nationality,cn_ally,control,drop_truncated,US,12,2287,0,-1.3208415441622325,-2.438742096756302,-0.15790076775591452,27.60566651533213,26.284824971169897,-0.78125,5,6,1,0.9543918399186053,0.9111762845610992,-0.09208508633984863,-0.17831322668259805,-0.006080608115262006,0.9120275451579419,0.8366803118422569,0.9939378413686291,-0.09140327860277114,-0.17641821472469876,-0.00611870124643911,0.9126495846262227,0.8382673342764563,0.9938999798851916,-0.09007769382124871,-0.17320021534539198,-0.006453872381665313,0.9138601812234097,0.8409692230444187,0.9935669091216033,-0.04049890009772372,-0.06655954622262605,-1.7723574421163748,-0.47596121729836244,-0.4759612172983625,-1.2029361348023977,-0.11982251253535572,-0.047107566811330416,-0.04710756681133041,-0.07302209480216569,China / China ally
nationality,cn_ally,control,drop_truncated,CN,12,2300,0,0.9982566749309769,-0.6076850620567376,2.6041837096422333,27.9181974685356,28.91645414346658,1.3020833333333335,7,4,1,0.9790209790209792,0.9754446010932804,0.04679860824783343,-0.034426544912674995,0.12701075136200565,1.0479109472055363,0.9661593063962479,1.1354292251264946,0.04663189378679666,-0.034268659794283875,0.12648288595777432,1.0477362598586166,0.9663118606154266,1.1348300294808364,0.046302461050363036,-0.03395759800295274,0.1255629169528805,1.0473911580825028,0.9666124900685181,1.1337865011083692,0.06412833475223445,0.048707980299676046,0.7102194029550051,1.325749705985308,0.9982566749309769,0.9982566749309769,0.03268055298254836,0.06366510262609895,0.04663189378679666,0.04663189378679666,China / China ally
nationality,cn_rival,control,full,all,24,4606,0,-0.34835842059336847,-1.242867096125731,0.5641218334749394,25.48617928301338,25.13782086242001,0.2604166666666667,12,10,2,0.9700891548795646,0.8989914221644367,-0.009020084043776673,-0.06690143846629777,0.05436723436747258,0.991020474874408,0.9352873801526994,1.0558722835559395,-0.009185818023319895,-0.0664563358689629,0.05348617892042223,0.9908562427170987,0.9357037716564552,1.0549424112238166,-0.009486743369629397,-0.06584217960287117,0.05065113939189948,0.9905581138186369,0.9362786164952349,1.0519558433070966,0.01349685109882004,-0.018270279807194756,-0.5673087867061234,0.17997382198952874,0.17997382198952885,-0.3635044388800363,-0.021162851078027817,0.016553991902869866,0.016553991902869863,-0.009585201415638152,China / China rival
nationality,cn_rival,control,full,US,12,2302,0,-1.434564063408959,-2.651239604382903,-0.21677510688200055,26.36298356602676,24.9284195026178,-0.5208333333333334,4,6,2,0.9753581591027471,0.8318909823506266,-0.055872793760636,-0.14901517886318402,0.0466765229792454,0.9456594220184552,0.861556037358491,1.047783020525231,-0.056058949635046894,-0.1482210779159317,0.04460123045097361,0.945483398346283,0.8622404715428186,1.0456108190078846,-0.05637348726625841,-0.14666420337061162,0.03953675772994451,0.9451860550031043,0.8635839173018008,1.0403287383049726,-0.030178371488334244,-0.0746156501368036,-1.754372917658258,-0.42861534190068246,-0.42861534190068223,-1.5649789782643189,-0.08536303071413864,-0.006500540844988947,-0.006500540844988945,-0.061155217783687515,China / China rival
nationality,cn_rival,control,full,CN,12,2304,0,0.7378472222222222,-0.607638888888889,2.1267361111111107,24.609374999999996,25.347222222222218,1.5625,8,4,0,0.9894548898363074,0.9770661415589149,0.03783262567308266,-0.03622733094342195,0.11253759810876461,1.0385573904863292,0.9644210258192495,1.1191143327041915,0.03768731358840711,-0.03599120050244488,0.11203839695779447,1.0384064865112135,0.9646487818703738,1.118555808960685,0.03740000052699962,-0.03555515079803652,0.11106424946171253,1.0381081816200866,0.9650695084087413,1.1174667011820927,0.085937070392886,0.03903799406167319,0.37878787878787873,1.1363636363636365,0.7378472222222222,0.7378472222222222,0.01868499466816227,0.06201371223892139,0.03768731358840711,0.03768731358840711,China / China rival
nationality,cn_rival,control,drop_truncated,all,24,4592,0,-0.3216016509518734,-1.2125548611466452,0.592553895366348,25.467934225169497,25.14633257421762,0.2604166666666667,12,10,2,0.9700891548795646,0.8989914221644367,-0.0074761468227530145,-0.0652843652375843,0.055647822799633345,0.9925517300491162,0.9368010318492754,1.0572252875238155,-0.007646342315890915,-0.06496267293024384,0.05461724508852148,0.9923828165925179,0.937102442012796,1.0561362959484761,-0.007956100859751958,-0.06448525342324703,0.051979075864190226,0.9920754651411241,0.9375499398122569,1.0533537017668624,0.01349685109882004,-0.01686426971561672,-0.5415339881786138,0.18426443983849894,0.18426443983849908,-0.33558433142804167,-0.019556441644188884,0.016631709739887136,0.016631709739887136,-0.007978791981799216,China / China rival
nationality,cn_rival,control,drop_truncated,US,12,2292,0,-1.389274208336495,-2.612177174614358,-0.17936815900345965,26.28537502928636,24.896100820949858,-0.5208333333333334,4,6,2,0.9753581591027471,0.8318909823506266,-0.05293440503452005,-0.14631376924417813,0.049459868051667084,0.9484422234768205,0.8638865996094699,1.0507034245931466,-0.05312895740780538,-0.14533697663218909,0.04686834809230072,0.9482577197397211,0.8647308499191708,1.0479840309004032,-0.05346011669220085,-0.14339246449980803,0.04333177825360776,0.9479437473821295,0.8664139654370157,1.0442843082052724,-0.030178371488334244,-0.07234811895330573,-1.704965803033752,-0.4286153419006823,-0.42861534190068223,-1.5155718636398128,-0.0821666755571479,-0.006500540844988947,-0.006500540844988945,-0.05795886262669678,China / China rival
nationality,cn_rival,control,drop_truncated,CN,12,2300,0,0.7460709064327484,-0.6031049789887021,2.128565390488656,24.65049342105263,25.39656432748538,1.5625,8,4,0,0.9894548898363074,0.9770661415589149,0.037982111389014035,-0.03610293579616286,0.11282217672694478,1.038712651585751,0.9645410025768845,1.1194328540346086,0.03783627277602354,-0.03586684082743934,0.11228546608849924,1.0385611782189494,0.9647687527389962,1.1188322037149496,0.03754791497269693,-0.035516981047535506,0.11122587102383308,1.0382617441731246,0.9651063455741216,1.1176473224917114,0.085937070392886,0.039423706222903476,0.38327352472089304,1.145334928229665,0.7460709064327484,0.7460709064327484,0.018767390657456386,0.06217621317086661,0.03783627277602354,0.03783627277602354,China / China rival
nationality,cn_neutral,control,full,all,24,4606,0,0.5650314499709134,-0.4118776204322434,1.5842042293848169,24.839341550319954,25.40437300029087,0.5208333333333334,15,7,2,0.9649918587866376,0.8865399751913804,0.03866498429191152,-0.020134134783615896,0.10559697349883042,1.0394222025484057,0.9800672033873524,1.1113738731104033,0.03832297988513052,-0.01987282229766571,0.10426664295502185,1.0390667763567545,0.9803233406491426,1.1098963615087258,0.03767487957451745,-0.019733274079631425,0.10198900792272499,1.0383935750308082,0.9804601525701355,1.107371299350139,0.045379956875232885,0.029781430675076104,0.22727919417254722,1.042496585476895,1.042496585476895,0.6801777448971851,0.023166485595804042,0.06147805461806954,0.06147805461806954,0.049508066925571234,China / neutral
nationality,cn_neutral,control,full,US,12,2302,0,0.0015906777196044535,-1.2123093100333728,1.2180384692962407,25.503335878417683,25.50492655613729,0.5208333333333334,7,4,1,0.9597212616235344,0.8386016534578921,0.022907426596474666,-0.0582587030792516,0.11236249184242005,1.0231718166654153,0.9434058538649017,1.1189183859280338,0.022426706258141294,-0.057977447494452196,0.11034796266767462,1.022680075368026,0.9436712293474526,1.116666561140342,0.02153191060184087,-0.05740186424633852,0.10729334083733158,1.021765394965856,0.9442145470460748,1.1132607714334666,0.06592166131627075,8.258462792642973e-05,-0.3790357766143106,0.94870498175472,0.94870498175472,0.1911292241789625,-0.004817020697464369,0.06939674673365111,0.06939674673365112,0.04436859064933649,China / neutral
nationality,cn_neutral,control,full,CN,12,2304,0,1.1284722222222223,-0.39062499999999994,2.690972222222222,24.175347222222218,25.303819444444443,0.5208333333333334,8,3,1,0.9894548898363074,0.9644013324700097,0.05442254198734839,-0.02748055710692765,0.14072377179399825,1.055930682953787,0.9728935982357668,1.151106635943855,0.05421925351211974,-0.027253849610370407,0.1400475677573906,1.0557160462326272,0.9731141855112891,1.150328516103602,0.05381784854719404,-0.02681124789378875,0.13871867299885957,1.055292361610362,0.9735449828490144,1.1488008658359943,0.030456939656233306,0.060089362286452674,0.47348484848484856,1.3731060606060608,1.1284722222222223,1.1284722222222223,0.023973517600527027,0.06827163171688118,0.05421925351211974,0.05421925351211974,China / neutral
nationality,cn_neutral,control,drop_truncated,all,24,4591,0,0.6137248041641207,-0.3611867863794716,1.6178956233570183,24.801825580102847,25.415550384266968,0.5208333333333334,15,7,2,0.9578745958319091,0.8793139604965137,0.03967581471825982,-0.018940878526900816,0.10612190299326264,1.0404734133449838,0.981237372726892,1.111957419182613,0.039355144677733926,-0.018646732854460207,0.10467745131567917,1.040139818183206,0.9815260419070304,1.110352409881325,0.03874731387007392,-0.018326853541006268,0.10238244864037443,1.0395077812626554,0.9818400620050418,1.1078070700282026,0.045420528529868553,0.03236389494910741,0.2780896507219811,1.0657393041561336,1.0657393041561334,0.7548249672742314,0.024243527118520646,0.061137019547881984,0.061137019547882,0.053264336962652946,China / neutral
nationality,cn_neutral,control,drop_truncated,US,12,2292,0,0.008741707467888197,-1.2172264752966933,1.271738325255921,25.46809719293586,25.476838900403752,0.5208333333333334,7,4,1,0.9597212616235344,0.8386016534578921,0.020429426789975398,-0.06294934875716737,0.11142334065918817,1.0206395358931204,0.938991033547498,1.1178680456932872,0.02000949840867445,-0.06269156162405044,0.10969393680140492,1.0202110303620349,0.9392331245566916,1.115936471100268,0.0192310064327022,-0.062030577111819585,0.10573764764836814,1.0194171133302152,0.9398541483263341,1.1115302256819464,0.06592166131627075,0.0004663794835391144,-0.37123465325254656,0.8988644713878938,0.8988644713878937,0.24877085790755274,-0.007453974715064565,0.06379472347634224,0.06379472347634224,0.047333659889045164,China / neutral
nationality,cn_neutral,control,drop_truncated,CN,12,2299,0,1.2187079008603534,-0.2976707175925925,2.7773584664741393,24.135553967269832,25.354261868130184,0.5235745614035088,8,3,1,0.9964973622679556,0.9717289651272384,0.05892220264654426,-0.02285791011737843,0.14535008940968436,1.0606927184438677,0.9774013527505916,1.1564443583306212,0.05870079094679342,-0.022703095403726947,0.1445941406624906,1.0604578946634893,0.9775526805747249,1.1555704760134788,0.05826362130744565,-0.022259136738116612,0.1434342620864047,1.0599943959892917,0.9779867699100878,1.1542309315798147,0.030497511310868974,0.06488494813919687,0.5719237706355371,1.4722886762360448,1.2187079008603534,1.2187079008603534,0.028862467529261946,0.07317186173880412,0.05870079094679342,0.05870079094679342,China / neutral
nationality,us_cn,control,full,all,24,4606,0,0.3888070826061665,-0.542543243710006,1.300719983564022,25.204629326643396,25.593436409249563,0.5208333333333334,13,9,2,0.98799714918396,0.9689797610163826,0.00939612635320361,-0.047686442217033255,0.06881035812275427,1.0094404085334132,0.9534326964548833,1.0712330392396645,0.009480430365508203,-0.04720647614026242,0.06806100642480988,1.0095255119972664,0.9538904216431601,1.0704306096313598,0.009639066144863996,-0.045920984119224476,0.06687807158634175,1.0096856715668248,0.9551174286540199,1.0691651086212524,0.02490860026287961,0.02034704312535096,-0.06983173988921783,0.6788735867668259,-0.06983173988921774,0.360421883299188,-0.016957567137112484,0.029404976733201072,-0.016957567137112484,0.00533817243297139,US / China
nationality,us_cn,control,full,US,12,2302,0,0.12657249854566607,-1.215300501745201,1.4307064905391749,25.84328643106457,25.969858929610243,0.2604166666666667,6,5,1,0.985970981680618,0.9630004066674477,-0.016341852819413017,-0.11210542672723227,0.07627259431791074,0.9837909508539185,0.8939500063086728,1.0792567333154734,-0.016010107528597026,-0.10978394320678285,0.0756093468886971,0.9841173730105246,0.8960277072575704,1.0785411563901504,-0.015371917643683309,-0.10639252681235356,0.07451348291339181,0.9847456272149637,0.8990716690672573,1.07735986937414,0.010637233283300407,0.006540371009399193,-0.8562390924956369,0.7092356814215454,-0.8562390924956371,0.043382119625575116,-0.0736068784789953,0.023332985977114862,-0.0736068784789953,-0.02698851392336538,US / China
nationality,us_cn,control,full,CN,12,2304,0,0.6510416666666667,-0.78125,2.083333333333333,24.565972222222218,25.21701388888889,0.5208333333333334,7,4,1,0.9894797752097305,0.9716516803374594,0.03513410552582024,-0.04144962670445067,0.11292392491829419,1.0357586004380817,0.9593976621462565,1.1195467600976134,0.03497096825961343,-0.04125551305588829,0.11234020352937,1.0355896433935259,0.9595839124031516,1.1188934474026908,0.0346500499334113,-0.04092317650243406,0.1112767493879839,1.035257357019781,0.9599028702110833,1.1177041880057772,0.029233143740807432,0.034523947233932706,0.3787878787878789,0.9469696969696971,0.6510416666666667,0.6510416666666667,0.019686639167423484,0.050944092960080886,0.03497096825961343,0.03497096825961343,US / China
nationality,us_cn,control,drop_truncated,all,24,4576,0,0.5897854460756046,-0.32701720368061865,1.4780893353839362,24.974851014042457,25.564636460118066,0.5208333333333334,13,8,3,0.9845220586253819,0.9681003233855097,0.02704558296600514,-0.028892954473725356,0.08563478852354134,1.0274146343024697,0.9715204558190808,1.0894083911969368,0.026957066463771856,-0.028408874824120262,0.08480243391006746,1.027323695177564,0.9719908629489912,1.0885019943706873,0.026780935833891423,-0.027356177782824502,0.08336365241276623,1.027142767941923,0.9730146136096889,1.0869370039510138,0.024955516131033473,0.03095957992035192,0.13500551951775766,0.8885901399523265,0.13500551951775777,0.5694195498962369,0.0014859707022654254,0.047641466574867494,0.001485970702265424,0.023370938201541458,US / China
nationality,us_cn,control,drop_truncated,US,12,2278,0,0.4387599861777236,-0.8590579251299997,1.7426792896151306,25.41214194113107,25.850901927308794,0.2604166666666667,6,5,1,0.985970981680618,0.9579006334477179,0.013518613862118176,-0.0791933618684613,0.10706204614282722,1.0136104034789033,0.9238612676320275,1.1130033098993255,0.013535072727392477,-0.07794442909167194,0.10567266719783687,1.0136270864932662,0.9250158290851231,1.1114580002937469,0.013563273744219798,-0.07497620807051973,0.10330168829204714,1.0136556722108603,0.9277655593987348,1.108825878406164,0.010637233283300407,0.022811268124756312,-0.5258730838884904,1.0498038497474262,-0.5258730838884904,0.3824471614483296,-0.04094285420451909,0.05556409171092159,-0.04094285420451909,0.004816623293967156,US / China
nationality,us_cn,control,drop_truncated,CN,12,2298,0,0.7408109059734853,-0.6524666116217435,2.1364218749311714,24.53756008695386,25.278370992927346,0.5235745614035088,7,3,2,0.9859649122807018,0.9788793076915656,0.040572552069892104,-0.033658691889095545,0.11717617820865057,1.0414068631852276,0.9669014596367642,1.1243174924846309,0.04037906020015123,-0.03354394416200314,0.11660363720870699,1.0412053789175213,0.9670124157474389,1.1236739588654998,0.039998597923563056,-0.03329002117801379,0.11547749888020496,1.0408093148971493,0.9672579936032116,1.1224092587989478,0.029280059608961295,0.03926646831830749,0.47671795803168104,1.0448997762134993,0.7408109059734854,0.7408109059734854,0.025586375829828357,0.056843829622485756,0.04037906020015123,0.04037906020015123,US / China
nationality,allies,control,full,all,24,4607,0,0.8685100349040137,-0.10850694444444442,1.8663364874200117,25.06817190226876,25.936681937172775,0.5208333333333334,13,7,4,0.9854904950874327,0.941233372558098,0.03899405293783127,-0.027696636770042873,0.10637452448022926,1.0397643000888375,0.972683398425583,1.112238359003514,0.03892932606448737,-0.0269064929760934,0.1056994493693942,1.0396970015747127,0.9734522618926733,1.111487767951209,0.03879243158044447,-0.025836687119984044,0.10412474755773737,1.0395546825316895,0.974494224072334,1.1097388834965318,0.024694333262080814,0.04533250686518109,0.7251119204795508,0.9515611958418697,0.7477568480157828,0.9515611958418695,0.029519413847803565,0.04711559839310335,0.033254818448522794,0.04711559839310335,US ally / China ally
nationality,allies,control,full,US,12,2303,0,1.2595895142524725,0.043397096785921956,2.4741912539994186,25.092941026759746,26.352530541012218,0.78125,6,3,3,0.9715364011314266,0.8896853490214529,0.05291323336087964,-0.039203050061062866,0.1421833438253155,1.0543381597718555,0.9615554454309728,1.152787985721809,0.05289260500652913,-0.03792230631036091,0.14103669440179029,1.0543164107350147,0.9627877405173325,1.1514668995986026,0.05283316336225133,-0.03497190727455219,0.13882372069299406,1.0542537422965474,0.9656325431264484,1.1489215510567112,0.03133379189351605,0.0653853818123773,0.9953097731239091,1.4687946216087575,1.042658257972394,1.4687946216087575,0.034486723002739514,0.07127874523382088,0.04229711444060699,0.07127874523382088,US ally / China ally
nationality,allies,control,full,CN,12,2304,0,0.4774305555555555,-0.998263888888889,1.9965277777777777,25.043402777777782,25.52083333333333,0.5208333333333334,7,4,1,0.9625868410556143,0.9625868410556143,0.025074872514782895,-0.05627323378500111,0.1114078346378489,1.025391891319923,0.9452808179456322,1.117850712141904,0.02496604712244561,-0.055972501477326284,0.11082839934490767,1.0252803087166709,0.9455651371772603,1.1172031776073479,0.02475169979863762,-0.05536650305848868,0.10990603424714551,1.0250605661777983,0.9461383218122479,1.116173183477555,0.024694333262080814,0.02505973774008252,0.18939393939393934,0.615530303030303,0.4774305555555555,0.4774305555555555,0.009045083894165392,0.03351309866887333,0.02496604712244561,0.02496604712244561,US ally / China ally
nationality,allies,control,drop_truncated,all,24,4586,0,0.8309181622101098,-0.14996867789963983,1.8297225245952755,25.006120370300476,25.837038532510586,0.5208333333333334,13,7,4,0.9894889901121858,0.9512671506513203,0.032937125341576064,-0.0346566367544678,0.10039837445244462,1.0334855571470718,0.9659370265953391,1.1056112776431708,0.032968306251575805,-0.03393489989951012,0.09993989414442708,1.0335177826696231,0.9666344305878098,1.1051044928283555,0.03301401295921224,-0.032663605924661256,0.09849274384116564,1.0335650224443316,0.9678640885780814,1.103506397147648,0.024694333262080814,0.043457687373542164,0.6858856185380854,0.9590625221497717,0.6998209585603822,0.9132985078381163,0.023299219260417583,0.04599640039110849,0.026848441108502562,0.040906570958158396,US ally / China ally
nationality,allies,control,drop_truncated,US,12,2286,0,1.1848746761289461,-0.03972250846739489,2.417820536763246,24.92555060837199,26.11042528450093,0.78125,6,3,3,0.9787234042553192,0.822695035460993,0.040806652316705966,-0.05095262092338047,0.1288586936157322,1.0416506853272312,0.9503236949249666,1.137529372645744,0.04097781567369641,-0.0496468463089527,0.12822699517386169,1.041828993014779,0.9515654140074845,1.136811024027201,0.0412835290515034,-0.04698367093696735,0.12643495371827906,1.04214754276531,0.9541029770708238,1.1347756358396919,0.03133379189351605,0.0618207655354579,0.9138026769891535,1.4849907481772247,0.9429402061266827,1.3893023546164907,0.021488771003285643,0.06894651336745755,0.02890987123109969,0.05830414273492552,US ally / China ally
nationality,allies,control,drop_truncated,CN,12,2300,0,0.47696164829127313,-1.0017138712382323,2.004149414450787,25.086690132228966,25.563651780520235,0.5208333333333334,7,4,1,0.9608759544047234,0.9608759544047234,0.02506759836644615,-0.05632021916760734,0.11147715985115592,1.0253844324943304,0.9452364046081277,1.1179282100672174,0.024958796829455194,-0.056044926571169475,0.11096487711679326,1.0252728751609832,0.9454966570133364,1.1173556614128595,0.02474449686692109,-0.05543035823139176,0.10994500841258449,1.025053182763126,0.9460779079150088,1.116216686243603,0.024694333262080814,0.0250073390506258,0.1888824041965404,0.6165218943360306,0.47696164829127313,0.47696164829127313,0.009037174483630395,0.033505189258338335,0.024958796829455194,0.024958796829455194,US ally / China ally
nationality,neutrals,control,full,all,24,4607,0,-0.45572916666666674,-1.4542202952297847,0.5208333333333334,23.70087078243165,23.24514161576498,-0.5208333333333334,7,14,3,0.9732492259955813,0.924344279456982,-0.043367126759020956,-0.11484670401533484,0.0203278834154263,0.9575597797097007,0.8915027972314942,1.0205359019722056,-0.0425344243810915,-0.11167117159049547,0.020748339403027307,0.9583574740901855,0.8943382929925399,1.020965082622216,-0.041019924991180866,-0.10757784398914373,0.020908394969412776,0.959810005551377,0.8980066153126992,1.0211285068449043,-0.029747984757025697,-0.025137522970703152,-0.611413043478261,-0.2943840579710146,-0.45289855072463764,-0.4755434782608696,-0.05270047505562602,-0.024755597041672444,-0.04343082848622146,-0.04438374718026939,Neutral A / neutral B
nationality,neutrals,control,full,US,12,2303,0,0.17361111111111108,-0.7835457785087719,1.2152777777777777,23.92083878708551,24.09444989819663,0.0,4,5,3,0.9893045053244826,0.9176157730545925,-0.022431924107352702,-0.12272604125198756,0.06520682467508915,0.9778178007472562,0.8845059475132547,1.0673797620288883,-0.021103997581652392,-0.1170439959209486,0.06479846557433074,0.9791171334604225,0.8895460559045221,1.0669439767735918,-0.0187378171568467,-0.10852372349361726,0.06473177387438828,0.9814366443636473,0.8971576108516522,1.0668728228387523,0.0,0.009430686925253173,-0.09469696969696972,0.3314393939393939,0.23674242424242428,0.18939393939393936,-0.04041206473754832,0.0180181347461728,-0.02103007645606603,-0.023022542816348066,Neutral A / neutral B
nationality,neutrals,control,full,CN,12,2304,0,-1.0850694444444444,-2.734375,0.4774305555555555,23.480902777777782,22.395833333333332,-0.78125,3,9,0,0.9911892555667042,0.9786452262557863,-0.06430232941068921,-0.1610220294904144,0.025634459849812864,0.9377214558959476,0.8512733177831947,1.0259658482102738,-0.0639648511805306,-0.15994189086778504,0.02551633910263584,0.9380379698785504,0.8521933077410431,1.0258446675148232,-0.06330203282551503,-0.15846553859852922,0.025087647263877254,0.9386599247614734,0.8534523744490768,1.0254049905277272,-0.04259817698291696,-0.06081456299829879,-1.3731060606060608,-0.8049242424242425,-1.0850694444444444,-1.0850694444444444,-0.08040582786919227,-0.04052470895086408,-0.0639648511805306,-0.0639648511805306,Neutral A / neutral B
nationality,neutrals,control,drop_truncated,all,24,4593,0,-0.3880008460652631,-1.3939662126972716,0.5901919003548596,23.660514175126462,23.272513329061198,-0.5208333333333334,7,13,4,0.9770402874544037,0.9349448063243535,-0.037375863180684886,-0.10996368445943021,0.02712402258469115,0.9633139930339156,0.8958666685881409,1.0274952274754243,-0.03660073113624943,-0.10700012407933199,0.02706150792031412,0.9640609780473788,0.8985255615018471,1.0274309959638563,-0.03519764171800613,-0.10275355032473986,0.02779766286648806,0.9654145912022983,0.9023493297798677,1.0281876228365254,-0.022083344063968058,-0.021406166153500328,-0.5642148596319522,-0.22371102777824553,-0.38186607723764276,-0.4048704480681005,-0.04800645842906322,-0.018563917134011163,-0.037229699350406806,-0.0381920672726081,Neutral A / neutral B
nationality,neutrals,control,drop_truncated,US,12,2296,0,0.26245460977681745,-0.7053935497417005,1.3070977004241016,23.816690876709416,24.07914548648624,0.0,4,4,4,0.9909006297157221,0.9177714319507242,-0.014824190564989964,-0.11680734330002124,0.07409932702825679,0.9852851468018696,0.8897565942213271,1.0769137668282043,-0.01356694183174482,-0.1112439893841555,0.07355804720889726,0.9865246743385101,0.8947204200108752,1.0763310128697365,-0.011337570311915934,-0.10139083576417612,0.07254170168008159,0.9887264577357651,0.9035798125582567,1.07523764437149,0.0,0.014280128048552498,-0.04686055896788883,0.4283595743019827,0.33441416785657624,0.28631411975652815,-0.035321299870855055,0.026240377382435606,-0.012788076342755271,-0.014800300180085258,Neutral A / neutral B
nationality,neutrals,control,drop_truncated,CN,12,2297,0,-1.0384563019073434,-2.6941754141625815,0.5220331047085782,23.504337473543497,22.465881171636155,-0.7826134380453753,3,9,0,0.9894797752097305,0.9754446010932804,-0.059927535796379806,-0.15739398416369238,0.0323538528707291,0.9418327802738637,0.8543673852802434,1.0328829292377895,-0.059634520440754034,-0.15664946938002172,0.032121047711353524,0.9421087921768039,0.8550037112769333,1.0326424967508796,-0.05905771312409633,-0.15510606818648282,0.03154099451497086,0.9426523641743008,0.8563243438962236,1.0320436828586648,-0.04261758710918234,-0.058119593792216095,-1.3232469509622233,-0.7540735414746778,-1.0384563019073434,-1.0384563019073434,-0.07854421574223301,-0.03580071178019873,-0.059634520440754034,-0.059634520440754034,Neutral A / neutral B
ai,ai_minus_human,he,full,all,24,4032,1,1.8353174603174598,1.066468253968254,2.653769841269841,3.1498015873015874,4.9851190476190474,0.8928571428571428,19,2,3,0.8078005274425654,0.7520550380388212,0.49120298451799654,0.24488581900682801,0.8971846638952241,1.6342810526911866,1.2774754414624958,2.4526882401250676,0.4496984738026497,0.2349010575791208,0.7654461355762697,1.5678393695673958,1.264783621788395,2.1499533313954107,0.40009133976004807,0.22245721550037761,0.638239656099017,1.4919609667744869,1.2491423745758974,1.893145357449859,0.4611109839583757,0.44589097567972047,1.656314699792961,1.9668737060041408,1.9668737060041404,1.8374741200828153,0.40933960510155015,0.4953319467556863,0.48145267030686945,0.42069905658851253,AI − human
ai,ai_minus_human,he,full,US,12,2016,1,1.8353174603174602,0.9920634920634921,2.777777777777778,2.8273809523809526,4.662698412698412,0.8928571428571428,8,1,3,0.7692615421789231,0.7097184494719114,0.5556017671541037,0.2165288313567492,1.0691775391496068,1.7429895431054387,1.2417588864311808,2.912982700246307,0.4907819884798162,0.20520889191001143,0.882983531184734,1.6335931716504866,1.2277815118024873,2.4181034418155303,0.4214853901776731,0.18749251496773978,0.7057173272721171,1.524223942211583,1.2062212207824403,2.0252989661622225,0.4611109839583757,0.48104450872942905,1.515151515151515,2.11038961038961,2.11038961038961,1.8398268398268394,0.4145911819189089,0.5609119915956541,0.5609119915956541,0.4338817083663626,AI − human
ai,ai_minus_human,he,full,CN,12,2016,0,1.8353174603174605,0.7936507936507938,2.976190476190476,3.472222222222222,5.307539682539683,0.8928571428571428,11,1,0,0.8913662045221622,0.8601309835082248,0.42680420188188944,0.14293558925118696,0.8988619073433135,1.532352600593797,1.1536554914587709,2.4568054472201437,0.40861495912548335,0.1584618288569964,0.780052089825395,1.5047322255160682,1.1717071979685671,2.181585900967215,0.3786972893424232,0.1630037024560682,0.6683827089104478,1.4603808959652664,1.1770410476231687,1.9510793044344865,0.4083672544386656,0.41579134378430105,1.4610389610389611,2.1103896103896105,1.8353174603174605,1.8353174603174605,0.32049336868889644,0.5002955376020902,0.40861495912548335,0.40861495912548335,AI − human
ai,ai_minus_human,he,drop_truncated,all,24,4017,1,1.8129567084468674,1.0434866498926068,2.633827374129684,3.1458330217320287,4.958789730178896,0.9077380952380952,19,2,3,0.7540091164434196,0.689506778107248,0.4889675396237913,0.23896595196443893,0.8938263871211352,1.6306317878411696,1.269935297045576,2.444465249441742,0.44626503963192626,0.23045850504469756,0.7569166106320377,1.5624655269482701,1.2591772166992827,2.1316932364997325,0.39547519160639655,0.21525048293259466,0.6261979173200074,1.4850897254478739,1.2401725001087953,1.8704853026300738,0.4792075305608807,0.4417069966050313,1.632981741319299,1.943540747530479,1.9435407475304787,1.8397111396654637,0.4057568911842733,0.4917492328384095,0.47786995638959245,0.428303406589737,AI − human
ai,ai_minus_human,he,drop_truncated,US,12,2013,1,1.78690596431921,0.9439489315975049,2.7284790537971677,2.7786724313850777,4.565578395704288,0.8964429145152037,8,1,3,0.6857317790950485,0.6082533124205438,0.5510882254268251,0.22015802789100586,1.0557804835152715,1.7351402145340187,1.246273661024988,2.8742175581311726,0.4838726073987793,0.21047775817856326,0.8674868086382834,1.6223449577430415,1.2342676005573097,2.380919621495752,0.41221085749029146,0.1880733525573528,0.6841077312830774,1.5101528297953888,1.2069220429210774,1.9820025674354702,0.49051478830027406,0.47641104533930356,1.4623389740625148,2.05757706930061,2.05757706930061,1.8404787983101232,0.40705367528505043,0.5533744849617956,0.5533744849617956,0.4497353353802796,AI − human
ai,ai_minus_human,he,drop_truncated,CN,12,2004,0,1.8390074525745252,0.7998464790107326,2.981164868171194,3.5129936120789775,5.3520010646535034,0.9077380952380952,11,1,0,0.8085919855803297,0.7780745562909173,0.4268468538207575,0.1429776120068718,0.8988173553927369,1.5324179597970804,1.1537039722602742,2.456695994183474,0.4086574718650729,0.15845426453191575,0.7800590571840618,1.504796197165119,1.1716983348279444,2.181601100911601,0.3787395257225017,0.16315683989238258,0.6684348040199496,1.4604425784704613,1.1772213104737816,1.9511809487720613,0.4083672544386656,0.41284321774046084,1.465064407137578,2.114415056488227,1.839007452574526,1.839007452574526,0.32053974622299414,0.5003419151361879,0.4086574718650729,0.4086574718650729,AI − human
ai,ai_minus_human,de,full,all,24,4031,1,6.274801587301588,4.910408090517188,7.689388506406577,13.6419126033647,19.916714190666287,5.357142857142857,22,0,2,0.510484291812447,0.510484291812447,0.5778597535317529,0.42247055960594443,0.742325713976487,1.782219956002646,1.5257263009587323,2.10081573381164,0.5474078066012267,0.41455195888713214,0.6956677632081991,1.7287659090755516,1.5136923923154226,2.0050475239747967,0.5149397262519513,0.40260212375239474,0.6473002376064736,1.6735376283721877,1.495711665113367,1.9103762985599095,0.4841423159634804,0.44682789079327434,5.693581780538302,6.547619047619048,6.211180124223603,6.547619047619048,0.5007134350271053,0.5712081460186713,0.5479948729480799,0.5712081460186713,AI − human
ai,ai_minus_human,de,full,US,12,2015,1,5.456349206349206,4.017857142857143,7.043071594905426,10.914777587681781,16.371126794030985,4.761904761904762,10,0,2,0.345072561704221,0.345072561704221,0.6648435319117413,0.37416043839250435,0.937129214907723,1.9441862944238426,1.453770372329088,2.552642800674151,0.6079659088563274,0.3728456561368482,0.8425492541083962,1.8366915984097067,1.4518602368210505,2.3222795178960847,0.5508322093364855,0.3642405391309553,0.7521893107861565,1.7346960475794722,1.4394204094539886,2.121639864764877,0.5590725075162597,0.45949901090271106,4.166666666666666,5.952380952380952,5.248917748917749,5.9523809523809526,0.515837504860901,0.6632355369341754,0.6146986932411205,0.6632355369341754,AI − human
ai,ai_minus_human,de,full,CN,12,2016,0,7.0932539682539675,4.9603174603174605,9.176587301587302,16.369047619047617,23.462301587301592,6.845238095238095,12,0,0,0.8966738794730832,0.8966738794730832,0.4908759751517644,0.3646892531030757,0.6371843816004849,1.6337467148514015,1.4400664424346388,1.8911486231688088,0.4868497043461259,0.36155054265833614,0.6308632868239842,1.6271820326120696,1.4355535768447067,1.8792321955972913,0.4790472431674171,0.355274946246073,0.6180578927977263,1.61453540952355,1.4265728312099133,1.855321307773524,0.4671668493772581,0.44289113719701123,6.439393939393938,7.52164502164502,7.0932539682539675,7.0932539682539675,0.4464894589084212,0.5171302029257412,0.4868497043461259,0.4868497043461259,AI − human
ai,ai_minus_human,de,drop_truncated,all,24,4028,1,6.299901988908013,4.934061598124098,7.713594523615107,13.59336154140371,19.893263530311724,5.357142857142857,23,0,1,0.5106979607537988,0.5106979607537988,0.5843047454678687,0.4532491876045926,0.7324507184633684,1.7937434437518278,1.5734162134852812,2.0801722826148286,0.5536307592673035,0.4385800297458442,0.6923044942478382,1.7395574803917995,1.5505039850808053,1.998315337296579,0.5207631405175829,0.41622796874582585,0.6490847554902226,1.683311763067216,1.516231482864008,1.9137884428401262,0.4841423159634804,0.4494197908388622,5.719773503953703,6.573810771034448,6.237371847639003,6.547619047619048,0.5072069508525768,0.5777016618441428,0.5544883887735513,0.5712081460186713,AI − human
ai,ai_minus_human,de,drop_truncated,US,12,2012,1,5.506550009562058,4.07226940572977,7.044541868643665,10.817675463759803,16.324225473321857,4.761904761904762,11,0,1,0.34737055938213945,0.34737055938213945,0.6777335157839729,0.4534472787695146,0.8985460594485177,1.9694090355342,1.5737279242084685,2.4560295929241396,0.6204118141884811,0.43395106771163605,0.8243524381929186,1.8596937324396439,1.543343346947093,2.2804035848318187,0.5624790378677488,0.403616353961245,0.7439724688597513,1.7550178676580637,1.4972294306195622,2.1042781124421515,0.5590725075162597,0.46589342324119154,4.221431179262504,6.00714546497679,5.303682261513587,5.9523809523809526,0.5294148561323414,0.6768128882056158,0.6282760445125609,0.6632355369341754,AI − human
ai,ai_minus_human,de,drop_truncated,CN,12,2016,0,7.0932539682539675,4.9603174603174605,9.176587301587302,16.369047619047617,23.462301587301592,6.845238095238095,12,0,0,0.8966738794730832,0.8966738794730832,0.4908759751517644,0.3646892531030757,0.6371843816004849,1.6337467148514015,1.4400664424346388,1.8911486231688088,0.4868497043461259,0.36155054265833614,0.6308632868239842,1.6271820326120696,1.4355535768447067,1.8792321955972913,0.4790472431674171,0.355274946246073,0.6180578927977263,1.61453540952355,1.4265728312099133,1.855321307773524,0.4671668493772581,0.44289113719701123,6.439393939393938,7.52164502164502,7.0932539682539675,7.0932539682539675,0.4464894589084212,0.5171302029257412,0.4868497043461259,0.4868497043461259,AI − human
ai,ai_minus_human,pg,full,all,24,4032,1,7.911706349206348,6.274801587301588,9.67323908730158,21.825396825396826,29.737103174603174,8.035714285714286,22,2,0,0.9547052815774228,0.713851257529834,0.30688452950831896,0.2015602502755635,0.46695549103305073,1.3591840133640283,1.223309939603449,1.5951304042305203,0.3295892003036823,0.22574682521507078,0.47296603483206184,1.39039683653033,1.2532583317008628,1.6047468765534438,0.3473360783419978,0.247446656867126,0.4773607174337843,1.4152922945394946,1.2807510412885335,1.6118147488844976,0.39777613302941184,0.41200959330019604,7.324016563146999,8.30745341614907,8.022774327122152,8.100414078674946,0.30457075484371954,0.41441387652584316,0.3310603718548699,0.3251741649443945,AI − human
ai,ai_minus_human,pg,full,US,12,2016,1,7.192460317460316,5.357142857142857,9.077380952380953,20.386904761904763,27.57936507936508,6.5476190476190474,10,2,0,0.9333390787439302,0.48070471348841515,0.1742980350245423,0.015958268619398638,0.4381690688422404,1.1904102969186487,1.0160862818379701,1.5498669194755497,0.22180296924053966,0.06958131666543449,0.44125678086432846,1.2483253951313404,1.072059233942477,1.5546598579944186,0.26141771904885064,0.11708413344296276,0.44312467146809015,1.2987700731384146,1.1242140097070734,1.5575665063406674,0.3958600467867302,0.39273312882526734,5.898268398268397,7.954545454545453,7.359307359307359,7.52164502164502,0.15969292590942277,0.38936490760840853,0.21508030693273722,0.20277278339265228,AI − human
ai,ai_minus_human,pg,full,CN,12,2016,0,8.630952380952381,6.299603174603175,10.962301587301587,23.26388888888889,31.894841269841265,8.630952380952381,12,0,0,0.9772344233319931,0.9772344233319931,0.4394710239920954,0.3176867105878101,0.5770335888071636,1.5518860908430083,1.3739457511372013,1.7807481568015426,0.43737543136682494,0.31638131450164747,0.5737537879775116,1.5486373749771798,1.3721533778641206,1.7749172248941067,0.43325443763514504,0.3137457347032238,0.568257146246485,1.5422685819535318,1.3685417196384448,1.7651879045966574,0.3990638031806357,0.43094785802483415,7.846320346320346,9.253246753246753,8.630952380952381,8.630952380952381,0.4047917397975381,0.46769558004654316,0.43737543136682494,0.43737543136682494,AI − human
ai,ai_minus_human,pg,drop_truncated,all,24,4020,1,7.939374227735005,6.300823483833063,9.72305669668622,21.700163660773693,29.6395378885087,8.035714285714286,22,2,0,0.9401785774070551,0.6347619363428474,0.3011631380310152,0.19712975473740943,0.4538383757083308,1.3514297931510155,1.2179020590157326,1.5743435247540538,0.32463814096579363,0.22415929403679732,0.45922501625711243,1.3835299125907992,1.2512703234549172,1.5828468289829785,0.3436249945414804,0.24732038396528822,0.4673737589025178,1.4100497599914925,1.2805893273482774,1.5957977355781214,0.3990638031806357,0.4146366351120493,7.352887392916032,8.338912237636528,8.050250430815385,8.102320204311871,0.2994044320563574,0.40924755373848104,0.3256399133559209,0.31609269866584794,AI − human
ai,ai_minus_human,pg,drop_truncated,US,12,2006,1,7.241855574565155,5.442851485318461,9.127749426086801,20.115052632829585,27.356908207394735,6.563658397490733,10,2,0,0.8951048951048951,0.34965034965034975,0.16275519709199374,0.0015505009885100074,0.42073305351661866,1.1767485829501236,1.0015517036366564,1.5230776439153848,0.2118011833885669,0.06110844919583248,0.4243640967835427,1.2359021427743977,1.0630141909704143,1.5286180573925667,0.25389665312668536,0.1168747278798387,0.4303344034393905,1.2890385792769796,1.1239786176863582,1.5377716737133853,0.4194629720750366,0.3982769997218636,5.952154133291857,8.013842444980169,7.410276848899603,7.519150011664982,0.14878188679817977,0.37845386849716556,0.2036378931518124,0.18367553516347826,AI − human
ai,ai_minus_human,pg,drop_truncated,CN,12,2014,0,8.636892880904856,6.306063468301492,10.980635421794876,23.285274688717802,31.922167569622655,8.630952380952381,12,0,0,0.9790209790209792,0.9790209790209792,0.4395710789700365,0.3177779227731627,0.577284210388077,1.5520413725398186,1.3740710774472749,1.7811945066499248,0.4374750985430203,0.31645350496176455,0.5740037879908596,1.5487917309832802,1.372252437823369,1.7753610096948134,0.4333533359562754,0.3137941653031771,0.5683670360607908,1.542421117269638,1.368608000539987,1.7653818914261012,0.3990638031806357,0.43100776090585347,7.852800891723047,9.259727298649453,8.636892880904856,8.636892880904856,0.40490046762611487,0.46780430787511995,0.4374750985430203,0.4374750985430203,AI − human
ai,ai_minus_human,control,full,all,24,4607,0,3.0614865110529386,1.543071546052631,4.537536346387894,20.27227857766143,23.333765088714372,3.6458333333333335,17,5,2,0.9710434667379482,0.8889380410528559,0.14925731616024895,0.03156452921975148,0.2696085533974325,1.160971687554281,1.0320679719878791,1.3094517699496457,0.14883989729581468,0.036871873612246774,0.264378032211223,1.1604871771997378,1.0375600734970136,1.3026205357564609,0.1479933942611796,0.04207831848230213,0.25772149058616617,1.1595052369489198,1.0429761598620688,1.2939783832732092,0.21359349373234804,0.17800690767389482,2.8322757796494424,3.2851743303740797,2.9228554897943697,3.1945946202291524,0.1340452586494443,0.16925806819326017,0.14331658459913707,0.1553111971782414,AI − human
ai,ai_minus_human,control,full,US,12,2303,0,2.780959133216987,1.215277777777778,4.302882858187133,20.101848821989527,22.882807955206516,2.34375,7,3,2,0.9771544088929232,0.934975081890351,0.12213390126348052,-0.038038362279769214,0.2843722109282049,1.129905387410412,0.9626760097364098,1.3289274800396231,0.12197667039040044,-0.027825515113185987,0.27061199431305594,1.1297277453656243,0.9725580486783986,1.3107663868925565,0.12162997876676634,-0.012851349536034859,0.2577965474351302,1.129336146105333,0.987230876441251,1.2940755088582099,0.1353511821215444,0.16332656737736073,2.2761978422973184,3.2231675392670156,2.4655917816912583,3.033773599873076,0.08860031441113382,0.16222709800274882,0.10798581412412772,0.13306545860770957,AI − human
ai,ai_minus_human,control,full,CN,12,2304,0,3.342013888888889,1.3020833333333333,5.46875,20.442708333333332,23.784722222222225,3.90625,10,2,0,0.952715996940151,0.8386016534578921,0.17638073105701743,0.04869435594803141,0.313010594679162,1.1928921432897444,1.0498994061864635,1.367536019556224,0.17570312420122894,0.04924982380083184,0.31126965809954665,1.19208410519223,1.0504827535556307,1.3651572972789476,0.17435680975559287,0.0499196118853994,0.3081963129609922,1.1904802650198478,1.051186590071349,1.3609681383989063,0.2306885257909408,0.19242061396713916,2.9829545454545454,3.835227272727273,3.342013888888889,3.342013888888889,0.15425914556231143,0.2146186310534368,0.17570312420122894,0.17570312420122894,AI − human
ai,ai_minus_human,control,drop_truncated,all,24,4597,0,3.087066522381433,1.5893791567499116,4.547090428797339,20.245699907764614,23.33276643014604,3.6458333333333335,17,6,1,0.9671526967033242,0.9281987849573515,0.15429702917338745,0.036313271800565816,0.2750523897766335,1.1668374200650034,1.036980652408132,1.316599649422374,0.15378561228378756,0.0421911185337673,0.27046660837646375,1.166240832266506,1.0430938142621646,1.310575833745954,0.15276093362450016,0.04705404857553069,0.2625905990285653,1.1650464222218422,1.0481786601121688,1.3002942682296756,0.21359349373234804,0.17957584520187542,2.858967965383525,3.312340755428293,2.9495476755284527,3.2440502933294995,0.13920600472385083,0.17145012071118867,0.14847733067354354,0.16223808084563424,AI − human
ai,ai_minus_human,control,drop_truncated,US,12,2299,0,2.867305425430942,1.3459371818644559,4.346251370614034,19.991441436269557,22.8587468617005,2.6082569808027927,7,4,1,0.9562186292818428,0.9352028352316923,0.13443919851703126,-0.02530051002023438,0.29853643673238844,1.1438951063691372,0.9750168656608245,1.3478846488142873,0.1340837051736932,-0.01385521972984737,0.28507330218449384,1.1434885315449494,0.9862403220671723,1.3298595061556249,0.13336044884562723,-0.000690462830572587,0.26926799696440423,1.1426617952356113,0.9993097754840353,1.3090059036512764,0.15368858101194882,0.16878691830539516,2.3703937974398155,3.270015009561028,2.5597877368337554,3.1755659376904903,0.10180798872018047,0.1618683373793055,0.12119348843317437,0.1499659660657276,AI − human
ai,ai_minus_human,control,drop_truncated,CN,12,2298,0,3.306827619331925,1.2634636491538318,5.392964571979323,20.499958379259667,23.80678599859159,3.90625,10,2,0,0.9440559440559443,0.8301238649809405,0.17415485982974366,0.046183574439984915,0.3100419635054124,1.1902398718931062,1.0472666446996122,1.3634823294298029,0.17348751939388193,0.04621234298635111,0.3086795460999972,1.189445841671922,1.0472967734720164,1.361625962232848,0.17216141840337307,0.04625622565720813,0.3054955148216649,1.1878695617473054,1.0473427326600149,1.3572973973795859,0.2306885257909408,0.190142689425308,2.944569524119676,3.7978338426981306,3.306827619331925,3.306827619331925,0.15184212213611467,0.21221348311572913,0.17348751939388193,0.17348751939388193,AI − human
