Unnamed: 0,session.x,ccode1,ccode2,agree,year,IdealPointFP.x,NVotesFP.x,IdealPointFP.y,NVotesFP.y,IdealPointDistance
1454351,70,2,20,0.868421052631579,2015,2.447947,78.0,1.739521,78.0,0.708426
1454352,70,2,31,0.395348837209302,2015,2.447947,78.0,-0.3532824,69.0,2.8012294
1454353,70,2,40,0.274193548387097,2015,2.447947,78.0,-1.706511,78.0,4.154458
1454354,70,2,41,0.388888888888889,2015,2.447947,78.0,-0.2487147,25.0,2.6966617
1454355,70,2,42,0.352631578947368,2015,2.447947,78.0,-0.6423782,78.0,3.0903252
1454356,70,2,51,0.376344086021505,2015,2.447947,78.0,-0.4593108,77.0,2.9072578
1454357,70,2,52,0.35,2015,2.447947,78.0,-0.5376814,75.0,2.9856284
1454358,70,2,53,0.406976744186047,2015,2.447947,78.0,-0.3922034,70.0,2.8401504
1454359,70,2,54,0.461538461538462,2015,2.447947,78.0,-0.3579225,50.0,2.8058695
1454360,70,2,55,0.357954545454545,2015,2.447947,78.0,-0.4956099,73.0,2.9435569
1454361,70,2,56,0.361111111111111,2015,2.447947,78.0,-0.6112601,75.0,3.0592071
1454362,70,2,57,0.344444444444444,2015,2.447947,78.0,-0.592614,74.0,3.040561
1454363,70,2,58,0.39375,2015,2.447947,78.0,-0.4735255,64.0,2.9214725
1454364,70,2,60,0.398809523809524,2015,2.447947,78.0,-0.4959219,68.0,2.9438689
1454365,70,2,70,0.389473684210526,2015,2.447947,78.0,-0.1570235,78.0,2.6049705
1454366,70,2,80,0.369318181818182,2015,2.447947,78.0,-0.4073391,73.0,2.8552861
1454367,70,2,90,0.4,2015,2.447947,78.0,-0.2124249,78.0,2.6603719
1454368,70,2,91,0.419354838709677,2015,2.447947,78.0,-0.04866152,77.0,2.49660852
1454369,70,2,92,0.353932584269663,2015,2.447947,78.0,-0.4749602,73.0,2.9229072
1454370,70,2,93,0.268817204301075,2015,2.447947,78.0,-1.504231,78.0,3.952178
1454371,70,2,94,0.394736842105263,2015,2.447947,78.0,-0.2201355,78.0,2.6680825
1454372,70,2,95,0.431578947368421,2015,2.447947,78.0,0.03165944,78.0,2.41628756
1454373,70,2,100,0.394736842105263,2015,2.447947,78.0,-0.1267715,78.0,2.5747185
1454374,70,2,101,0.278947368421053,2015,2.447947,78.0,-1.573647,78.0,4.021594
1454375,70,2,110,0.344086021505376,2015,2.447947,78.0,-0.6146719,77.0,3.0626189
1454376,70,2,115,0.381944444444444,2015,2.447947,78.0,-0.6365127,57.0,3.0844597
1454377,70,2,130,0.315789473684211,2015,2.447947,78.0,-1.022668,78.0,3.470615
1454378,70,2,135,0.388297872340426,2015,2.447947,78.0,-0.1800363,77.0,2.6279833
1454379,70,2,140,0.368421052631579,2015,2.447947,78.0,-0.5306147,78.0,2.9785617
1454380,70,2,145,0.294736842105263,2015,2.447947,78.0,-1.313893,78.0,3.76184
1454381,70,2,150,0.456989247311828,2015,2.447947,78.0,-0.0005490411,76.0,2.4484960411
1454382,70,2,155,0.378947368421053,2015,2.447947,78.0,-0.3287561,78.0,2.7767031
1454383,70,2,160,0.394736842105263,2015,2.447947,78.0,-0.1705056,78.0,2.6184526
1454384,70,2,165,0.373684210526316,2015,2.447947,78.0,-0.4523989,78.0,2.9003459
1454385,70,2,200,0.721052631578947,2015,2.447947,78.0,1.618814,78.0,0.829133
1454386,70,2,205,0.573684210526316,2015,2.447947,78.0,0.6715229,78.0,1.7764241
1454387,70,2,210,0.652631578947368,2015,2.447947,78.0,1.044643,78.0,1.403304
1454388,70,2,211,0.654255319148936,2015,2.447947,78.0,1.028954,77.0,1.418993
1454389,70,2,212,0.647368421052632,2015,2.447947,78.0,0.9622844,78.0,1.4856626
1454390,70,2,220,0.715789473684211,2015,2.447947,78.0,1.441286,78.0,1.006661
1454391,70,2,221,0.668478260869565,2015,2.447947,78.0,1.043496,76.0,1.404451
1454392,70,2,223,0.589473684210526,2015,2.447947,78.0,0.7477663,78.0,1.7001807
1454393,70,2,225,0.573684210526316,2015,2.447947,78.0,0.673016,78.0,1.774931
1454394,70,2,230,0.647368421052632,2015,2.447947,78.0,1.033599,78.0,1.414348
1454395,70,2,232,0.615789473684211,2015,2.447947,78.0,0.8601595,78.0,1.5877875
1454396,70,2,235,0.639784946236559,2015,2.447947,78.0,0.873103,77.0,1.574844
1454397,70,2,255,0.670212765957447,2015,2.447947,78.0,1.194384,77.0,1.253563
1454398,70,2,290,0.663157894736842,2015,2.447947,78.0,1.079567,78.0,1.36838
1454399,70,2,305,0.569148936170213,2015,2.447947,78.0,0.6888647,77.0,1.7590823
1454400,70,2,310,0.668421052631579,2015,2.447947,78.0,1.088692,78.0,1.359255
1454401,70,2,316,0.675531914893617,2015,2.447947,78.0,1.166775,77.0,1.281172
1454402,70,2,317,0.647368421052632,2015,2.447947,78.0,1.025707,78.0,1.42224
1454403,70,2,325,0.642105263157895,2015,2.447947,78.0,0.9146405,78.0,1.5333065
1454404,70,2,331,0.563829787234043,2015,2.447947,78.0,0.639392,78.0,1.808555
1454405,70,2,338,0.552631578947368,2015,2.447947,78.0,0.5595199,78.0,1.8884271
1454406,70,2,339,0.631868131868132,2015,2.447947,78.0,0.9017011,75.0,1.5462459
1454407,70,2,341,0.6,2015,2.447947,78.0,0.714413,78.0,1.733534
1454408,70,2,343,0.604395604395604,2015,2.447947,78.0,0.7869218,75.0,1.6610252
1454409,70,2,344,0.643617021276596,2015,2.447947,78.0,0.9835753,77.0,1.4643717
1454410,70,2,345,0.532258064516129,2015,2.447947,78.0,0.4660687,76.0,1.9818783
1454411,70,2,346,0.601063829787234,2015,2.447947,78.0,0.7594876,77.0,1.6884594
1454412,70,2,349,0.642105263157895,2015,2.447947,78.0,0.9591039,78.0,1.4888431
1454413,70,2,350,0.621052631578947,2015,2.447947,78.0,0.7850083,78.0,1.6629387
1454414,70,2,352,0.579787234042553,2015,2.447947,78.0,0.6140066,77.0,1.8339404
1454415,70,2,355,0.642105263157895,2015,2.447947,78.0,0.9461321,78.0,1.5018149
1454416,70,2,359,0.622340425531915,2015,2.447947,78.0,0.8594897,77.0,1.5884573
1454417,70,2,360,0.647368421052632,2015,2.447947,78.0,0.9350591,78.0,1.5128879
1454418,70,2,365,0.415789473684211,2015,2.447947,78.0,0.1627959,78.0,2.2851511
1454419,70,2,366,0.663157894736842,2015,2.447947,78.0,1.070961,78.0,1.376986
1454420,70,2,367,0.663157894736842,2015,2.447947,78.0,1.074436,78.0,1.373511
1454421,70,2,368,0.663157894736842,2015,2.447947,78.0,1.090488,78.0,1.357459
1454422,70,2,369,0.630434782608696,2015,2.447947,78.0,0.9521632,76.0,1.4957838
1454423,70,2,370,0.320224719101124,2015,2.447947,78.0,-0.2358136,72.0,2.6837606
1454424,70,2,371,0.438888888888889,2015,2.447947,78.0,0.1454661,75.0,2.3024809
1454425,70,2,372,0.608695652173913,2015,2.447947,78.0,0.8114167,75.0,1.6365303
1454426,70,2,373,0.327380952380952,2015,2.447947,78.0,-0.6634655,71.0,3.1114125
1454427,70,2,375,0.626315789473684,2015,2.447947,78.0,0.8733707,78.0,1.5745763
1454428,70,2,380,0.573684210526316,2015,2.447947,78.0,0.6666432,78.0,1.7813038
1454429,70,2,385,0.626315789473684,2015,2.447947,78.0,0.8970836,78.0,1.5508634
1454430,70,2,390,0.647368421052632,2015,2.447947,78.0,1.026637,78.0,1.42131
1454431,70,2,395,0.615789473684211,2015,2.447947,78.0,0.8313819,78.0,1.6165651
1454432,70,2,402,0.357954545454545,2015,2.447947,78.0,-0.4708743,74.0,2.9188213
1454433,70,2,403,0.0,2015,2.447947,78.0,-0.3908067,1.0,2.8387537
1454434,70,2,404,0.339285714285714,2015,2.447947,78.0,-0.5488903,69.0,2.9968373
1454435,70,2,411,0.384615384615385,2015,2.447947,78.0,-0.7414695,50.0,3.1894165
1454436,70,2,420,0.35,2015,2.447947,78.0,-0.8277914,55.0,3.2757384
1454437,70,2,432,0.292134831460674,2015,2.447947,78.0,-0.9088033,74.0,3.3567503
1454438,70,2,433,0.335106382978723,2015,2.447947,78.0,-0.6714353,77.0,3.1193823
1454439,70,2,434,0.375,2015,2.447947,78.0,-0.5006106,63.0,2.9485576
1454440,70,2,435,0.311111111111111,2015,2.447947,78.0,-0.8382542,74.0,3.2862012
1454441,70,2,436,0.308510638297872,2015,2.447947,78.0,-0.8840772,77.0,3.3320242
1454442,70,2,437,0.431818181818182,2015,2.447947,78.0,-0.155855,71.0,2.603802
1454443,70,2,438,0.320652173913043,2015,2.447947,78.0,-0.7840653,75.0,3.2320123
1454444,70,2,439,0.342696629213483,2015,2.447947,78.0,-0.547408,72.0,2.995355
1454445,70,2,450,0.424731182795699,2015,2.447947,78.0,-0.04428663,76.0,2.49223363
1454446,70,2,451,0.240384615384615,2015,2.447947,78.0,-0.5223444,48.0,2.9702914
1454447,70,2,452,0.386363636363636,2015,2.447947,78.0,-0.3080351,71.0,2.7559821
1454448,70,2,461,0.386363636363636,2015,2.447947,78.0,-0.1533932,72.0,2.6013402
1454449,70,2,471,0.363636363636364,2015,2.447947,78.0,-0.0361704,74.0,2.4841174
1454450,70,2,475,0.301075268817204,2015,2.447947,78.0,-0.8701881,76.0,3.3181351
1454451,70,2,481,0.29746835443038,2015,2.447947,78.0,-0.2616606,75.0,2.7096076
1454452,70,2,482,0.41025641025641,2015,2.447947,78.0,-0.1429189,69.0,2.5908659
1454453,70,2,483,0.340909090909091,2015,2.447947,78.0,-0.6335327,72.0,3.0814797
1454454,70,2,484,0.319148936170213,2015,2.447947,78.0,-0.72195,77.0,3.169897
1454455,70,2,490,0.30188679245283,2015,2.447947,78.0,-0.7837552,45.0,3.2317022
1454456,70,2,500,0.305882352941176,2015,2.447947,78.0,-0.952237,68.0,3.400184
1454457,70,2,501,0.327956989247312,2015,2.447947,78.0,-0.5245181,76.0,2.9724651
1454458,70,2,510,0.3,2015,2.447947,78.0,-0.8740278,78.0,3.3219748
1454459,70,2,516,0.310975609756098,2015,2.447947,78.0,-1.24343,66.0,3.691377
1454460,70,2,517,0.455357142857143,2015,2.447947,78.0,-0.4268771,42.0,2.8748241
1454461,70,2,520,0.222222222222222,2015,2.447947,78.0,-0.646585,33.0,3.094532
1454462,70,2,522,0.32258064516129,2015,2.447947,78.0,-0.6704667,76.0,3.1184137
1454463,70,2,530,0.333333333333333,2015,2.447947,78.0,-0.5439596,74.0,2.9919066
1454464,70,2,531,0.320652173913043,2015,2.447947,78.0,-0.6608199,75.0,3.1087669
1454465,70,2,540,0.3,2015,2.447947,78.0,-0.9719056,74.0,3.4198526
1454466,70,2,541,0.320224719101124,2015,2.447947,78.0,-0.8127679,74.0,3.2607149
1454467,70,2,551,0.348314606741573,2015,2.447947,78.0,-0.5267411,73.0,2.9746881
1454468,70,2,552,0.252631578947368,2015,2.447947,78.0,-1.581431,78.0,4.029378
1454469,70,2,553,0.37037037037037,2015,2.447947,78.0,-0.4330176,66.0,2.8809646
1454470,70,2,560,0.340425531914894,2015,2.447947,78.0,-0.4500692,78.0,2.8980162
1454471,70,2,565,0.296511627906977,2015,2.447947,78.0,-0.9596031,70.0,3.4075501
1454472,70,2,570,0.35625,2015,2.447947,78.0,-0.5167408,65.0,2.9646878
1454473,70,2,571,0.350574712643678,2015,2.447947,78.0,-0.4315872,73.0,2.8795342
1454474,70,2,572,0.382352941176471,2015,2.447947,78.0,-0.6539217,53.0,3.1018687
1454475,70,2,580,0.385135135135135,2015,2.447947,78.0,-0.4699829,60.0,2.9179299
1454476,70,2,581,0.337662337662338,2015,2.447947,78.0,-0.7997665,62.0,3.2477135
1454477,70,2,590,0.3125,2015,2.447947,78.0,-0.2828589,77.0,2.7308059
1454478,70,2,591,0.388888888888889,2015,2.447947,78.0,-0.597322,19.0,3.045269
1454479,70,2,600,0.357894736842105,2015,2.447947,78.0,-0.4931438,78.0,2.9410908
1454480,70,2,615,0.292553191489362,2015,2.447947,78.0,-1.179658,77.0,3.627605
1454481,70,2,616,0.340425531914894,2015,2.447947,78.0,-0.5994387,78.0,3.0473857
1454482,70,2,620,0.320652173913043,2015,2.447947,78.0,-0.7489529,75.0,3.1968999
1454483,70,2,625,0.268421052631579,2015,2.447947,78.0,-1.673378,78.0,4.121325
1454484,70,2,626,0.367647058823529,2015,2.447947,78.0,-0.01515879,31.0,2.46310579
1454485,70,2,630,0.218390804597701,2015,2.447947,78.0,-1.318916,74.0,3.766863
1454486,70,2,640,0.580645161290323,2015,2.447947,78.0,0.5643227,76.0,1.8836243
1454487,70,2,645,0.319148936170213,2015,2.447947,78.0,-0.8878521,77.0,3.3357991
1454488,70,2,651,0.305263157894737,2015,2.447947,78.0,-1.220508,78.0,3.668455
1454489,70,2,652,0.21195652173913,2015,2.447947,78.0,-1.535561,78.0,3.983508
1454490,70,2,660,0.333333333333333,2015,2.447947,78.0,-0.7637551,78.0,3.2117021
1454491,70,2,663,0.336842105263158,2015,2.447947,78.0,-0.5965912,78.0,3.0445382
1454492,70,2,666,0.889473684210526,2015,2.447947,78.0,2.248481,78.0,0.199466
1454493,70,2,670,0.335106382978723,2015,2.447947,78.0,-0.7690061,77.0,3.2169531
1454494,70,2,679,0.323863636363636,2015,2.447947,78.0,-0.8657727,72.0,3.3137197
1454495,70,2,690,0.315789473684211,2015,2.447947,78.0,-0.9151519,78.0,3.3630989
1454496,70,2,692,0.331578947368421,2015,2.447947,78.0,-0.7242315,78.0,3.1721785
1454497,70,2,694,0.315789473684211,2015,2.447947,78.0,-0.915847,78.0,3.363794
1454498,70,2,696,0.331578947368421,2015,2.447947,78.0,-0.7355093,78.0,3.1834563
1454499,70,2,698,0.297872340425532,2015,2.447947,78.0,-1.174824,77.0,3.622771
1454500,70,2,700,0.308988764044944,2015,2.447947,78.0,-0.7468867,73.0,3.1948337
1454501,70,2,701,0.267605633802817,2015,2.447947,78.0,-0.8706891,61.0,3.3186361
1454502,70,2,702,0.325301204819277,2015,2.447947,78.0,-0.6334666,70.0,3.0814136
1454503,70,2,703,0.315217391304348,2015,2.447947,78.0,-0.7464352,76.0,3.1943822
1454504,70,2,704,0.311764705882353,2015,2.447947,78.0,-0.3517214,74.0,2.7996684
1454505,70,2,705,0.329787234042553,2015,2.447947,78.0,-0.5394523,78.0,2.9873993
1454506,70,2,710,0.329787234042553,2015,2.447947,78.0,-0.2424418,78.0,2.6903888
1454507,70,2,712,0.357954545454545,2015,2.447947,78.0,-0.4750485,72.0,2.9229955
1454508,70,2,731,0.18452380952381,2015,2.447947,78.0,-0.5053941,72.0,2.9533411
1454509,70,2,732,0.638297872340426,2015,2.447947,78.0,0.7614308,77.0,1.6865162
1454510,70,2,740,0.589473684210526,2015,2.447947,78.0,0.6823147,78.0,1.7656323
1454511,70,2,750,0.315789473684211,2015,2.447947,78.0,-0.2221197,78.0,2.6700667
1454512,70,2,760,0.335106382978723,2015,2.447947,78.0,-0.411768,78.0,2.859715
1454513,70,2,770,0.321052631578947,2015,2.447947,78.0,-0.2117785,78.0,2.6597255
1454514,70,2,771,0.313829787234043,2015,2.447947,78.0,-0.8759072,77.0,3.3238542
1454515,70,2,775,0.324468085106383,2015,2.447947,78.0,-0.8719749,78.0,3.3199219
1454516,70,2,780,0.340425531914894,2015,2.447947,78.0,-0.6355801,77.0,3.0835271
1454517,70,2,781,0.335106382978723,2015,2.447947,78.0,-0.6682173,77.0,3.1161643
1454518,70,2,790,0.344086021505376,2015,2.447947,78.0,-0.686726,77.0,3.134673
1454519,70,2,800,0.363157894736842,2015,2.447947,78.0,-0.4034583,78.0,2.8514053
1454520,70,2,811,0.320652173913043,2015,2.447947,78.0,-0.9119724,75.0,3.3599194
1454521,70,2,812,0.269662921348315,2015,2.447947,78.0,-1.158935,76.0,3.606882
1454522,70,2,816,0.315217391304348,2015,2.447947,78.0,-1.078203,77.0,3.52615
1454523,70,2,820,0.347368421052632,2015,2.447947,78.0,-0.6861919,78.0,3.1341389
1454524,70,2,830,0.357894736842105,2015,2.447947,78.0,-0.5749,78.0,3.022847
1454525,70,2,835,0.324468085106383,2015,2.447947,78.0,-0.9285876,78.0,3.3765346
1454526,70,2,840,0.363157894736842,2015,2.447947,78.0,-0.4804232,78.0,2.9283702
1454527,70,2,850,0.321052631578947,2015,2.447947,78.0,-0.9353202,78.0,3.3832672
1454528,70,2,860,0.379518072289157,2015,2.447947,78.0,-0.3811235,68.0,2.8290705
1454529,70,2,900,0.721052631578947,2015,2.447947,78.0,1.195142,78.0,1.252805
1454530,70,2,910,0.41304347826087,2015,2.447947,78.0,-0.2181053,76.0,2.6660523
1454531,70,2,920,0.557894736842105,2015,2.447947,78.0,0.6078638,78.0,1.8400832
1454532,70,2,935,0.422077922077922,2015,2.447947,78.0,-0.1231809,64.0,2.5711279
1454533,70,2,940,0.346590909090909,2015,2.447947,78.0,-0.496957,75.0,2.944904
1454534,70,2,946,0.388157894736842,2015,2.447947,78.0,-0.3919553,61.0,2.8399023
1454535,70,2,947,0.375,2015,2.447947,78.0,-0.2911522,54.0,2.7390992
1454536,70,2,950,0.337078651685393,2015,2.447947,78.0,-0.5989767,75.0,3.0469237
1454537,70,2,955,0.428571428571429,2015,2.447947,78.0,0.11768,60.0,2.330267
1454538,70,2,970,0.514285714285714,2015,2.447947,78.0,0.6715855,33.0,1.7763615
1454539,70,2,983,0.677631578947368,2015,2.447947,78.0,0.6712295,67.0,1.7767175
1454540,70,2,986,0.7578125,2015,2.447947,78.0,1.041175,56.0,1.406772
1454541,70,2,987,0.893939393939394,2015,2.447947,78.0,1.788792,58.0,0.659155
1454542,70,2,990,0.411764705882353,2015,2.447947,78.0,0.02663865,71.0,2.42130835
1454543,70,20,2,0.868421052631579,2015,1.739521,78.0,2.447947,78.0,0.708426
1454698,70,20,710,0.430851063829787,2015,1.739521,78.0,-0.2424418,78.0,1.9819628
1454735,70,31,2,0.395348837209302,2015,-0.3532824,69.0,2.447947,78.0,2.8012294
1454890,70,31,710,0.811764705882353,2015,-0.3532824,69.0,-0.2424418,78.0,0.1108406
1454927,70,40,2,0.274193548387097,2015,-1.706511,78.0,2.447947,78.0,4.154458
1455082,70,40,710,0.885869565217391,2015,-1.706511,78.0,-0.2424418,78.0,1.4640692
1455119,70,41,2,0.388888888888889,2015,-0.2487147,25.0,2.447947,78.0,2.6966617
1455274,70,41,710,0.777777777777778,2015,-0.2487147,25.0,-0.2424418,78.0,0.0062729
1455311,70,42,2,0.352631578947368,2015,-0.6423782,78.0,2.447947,78.0,3.0903252
1455466,70,42,710,0.856382978723404,2015,-0.6423782,78.0,-0.2424418,78.0,0.3999364
1455503,70,51,2,0.376344086021505,2015,-0.4593108,77.0,2.447947,78.0,2.9072578
1455658,70,51,710,0.83695652173913,2015,-0.4593108,77.0,-0.2424418,78.0,0.216869
1455695,70,52,2,0.35,2015,-0.5376814,75.0,2.447947,78.0,2.9856284
1455850,70,52,710,0.848314606741573,2015,-0.5376814,75.0,-0.2424418,78.0,0.2952396
1455887,70,53,2,0.406976744186047,2015,-0.3922034,70.0,2.447947,78.0,2.8401504
1456042,70,53,710,0.811764705882353,2015,-0.3922034,70.0,-0.2424418,78.0,0.1497616
1456079,70,54,2,0.461538461538462,2015,-0.3579225,50.0,2.447947,78.0,2.8058695
1456234,70,54,710,0.7734375,2015,-0.3579225,50.0,-0.2424418,78.0,0.1154807
1456271,70,55,2,0.357954545454545,2015,-0.4956099,73.0,2.447947,78.0,2.9435569
1456426,70,55,710,0.839080459770115,2015,-0.4956099,73.0,-0.2424418,78.0,0.2531681
1456463,70,56,2,0.361111111111111,2015,-0.6112601,75.0,2.447947,78.0,3.0592071
1456618,70,56,710,0.842696629213483,2015,-0.6112601,75.0,-0.2424418,78.0,0.3688183
1456655,70,57,2,0.344444444444444,2015,-0.592614,74.0,2.447947,78.0,3.040561
1456810,70,57,710,0.848314606741573,2015,-0.592614,74.0,-0.2424418,78.0,0.3501722
1456847,70,58,2,0.39375,2015,-0.4735255,64.0,2.447947,78.0,2.9214725
1457002,70,58,710,0.810126582278481,2015,-0.4735255,64.0,-0.2424418,78.0,0.2310837
1457039,70,60,2,0.398809523809524,2015,-0.4959219,68.0,2.447947,78.0,2.9438689
1457194,70,60,710,0.825301204819277,2015,-0.4959219,68.0,-0.2424418,78.0,0.2534801
1457231,70,70,2,0.389473684210526,2015,-0.1570235,78.0,2.447947,78.0,2.6049705
1457386,70,70,710,0.808510638297872,2015,-0.1570235,78.0,-0.2424418,78.0,0.0854183
1457423,70,80,2,0.369318181818182,2015,-0.4073391,73.0,2.447947,78.0,2.8552861
1457578,70,80,710,0.827586206896552,2015,-0.4073391,73.0,-0.2424418,78.0,0.1648973
1457615,70,90,2,0.4,2015,-0.2124249,78.0,2.447947,78.0,2.6603719
1457770,70,90,710,0.808510638297872,2015,-0.2124249,78.0,-0.2424418,78.0,0.0300169
1457807,70,91,2,0.419354838709677,2015,-0.04866152,77.0,2.447947,78.0,2.49660852
1457962,70,91,710,0.755434782608696,2015,-0.04866152,77.0,-0.2424418,78.0,0.19378028
1457999,70,92,2,0.353932584269663,2015,-0.4749602,73.0,2.447947,78.0,2.9229072
1458154,70,92,710,0.835227272727273,2015,-0.4749602,73.0,-0.2424418,78.0,0.2325184
1458191,70,93,2,0.268817204301075,2015,-1.504231,78.0,2.447947,78.0,3.952178
1458346,70,93,710,0.880434782608696,2015,-1.504231,78.0,-0.2424418,78.0,1.2617892
1458383,70,94,2,0.394736842105263,2015,-0.2201355,78.0,2.447947,78.0,2.6680825
1458538,70,94,710,0.813829787234043,2015,-0.2201355,78.0,-0.2424418,78.0,0.0223063
1458575,70,95,2,0.431578947368421,2015,0.03165944,78.0,2.447947,78.0,2.41628756
1458730,70,95,710,0.771276595744681,2015,0.03165944,78.0,-0.2424418,78.0,0.27410124
1458767,70,100,2,0.394736842105263,2015,-0.1267715,78.0,2.447947,78.0,2.5747185
1458922,70,100,710,0.803191489361702,2015,-0.1267715,78.0,-0.2424418,78.0,0.1156703
1458959,70,101,2,0.278947368421053,2015,-1.573647,78.0,2.447947,78.0,4.021594
1459114,70,101,710,0.856382978723404,2015,-1.573647,78.0,-0.2424418,78.0,1.3312052
1459151,70,110,2,0.344086021505376,2015,-0.6146719,77.0,2.447947,78.0,3.0626189
1459306,70,110,710,0.858695652173913,2015,-0.6146719,77.0,-0.2424418,78.0,0.3722301
1459343,70,115,2,0.381944444444444,2015,-0.6365127,57.0,2.447947,78.0,3.0844597
1459498,70,115,710,0.830985915492958,2015,-0.6365127,57.0,-0.2424418,78.0,0.3940709
1459535,70,130,2,0.315789473684211,2015,-1.022668,78.0,2.447947,78.0,3.470615
1459690,70,130,710,0.872340425531915,2015,-1.022668,78.0,-0.2424418,78.0,0.7802262
1459727,70,135,2,0.388297872340426,2015,-0.1800363,77.0,2.447947,78.0,2.6279833
1459882,70,135,710,0.811827956989247,2015,-0.1800363,77.0,-0.2424418,78.0,0.0624055
1459919,70,140,2,0.368421052631579,2015,-0.5306147,78.0,2.447947,78.0,2.9785617
1460074,70,140,710,0.840425531914894,2015,-0.5306147,78.0,-0.2424418,78.0,0.2881729
1460111,70,145,2,0.294736842105263,2015,-1.313893,78.0,2.447947,78.0,3.76184
1460266,70,145,710,0.861702127659574,2015,-1.313893,78.0,-0.2424418,78.0,1.0714512
1460303,70,150,2,0.456989247311828,2015,-0.0005490411,76.0,2.447947,78.0,2.4484960411
1460458,70,150,710,0.744565217391304,2015,-0.0005490411,76.0,-0.2424418,78.0,0.2418927589
1460495,70,155,2,0.378947368421053,2015,-0.3287561,78.0,2.447947,78.0,2.7767031
1460650,70,155,710,0.829787234042553,2015,-0.3287561,78.0,-0.2424418,78.0,0.0863143
1460687,70,160,2,0.394736842105263,2015,-0.1705056,78.0,2.447947,78.0,2.6184526
1460842,70,160,710,0.824468085106383,2015,-0.1705056,78.0,-0.2424418,78.0,0.0719362
1460879,70,165,2,0.373684210526316,2015,-0.4523989,78.0,2.447947,78.0,2.9003459
1461034,70,165,710,0.835106382978723,2015,-0.4523989,78.0,-0.2424418,78.0,0.2099571
1461071,70,200,2,0.721052631578947,2015,1.618814,78.0,2.447947,78.0,0.829133
1461226,70,200,710,0.542553191489362,2015,1.618814,78.0,-0.2424418,78.0,1.8612558
1461263,70,205,2,0.573684210526316,2015,0.6715229,78.0,2.447947,78.0,1.7764241
1461418,70,205,710,0.659574468085106,2015,0.6715229,78.0,-0.2424418,78.0,0.9139647
1461455,70,210,2,0.652631578947368,2015,1.044643,78.0,2.447947,78.0,1.403304
1461610,70,210,710,0.632978723404255,2015,1.044643,78.0,-0.2424418,78.0,1.2870848
1461647,70,211,2,0.654255319148936,2015,1.028954,77.0,2.447947,78.0,1.418993
1461802,70,211,710,0.645161290322581,2015,1.028954,77.0,-0.2424418,78.0,1.2713958
1461839,70,212,2,0.647368421052632,2015,0.9622844,78.0,2.447947,78.0,1.4856626
1461994,70,212,710,0.648936170212766,2015,0.9622844,78.0,-0.2424418,78.0,1.2047262
1462031,70,220,2,0.715789473684211,2015,1.441286,78.0,2.447947,78.0,1.006661
1462186,70,220,710,0.579787234042553,2015,1.441286,78.0,-0.2424418,78.0,1.6837278
1462223,70,221,2,0.668478260869565,2015,1.043496,76.0,2.447947,78.0,1.404451
1462378,70,221,710,0.620879120879121,2015,1.043496,76.0,-0.2424418,78.0,1.2859378
1462415,70,223,2,0.589473684210526,2015,0.7477663,78.0,2.447947,78.0,1.7001807
1462570,70,223,710,0.648936170212766,2015,0.7477663,78.0,-0.2424418,78.0,0.9902081
1462607,70,225,2,0.573684210526316,2015,0.673016,78.0,2.447947,78.0,1.774931
1462762,70,225,710,0.664893617021277,2015,0.673016,78.0,-0.2424418,78.0,0.9154578
1462799,70,230,2,0.647368421052632,2015,1.033599,78.0,2.447947,78.0,1.414348
1462954,70,230,710,0.638297872340426,2015,1.033599,78.0,-0.2424418,78.0,1.2760408
1462991,70,232,2,0.615789473684211,2015,0.8601595,78.0,2.447947,78.0,1.5877875
1463146,70,232,710,0.648936170212766,2015,0.8601595,78.0,-0.2424418,78.0,1.1026013
1463183,70,235,2,0.639784946236559,2015,0.873103,77.0,2.447947,78.0,1.574844
1463338,70,235,710,0.66304347826087,2015,0.873103,77.0,-0.2424418,78.0,1.1155448
1463375,70,255,2,0.670212765957447,2015,1.194384,77.0,2.447947,78.0,1.253563
1463530,70,255,710,0.618279569892473,2015,1.194384,77.0,-0.2424418,78.0,1.4368258
1463567,70,290,2,0.663157894736842,2015,1.079567,78.0,2.447947,78.0,1.36838
1463722,70,290,710,0.643617021276596,2015,1.079567,78.0,-0.2424418,78.0,1.3220088
1463759,70,305,2,0.569148936170213,2015,0.6888647,77.0,2.447947,78.0,1.7590823
1463914,70,305,710,0.645161290322581,2015,0.6888647,77.0,-0.2424418,78.0,0.9313065
1463951,70,310,2,0.668421052631579,2015,1.088692,78.0,2.447947,78.0,1.359255
1464106,70,310,710,0.638297872340426,2015,1.088692,78.0,-0.2424418,78.0,1.3311338
1464143,70,316,2,0.675531914893617,2015,1.166775,77.0,2.447947,78.0,1.281172
1464298,70,316,710,0.623655913978495,2015,1.166775,77.0,-0.2424418,78.0,1.4092168
1464335,70,317,2,0.647368421052632,2015,1.025707,78.0,2.447947,78.0,1.42224
1464490,70,317,710,0.638297872340426,2015,1.025707,78.0,-0.2424418,78.0,1.2681488
1464527,70,325,2,0.642105263157895,2015,0.9146405,78.0,2.447947,78.0,1.5333065
1464682,70,325,710,0.654255319148936,2015,0.9146405,78.0,-0.2424418,78.0,1.1570823
1464719,70,331,2,0.563829787234043,2015,0.639392,78.0,2.447947,78.0,1.808555
1464874,70,331,710,0.655913978494624,2015,0.639392,78.0,-0.2424418,78.0,0.8818338
1464911,70,338,2,0.552631578947368,2015,0.5595199,78.0,2.447947,78.0,1.8884271
1465066,70,338,710,0.670212765957447,2015,0.5595199,78.0,-0.2424418,78.0,0.8019617
1465103,70,339,2,0.631868131868132,2015,0.9017011,75.0,2.447947,78.0,1.5462459
1465258,70,339,710,0.655555555555556,2015,0.9017011,75.0,-0.2424418,78.0,1.1441429
1465295,70,341,2,0.6,2015,0.714413,78.0,2.447947,78.0,1.733534
1465450,70,341,710,0.675531914893617,2015,0.714413,78.0,-0.2424418,78.0,0.9568548
1465487,70,343,2,0.604395604395604,2015,0.7869218,75.0,2.447947,78.0,1.6610252
1465642,70,343,710,0.65,2015,0.7869218,75.0,-0.2424418,78.0,1.0293636
1465679,70,344,2,0.643617021276596,2015,0.9835753,77.0,2.447947,78.0,1.4643717
1465834,70,344,710,0.645161290322581,2015,0.9835753,77.0,-0.2424418,78.0,1.2260171
1465871,70,345,2,0.532258064516129,2015,0.4660687,76.0,2.447947,78.0,1.9818783
1466026,70,345,710,0.706521739130435,2015,0.4660687,76.0,-0.2424418,78.0,0.7085105
1466063,70,346,2,0.601063829787234,2015,0.7594876,77.0,2.447947,78.0,1.6884594
1466218,70,346,710,0.682795698924731,2015,0.7594876,77.0,-0.2424418,78.0,1.0019294
1466255,70,349,2,0.642105263157895,2015,0.9591039,78.0,2.447947,78.0,1.4888431
1466410,70,349,710,0.654255319148936,2015,0.9591039,78.0,-0.2424418,78.0,1.2015457
1466447,70,350,2,0.621052631578947,2015,0.7850083,78.0,2.447947,78.0,1.6629387
1466602,70,350,710,0.675531914893617,2015,0.7850083,78.0,-0.2424418,78.0,1.0274501
1466639,70,352,2,0.579787234042553,2015,0.6140066,77.0,2.447947,78.0,1.8339404
1466794,70,352,710,0.67741935483871,2015,0.6140066,77.0,-0.2424418,78.0,0.8564484
1466831,70,355,2,0.642105263157895,2015,0.9461321,78.0,2.447947,78.0,1.5018149
1466986,70,355,710,0.654255319148936,2015,0.9461321,78.0,-0.2424418,78.0,1.1885739
1467023,70,359,2,0.622340425531915,2015,0.8594897,77.0,2.447947,78.0,1.5884573
1467178,70,359,710,0.666666666666667,2015,0.8594897,77.0,-0.2424418,78.0,1.1019315
1467215,70,360,2,0.647368421052632,2015,0.9350591,78.0,2.447947,78.0,1.5128879
1467370,70,360,710,0.659574468085106,2015,0.9350591,78.0,-0.2424418,78.0,1.1775009
1467407,70,365,2,0.415789473684211,2015,0.1627959,78.0,2.447947,78.0,2.2851511
1467562,70,365,710,0.845744680851064,2015,0.1627959,78.0,-0.2424418,78.0,0.4052377
1467599,70,366,2,0.663157894736842,2015,1.070961,78.0,2.447947,78.0,1.376986
1467754,70,366,710,0.643617021276596,2015,1.070961,78.0,-0.2424418,78.0,1.3134028
1467791,70,367,2,0.663157894736842,2015,1.074436,78.0,2.447947,78.0,1.373511
1467946,70,367,710,0.643617021276596,2015,1.074436,78.0,-0.2424418,78.0,1.3168778
1467983,70,368,2,0.663157894736842,2015,1.090488,78.0,2.447947,78.0,1.357459
1468138,70,368,710,0.632978723404255,2015,1.090488,78.0,-0.2424418,78.0,1.3329298
1468175,70,369,2,0.630434782608696,2015,0.9521632,76.0,2.447947,78.0,1.4957838
1468330,70,369,710,0.642857142857143,2015,0.9521632,76.0,-0.2424418,78.0,1.194605
1468367,70,370,2,0.320224719101124,2015,-0.2358136,72.0,2.447947,78.0,2.6837606
1468522,70,370,710,0.869318181818182,2015,-0.2358136,72.0,-0.2424418,78.0,0.0066282
1468559,70,371,2,0.438888888888889,2015,0.1454661,75.0,2.447947,78.0,2.3024809
1468714,70,371,710,0.803370786516854,2015,0.1454661,75.0,-0.2424418,78.0,0.3879079
1468751,70,372,2,0.608695652173913,2015,0.8114167,75.0,2.447947,78.0,1.6365303
1468906,70,372,710,0.675824175824176,2015,0.8114167,75.0,-0.2424418,78.0,1.0538585
1468943,70,373,2,0.327380952380952,2015,-0.6634655,71.0,2.447947,78.0,3.1114125
1469098,70,373,710,0.855421686746988,2015,-0.6634655,71.0,-0.2424418,78.0,0.4210237
1469135,70,375,2,0.626315789473684,2015,0.8733707,78.0,2.447947,78.0,1.5745763
1469290,70,375,710,0.659574468085106,2015,0.8733707,78.0,-0.2424418,78.0,1.1158125
1469327,70,380,2,0.573684210526316,2015,0.6666432,78.0,2.447947,78.0,1.7813038
1469482,70,380,710,0.659574468085106,2015,0.6666432,78.0,-0.2424418,78.0,0.909085
1469519,70,385,2,0.626315789473684,2015,0.8970836,78.0,2.447947,78.0,1.5508634
1469674,70,385,710,0.659574468085106,2015,0.8970836,78.0,-0.2424418,78.0,1.1395254
1469711,70,390,2,0.647368421052632,2015,1.026637,78.0,2.447947,78.0,1.42131
1469866,70,390,710,0.638297872340426,2015,1.026637,78.0,-0.2424418,78.0,1.2690788
1469903,70,395,2,0.615789473684211,2015,0.8313819,78.0,2.447947,78.0,1.6165651
1470058,70,395,710,0.670212765957447,2015,0.8313819,78.0,-0.2424418,78.0,1.0738237
1470095,70,402,2,0.357954545454545,2015,-0.4708743,74.0,2.447947,78.0,2.9188213
1470250,70,402,710,0.850574712643678,2015,-0.4708743,74.0,-0.2424418,78.0,0.2284325
1470287,70,403,2,0.0,2015,-0.3908067,1.0,2.447947,78.0,2.8387537
1470442,70,403,710,1.0,2015,-0.3908067,1.0,-0.2424418,78.0,0.1483649
1470479,70,404,2,0.339285714285714,2015,-0.5488903,69.0,2.447947,78.0,2.9968373
1470634,70,404,710,0.86144578313253,2015,-0.5488903,69.0,-0.2424418,78.0,0.3064485
1470671,70,411,2,0.384615384615385,2015,-0.7414695,50.0,2.447947,78.0,3.1894165
1470826,70,411,710,0.859375,2015,-0.7414695,50.0,-0.2424418,78.0,0.4990277
1470863,70,420,2,0.35,2015,-0.8277914,55.0,2.447947,78.0,3.2757384
1471018,70,420,710,0.840579710144927,2015,-0.8277914,55.0,-0.2424418,78.0,0.5853496
1471055,70,432,2,0.292134831460674,2015,-0.9088033,74.0,2.447947,78.0,3.3567503
1471210,70,432,710,0.869318181818182,2015,-0.9088033,74.0,-0.2424418,78.0,0.6663615
1471247,70,433,2,0.335106382978723,2015,-0.6714353,77.0,2.447947,78.0,3.1193823
1471402,70,433,710,0.865591397849462,2015,-0.6714353,77.0,-0.2424418,78.0,0.4289935
1471439,70,434,2,0.375,2015,-0.5006106,63.0,2.447947,78.0,2.9485576
1471594,70,434,710,0.835443037974684,2015,-0.5006106,63.0,-0.2424418,78.0,0.2581688
1471631,70,435,2,0.311111111111111,2015,-0.8382542,74.0,2.447947,78.0,3.2862012
1471786,70,435,710,0.859550561797753,2015,-0.8382542,74.0,-0.2424418,78.0,0.5958124
1471823,70,436,2,0.308510638297872,2015,-0.8840772,77.0,2.447947,78.0,3.3320242
1471978,70,436,710,0.870967741935484,2015,-0.8840772,77.0,-0.2424418,78.0,0.6416354
1472015,70,437,2,0.431818181818182,2015,-0.155855,71.0,2.447947,78.0,2.603802
1472170,70,437,710,0.770114942528736,2015,-0.155855,71.0,-0.2424418,78.0,0.0865868
1472207,70,438,2,0.320652173913043,2015,-0.7840653,75.0,2.447947,78.0,3.2320123
1472362,70,438,710,0.873626373626374,2015,-0.7840653,75.0,-0.2424418,78.0,0.5416235
1472399,70,439,2,0.342696629213483,2015,-0.547408,72.0,2.447947,78.0,2.995355
1472554,70,439,710,0.869318181818182,2015,-0.547408,72.0,-0.2424418,78.0,0.3049662
1472591,70,450,2,0.424731182795699,2015,-0.04428663,76.0,2.447947,78.0,2.49223363
1472746,70,450,710,0.777173913043478,2015,-0.04428663,76.0,-0.2424418,78.0,0.19815517
1472783,70,451,2,0.240384615384615,2015,-0.5223444,48.0,2.447947,78.0,2.9702914
1472938,70,451,710,0.913461538461538,2015,-0.5223444,48.0,-0.2424418,78.0,0.2799026
1472975,70,452,2,0.386363636363636,2015,-0.3080351,71.0,2.447947,78.0,2.7559821
1473130,70,452,710,0.827586206896552,2015,-0.3080351,71.0,-0.2424418,78.0,0.0655933
1473167,70,461,2,0.386363636363636,2015,-0.1533932,72.0,2.447947,78.0,2.6013402
1473322,70,461,710,0.798850574712644,2015,-0.1533932,72.0,-0.2424418,78.0,0.0890486
1473359,70,471,2,0.363636363636364,2015,-0.0361704,74.0,2.447947,78.0,2.4841174
1473514,70,471,710,0.746753246753247,2015,-0.0361704,74.0,-0.2424418,78.0,0.2062714
1473551,70,475,2,0.301075268817204,2015,-0.8701881,76.0,2.447947,78.0,3.3181351
1473706,70,475,710,0.885869565217391,2015,-0.8701881,76.0,-0.2424418,78.0,0.6277463
1473743,70,481,2,0.29746835443038,2015,-0.2616606,75.0,2.447947,78.0,2.7096076
1473898,70,481,710,0.833333333333333,2015,-0.2616606,75.0,-0.2424418,78.0,0.0192188
1473935,70,482,2,0.41025641025641,2015,-0.1429189,69.0,2.447947,78.0,2.5908659
1474090,70,482,710,0.769230769230769,2015,-0.1429189,69.0,-0.2424418,78.0,0.0995229
1474127,70,483,2,0.340909090909091,2015,-0.6335327,72.0,2.447947,78.0,3.0814797
1474282,70,483,710,0.862068965517241,2015,-0.6335327,72.0,-0.2424418,78.0,0.3910909
1474319,70,484,2,0.319148936170213,2015,-0.72195,77.0,2.447947,78.0,3.169897
1474474,70,484,710,0.870967741935484,2015,-0.72195,77.0,-0.2424418,78.0,0.4795082
1474511,70,490,2,0.30188679245283,2015,-0.7837552,45.0,2.447947,78.0,3.2317022
1474666,70,490,710,0.830188679245283,2015,-0.7837552,45.0,-0.2424418,78.0,0.5413134
1474703,70,500,2,0.305882352941176,2015,-0.952237,68.0,2.447947,78.0,3.400184
1474858,70,500,710,0.875,2015,-0.952237,68.0,-0.2424418,78.0,0.7097952
1474895,70,501,2,0.327956989247312,2015,-0.5245181,76.0,2.447947,78.0,2.9724651
1475050,70,501,710,0.864130434782609,2015,-0.5245181,76.0,-0.2424418,78.0,0.2820763
1475087,70,510,2,0.3,2015,-0.8740278,78.0,2.447947,78.0,3.3219748
1475242,70,510,710,0.888297872340426,2015,-0.8740278,78.0,-0.2424418,78.0,0.631586
1475279,70,516,2,0.310975609756098,2015,-1.24343,66.0,2.447947,78.0,3.691377
1475434,70,516,710,0.882716049382716,2015,-1.24343,66.0,-0.2424418,78.0,1.0009882
1475471,70,517,2,0.455357142857143,2015,-0.4268771,42.0,2.447947,78.0,2.8748241
1475626,70,517,710,0.827272727272727,2015,-0.4268771,42.0,-0.2424418,78.0,0.1844353
1475663,70,520,2,0.222222222222222,2015,-0.646585,33.0,2.447947,78.0,3.094532
1475818,70,520,710,0.888888888888889,2015,-0.646585,33.0,-0.2424418,78.0,0.4041432
1475855,70,522,2,0.32258064516129,2015,-0.6704667,76.0,2.447947,78.0,3.1184137
1476010,70,522,710,0.853260869565217,2015,-0.6704667,76.0,-0.2424418,78.0,0.4280249
1476047,70,530,2,0.333333333333333,2015,-0.5439596,74.0,2.447947,78.0,2.9919066
1476202,70,530,710,0.853932584269663,2015,-0.5439596,74.0,-0.2424418,78.0,0.3015178
1476239,70,531,2,0.320652173913043,2015,-0.6608199,75.0,2.447947,78.0,3.1087669
1476394,70,531,710,0.873626373626374,2015,-0.6608199,75.0,-0.2424418,78.0,0.4183781
1476431,70,540,2,0.3,2015,-0.9719056,74.0,2.447947,78.0,3.4198526
1476586,70,540,710,0.876404494382023,2015,-0.9719056,74.0,-0.2424418,78.0,0.7294638
1476623,70,541,2,0.320224719101124,2015,-0.8127679,74.0,2.447947,78.0,3.2607149
1476778,70,541,710,0.869318181818182,2015,-0.8127679,74.0,-0.2424418,78.0,0.5703261
1476815,70,551,2,0.348314606741573,2015,-0.5267411,73.0,2.447947,78.0,2.9746881
1476970,70,551,710,0.846590909090909,2015,-0.5267411,73.0,-0.2424418,78.0,0.2842993
1477007,70,552,2,0.252631578947368,2015,-1.581431,78.0,2.447947,78.0,4.029378
1477162,70,552,710,0.882978723404255,2015,-1.581431,78.0,-0.2424418,78.0,1.3389892
1477199,70,553,2,0.37037037037037,2015,-0.4330176,66.0,2.447947,78.0,2.8809646
1477354,70,553,710,0.84375,2015,-0.4330176,66.0,-0.2424418,78.0,0.1905758
1477391,70,560,2,0.340425531914894,2015,-0.4500692,78.0,2.447947,78.0,2.8980162
1477546,70,560,710,0.865591397849462,2015,-0.4500692,78.0,-0.2424418,78.0,0.2076274
1477583,70,565,2,0.296511627906977,2015,-0.9596031,70.0,2.447947,78.0,3.4075501
1477738,70,565,710,0.870588235294118,2015,-0.9596031,70.0,-0.2424418,78.0,0.7171613
1477775,70,570,2,0.35625,2015,-0.5167408,65.0,2.447947,78.0,2.9646878
1477930,70,570,710,0.848101265822785,2015,-0.5167408,65.0,-0.2424418,78.0,0.274299
1477967,70,571,2,0.350574712643678,2015,-0.4315872,73.0,2.447947,78.0,2.8795342
1478122,70,571,710,0.831395348837209,2015,-0.4315872,73.0,-0.2424418,78.0,0.1891454
1478159,70,572,2,0.382352941176471,2015,-0.6539217,53.0,2.447947,78.0,3.1018687
1478314,70,572,710,0.828358208955224,2015,-0.6539217,53.0,-0.2424418,78.0,0.4114799
1478351,70,580,2,0.385135135135135,2015,-0.4699829,60.0,2.447947,78.0,2.9179299
1478506,70,580,710,0.849315068493151,2015,-0.4699829,60.0,-0.2424418,78.0,0.2275411
1478543,70,581,2,0.337662337662338,2015,-0.7997665,62.0,2.447947,78.0,3.2477135
1478698,70,581,710,0.855263157894737,2015,-0.7997665,62.0,-0.2424418,78.0,0.5573247
1478735,70,590,2,0.3125,2015,-0.2828589,77.0,2.447947,78.0,2.7308059
1478890,70,590,710,0.85632183908046,2015,-0.2828589,77.0,-0.2424418,78.0,0.0404171
1478927,70,591,2,0.388888888888889,2015,-0.597322,19.0,2.447947,78.0,3.045269
1479082,70,591,710,0.814814814814815,2015,-0.597322,19.0,-0.2424418,78.0,0.3548802
1479119,70,600,2,0.357894736842105,2015,-0.4931438,78.0,2.447947,78.0,2.9410908
1479274,70,600,710,0.861702127659574,2015,-0.4931438,78.0,-0.2424418,78.0,0.250702
1479311,70,615,2,0.292553191489362,2015,-1.179658,77.0,2.447947,78.0,3.627605
1479466,70,615,710,0.897849462365591,2015,-1.179658,77.0,-0.2424418,78.0,0.9372162
1479503,70,616,2,0.340425531914894,2015,-0.5994387,78.0,2.447947,78.0,3.0473857
1479658,70,616,710,0.860215053763441,2015,-0.5994387,78.0,-0.2424418,78.0,0.3569969
1479695,70,620,2,0.320652173913043,2015,-0.7489529,75.0,2.447947,78.0,3.1968999
1479850,70,620,710,0.857142857142857,2015,-0.7489529,75.0,-0.2424418,78.0,0.5065111
1479887,70,625,2,0.268421052631579,2015,-1.673378,78.0,2.447947,78.0,4.121325
1480042,70,625,710,0.867021276595745,2015,-1.673378,78.0,-0.2424418,78.0,1.4309362
1480079,70,626,2,0.367647058823529,2015,-0.01515879,31.0,2.447947,78.0,2.46310579
1480234,70,626,710,0.75,2015,-0.01515879,31.0,-0.2424418,78.0,0.22728301
1480271,70,630,2,0.218390804597701,2015,-1.318916,74.0,2.447947,78.0,3.766863
1480426,70,630,710,0.895348837209302,2015,-1.318916,74.0,-0.2424418,78.0,1.0764742
1480463,70,640,2,0.580645161290323,2015,0.5643227,76.0,2.447947,78.0,1.8836243
1480618,70,640,710,0.701086956521739,2015,0.5643227,76.0,-0.2424418,78.0,0.8067645
1480655,70,645,2,0.319148936170213,2015,-0.8878521,77.0,2.447947,78.0,3.3357991
1480810,70,645,710,0.870967741935484,2015,-0.8878521,77.0,-0.2424418,78.0,0.6454103
1480847,70,651,2,0.305263157894737,2015,-1.220508,78.0,2.447947,78.0,3.668455
1481002,70,651,710,0.861702127659574,2015,-1.220508,78.0,-0.2424418,78.0,0.9780662
1481039,70,652,2,0.21195652173913,2015,-1.535561,78.0,2.447947,78.0,3.983508
1481194,70,652,710,0.862637362637363,2015,-1.535561,78.0,-0.2424418,78.0,1.2931192
1481231,70,660,2,0.333333333333333,2015,-0.7637551,78.0,2.447947,78.0,3.2117021
1481386,70,660,710,0.858695652173913,2015,-0.7637551,78.0,-0.2424418,78.0,0.5213133
1481423,70,663,2,0.336842105263158,2015,-0.5965912,78.0,2.447947,78.0,3.0445382
1481578,70,663,710,0.861702127659574,2015,-0.5965912,78.0,-0.2424418,78.0,0.3541494
1481615,70,666,2,0.889473684210526,2015,2.248481,78.0,2.447947,78.0,0.199466
1481770,70,666,710,0.281914893617021,2015,2.248481,78.0,-0.2424418,78.0,2.4909228
1481807,70,670,2,0.335106382978723,2015,-0.7690061,77.0,2.447947,78.0,3.2169531
1481962,70,670,710,0.844086021505376,2015,-0.7690061,77.0,-0.2424418,78.0,0.5265643
1481999,70,679,2,0.323863636363636,2015,-0.8657727,72.0,2.447947,78.0,3.3137197
1482154,70,679,710,0.873563218390805,2015,-0.8657727,72.0,-0.2424418,78.0,0.6233309
1482191,70,690,2,0.315789473684211,2015,-0.9151519,78.0,2.447947,78.0,3.3630989
1482346,70,690,710,0.861702127659574,2015,-0.9151519,78.0,-0.2424418,78.0,0.6727101
1482383,70,692,2,0.331578947368421,2015,-0.7242315,78.0,2.447947,78.0,3.1721785
1482538,70,692,710,0.867021276595745,2015,-0.7242315,78.0,-0.2424418,78.0,0.4817897
1482575,70,694,2,0.315789473684211,2015,-0.915847,78.0,2.447947,78.0,3.363794
1482730,70,694,710,0.861702127659574,2015,-0.915847,78.0,-0.2424418,78.0,0.6734052
1482767,70,696,2,0.331578947368421,2015,-0.7355093,78.0,2.447947,78.0,3.1834563
1482922,70,696,710,0.867021276595745,2015,-0.7355093,78.0,-0.2424418,78.0,0.4930675
1482959,70,698,2,0.297872340425532,2015,-1.174824,77.0,2.447947,78.0,3.622771
1483114,70,698,710,0.881720430107527,2015,-1.174824,77.0,-0.2424418,78.0,0.9323822
1483151,70,700,2,0.308988764044944,2015,-0.7468867,73.0,2.447947,78.0,3.1948337
1483306,70,700,710,0.869318181818182,2015,-0.7468867,73.0,-0.2424418,78.0,0.5044449
1483343,70,701,2,0.267605633802817,2015,-0.8706891,61.0,2.447947,78.0,3.3186361
1483498,70,701,710,0.907142857142857,2015,-0.8706891,61.0,-0.2424418,78.0,0.6282473
1483535,70,702,2,0.325301204819277,2015,-0.6334666,70.0,2.447947,78.0,3.0814136
1483690,70,702,710,0.884146341463415,2015,-0.6334666,70.0,-0.2424418,78.0,0.3910248
1483727,70,703,2,0.315217391304348,2015,-0.7464352,76.0,2.447947,78.0,3.1943822
1483882,70,703,710,0.884615384615385,2015,-0.7464352,76.0,-0.2424418,78.0,0.5039934
1483919,70,704,2,0.311764705882353,2015,-0.3517214,74.0,2.447947,78.0,2.7996684
1484074,70,704,710,0.880952380952381,2015,-0.3517214,74.0,-0.2424418,78.0,0.1092796
1484111,70,705,2,0.329787234042553,2015,-0.5394523,78.0,2.447947,78.0,2.9873993
1484266,70,705,710,0.870967741935484,2015,-0.5394523,78.0,-0.2424418,78.0,0.2970105
1484303,70,710,2,0.329787234042553,2015,-0.2424418,78.0,2.447947,78.0,2.6903888
1484304,70,710,20,0.430851063829787,2015,-0.2424418,78.0,1.739521,78.0,1.9819628
1484305,70,710,31,0.811764705882353,2015,-0.2424418,78.0,-0.3532824,69.0,0.1108406
1484306,70,710,40,0.885869565217391,2015,-0.2424418,78.0,-1.706511,78.0,1.4640692
1484307,70,710,41,0.777777777777778,2015,-0.2424418,78.0,-0.2487147,25.0,0.0062729
1484308,70,710,42,0.856382978723404,2015,-0.2424418,78.0,-0.6423782,78.0,0.3999364
1484309,70,710,51,0.83695652173913,2015,-0.2424418,78.0,-0.4593108,77.0,0.216869
1484310,70,710,52,0.848314606741573,2015,-0.2424418,78.0,-0.5376814,75.0,0.2952396
1484311,70,710,53,0.811764705882353,2015,-0.2424418,78.0,-0.3922034,70.0,0.1497616
1484312,70,710,54,0.7734375,2015,-0.2424418,78.0,-0.3579225,50.0,0.1154807
1484313,70,710,55,0.839080459770115,2015,-0.2424418,78.0,-0.4956099,73.0,0.2531681
1484314,70,710,56,0.842696629213483,2015,-0.2424418,78.0,-0.6112601,75.0,0.3688183
1484315,70,710,57,0.848314606741573,2015,-0.2424418,78.0,-0.592614,74.0,0.3501722
1484316,70,710,58,0.810126582278481,2015,-0.2424418,78.0,-0.4735255,64.0,0.2310837
1484317,70,710,60,0.825301204819277,2015,-0.2424418,78.0,-0.4959219,68.0,0.2534801
1484318,70,710,70,0.808510638297872,2015,-0.2424418,78.0,-0.1570235,78.0,0.0854183
1484319,70,710,80,0.827586206896552,2015,-0.2424418,78.0,-0.4073391,73.0,0.1648973
1484320,70,710,90,0.808510638297872,2015,-0.2424418,78.0,-0.2124249,78.0,0.0300169
1484321,70,710,91,0.755434782608696,2015,-0.2424418,78.0,-0.04866152,77.0,0.19378028
1484322,70,710,92,0.835227272727273,2015,-0.2424418,78.0,-0.4749602,73.0,0.2325184
1484323,70,710,93,0.880434782608696,2015,-0.2424418,78.0,-1.504231,78.0,1.2617892
1484324,70,710,94,0.813829787234043,2015,-0.2424418,78.0,-0.2201355,78.0,0.0223063
1484325,70,710,95,0.771276595744681,2015,-0.2424418,78.0,0.03165944,78.0,0.27410124
1484326,70,710,100,0.803191489361702,2015,-0.2424418,78.0,-0.1267715,78.0,0.1156703
1484327,70,710,101,0.856382978723404,2015,-0.2424418,78.0,-1.573647,78.0,1.3312052
1484328,70,710,110,0.858695652173913,2015,-0.2424418,78.0,-0.6146719,77.0,0.3722301
1484329,70,710,115,0.830985915492958,2015,-0.2424418,78.0,-0.6365127,57.0,0.3940709
1484330,70,710,130,0.872340425531915,2015,-0.2424418,78.0,-1.022668,78.0,0.7802262
1484331,70,710,135,0.811827956989247,2015,-0.2424418,78.0,-0.1800363,77.0,0.0624055
1484332,70,710,140,0.840425531914894,2015,-0.2424418,78.0,-0.5306147,78.0,0.2881729
1484333,70,710,145,0.861702127659574,2015,-0.2424418,78.0,-1.313893,78.0,1.0714512
1484334,70,710,150,0.744565217391304,2015,-0.2424418,78.0,-0.0005490411,76.0,0.2418927589
1484335,70,710,155,0.829787234042553,2015,-0.2424418,78.0,-0.3287561,78.0,0.0863143
1484336,70,710,160,0.824468085106383,2015,-0.2424418,78.0,-0.1705056,78.0,0.0719362
1484337,70,710,165,0.835106382978723,2015,-0.2424418,78.0,-0.4523989,78.0,0.2099571
1484338,70,710,200,0.542553191489362,2015,-0.2424418,78.0,1.618814,78.0,1.8612558
1484339,70,710,205,0.659574468085106,2015,-0.2424418,78.0,0.6715229,78.0,0.9139647
1484340,70,710,210,0.632978723404255,2015,-0.2424418,78.0,1.044643,78.0,1.2870848
1484341,70,710,211,0.645161290322581,2015,-0.2424418,78.0,1.028954,77.0,1.2713958
1484342,70,710,212,0.648936170212766,2015,-0.2424418,78.0,0.9622844,78.0,1.2047262
1484343,70,710,220,0.579787234042553,2015,-0.2424418,78.0,1.441286,78.0,1.6837278
1484344,70,710,221,0.620879120879121,2015,-0.2424418,78.0,1.043496,76.0,1.2859378
1484345,70,710,223,0.648936170212766,2015,-0.2424418,78.0,0.7477663,78.0,0.9902081
1484346,70,710,225,0.664893617021277,2015,-0.2424418,78.0,0.673016,78.0,0.9154578
1484347,70,710,230,0.638297872340426,2015,-0.2424418,78.0,1.033599,78.0,1.2760408
1484348,70,710,232,0.648936170212766,2015,-0.2424418,78.0,0.8601595,78.0,1.1026013
1484349,70,710,235,0.66304347826087,2015,-0.2424418,78.0,0.873103,77.0,1.1155448
1484350,70,710,255,0.618279569892473,2015,-0.2424418,78.0,1.194384,77.0,1.4368258
1484351,70,710,290,0.643617021276596,2015,-0.2424418,78.0,1.079567,78.0,1.3220088
1484352,70,710,305,0.645161290322581,2015,-0.2424418,78.0,0.6888647,77.0,0.9313065
1484353,70,710,310,0.638297872340426,2015,-0.2424418,78.0,1.088692,78.0,1.3311338
1484354,70,710,316,0.623655913978495,2015,-0.2424418,78.0,1.166775,77.0,1.4092168
1484355,70,710,317,0.638297872340426,2015,-0.2424418,78.0,1.025707,78.0,1.2681488
1484356,70,710,325,0.654255319148936,2015,-0.2424418,78.0,0.9146405,78.0,1.1570823
1484357,70,710,331,0.655913978494624,2015,-0.2424418,78.0,0.639392,78.0,0.8818338
1484358,70,710,338,0.670212765957447,2015,-0.2424418,78.0,0.5595199,78.0,0.8019617
1484359,70,710,339,0.655555555555556,2015,-0.2424418,78.0,0.9017011,75.0,1.1441429
1484360,70,710,341,0.675531914893617,2015,-0.2424418,78.0,0.714413,78.0,0.9568548
1484361,70,710,343,0.65,2015,-0.2424418,78.0,0.7869218,75.0,1.0293636
1484362,70,710,344,0.645161290322581,2015,-0.2424418,78.0,0.9835753,77.0,1.2260171
1484363,70,710,345,0.706521739130435,2015,-0.2424418,78.0,0.4660687,76.0,0.7085105
1484364,70,710,346,0.682795698924731,2015,-0.2424418,78.0,0.7594876,77.0,1.0019294
1484365,70,710,349,0.654255319148936,2015,-0.2424418,78.0,0.9591039,78.0,1.2015457
1484366,70,710,350,0.675531914893617,2015,-0.2424418,78.0,0.7850083,78.0,1.0274501
1484367,70,710,352,0.67741935483871,2015,-0.2424418,78.0,0.6140066,77.0,0.8564484
1484368,70,710,355,0.654255319148936,2015,-0.2424418,78.0,0.9461321,78.0,1.1885739
1484369,70,710,359,0.666666666666667,2015,-0.2424418,78.0,0.8594897,77.0,1.1019315
1484370,70,710,360,0.659574468085106,2015,-0.2424418,78.0,0.9350591,78.0,1.1775009
1484371,70,710,365,0.845744680851064,2015,-0.2424418,78.0,0.1627959,78.0,0.4052377
1484372,70,710,366,0.643617021276596,2015,-0.2424418,78.0,1.070961,78.0,1.3134028
1484373,70,710,367,0.643617021276596,2015,-0.2424418,78.0,1.074436,78.0,1.3168778
1484374,70,710,368,0.632978723404255,2015,-0.2424418,78.0,1.090488,78.0,1.3329298
1484375,70,710,369,0.642857142857143,2015,-0.2424418,78.0,0.9521632,76.0,1.194605
1484376,70,710,370,0.869318181818182,2015,-0.2424418,78.0,-0.2358136,72.0,0.0066282
1484377,70,710,371,0.803370786516854,2015,-0.2424418,78.0,0.1454661,75.0,0.3879079
1484378,70,710,372,0.675824175824176,2015,-0.2424418,78.0,0.8114167,75.0,1.0538585
1484379,70,710,373,0.855421686746988,2015,-0.2424418,78.0,-0.6634655,71.0,0.4210237
1484380,70,710,375,0.659574468085106,2015,-0.2424418,78.0,0.8733707,78.0,1.1158125
1484381,70,710,380,0.659574468085106,2015,-0.2424418,78.0,0.6666432,78.0,0.909085
1484382,70,710,385,0.659574468085106,2015,-0.2424418,78.0,0.8970836,78.0,1.1395254
1484383,70,710,390,0.638297872340426,2015,-0.2424418,78.0,1.026637,78.0,1.2690788
1484384,70,710,395,0.670212765957447,2015,-0.2424418,78.0,0.8313819,78.0,1.0738237
1484385,70,710,402,0.850574712643678,2015,-0.2424418,78.0,-0.4708743,74.0,0.2284325
1484386,70,710,403,1.0,2015,-0.2424418,78.0,-0.3908067,1.0,0.1483649
1484387,70,710,404,0.86144578313253,2015,-0.2424418,78.0,-0.5488903,69.0,0.3064485
1484388,70,710,411,0.859375,2015,-0.2424418,78.0,-0.7414695,50.0,0.4990277
1484389,70,710,420,0.840579710144927,2015,-0.2424418,78.0,-0.8277914,55.0,0.5853496
1484390,70,710,432,0.869318181818182,2015,-0.2424418,78.0,-0.9088033,74.0,0.6663615
1484391,70,710,433,0.865591397849462,2015,-0.2424418,78.0,-0.6714353,77.0,0.4289935
1484392,70,710,434,0.835443037974684,2015,-0.2424418,78.0,-0.5006106,63.0,0.2581688
1484393,70,710,435,0.859550561797753,2015,-0.2424418,78.0,-0.8382542,74.0,0.5958124
1484394,70,710,436,0.870967741935484,2015,-0.2424418,78.0,-0.8840772,77.0,0.6416354
1484395,70,710,437,0.770114942528736,2015,-0.2424418,78.0,-0.155855,71.0,0.0865868
1484396,70,710,438,0.873626373626374,2015,-0.2424418,78.0,-0.7840653,75.0,0.5416235
1484397,70,710,439,0.869318181818182,2015,-0.2424418,78.0,-0.547408,72.0,0.3049662
1484398,70,710,450,0.777173913043478,2015,-0.2424418,78.0,-0.04428663,76.0,0.19815517
1484399,70,710,451,0.913461538461538,2015,-0.2424418,78.0,-0.5223444,48.0,0.2799026
1484400,70,710,452,0.827586206896552,2015,-0.2424418,78.0,-0.3080351,71.0,0.0655933
1484401,70,710,461,0.798850574712644,2015,-0.2424418,78.0,-0.1533932,72.0,0.0890486
1484402,70,710,471,0.746753246753247,2015,-0.2424418,78.0,-0.0361704,74.0,0.2062714
1484403,70,710,475,0.885869565217391,2015,-0.2424418,78.0,-0.8701881,76.0,0.6277463
1484404,70,710,481,0.833333333333333,2015,-0.2424418,78.0,-0.2616606,75.0,0.0192188
1484405,70,710,482,0.769230769230769,2015,-0.2424418,78.0,-0.1429189,69.0,0.0995229
1484406,70,710,483,0.862068965517241,2015,-0.2424418,78.0,-0.6335327,72.0,0.3910909
1484407,70,710,484,0.870967741935484,2015,-0.2424418,78.0,-0.72195,77.0,0.4795082
1484408,70,710,490,0.830188679245283,2015,-0.2424418,78.0,-0.7837552,45.0,0.5413134
1484409,70,710,500,0.875,2015,-0.2424418,78.0,-0.952237,68.0,0.7097952
1484410,70,710,501,0.864130434782609,2015,-0.2424418,78.0,-0.5245181,76.0,0.2820763
1484411,70,710,510,0.888297872340426,2015,-0.2424418,78.0,-0.8740278,78.0,0.631586
1484412,70,710,516,0.882716049382716,2015,-0.2424418,78.0,-1.24343,66.0,1.0009882
1484413,70,710,517,0.827272727272727,2015,-0.2424418,78.0,-0.4268771,42.0,0.1844353
1484414,70,710,520,0.888888888888889,2015,-0.2424418,78.0,-0.646585,33.0,0.4041432
1484415,70,710,522,0.853260869565217,2015,-0.2424418,78.0,-0.6704667,76.0,0.4280249
1484416,70,710,530,0.853932584269663,2015,-0.2424418,78.0,-0.5439596,74.0,0.3015178
1484417,70,710,531,0.873626373626374,2015,-0.2424418,78.0,-0.6608199,75.0,0.4183781
1484418,70,710,540,0.876404494382023,2015,-0.2424418,78.0,-0.9719056,74.0,0.7294638
1484419,70,710,541,0.869318181818182,2015,-0.2424418,78.0,-0.8127679,74.0,0.5703261
1484420,70,710,551,0.846590909090909,2015,-0.2424418,78.0,-0.5267411,73.0,0.2842993
1484421,70,710,552,0.882978723404255,2015,-0.2424418,78.0,-1.581431,78.0,1.3389892
1484422,70,710,553,0.84375,2015,-0.2424418,78.0,-0.4330176,66.0,0.1905758
1484423,70,710,560,0.865591397849462,2015,-0.2424418,78.0,-0.4500692,78.0,0.2076274
1484424,70,710,565,0.870588235294118,2015,-0.2424418,78.0,-0.9596031,70.0,0.7171613
1484425,70,710,570,0.848101265822785,2015,-0.2424418,78.0,-0.5167408,65.0,0.274299
1484426,70,710,571,0.831395348837209,2015,-0.2424418,78.0,-0.4315872,73.0,0.1891454
1484427,70,710,572,0.828358208955224,2015,-0.2424418,78.0,-0.6539217,53.0,0.4114799
1484428,70,710,580,0.849315068493151,2015,-0.2424418,78.0,-0.4699829,60.0,0.2275411
1484429,70,710,581,0.855263157894737,2015,-0.2424418,78.0,-0.7997665,62.0,0.5573247
1484430,70,710,590,0.85632183908046,2015,-0.2424418,78.0,-0.2828589,77.0,0.0404171
1484431,70,710,591,0.814814814814815,2015,-0.2424418,78.0,-0.597322,19.0,0.3548802
1484432,70,710,600,0.861702127659574,2015,-0.2424418,78.0,-0.4931438,78.0,0.250702
1484433,70,710,615,0.897849462365591,2015,-0.2424418,78.0,-1.179658,77.0,0.9372162
1484434,70,710,616,0.860215053763441,2015,-0.2424418,78.0,-0.5994387,78.0,0.3569969
1484435,70,710,620,0.857142857142857,2015,-0.2424418,78.0,-0.7489529,75.0,0.5065111
1484436,70,710,625,0.867021276595745,2015,-0.2424418,78.0,-1.673378,78.0,1.4309362
1484437,70,710,626,0.75,2015,-0.2424418,78.0,-0.01515879,31.0,0.22728301
1484438,70,710,630,0.895348837209302,2015,-0.2424418,78.0,-1.318916,74.0,1.0764742
1484439,70,710,640,0.701086956521739,2015,-0.2424418,78.0,0.5643227,76.0,0.8067645
1484440,70,710,645,0.870967741935484,2015,-0.2424418,78.0,-0.8878521,77.0,0.6454103
1484441,70,710,651,0.861702127659574,2015,-0.2424418,78.0,-1.220508,78.0,0.9780662
1484442,70,710,652,0.862637362637363,2015,-0.2424418,78.0,-1.535561,78.0,1.2931192
1484443,70,710,660,0.858695652173913,2015,-0.2424418,78.0,-0.7637551,78.0,0.5213133
1484444,70,710,663,0.861702127659574,2015,-0.2424418,78.0,-0.5965912,78.0,0.3541494
1484445,70,710,666,0.281914893617021,2015,-0.2424418,78.0,2.248481,78.0,2.4909228
1484446,70,710,670,0.844086021505376,2015,-0.2424418,78.0,-0.7690061,77.0,0.5265643
1484447,70,710,679,0.873563218390805,2015,-0.2424418,78.0,-0.8657727,72.0,0.6233309
1484448,70,710,690,0.861702127659574,2015,-0.2424418,78.0,-0.9151519,78.0,0.6727101
1484449,70,710,692,0.867021276595745,2015,-0.2424418,78.0,-0.7242315,78.0,0.4817897
1484450,70,710,694,0.861702127659574,2015,-0.2424418,78.0,-0.915847,78.0,0.6734052
1484451,70,710,696,0.867021276595745,2015,-0.2424418,78.0,-0.7355093,78.0,0.4930675
1484452,70,710,698,0.881720430107527,2015,-0.2424418,78.0,-1.174824,77.0,0.9323822
1484453,70,710,700,0.869318181818182,2015,-0.2424418,78.0,-0.7468867,73.0,0.5044449
1484454,70,710,701,0.907142857142857,2015,-0.2424418,78.0,-0.8706891,61.0,0.6282473
1484455,70,710,702,0.884146341463415,2015,-0.2424418,78.0,-0.6334666,70.0,0.3910248
1484456,70,710,703,0.884615384615385,2015,-0.2424418,78.0,-0.7464352,76.0,0.5039934
1484457,70,710,704,0.880952380952381,2015,-0.2424418,78.0,-0.3517214,74.0,0.1092796
1484458,70,710,705,0.870967741935484,2015,-0.2424418,78.0,-0.5394523,78.0,0.2970105
1484459,70,710,712,0.850574712643678,2015,-0.2424418,78.0,-0.4750485,72.0,0.2326067
1484460,70,710,731,0.863095238095238,2015,-0.2424418,78.0,-0.5053941,72.0,0.2629523
1484461,70,710,732,0.682795698924731,2015,-0.2424418,78.0,0.7614308,77.0,1.0038726
1484462,70,710,740,0.691489361702128,2015,-0.2424418,78.0,0.6823147,78.0,0.9247565
1484463,70,710,750,0.803191489361702,2015,-0.2424418,78.0,-0.2221197,78.0,0.0203221
1484464,70,710,760,0.838709677419355,2015,-0.2424418,78.0,-0.411768,78.0,0.1693262
1484465,70,710,770,0.861702127659574,2015,-0.2424418,78.0,-0.2117785,78.0,0.0306633
1484466,70,710,771,0.876344086021505,2015,-0.2424418,78.0,-0.8759072,77.0,0.6334654
1484467,70,710,775,0.887096774193548,2015,-0.2424418,78.0,-0.8719749,78.0,0.6295331
1484468,70,710,780,0.844086021505376,2015,-0.2424418,78.0,-0.6355801,77.0,0.3931383
1484469,70,710,781,0.844086021505376,2015,-0.2424418,78.0,-0.6682173,77.0,0.4257755
1484470,70,710,790,0.858695652173913,2015,-0.2424418,78.0,-0.686726,77.0,0.4442842
1484471,70,710,800,0.845744680851064,2015,-0.2424418,78.0,-0.4034583,78.0,0.1610165
1484472,70,710,811,0.89010989010989,2015,-0.2424418,78.0,-0.9119724,75.0,0.6695306
1484473,70,710,812,0.880681818181818,2015,-0.2424418,78.0,-1.158935,76.0,0.9164932
1484474,70,710,816,0.873626373626374,2015,-0.2424418,78.0,-1.078203,77.0,0.8357612
1484475,70,710,820,0.851063829787234,2015,-0.2424418,78.0,-0.6861919,78.0,0.4437501
1484476,70,710,830,0.851063829787234,2015,-0.2424418,78.0,-0.5749,78.0,0.3324582
1484477,70,710,835,0.876344086021505,2015,-0.2424418,78.0,-0.9285876,78.0,0.6861458
1484478,70,710,840,0.845744680851064,2015,-0.2424418,78.0,-0.4804232,78.0,0.2379814
1484479,70,710,850,0.856382978723404,2015,-0.2424418,78.0,-0.9353202,78.0,0.6928784
1484480,70,710,860,0.823170731707317,2015,-0.2424418,78.0,-0.3811235,68.0,0.1386817
1484481,70,710,900,0.563829787234043,2015,-0.2424418,78.0,1.195142,78.0,1.4375838
1484482,70,710,910,0.791208791208791,2015,-0.2424418,78.0,-0.2181053,76.0,0.0243365
1484483,70,710,920,0.670212765957447,2015,-0.2424418,78.0,0.6078638,78.0,0.8503056
1484484,70,710,935,0.802631578947368,2015,-0.2424418,78.0,-0.1231809,64.0,0.1192609
1484485,70,710,940,0.850574712643678,2015,-0.2424418,78.0,-0.496957,75.0,0.2545152
1484486,70,710,946,0.826666666666667,2015,-0.2424418,78.0,-0.3919553,61.0,0.1495135
1484487,70,710,947,0.8046875,2015,-0.2424418,78.0,-0.2911522,54.0,0.0487104
1484488,70,710,950,0.846590909090909,2015,-0.2424418,78.0,-0.5989767,75.0,0.3565349
1484489,70,710,955,0.778571428571429,2015,-0.2424418,78.0,0.11768,60.0,0.3601218
1484490,70,710,970,0.471428571428571,2015,-0.2424418,78.0,0.6715855,33.0,0.9140273
1484491,70,710,983,0.493333333333333,2015,-0.2424418,78.0,0.6712295,67.0,0.9136713
1484492,70,710,986,0.4375,2015,-0.2424418,78.0,1.041175,56.0,1.2836168
1484493,70,710,987,0.424242424242424,2015,-0.2424418,78.0,1.788792,58.0,2.0312338
1484494,70,710,990,0.80952380952381,2015,-0.2424418,78.0,0.02663865,71.0,0.26908045
1484495,70,712,2,0.357954545454545,2015,-0.4750485,72.0,2.447947,78.0,2.9229955
1484651,70,712,710,0.850574712643678,2015,-0.4750485,72.0,-0.2424418,78.0,0.2326067
1484687,70,731,2,0.18452380952381,2015,-0.5053941,72.0,2.447947,78.0,2.9533411
1484843,70,731,710,0.863095238095238,2015,-0.5053941,72.0,-0.2424418,78.0,0.2629523
1484879,70,732,2,0.638297872340426,2015,0.7614308,77.0,2.447947,78.0,1.6865162
1485035,70,732,710,0.682795698924731,2015,0.7614308,77.0,-0.2424418,78.0,1.0038726
1485071,70,740,2,0.589473684210526,2015,0.6823147,78.0,2.447947,78.0,1.7656323
1485227,70,740,710,0.691489361702128,2015,0.6823147,78.0,-0.2424418,78.0,0.9247565
1485263,70,750,2,0.315789473684211,2015,-0.2221197,78.0,2.447947,78.0,2.6700667
1485419,70,750,710,0.803191489361702,2015,-0.2221197,78.0,-0.2424418,78.0,0.0203221
1485455,70,760,2,0.335106382978723,2015,-0.411768,78.0,2.447947,78.0,2.859715
1485611,70,760,710,0.838709677419355,2015,-0.411768,78.0,-0.2424418,78.0,0.1693262
1485647,70,770,2,0.321052631578947,2015,-0.2117785,78.0,2.447947,78.0,2.6597255
1485803,70,770,710,0.861702127659574,2015,-0.2117785,78.0,-0.2424418,78.0,0.0306633
1485839,70,771,2,0.313829787234043,2015,-0.8759072,77.0,2.447947,78.0,3.3238542
1485995,70,771,710,0.876344086021505,2015,-0.8759072,77.0,-0.2424418,78.0,0.6334654
1486031,70,775,2,0.324468085106383,2015,-0.8719749,78.0,2.447947,78.0,3.3199219
1486187,70,775,710,0.887096774193548,2015,-0.8719749,78.0,-0.2424418,78.0,0.6295331
1486223,70,780,2,0.340425531914894,2015,-0.6355801,77.0,2.447947,78.0,3.0835271
1486379,70,780,710,0.844086021505376,2015,-0.6355801,77.0,-0.2424418,78.0,0.3931383
1486415,70,781,2,0.335106382978723,2015,-0.6682173,77.0,2.447947,78.0,3.1161643
1486571,70,781,710,0.844086021505376,2015,-0.6682173,77.0,-0.2424418,78.0,0.4257755
1486607,70,790,2,0.344086021505376,2015,-0.686726,77.0,2.447947,78.0,3.134673
1486763,70,790,710,0.858695652173913,2015,-0.686726,77.0,-0.2424418,78.0,0.4442842
1486799,70,800,2,0.363157894736842,2015,-0.4034583,78.0,2.447947,78.0,2.8514053
1486955,70,800,710,0.845744680851064,2015,-0.4034583,78.0,-0.2424418,78.0,0.1610165
1486991,70,811,2,0.320652173913043,2015,-0.9119724,75.0,2.447947,78.0,3.3599194
1487147,70,811,710,0.89010989010989,2015,-0.9119724,75.0,-0.2424418,78.0,0.6695306
1487183,70,812,2,0.269662921348315,2015,-1.158935,76.0,2.447947,78.0,3.606882
1487339,70,812,710,0.880681818181818,2015,-1.158935,76.0,-0.2424418,78.0,0.9164932
1487375,70,816,2,0.315217391304348,2015,-1.078203,77.0,2.447947,78.0,3.52615
1487531,70,816,710,0.873626373626374,2015,-1.078203,77.0,-0.2424418,78.0,0.8357612
1487567,70,820,2,0.347368421052632,2015,-0.6861919,78.0,2.447947,78.0,3.1341389
1487723,70,820,710,0.851063829787234,2015,-0.6861919,78.0,-0.2424418,78.0,0.4437501
1487759,70,830,2,0.357894736842105,2015,-0.5749,78.0,2.447947,78.0,3.022847
1487915,70,830,710,0.851063829787234,2015,-0.5749,78.0,-0.2424418,78.0,0.3324582
1487951,70,835,2,0.324468085106383,2015,-0.9285876,78.0,2.447947,78.0,3.3765346
1488107,70,835,710,0.876344086021505,2015,-0.9285876,78.0,-0.2424418,78.0,0.6861458
1488143,70,840,2,0.363157894736842,2015,-0.4804232,78.0,2.447947,78.0,2.9283702
1488299,70,840,710,0.845744680851064,2015,-0.4804232,78.0,-0.2424418,78.0,0.2379814
1488335,70,850,2,0.321052631578947,2015,-0.9353202,78.0,2.447947,78.0,3.3832672
1488491,70,850,710,0.856382978723404,2015,-0.9353202,78.0,-0.2424418,78.0,0.6928784
1488527,70,860,2,0.379518072289157,2015,-0.3811235,68.0,2.447947,78.0,2.8290705
1488683,70,860,710,0.823170731707317,2015,-0.3811235,68.0,-0.2424418,78.0,0.1386817
1488719,70,900,2,0.721052631578947,2015,1.195142,78.0,2.447947,78.0,1.252805
1488875,70,900,710,0.563829787234043,2015,1.195142,78.0,-0.2424418,78.0,1.4375838
1488911,70,910,2,0.41304347826087,2015,-0.2181053,76.0,2.447947,78.0,2.6660523
1489067,70,910,710,0.791208791208791,2015,-0.2181053,76.0,-0.2424418,78.0,0.0243365
1489103,70,920,2,0.557894736842105,2015,0.6078638,78.0,2.447947,78.0,1.8400832
1489259,70,920,710,0.670212765957447,2015,0.6078638,78.0,-0.2424418,78.0,0.8503056
1489295,70,935,2,0.422077922077922,2015,-0.1231809,64.0,2.447947,78.0,2.5711279
1489451,70,935,710,0.802631578947368,2015,-0.1231809,64.0,-0.2424418,78.0,0.1192609
1489487,70,940,2,0.346590909090909,2015,-0.496957,75.0,2.447947,78.0,2.944904
1489643,70,940,710,0.850574712643678,2015,-0.496957,75.0,-0.2424418,78.0,0.2545152
1489679,70,946,2,0.388157894736842,2015,-0.3919553,61.0,2.447947,78.0,2.8399023
1489835,70,946,710,0.826666666666667,2015,-0.3919553,61.0,-0.2424418,78.0,0.1495135
1489871,70,947,2,0.375,2015,-0.2911522,54.0,2.447947,78.0,2.7390992
1490027,70,947,710,0.8046875,2015,-0.2911522,54.0,-0.2424418,78.0,0.0487104
1490063,70,950,2,0.337078651685393,2015,-0.5989767,75.0,2.447947,78.0,3.0469237
1490219,70,950,710,0.846590909090909,2015,-0.5989767,75.0,-0.2424418,78.0,0.3565349
1490255,70,955,2,0.428571428571429,2015,0.11768,60.0,2.447947,78.0,2.330267
1490411,70,955,710,0.778571428571429,2015,0.11768,60.0,-0.2424418,78.0,0.3601218
1490447,70,970,2,0.514285714285714,2015,0.6715855,33.0,2.447947,78.0,1.7763615
1490603,70,970,710,0.471428571428571,2015,0.6715855,33.0,-0.2424418,78.0,0.9140273
1490639,70,983,2,0.677631578947368,2015,0.6712295,67.0,2.447947,78.0,1.7767175
1490795,70,983,710,0.493333333333333,2015,0.6712295,67.0,-0.2424418,78.0,0.9136713
1490831,70,986,2,0.7578125,2015,1.041175,56.0,2.447947,78.0,1.406772
1490987,70,986,710,0.4375,2015,1.041175,56.0,-0.2424418,78.0,1.2836168
1491023,70,987,2,0.893939393939394,2015,1.788792,58.0,2.447947,78.0,0.659155
1491179,70,987,710,0.424242424242424,2015,1.788792,58.0,-0.2424418,78.0,2.0312338
1491215,70,990,2,0.411764705882353,2015,0.02663865,71.0,2.447947,78.0,2.42130835
1491371,70,990,710,0.80952380952381,2015,0.02663865,71.0,-0.2424418,78.0,0.26908045
1491407,71,2,20,0.875,2016,2.44198,80.0,1.548762,80.0,0.893218
1491408,71,2,31,0.508620689655172,2016,2.44198,80.0,-0.4434746,78.0,2.8854546
1491409,71,2,40,0.323275862068966,2016,2.44198,80.0,-1.760222,79.0,4.202202
1491410,71,2,41,0.590909090909091,2016,2.44198,80.0,-0.2367093,54.0,2.6786893
1491411,71,2,42,0.5125,2016,2.44198,80.0,-0.4266784,80.0,2.8686584
1491412,71,2,51,0.516666666666667,2016,2.44198,80.0,-0.3695623,80.0,2.8115423
1491413,71,2,52,0.491379310344828,2016,2.44198,80.0,-0.521103,79.0,2.963083
1491414,71,2,53,0.526086956521739,2016,2.44198,80.0,-0.3547087,77.0,2.7966887
1491415,71,2,54,0.538834951456311,2016,2.44198,80.0,-0.4050797,69.0,2.8470597
1491416,71,2,55,0.616883116883117,2016,2.44198,80.0,-0.4984389,45.0,2.9404189
1491417,71,2,56,0.490909090909091,2016,2.44198,80.0,-0.4630847,75.0,2.9050647
1491418,71,2,57,0.482142857142857,2016,2.44198,80.0,-0.5224098,77.0,2.9643898
1491419,71,2,58,0.508547008547009,2016,2.44198,80.0,-0.4983656,78.0,2.9403456
1491420,71,2,60,0.552380952380952,2016,2.44198,80.0,-0.2777326,69.0,2.7197126
1491421,71,2,70,0.529166666666667,2016,2.44198,80.0,-0.1080672,80.0,2.5500472
1491422,71,2,80,0.513888888888889,2016,2.44198,80.0,-0.2669854,75.0,2.7089654
1491423,71,2,90,0.55,2016,2.44198,80.0,0.009629517,80.0,2.432350483
1491424,71,2,91,0.593220338983051,2016,2.44198,80.0,0.1089492,79.0,2.3330308
1491425,71,2,92,0.46218487394958,2016,2.44198,80.0,-0.4586134,80.0,2.9005934
1491426,71,2,93,0.317796610169492,2016,2.44198,80.0,-1.36278,79.0,3.80476
1491427,71,2,94,0.525423728813559,2016,2.44198,80.0,-0.172757,79.0,2.614737
1491428,71,2,95,0.550847457627119,2016,2.44198,80.0,-0.03788133,78.0,2.47986133
1491429,71,2,100,0.521186440677966,2016,2.44198,80.0,-0.1675408,78.0,2.6095208
1491430,71,2,101,0.373949579831933,2016,2.44198,80.0,-1.444146,79.0,3.886126
1491431,71,2,110,0.469827586206897,2016,2.44198,80.0,-0.5168194,79.0,2.9587994
1491432,71,2,115,0.427884615384615,2016,2.44198,80.0,-0.7044967,76.0,3.1464767
1491433,71,2,130,0.420833333333333,2016,2.44198,80.0,-0.8899895,80.0,3.3319695
1491434,71,2,135,0.533333333333333,2016,2.44198,80.0,-0.1377397,80.0,2.5797197
1491435,71,2,140,0.504201680672269,2016,2.44198,80.0,-0.4877548,79.0,2.9297348
1491436,71,2,145,0.36864406779661,2016,2.44198,80.0,-1.441994,79.0,3.883974
1491437,71,2,150,0.563025210084034,2016,2.44198,80.0,0.01529373,79.0,2.42668627
1491438,71,2,155,0.520833333333333,2016,2.44198,80.0,-0.2650283,80.0,2.7070083
1491439,71,2,160,0.533333333333333,2016,2.44198,80.0,-0.1198959,80.0,2.5618759
1491440,71,2,165,0.512605042016807,2016,2.44198,80.0,-0.4018292,79.0,2.8438092
1491441,71,2,200,0.783333333333333,2016,2.44198,80.0,1.634006,80.0,0.807974
1491442,71,2,205,0.6625,2016,2.44198,80.0,0.7105142,80.0,1.7314658
1491443,71,2,210,0.7125,2016,2.44198,80.0,1.008357,80.0,1.433623
1491444,71,2,211,0.725,2016,2.44198,80.0,1.063613,80.0,1.378367
1491445,71,2,212,0.710084033613445,2016,2.44198,80.0,0.9655042,79.0,1.4764758
1491446,71,2,220,0.7625,2016,2.44198,80.0,1.390369,80.0,1.051611
1491447,71,2,221,0.743362831858407,2016,2.44198,80.0,1.099265,75.0,1.342715
1491448,71,2,223,0.651260504201681,2016,2.44198,80.0,0.6381417,79.0,1.8038383
1491449,71,2,225,0.654166666666667,2016,2.44198,80.0,0.6279411,80.0,1.8140389
1491450,71,2,230,0.722689075630252,2016,2.44198,80.0,1.092728,79.0,1.349252
1491451,71,2,232,0.695833333333333,2016,2.44198,80.0,0.876623,80.0,1.565357
1491452,71,2,235,0.711206896551724,2016,2.44198,80.0,0.8847149,79.0,1.5572651
1491453,71,2,255,0.741666666666667,2016,2.44198,80.0,1.171731,80.0,1.270249
1491454,71,2,290,0.733333333333333,2016,2.44198,80.0,1.054499,80.0,1.387481
1491455,71,2,305,0.651260504201681,2016,2.44198,80.0,0.6487778,79.0,1.7932022
1491456,71,2,310,0.733333333333333,2016,2.44198,80.0,1.134644,80.0,1.307336
1491457,71,2,316,0.733333333333333,2016,2.44198,80.0,1.203702,80.0,1.238278
1491458,71,2,317,0.720833333333333,2016,2.44198,80.0,1.071849,80.0,1.370131
1491459,71,2,325,0.716666666666667,2016,2.44198,80.0,0.9275182,80.0,1.5144618
1491460,71,2,331,0.65,2016,2.44198,80.0,0.6037793,80.0,1.8382007
1491461,71,2,338,0.65,2016,2.44198,80.0,0.6227919,80.0,1.8191881
1491462,71,2,339,0.710084033613445,2016,2.44198,80.0,0.9726739,79.0,1.4693061
1491463,71,2,341,0.720833333333333,2016,2.44198,80.0,1.06895,80.0,1.37303
1491464,71,2,343,0.670833333333333,2016,2.44198,80.0,0.7725568,80.0,1.6694232
1491465,71,2,344,0.716666666666667,2016,2.44198,80.0,1.048354,80.0,1.393626
1491466,71,2,345,0.642241379310345,2016,2.44198,80.0,0.490449,77.0,1.951531
1491467,71,2,346,0.679166666666667,2016,2.44198,80.0,0.7458082,80.0,1.6961718
1491468,71,2,349,0.716666666666667,2016,2.44198,80.0,1.034623,80.0,1.407357
1491469,71,2,350,0.6875,2016,2.44198,80.0,0.7066532,80.0,1.7353268
1491470,71,2,352,0.645833333333333,2016,2.44198,80.0,0.5880196,80.0,1.8539604
1491471,71,2,355,0.716666666666667,2016,2.44198,80.0,0.9848742,80.0,1.4571058
1491472,71,2,359,0.688034188034188,2016,2.44198,80.0,0.8225112,78.0,1.6194688
1491473,71,2,360,0.733333333333333,2016,2.44198,80.0,1.086501,80.0,1.355479
1491474,71,2,365,0.418103448275862,2016,2.44198,80.0,0.1978092,80.0,2.2441708
1491475,71,2,366,0.729166666666667,2016,2.44198,80.0,1.11396,80.0,1.32802
1491476,71,2,367,0.726890756302521,2016,2.44198,80.0,1.108829,79.0,1.333151
1491477,71,2,368,0.733333333333333,2016,2.44198,80.0,1.123961,80.0,1.318019
1491478,71,2,369,0.717391304347826,2016,2.44198,80.0,1.054849,77.0,1.387131
1491479,71,2,370,0.366379310344828,2016,2.44198,80.0,-0.3293689,77.0,2.7713489
1491480,71,2,371,0.490990990990991,2016,2.44198,80.0,0.1624483,80.0,2.2795317
1491481,71,2,372,0.709821428571429,2016,2.44198,80.0,0.8793117,75.0,1.5626683
1491482,71,2,373,0.429906542056075,2016,2.44198,80.0,-0.6421886,74.0,3.0841686
1491483,71,2,375,0.695833333333333,2016,2.44198,80.0,0.8644585,80.0,1.5775215
1491484,71,2,380,0.6625,2016,2.44198,80.0,0.6995404,80.0,1.7424396
1491485,71,2,385,0.690677966101695,2016,2.44198,80.0,0.8869472,79.0,1.5550328
1491486,71,2,390,0.722689075630252,2016,2.44198,80.0,1.099878,79.0,1.342102
1491487,71,2,395,0.689075630252101,2016,2.44198,80.0,0.8214456,79.0,1.6205344
1491488,71,2,402,0.513888888888889,2016,2.44198,80.0,-0.4161411,76.0,2.8581211
1491489,71,2,403,0.233333333333333,2016,2.44198,80.0,-0.5262507,13.0,2.9682307
1491490,71,2,404,0.463302752293578,2016,2.44198,80.0,-0.63478,75.0,3.07676
1491491,71,2,411,0.230769230769231,2016,2.44198,80.0,-0.6880791,20.0,3.1300591
1491492,71,2,420,0.159090909090909,2016,2.44198,80.0,-0.812413,22.0,3.254393
1491493,71,2,432,0.470338983050847,2016,2.44198,80.0,-0.6872213,78.0,3.1292013
1491494,71,2,433,0.487179487179487,2016,2.44198,80.0,-0.556626,77.0,2.998606
1491495,71,2,434,0.464912280701754,2016,2.44198,80.0,-0.5422101,77.0,2.9841901
1491496,71,2,435,0.415178571428571,2016,2.44198,80.0,-0.8100168,77.0,3.2519968
1491497,71,2,436,0.481981981981982,2016,2.44198,80.0,-0.5742409,75.0,3.0162209
1491498,71,2,437,0.580188679245283,2016,2.44198,80.0,-0.03423689,70.0,2.47621689
1491499,71,2,438,0.504950495049505,2016,2.44198,80.0,-0.6863551,65.0,3.1283351
1491500,71,2,439,0.472222222222222,2016,2.44198,80.0,-0.5066874,73.0,2.9486674
1491501,71,2,450,0.542452830188679,2016,2.44198,80.0,-0.257311,69.0,2.699291
1491502,71,2,451,0.509174311926605,2016,2.44198,80.0,-0.3731905,72.0,2.8151705
1491503,71,2,452,0.518018018018018,2016,2.44198,80.0,-0.4245737,73.0,2.8665537
1491504,71,2,461,0.551724137931034,2016,2.44198,80.0,0.10611,79.0,2.33587
1491505,71,2,471,0.429411764705882,2016,2.44198,80.0,0.0568426,77.0,2.3851374
1491506,71,2,475,0.466101694915254,2016,2.44198,80.0,-0.7321423,78.0,3.1741223
1491507,71,2,481,0.233333333333333,2016,2.44198,80.0,-0.3213729,25.0,2.7633529
1491508,71,2,482,0.473684210526316,2016,2.44198,80.0,-0.2518058,70.0,2.6937858
1491509,71,2,483,0.472477064220183,2016,2.44198,80.0,-0.5370395,74.0,2.9790195
1491510,71,2,484,0.47196261682243,2016,2.44198,80.0,-0.7019033,72.0,3.1438833
1491511,71,2,490,0.553333333333333,2016,2.44198,80.0,-0.4575899,47.0,2.8995699
1491512,71,2,500,0.438144329896907,2016,2.44198,80.0,-1.070818,58.0,3.512798
1491513,71,2,501,0.435897435897436,2016,2.44198,80.0,-0.7619471,77.0,3.2039271
1491514,71,2,510,0.405982905982906,2016,2.44198,80.0,-0.7873757,79.0,3.2293557
1491515,71,2,516,0.376106194690265,2016,2.44198,80.0,-1.368019,74.0,3.809999
1491516,71,2,517,0.75,2016,2.44198,80.0,-0.3636861,4.0,2.8056661
1491517,71,2,520,0.3,2016,2.44198,80.0,-0.4392556,17.0,2.8812356
1491518,71,2,522,0.450892857142857,2016,2.44198,80.0,-0.7580653,76.0,3.2000453
1491519,71,2,530,0.469298245614035,2016,2.44198,80.0,-0.53418,78.0,2.97616
1491520,71,2,531,0.352380952380952,2016,2.44198,80.0,-0.6363202,76.0,3.0783002
1491521,71,2,540,0.441964285714286,2016,2.44198,80.0,-0.7370061,75.0,3.1789861
1491522,71,2,541,0.460526315789474,2016,2.44198,80.0,-0.6910123,77.0,3.1329923
1491523,71,2,551,0.463636363636364,2016,2.44198,80.0,-0.5897573,76.0,3.0317373
1491524,71,2,552,0.274336283185841,2016,2.44198,80.0,-1.628229,78.0,4.070209
1491525,71,2,553,0.515,2016,2.44198,80.0,-0.2360944,67.0,2.6780744
1491526,71,2,560,0.435344827586207,2016,2.44198,80.0,-0.5036966,78.0,2.9456766
1491527,71,2,565,0.464601769911504,2016,2.44198,80.0,-0.7042303,73.0,3.1462103
1491528,71,2,570,0.461206896551724,2016,2.44198,80.0,-0.7033863,78.0,3.1453663
1491529,71,2,571,0.519047619047619,2016,2.44198,80.0,-0.3698301,71.0,2.8118101
1491530,71,2,572,0.567567567567568,2016,2.44198,80.0,-0.6187608,44.0,3.0607408
1491531,71,2,580,0.527173913043478,2016,2.44198,80.0,-0.5502678,61.0,2.9922478
1491532,71,2,581,0.458333333333333,2016,2.44198,80.0,-0.6594027,75.0,3.1013827
1491533,71,2,590,0.425925925925926,2016,2.44198,80.0,-0.4266413,77.0,2.8686213
1491534,71,2,591,0.330645161290323,2016,2.44198,80.0,-0.622984,60.0,3.064964
1491535,71,2,600,0.457264957264957,2016,2.44198,80.0,-0.6127588,77.0,3.0547388
1491536,71,2,615,0.370833333333333,2016,2.44198,80.0,-1.288175,80.0,3.730155
1491537,71,2,616,0.461206896551724,2016,2.44198,80.0,-0.641829,78.0,3.083809
1491538,71,2,620,0.43859649122807,2016,2.44198,80.0,-0.830168,78.0,3.272148
1491539,71,2,625,0.365546218487395,2016,2.44198,80.0,-1.26573,79.0,3.70771
1491540,71,2,626,0.514705882352941,2016,2.44198,80.0,0.257802,68.0,2.184178
1491541,71,2,630,0.291304347826087,2016,2.44198,80.0,-1.957844,77.0,4.399824
1491542,71,2,640,0.651260504201681,2016,2.44198,80.0,0.6376225,79.0,1.8043575
1491543,71,2,645,0.391666666666667,2016,2.44198,80.0,-1.137304,80.0,3.579284
1491544,71,2,651,0.370833333333333,2016,2.44198,80.0,-1.185073,80.0,3.627053
1491545,71,2,652,0.262931034482759,2016,2.44198,80.0,-1.994483,79.0,4.436463
1491546,71,2,660,0.391089108910891,2016,2.44198,80.0,-1.188022,78.0,3.630002
1491547,71,2,663,0.4375,2016,2.44198,80.0,-0.8249395,80.0,3.2669195
1491548,71,2,666,0.896551724137931,2016,2.44198,80.0,2.227168,78.0,0.214812
1491549,71,2,670,0.429166666666667,2016,2.44198,80.0,-0.7240636,80.0,3.1660436
1491550,71,2,679,0.424107142857143,2016,2.44198,80.0,-0.7259026,78.0,3.1678826
1491551,71,2,690,0.420833333333333,2016,2.44198,80.0,-0.9410981,80.0,3.3830781
1491552,71,2,692,0.433333333333333,2016,2.44198,80.0,-0.7534373,80.0,3.1954173
1491553,71,2,694,0.429166666666667,2016,2.44198,80.0,-0.856918,80.0,3.298898
1491554,71,2,696,0.428571428571429,2016,2.44198,80.0,-0.7531158,79.0,3.1950958
1491555,71,2,698,0.394067796610169,2016,2.44198,80.0,-1.068498,80.0,3.510478
1491556,71,2,700,0.458715596330275,2016,2.44198,80.0,-0.7902777,73.0,3.2322577
1491557,71,2,701,0.39873417721519,2016,2.44198,80.0,-0.775953,59.0,3.217933
1491558,71,2,702,0.365979381443299,2016,2.44198,80.0,-0.6133396,77.0,3.0553196
1491559,71,2,703,0.277777777777778,2016,2.44198,80.0,-0.5913384,74.0,3.0333184
1491560,71,2,704,0.346153846153846,2016,2.44198,80.0,-0.241216,74.0,2.683196
1491561,71,2,705,0.461206896551724,2016,2.44198,80.0,-0.412017,80.0,2.853997
1491562,71,2,710,0.390756302521008,2016,2.44198,80.0,-0.4841945,79.0,2.9261745
1491563,71,2,712,0.508547008547009,2016,2.44198,80.0,-0.5538085,78.0,2.9957885
1491564,71,2,731,0.228723404255319,2016,2.44198,80.0,-0.7051737,71.0,3.1471537
1491565,71,2,732,0.728448275862069,2016,2.44198,80.0,0.9610713,77.0,1.4809087
1491566,71,2,740,0.6875,2016,2.44198,80.0,0.6872618,80.0,1.7547182
1491567,71,2,750,0.404166666666667,2016,2.44198,80.0,-0.2934108,80.0,2.7353908
1491568,71,2,760,0.453389830508475,2016,2.44198,80.0,-0.4650055,78.0,2.9069855
1491569,71,2,770,0.415966386554622,2016,2.44198,80.0,-0.3388825,80.0,2.7808625
1491570,71,2,771,0.461864406779661,2016,2.44198,80.0,-0.9217094,79.0,3.3636894
1491571,71,2,775,0.431034482758621,2016,2.44198,80.0,-0.7316838,79.0,3.1736638
1491572,71,2,780,0.452991452991453,2016,2.44198,80.0,-0.6473146,79.0,3.0892946
1491573,71,2,781,0.491525423728814,2016,2.44198,80.0,-0.5910024,79.0,3.0329824
1491574,71,2,790,0.478448275862069,2016,2.44198,80.0,-0.6599213,78.0,3.1019013
1491575,71,2,800,0.516666666666667,2016,2.44198,80.0,-0.4235609,80.0,2.8655409
1491576,71,2,811,0.469827586206897,2016,2.44198,80.0,-0.8153664,77.0,3.2573464
1491577,71,2,812,0.389908256880734,2016,2.44198,80.0,-0.9469341,77.0,3.3889141
1491578,71,2,816,0.398058252427184,2016,2.44198,80.0,-1.014977,76.0,3.456957
1491579,71,2,820,0.483050847457627,2016,2.44198,80.0,-0.6628298,79.0,3.1048098
1491580,71,2,830,0.483333333333333,2016,2.44198,80.0,-0.6133176,80.0,3.0552976
1491581,71,2,835,0.453781512605042,2016,2.44198,80.0,-0.9171064,79.0,3.3590864
1491582,71,2,840,0.4875,2016,2.44198,80.0,-0.6136346,80.0,3.0556146
1491583,71,2,850,0.425,2016,2.44198,80.0,-1.052153,80.0,3.494133
1491584,71,2,860,0.505376344086022,2016,2.44198,80.0,-0.306309,65.0,2.748289
1491585,71,2,900,0.781512605042017,2016,2.44198,80.0,1.233776,79.0,1.208204
1491586,71,2,910,0.525,2016,2.44198,80.0,-0.1938125,80.0,2.6357925
1491587,71,2,920,0.647058823529412,2016,2.44198,80.0,0.6299697,80.0,1.8120103
1491588,71,2,935,0.585585585585586,2016,2.44198,80.0,0.02338406,76.0,2.41859594
1491589,71,2,940,0.490654205607477,2016,2.44198,80.0,-0.3301342,76.0,2.7721142
1491590,71,2,946,0.550925925925926,2016,2.44198,80.0,-0.2406656,72.0,2.6826456
1491591,71,2,947,0.522222222222222,2016,2.44198,80.0,-0.3133362,63.0,2.7553162
1491592,71,2,950,0.469298245614035,2016,2.44198,80.0,-0.4191894,78.0,2.8611694
1491593,71,2,955,0.5625,2016,2.44198,80.0,0.1390091,65.0,2.3029709
1491594,71,2,970,0.481818181818182,2016,2.44198,80.0,0.1581394,53.0,2.2838406
1491595,71,2,983,0.797169811320755,2016,2.44198,80.0,0.7769708,70.0,1.6650092
1491596,71,2,986,0.765217391304348,2016,2.44198,80.0,0.8177648,78.0,1.6242152
1491597,71,2,987,0.901098901098901,2016,2.44198,80.0,1.54115,65.0,0.90083
1491598,71,2,990,0.525773195876289,2016,2.44198,80.0,-0.1266309,70.0,2.5686109
1491599,71,20,2,0.875,2016,1.548762,80.0,2.44198,80.0,0.893218
1491754,71,20,710,0.491666666666667,2016,1.548762,80.0,-0.4841945,79.0,2.0329565
1491791,71,31,2,0.508620689655172,2016,-0.4434746,78.0,2.44198,80.0,2.8854546
1491946,71,31,710,0.818965517241379,2016,-0.4434746,78.0,-0.4841945,79.0,0.0407199
1491983,71,40,2,0.323275862068966,2016,-1.760222,79.0,2.44198,80.0,4.202202
1492138,71,40,710,0.843478260869565,2016,-1.760222,79.0,-0.4841945,79.0,1.2760275
1492175,71,41,2,0.590909090909091,2016,-0.2367093,54.0,2.44198,80.0,2.6786893
1492330,71,41,710,0.770114942528736,2016,-0.2367093,54.0,-0.4841945,79.0,0.2474852
1492367,71,42,2,0.5125,2016,-0.4266784,80.0,2.44198,80.0,2.8686584
1492522,71,42,710,0.8,2016,-0.4266784,80.0,-0.4841945,79.0,0.0575161
1492559,71,51,2,0.516666666666667,2016,-0.3695623,80.0,2.44198,80.0,2.8115423
1492714,71,51,710,0.8125,2016,-0.3695623,80.0,-0.4841945,79.0,0.1146322
1492751,71,52,2,0.491379310344828,2016,-0.521103,79.0,2.44198,80.0,2.963083
1492906,71,52,710,0.834782608695652,2016,-0.521103,79.0,-0.4841945,79.0,0.0369085
1492943,71,53,2,0.526086956521739,2016,-0.3547087,77.0,2.44198,80.0,2.7966887
1493098,71,53,710,0.804347826086957,2016,-0.3547087,77.0,-0.4841945,79.0,0.1294858
1493135,71,54,2,0.538834951456311,2016,-0.4050797,69.0,2.44198,80.0,2.8470597
1493290,71,54,710,0.818627450980392,2016,-0.4050797,69.0,-0.4841945,79.0,0.0791148
1493327,71,55,2,0.616883116883117,2016,-0.4984389,45.0,2.44198,80.0,2.9404189
1493482,71,55,710,0.822368421052632,2016,-0.4984389,45.0,-0.4841945,79.0,0.0142444
1493519,71,56,2,0.490909090909091,2016,-0.4630847,75.0,2.44198,80.0,2.9050647
1493674,71,56,710,0.839449541284404,2016,-0.4630847,75.0,-0.4841945,79.0,0.0211098
1493711,71,57,2,0.482142857142857,2016,-0.5224098,77.0,2.44198,80.0,2.9643898
1493866,71,57,710,0.837837837837838,2016,-0.5224098,77.0,-0.4841945,79.0,0.0382153
1493903,71,58,2,0.508547008547009,2016,-0.4983656,78.0,2.44198,80.0,2.9403456
1494058,71,58,710,0.814655172413793,2016,-0.4983656,78.0,-0.4841945,79.0,0.0141711
1494095,71,60,2,0.552380952380952,2016,-0.2777326,69.0,2.44198,80.0,2.7197126
1494250,71,60,710,0.788461538461538,2016,-0.2777326,69.0,-0.4841945,79.0,0.2064619
1494287,71,70,2,0.529166666666667,2016,-0.1080672,80.0,2.44198,80.0,2.5500472
1494442,71,70,710,0.775,2016,-0.1080672,80.0,-0.4841945,79.0,0.3761273
1494479,71,80,2,0.513888888888889,2016,-0.2669854,75.0,2.44198,80.0,2.7089654
1494634,71,80,710,0.813084112149533,2016,-0.2669854,75.0,-0.4841945,79.0,0.2172091
1494671,71,90,2,0.55,2016,0.009629517,80.0,2.44198,80.0,2.432350483
1494826,71,90,710,0.754166666666667,2016,0.009629517,80.0,-0.4841945,79.0,0.493824017
1494863,71,91,2,0.593220338983051,2016,0.1089492,79.0,2.44198,80.0,2.3330308
1495018,71,91,710,0.716101694915254,2016,0.1089492,79.0,-0.4841945,79.0,0.5931437
1495055,71,92,2,0.46218487394958,2016,-0.4586134,80.0,2.44198,80.0,2.9005934
1495210,71,92,710,0.789915966386555,2016,-0.4586134,80.0,-0.4841945,79.0,0.0255811
1495247,71,93,2,0.317796610169492,2016,-1.36278,79.0,2.44198,80.0,3.80476
1495402,71,93,710,0.854700854700855,2016,-1.36278,79.0,-0.4841945,79.0,0.8785855
1495439,71,94,2,0.525423728813559,2016,-0.172757,79.0,2.44198,80.0,2.614737
1495594,71,94,710,0.775423728813559,2016,-0.172757,79.0,-0.4841945,79.0,0.3114375
1495631,71,95,2,0.550847457627119,2016,-0.03788133,78.0,2.44198,80.0,2.47986133
1495786,71,95,710,0.741525423728814,2016,-0.03788133,78.0,-0.4841945,79.0,0.44631317
1495823,71,100,2,0.521186440677966,2016,-0.1675408,78.0,2.44198,80.0,2.6095208
1495978,71,100,710,0.779661016949153,2016,-0.1675408,78.0,-0.4841945,79.0,0.3166537
1496015,71,101,2,0.373949579831933,2016,-1.444146,79.0,2.44198,80.0,3.886126
1496170,71,101,710,0.813559322033898,2016,-1.444146,79.0,-0.4841945,79.0,0.9599515
1496207,71,110,2,0.469827586206897,2016,-0.5168194,79.0,2.44198,80.0,2.9587994
1496362,71,110,710,0.857758620689655,2016,-0.5168194,79.0,-0.4841945,79.0,0.0326249
1496399,71,115,2,0.427884615384615,2016,-0.7044967,76.0,2.44198,80.0,3.1464767
1496554,71,115,710,0.875,2016,-0.7044967,76.0,-0.4841945,79.0,0.2203022
1496591,71,130,2,0.420833333333333,2016,-0.8899895,80.0,2.44198,80.0,3.3319695
1496746,71,130,710,0.80672268907563,2016,-0.8899895,80.0,-0.4841945,79.0,0.405795
1496783,71,135,2,0.533333333333333,2016,-0.1377397,80.0,2.44198,80.0,2.5797197
1496938,71,135,710,0.779166666666667,2016,-0.1377397,80.0,-0.4841945,79.0,0.3464548
1496975,71,140,2,0.504201680672269,2016,-0.4877548,79.0,2.44198,80.0,2.9297348
1497130,71,140,710,0.794117647058823,2016,-0.4877548,79.0,-0.4841945,79.0,0.0035602999999999
1497167,71,145,2,0.36864406779661,2016,-1.441994,79.0,2.44198,80.0,3.883974
1497322,71,145,710,0.799145299145299,2016,-1.441994,79.0,-0.4841945,79.0,0.9577995
1497359,71,150,2,0.563025210084034,2016,0.01529373,79.0,2.44198,80.0,2.42668627
1497514,71,150,710,0.743697478991597,2016,0.01529373,79.0,-0.4841945,79.0,0.49948823
1497551,71,155,2,0.520833333333333,2016,-0.2650283,80.0,2.44198,80.0,2.7070083
1497706,71,155,710,0.791666666666667,2016,-0.2650283,80.0,-0.4841945,79.0,0.2191662
1497743,71,160,2,0.533333333333333,2016,-0.1198959,80.0,2.44198,80.0,2.5618759
1497898,71,160,710,0.7875,2016,-0.1198959,80.0,-0.4841945,79.0,0.3642986
1497935,71,165,2,0.512605042016807,2016,-0.4018292,79.0,2.44198,80.0,2.8438092
1498090,71,165,710,0.794117647058823,2016,-0.4018292,79.0,-0.4841945,79.0,0.0823653
1498127,71,200,2,0.783333333333333,2016,1.634006,80.0,2.44198,80.0,0.807974
1498282,71,200,710,0.570833333333333,2016,1.634006,80.0,-0.4841945,79.0,2.1182005
1498319,71,205,2,0.6625,2016,0.7105142,80.0,2.44198,80.0,1.7314658
1498474,71,205,710,0.65,2016,0.7105142,80.0,-0.4841945,79.0,1.1947087
1498511,71,210,2,0.7125,2016,1.008357,80.0,2.44198,80.0,1.433623
1498666,71,210,710,0.641666666666667,2016,1.008357,80.0,-0.4841945,79.0,1.4925515
1498703,71,211,2,0.725,2016,1.063613,80.0,2.44198,80.0,1.378367
1498858,71,211,710,0.6375,2016,1.063613,80.0,-0.4841945,79.0,1.5478075
1498895,71,212,2,0.710084033613445,2016,0.9655042,79.0,2.44198,80.0,1.4764758
1499050,71,212,710,0.638655462184874,2016,0.9655042,79.0,-0.4841945,79.0,1.4496987
1499087,71,220,2,0.7625,2016,1.390369,80.0,2.44198,80.0,1.051611
1499242,71,220,710,0.5875,2016,1.390369,80.0,-0.4841945,79.0,1.8745635
1499279,71,221,2,0.743362831858407,2016,1.099265,75.0,2.44198,80.0,1.342715
1499434,71,221,710,0.619469026548673,2016,1.099265,75.0,-0.4841945,79.0,1.5834595
1499471,71,223,2,0.651260504201681,2016,0.6381417,79.0,2.44198,80.0,1.8038383
1499626,71,223,710,0.663865546218487,2016,0.6381417,79.0,-0.4841945,79.0,1.1223362
1499663,71,225,2,0.654166666666667,2016,0.6279411,80.0,2.44198,80.0,1.8140389
1499818,71,225,710,0.675,2016,0.6279411,80.0,-0.4841945,79.0,1.1121356
1499855,71,230,2,0.722689075630252,2016,1.092728,79.0,2.44198,80.0,1.349252
1500010,71,230,710,0.630252100840336,2016,1.092728,79.0,-0.4841945,79.0,1.5769225
1500047,71,232,2,0.695833333333333,2016,0.876623,80.0,2.44198,80.0,1.565357
1500202,71,232,710,0.654166666666667,2016,0.876623,80.0,-0.4841945,79.0,1.3608175
1500239,71,235,2,0.711206896551724,2016,0.8847149,79.0,2.44198,80.0,1.5572651
1500394,71,235,710,0.668103448275862,2016,0.8847149,79.0,-0.4841945,79.0,1.3689094
1500431,71,255,2,0.741666666666667,2016,1.171731,80.0,2.44198,80.0,1.270249
1500586,71,255,710,0.625,2016,1.171731,80.0,-0.4841945,79.0,1.6559255
1500623,71,290,2,0.733333333333333,2016,1.054499,80.0,2.44198,80.0,1.387481
1500778,71,290,710,0.641666666666667,2016,1.054499,80.0,-0.4841945,79.0,1.5386935
1500815,71,305,2,0.651260504201681,2016,0.6487778,79.0,2.44198,80.0,1.7932022
1500970,71,305,710,0.65546218487395,2016,0.6487778,79.0,-0.4841945,79.0,1.1329723
1501007,71,310,2,0.733333333333333,2016,1.134644,80.0,2.44198,80.0,1.307336
1501162,71,310,710,0.633333333333333,2016,1.134644,80.0,-0.4841945,79.0,1.6188385
1501199,71,316,2,0.733333333333333,2016,1.203702,80.0,2.44198,80.0,1.238278
1501354,71,316,710,0.625,2016,1.203702,80.0,-0.4841945,79.0,1.6878965
1501391,71,317,2,0.720833333333333,2016,1.071849,80.0,2.44198,80.0,1.370131
1501546,71,317,710,0.6375,2016,1.071849,80.0,-0.4841945,79.0,1.5560435
1501583,71,325,2,0.716666666666667,2016,0.9275182,80.0,2.44198,80.0,1.5144618
1501738,71,325,710,0.645833333333333,2016,0.9275182,80.0,-0.4841945,79.0,1.4117127
1501775,71,331,2,0.65,2016,0.6037793,80.0,2.44198,80.0,1.8382007
1501930,71,331,710,0.6625,2016,0.6037793,80.0,-0.4841945,79.0,1.0879738
1501967,71,338,2,0.65,2016,0.6227919,80.0,2.44198,80.0,1.8191881
1502122,71,338,710,0.6625,2016,0.6227919,80.0,-0.4841945,79.0,1.1069864
1502159,71,339,2,0.710084033613445,2016,0.9726739,79.0,2.44198,80.0,1.4693061
1502314,71,339,710,0.642857142857143,2016,0.9726739,79.0,-0.4841945,79.0,1.4568684
1502351,71,341,2,0.720833333333333,2016,1.06895,80.0,2.44198,80.0,1.37303
1502506,71,341,710,0.6375,2016,1.06895,80.0,-0.4841945,79.0,1.5531445
1502543,71,343,2,0.670833333333333,2016,0.7725568,80.0,2.44198,80.0,1.6694232
1502698,71,343,710,0.65,2016,0.7725568,80.0,-0.4841945,79.0,1.2567513
1502735,71,344,2,0.716666666666667,2016,1.048354,80.0,2.44198,80.0,1.393626
1502890,71,344,710,0.641666666666667,2016,1.048354,80.0,-0.4841945,79.0,1.5325485
1502927,71,345,2,0.642241379310345,2016,0.490449,77.0,2.44198,80.0,1.951531
1503082,71,345,710,0.732758620689655,2016,0.490449,77.0,-0.4841945,79.0,0.9746435
1503119,71,346,2,0.679166666666667,2016,0.7458082,80.0,2.44198,80.0,1.6961718
1503274,71,346,710,0.683333333333333,2016,0.7458082,80.0,-0.4841945,79.0,1.2300027
1503311,71,349,2,0.716666666666667,2016,1.034623,80.0,2.44198,80.0,1.407357
1503466,71,349,710,0.6375,2016,1.034623,80.0,-0.4841945,79.0,1.5188175
1503503,71,350,2,0.6875,2016,0.7066532,80.0,2.44198,80.0,1.7353268
1503658,71,350,710,0.675,2016,0.7066532,80.0,-0.4841945,79.0,1.1908477
1503695,71,352,2,0.645833333333333,2016,0.5880196,80.0,2.44198,80.0,1.8539604
1503850,71,352,710,0.683333333333333,2016,0.5880196,80.0,-0.4841945,79.0,1.0722141
1503887,71,355,2,0.716666666666667,2016,0.9848742,80.0,2.44198,80.0,1.4571058
1504042,71,355,710,0.645833333333333,2016,0.9848742,80.0,-0.4841945,79.0,1.4690687
1504079,71,359,2,0.688034188034188,2016,0.8225112,78.0,2.44198,80.0,1.6194688
1504234,71,359,710,0.662393162393162,2016,0.8225112,78.0,-0.4841945,79.0,1.3067057
1504271,71,360,2,0.733333333333333,2016,1.086501,80.0,2.44198,80.0,1.355479
1504426,71,360,710,0.641666666666667,2016,1.086501,80.0,-0.4841945,79.0,1.5706955
1504463,71,365,2,0.418103448275862,2016,0.1978092,80.0,2.44198,80.0,2.2441708
1504618,71,365,710,0.804347826086957,2016,0.1978092,80.0,-0.4841945,79.0,0.6820037
1504655,71,366,2,0.729166666666667,2016,1.11396,80.0,2.44198,80.0,1.32802
1504810,71,366,710,0.6375,2016,1.11396,80.0,-0.4841945,79.0,1.5981545
1504847,71,367,2,0.726890756302521,2016,1.108829,79.0,2.44198,80.0,1.333151
1505002,71,367,710,0.634453781512605,2016,1.108829,79.0,-0.4841945,79.0,1.5930235
1505039,71,368,2,0.733333333333333,2016,1.123961,80.0,2.44198,80.0,1.318019
1505194,71,368,710,0.625,2016,1.123961,80.0,-0.4841945,79.0,1.6081555
1505231,71,369,2,0.717391304347826,2016,1.054849,77.0,2.44198,80.0,1.387131
1505386,71,369,710,0.640350877192982,2016,1.054849,77.0,-0.4841945,79.0,1.5390435
1505423,71,370,2,0.366379310344828,2016,-0.3293689,77.0,2.44198,80.0,2.7713489
1505578,71,370,710,0.860869565217391,2016,-0.3293689,77.0,-0.4841945,79.0,0.1548256
1505615,71,371,2,0.490990990990991,2016,0.1624483,80.0,2.44198,80.0,2.2795317
1505770,71,371,710,0.788288288288288,2016,0.1624483,80.0,-0.4841945,79.0,0.6466428
1505807,71,372,2,0.709821428571429,2016,0.8793117,75.0,2.44198,80.0,1.5626683
1505962,71,372,710,0.669642857142857,2016,0.8793117,75.0,-0.4841945,79.0,1.3635062
1505999,71,373,2,0.429906542056075,2016,-0.6421886,74.0,2.44198,80.0,3.0841686
1506154,71,373,710,0.841121495327103,2016,-0.6421886,74.0,-0.4841945,79.0,0.1579941
1506191,71,375,2,0.695833333333333,2016,0.8644585,80.0,2.44198,80.0,1.5775215
1506346,71,375,710,0.658333333333333,2016,0.8644585,80.0,-0.4841945,79.0,1.348653
1506383,71,380,2,0.6625,2016,0.6995404,80.0,2.44198,80.0,1.7424396
1506538,71,380,710,0.658333333333333,2016,0.6995404,80.0,-0.4841945,79.0,1.1837349
1506575,71,385,2,0.690677966101695,2016,0.8869472,79.0,2.44198,80.0,1.5550328
1506730,71,385,710,0.653846153846154,2016,0.8869472,79.0,-0.4841945,79.0,1.3711417
1506767,71,390,2,0.722689075630252,2016,1.099878,79.0,2.44198,80.0,1.342102
1506922,71,390,710,0.630252100840336,2016,1.099878,79.0,-0.4841945,79.0,1.5840725
1506959,71,395,2,0.689075630252101,2016,0.8214456,79.0,2.44198,80.0,1.6205344
1507114,71,395,710,0.668067226890756,2016,0.8214456,79.0,-0.4841945,79.0,1.3056401
1507151,71,402,2,0.513888888888889,2016,-0.4161411,76.0,2.44198,80.0,2.8581211
1507306,71,402,710,0.808411214953271,2016,-0.4161411,76.0,-0.4841945,79.0,0.0680534
1507343,71,403,2,0.233333333333333,2016,-0.5262507,13.0,2.44198,80.0,2.9682307
1507498,71,403,710,0.8,2016,-0.5262507,13.0,-0.4841945,79.0,0.0420561999999999
1507535,71,404,2,0.463302752293578,2016,-0.63478,75.0,2.44198,80.0,3.07676
1507690,71,404,710,0.847222222222222,2016,-0.63478,75.0,-0.4841945,79.0,0.1505855
1507727,71,411,2,0.230769230769231,2016,-0.6880791,20.0,2.44198,80.0,3.1300591
1507882,71,411,710,0.846153846153846,2016,-0.6880791,20.0,-0.4841945,79.0,0.2038846
1507919,71,420,2,0.159090909090909,2016,-0.812413,22.0,2.44198,80.0,3.254393
1508074,71,420,710,0.954545454545455,2016,-0.812413,22.0,-0.4841945,79.0,0.3282185
1508111,71,432,2,0.470338983050847,2016,-0.6872213,78.0,2.44198,80.0,3.1292013
1508266,71,432,710,0.843220338983051,2016,-0.6872213,78.0,-0.4841945,79.0,0.2030268
1508303,71,433,2,0.487179487179487,2016,-0.556626,77.0,2.44198,80.0,2.998606
1508458,71,433,710,0.833333333333333,2016,-0.556626,77.0,-0.4841945,79.0,0.0724314999999999
1508495,71,434,2,0.464912280701754,2016,-0.5422101,77.0,2.44198,80.0,2.9841901
1508650,71,434,710,0.853982300884956,2016,-0.5422101,77.0,-0.4841945,79.0,0.0580156
1508687,71,435,2,0.415178571428571,2016,-0.8100168,77.0,2.44198,80.0,3.2519968
1508842,71,435,710,0.828828828828829,2016,-0.8100168,77.0,-0.4841945,79.0,0.3258223
1508879,71,436,2,0.481981981981982,2016,-0.5742409,75.0,2.44198,80.0,3.0162209
1509034,71,436,710,0.818181818181818,2016,-0.5742409,75.0,-0.4841945,79.0,0.0900464
1509071,71,437,2,0.580188679245283,2016,-0.03423689,70.0,2.44198,80.0,2.47621689
1509226,71,437,710,0.759433962264151,2016,-0.03423689,70.0,-0.4841945,79.0,0.44995761
1509263,71,438,2,0.504950495049505,2016,-0.6863551,65.0,2.44198,80.0,3.1283351
1509418,71,438,710,0.841584158415842,2016,-0.6863551,65.0,-0.4841945,79.0,0.2021606
1509455,71,439,2,0.472222222222222,2016,-0.5066874,73.0,2.44198,80.0,2.9486674
1509610,71,439,710,0.850467289719626,2016,-0.5066874,73.0,-0.4841945,79.0,0.0224929
1509647,71,450,2,0.542452830188679,2016,-0.257311,69.0,2.44198,80.0,2.699291
1509802,71,450,710,0.8,2016,-0.257311,69.0,-0.4841945,79.0,0.2268835
1509839,71,451,2,0.509174311926605,2016,-0.3731905,72.0,2.44198,80.0,2.8151705
1509994,71,451,710,0.821100917431193,2016,-0.3731905,72.0,-0.4841945,79.0,0.111004
1510031,71,452,2,0.518018018018018,2016,-0.4245737,73.0,2.44198,80.0,2.8665537
1510186,71,452,710,0.81981981981982,2016,-0.4245737,73.0,-0.4841945,79.0,0.0596208
1510223,71,461,2,0.551724137931034,2016,0.10611,79.0,2.44198,80.0,2.33587
1510378,71,461,710,0.771551724137931,2016,0.10611,79.0,-0.4841945,79.0,0.5903045
1510415,71,471,2,0.429411764705882,2016,0.0568426,77.0,2.44198,80.0,2.3851374
1510570,71,471,710,0.752941176470588,2016,0.0568426,77.0,-0.4841945,79.0,0.5410371
1510607,71,475,2,0.466101694915254,2016,-0.7321423,78.0,2.44198,80.0,3.1741223
1510762,71,475,710,0.843220338983051,2016,-0.7321423,78.0,-0.4841945,79.0,0.2479478
1510799,71,481,2,0.233333333333333,2016,-0.3213729,25.0,2.44198,80.0,2.7633529
1510954,71,481,710,0.816666666666667,2016,-0.3213729,25.0,-0.4841945,79.0,0.1628216
1510991,71,482,2,0.473684210526316,2016,-0.2518058,70.0,2.44198,80.0,2.6937858
1511146,71,482,710,0.835106382978723,2016,-0.2518058,70.0,-0.4841945,79.0,0.2323887
1511183,71,483,2,0.472477064220183,2016,-0.5370395,74.0,2.44198,80.0,2.9790195
1511338,71,483,710,0.851851851851852,2016,-0.5370395,74.0,-0.4841945,79.0,0.052845
1511375,71,484,2,0.47196261682243,2016,-0.7019033,72.0,2.44198,80.0,3.1438833
1511530,71,484,710,0.858490566037736,2016,-0.7019033,72.0,-0.4841945,79.0,0.2177088
1511567,71,490,2,0.553333333333333,2016,-0.4575899,47.0,2.44198,80.0,2.8995699
1511722,71,490,710,0.844594594594595,2016,-0.4575899,47.0,-0.4841945,79.0,0.0266046
1511759,71,500,2,0.438144329896907,2016,-1.070818,58.0,2.44198,80.0,3.512798
1511914,71,500,710,0.802083333333333,2016,-1.070818,58.0,-0.4841945,79.0,0.5866235
1511951,71,501,2,0.435897435897436,2016,-0.7619471,77.0,2.44198,80.0,3.2039271
1512106,71,501,710,0.875,2016,-0.7619471,77.0,-0.4841945,79.0,0.2777526
1512143,71,510,2,0.405982905982906,2016,-0.7873757,79.0,2.44198,80.0,3.2293557
1512298,71,510,710,0.85042735042735,2016,-0.7873757,79.0,-0.4841945,79.0,0.3031812
1512335,71,516,2,0.376106194690265,2016,-1.368019,74.0,2.44198,80.0,3.809999
1512490,71,516,710,0.924107142857143,2016,-1.368019,74.0,-0.4841945,79.0,0.8838245
1512527,71,517,2,0.75,2016,-0.3636861,4.0,2.44198,80.0,2.8056661
1512682,71,517,710,0.666666666666667,2016,-0.3636861,4.0,-0.4841945,79.0,0.1205084
1512719,71,520,2,0.3,2016,-0.4392556,17.0,2.44198,80.0,2.8812356
1512874,71,520,710,0.76,2016,-0.4392556,17.0,-0.4841945,79.0,0.0449389
1512911,71,522,2,0.450892857142857,2016,-0.7580653,76.0,2.44198,80.0,3.2000453
1513066,71,522,710,0.857142857142857,2016,-0.7580653,76.0,-0.4841945,79.0,0.2738708
1513103,71,530,2,0.469298245614035,2016,-0.53418,78.0,2.44198,80.0,2.97616
1513258,71,530,710,0.858407079646018,2016,-0.53418,78.0,-0.4841945,79.0,0.0499855
1513295,71,531,2,0.352380952380952,2016,-0.6363202,76.0,2.44198,80.0,3.0783002
1513450,71,531,710,0.884615384615385,2016,-0.6363202,76.0,-0.4841945,79.0,0.1521257
1513487,71,540,2,0.441964285714286,2016,-0.7370061,75.0,2.44198,80.0,3.1789861
1513642,71,540,710,0.855855855855856,2016,-0.7370061,75.0,-0.4841945,79.0,0.2528116
1513679,71,541,2,0.460526315789474,2016,-0.6910123,77.0,2.44198,80.0,3.1329923
1513834,71,541,710,0.846491228070175,2016,-0.6910123,77.0,-0.4841945,79.0,0.2068178
1513871,71,551,2,0.463636363636364,2016,-0.5897573,76.0,2.44198,80.0,3.0317373
1514026,71,551,710,0.857798165137615,2016,-0.5897573,76.0,-0.4841945,79.0,0.1055628
1514063,71,552,2,0.274336283185841,2016,-1.628229,78.0,2.44198,80.0,4.070209
1514218,71,552,710,0.84375,2016,-1.628229,78.0,-0.4841945,79.0,1.1440345
1514255,71,553,2,0.515,2016,-0.2360944,67.0,2.44198,80.0,2.6780744
1514410,71,553,710,0.777777777777778,2016,-0.2360944,67.0,-0.4841945,79.0,0.2481001
1514447,71,560,2,0.435344827586207,2016,-0.5036966,78.0,2.44198,80.0,2.9456766
1514602,71,560,710,0.865217391304348,2016,-0.5036966,78.0,-0.4841945,79.0,0.0195021
1514639,71,565,2,0.464601769911504,2016,-0.7042303,73.0,2.44198,80.0,3.1462103
1514794,71,565,710,0.831858407079646,2016,-0.7042303,73.0,-0.4841945,79.0,0.2200358
1514831,71,570,2,0.461206896551724,2016,-0.7033863,78.0,2.44198,80.0,3.1453663
1514986,71,570,710,0.857758620689655,2016,-0.7033863,78.0,-0.4841945,79.0,0.2191918
1515023,71,571,2,0.519047619047619,2016,-0.3698301,71.0,2.44198,80.0,2.8118101
1515178,71,571,710,0.817307692307692,2016,-0.3698301,71.0,-0.4841945,79.0,0.1143644
1515215,71,572,2,0.567567567567568,2016,-0.6187608,44.0,2.44198,80.0,3.0607408
1515370,71,572,710,0.821917808219178,2016,-0.6187608,44.0,-0.4841945,79.0,0.1345663
1515407,71,580,2,0.527173913043478,2016,-0.5502678,61.0,2.44198,80.0,2.9922478
1515562,71,580,710,0.840659340659341,2016,-0.5502678,61.0,-0.4841945,79.0,0.0660732999999999
1515599,71,581,2,0.458333333333333,2016,-0.6594027,75.0,2.44198,80.0,3.1013827
1515754,71,581,710,0.869158878504673,2016,-0.6594027,75.0,-0.4841945,79.0,0.1752082
1515791,71,590,2,0.425925925925926,2016,-0.4266413,77.0,2.44198,80.0,2.8686213
1515946,71,590,710,0.833333333333333,2016,-0.4266413,77.0,-0.4841945,79.0,0.0575532
1515983,71,591,2,0.330645161290323,2016,-0.622984,60.0,2.44198,80.0,3.064964
1516138,71,591,710,0.852459016393443,2016,-0.622984,60.0,-0.4841945,79.0,0.1387895
1516175,71,600,2,0.457264957264957,2016,-0.6127588,77.0,2.44198,80.0,3.0547388
1516330,71,600,710,0.867521367521368,2016,-0.6127588,77.0,-0.4841945,79.0,0.1285643
1516367,71,615,2,0.370833333333333,2016,-1.288175,80.0,2.44198,80.0,3.730155
1516522,71,615,710,0.866666666666667,2016,-1.288175,80.0,-0.4841945,79.0,0.8039805
1516559,71,616,2,0.461206896551724,2016,-0.641829,78.0,2.44198,80.0,3.083809
1516714,71,616,710,0.780172413793103,2016,-0.641829,78.0,-0.4841945,79.0,0.1576345
1516751,71,620,2,0.43859649122807,2016,-0.830168,78.0,2.44198,80.0,3.272148
1516906,71,620,710,0.842105263157895,2016,-0.830168,78.0,-0.4841945,79.0,0.3459735
1516943,71,625,2,0.365546218487395,2016,-1.26573,79.0,2.44198,80.0,3.70771
1517098,71,625,710,0.865546218487395,2016,-1.26573,79.0,-0.4841945,79.0,0.7815355
1517135,71,626,2,0.514705882352941,2016,0.257802,68.0,2.44198,80.0,2.184178
1517290,71,626,710,0.727722772277228,2016,0.257802,68.0,-0.4841945,79.0,0.7419965
1517327,71,630,2,0.291304347826087,2016,-1.957844,77.0,2.44198,80.0,4.399824
1517482,71,630,710,0.855263157894737,2016,-1.957844,77.0,-0.4841945,79.0,1.4736495
1517519,71,640,2,0.651260504201681,2016,0.6376225,79.0,2.44198,80.0,1.8043575
1517674,71,640,710,0.710084033613445,2016,0.6376225,79.0,-0.4841945,79.0,1.121817
1517711,71,645,2,0.391666666666667,2016,-1.137304,80.0,2.44198,80.0,3.579284
1517866,71,645,710,0.870833333333333,2016,-1.137304,80.0,-0.4841945,79.0,0.6531095
1517903,71,651,2,0.370833333333333,2016,-1.185073,80.0,2.44198,80.0,3.627053
1518058,71,651,710,0.816666666666667,2016,-1.185073,80.0,-0.4841945,79.0,0.7008785
1518095,71,652,2,0.262931034482759,2016,-1.994483,79.0,2.44198,80.0,4.436463
1518250,71,652,710,0.865217391304348,2016,-1.994483,79.0,-0.4841945,79.0,1.5102885
1518287,71,660,2,0.391089108910891,2016,-1.188022,78.0,2.44198,80.0,3.630002
1518442,71,660,710,0.885,2016,-1.188022,78.0,-0.4841945,79.0,0.7038275
1518479,71,663,2,0.4375,2016,-0.8249395,80.0,2.44198,80.0,3.2669195
1518634,71,663,710,0.808333333333333,2016,-0.8249395,80.0,-0.4841945,79.0,0.340745
1518671,71,666,2,0.896551724137931,2016,2.227168,78.0,2.44198,80.0,0.214812
1518826,71,666,710,0.369565217391304,2016,2.227168,78.0,-0.4841945,79.0,2.7113625
1518863,71,670,2,0.429166666666667,2016,-0.7240636,80.0,2.44198,80.0,3.1660436
1519018,71,670,710,0.808333333333333,2016,-0.7240636,80.0,-0.4841945,79.0,0.2398691
1519055,71,679,2,0.424107142857143,2016,-0.7259026,78.0,2.44198,80.0,3.1678826
1519210,71,679,710,0.815315315315315,2016,-0.7259026,78.0,-0.4841945,79.0,0.2417081
1519247,71,690,2,0.420833333333333,2016,-0.9410981,80.0,2.44198,80.0,3.3830781
1519402,71,690,710,0.815126050420168,2016,-0.9410981,80.0,-0.4841945,79.0,0.4569036
1519439,71,692,2,0.433333333333333,2016,-0.7534373,80.0,2.44198,80.0,3.1954173
1519594,71,692,710,0.820833333333333,2016,-0.7534373,80.0,-0.4841945,79.0,0.2692428
1519631,71,694,2,0.429166666666667,2016,-0.856918,80.0,2.44198,80.0,3.298898
1519786,71,694,710,0.808333333333333,2016,-0.856918,80.0,-0.4841945,79.0,0.3727235
1519823,71,696,2,0.428571428571429,2016,-0.7531158,79.0,2.44198,80.0,3.1950958
1519978,71,696,710,0.819327731092437,2016,-0.7531158,79.0,-0.4841945,79.0,0.2689213
1520015,71,698,2,0.394067796610169,2016,-1.068498,80.0,2.44198,80.0,3.510478
1520170,71,698,710,0.843220338983051,2016,-1.068498,80.0,-0.4841945,79.0,0.5843035
1520207,71,700,2,0.458715596330275,2016,-0.7902777,73.0,2.44198,80.0,3.2322577
1520362,71,700,710,0.875,2016,-0.7902777,73.0,-0.4841945,79.0,0.3060832
1520399,71,701,2,0.39873417721519,2016,-0.775953,59.0,2.44198,80.0,3.217933
1520554,71,701,710,0.923076923076923,2016,-0.775953,59.0,-0.4841945,79.0,0.2917585
1520591,71,702,2,0.365979381443299,2016,-0.6133396,77.0,2.44198,80.0,3.0553196
1520746,71,702,710,0.864583333333333,2016,-0.6133396,77.0,-0.4841945,79.0,0.1291451
1520783,71,703,2,0.277777777777778,2016,-0.5913384,74.0,2.44198,80.0,3.0333184
1520938,71,703,710,0.888888888888889,2016,-0.5913384,74.0,-0.4841945,79.0,0.1071439
1520975,71,704,2,0.346153846153846,2016,-0.241216,74.0,2.44198,80.0,2.683196
1521130,71,704,710,0.868131868131868,2016,-0.241216,74.0,-0.4841945,79.0,0.2429785
1521167,71,705,2,0.461206896551724,2016,-0.412017,80.0,2.44198,80.0,2.853997
1521322,71,705,710,0.857758620689655,2016,-0.412017,80.0,-0.4841945,79.0,0.0721775
1521359,71,710,2,0.390756302521008,2016,-0.4841945,79.0,2.44198,80.0,2.9261745
1521360,71,710,20,0.491666666666667,2016,-0.4841945,79.0,1.548762,80.0,2.0329565
1521361,71,710,31,0.818965517241379,2016,-0.4841945,79.0,-0.4434746,78.0,0.0407199
1521362,71,710,40,0.843478260869565,2016,-0.4841945,79.0,-1.760222,79.0,1.2760275
1521363,71,710,41,0.770114942528736,2016,-0.4841945,79.0,-0.2367093,54.0,0.2474852
1521364,71,710,42,0.8,2016,-0.4841945,79.0,-0.4266784,80.0,0.0575161
1521365,71,710,51,0.8125,2016,-0.4841945,79.0,-0.3695623,80.0,0.1146322
1521366,71,710,52,0.834782608695652,2016,-0.4841945,79.0,-0.521103,79.0,0.0369085
1521367,71,710,53,0.804347826086957,2016,-0.4841945,79.0,-0.3547087,77.0,0.1294858
1521368,71,710,54,0.818627450980392,2016,-0.4841945,79.0,-0.4050797,69.0,0.0791148
1521369,71,710,55,0.822368421052632,2016,-0.4841945,79.0,-0.4984389,45.0,0.0142444
1521370,71,710,56,0.839449541284404,2016,-0.4841945,79.0,-0.4630847,75.0,0.0211098
1521371,71,710,57,0.837837837837838,2016,-0.4841945,79.0,-0.5224098,77.0,0.0382153
1521372,71,710,58,0.814655172413793,2016,-0.4841945,79.0,-0.4983656,78.0,0.0141711
1521373,71,710,60,0.788461538461538,2016,-0.4841945,79.0,-0.2777326,69.0,0.2064619
1521374,71,710,70,0.775,2016,-0.4841945,79.0,-0.1080672,80.0,0.3761273
1521375,71,710,80,0.813084112149533,2016,-0.4841945,79.0,-0.2669854,75.0,0.2172091
1521376,71,710,90,0.754166666666667,2016,-0.4841945,79.0,0.009629517,80.0,0.493824017
1521377,71,710,91,0.716101694915254,2016,-0.4841945,79.0,0.1089492,79.0,0.5931437
1521378,71,710,92,0.789915966386555,2016,-0.4841945,79.0,-0.4586134,80.0,0.0255811
1521379,71,710,93,0.854700854700855,2016,-0.4841945,79.0,-1.36278,79.0,0.8785855
1521380,71,710,94,0.775423728813559,2016,-0.4841945,79.0,-0.172757,79.0,0.3114375
1521381,71,710,95,0.741525423728814,2016,-0.4841945,79.0,-0.03788133,78.0,0.44631317
1521382,71,710,100,0.779661016949153,2016,-0.4841945,79.0,-0.1675408,78.0,0.3166537
1521383,71,710,101,0.813559322033898,2016,-0.4841945,79.0,-1.444146,79.0,0.9599515
1521384,71,710,110,0.857758620689655,2016,-0.4841945,79.0,-0.5168194,79.0,0.0326249
1521385,71,710,115,0.875,2016,-0.4841945,79.0,-0.7044967,76.0,0.2203022
1521386,71,710,130,0.80672268907563,2016,-0.4841945,79.0,-0.8899895,80.0,0.405795
1521387,71,710,135,0.779166666666667,2016,-0.4841945,79.0,-0.1377397,80.0,0.3464548
1521388,71,710,140,0.794117647058823,2016,-0.4841945,79.0,-0.4877548,79.0,0.0035602999999999
1521389,71,710,145,0.799145299145299,2016,-0.4841945,79.0,-1.441994,79.0,0.9577995
1521390,71,710,150,0.743697478991597,2016,-0.4841945,79.0,0.01529373,79.0,0.49948823
1521391,71,710,155,0.791666666666667,2016,-0.4841945,79.0,-0.2650283,80.0,0.2191662
1521392,71,710,160,0.7875,2016,-0.4841945,79.0,-0.1198959,80.0,0.3642986
1521393,71,710,165,0.794117647058823,2016,-0.4841945,79.0,-0.4018292,79.0,0.0823653
1521394,71,710,200,0.570833333333333,2016,-0.4841945,79.0,1.634006,80.0,2.1182005
1521395,71,710,205,0.65,2016,-0.4841945,79.0,0.7105142,80.0,1.1947087
1521396,71,710,210,0.641666666666667,2016,-0.4841945,79.0,1.008357,80.0,1.4925515
1521397,71,710,211,0.6375,2016,-0.4841945,79.0,1.063613,80.0,1.5478075
1521398,71,710,212,0.638655462184874,2016,-0.4841945,79.0,0.9655042,79.0,1.4496987
1521399,71,710,220,0.5875,2016,-0.4841945,79.0,1.390369,80.0,1.8745635
1521400,71,710,221,0.619469026548673,2016,-0.4841945,79.0,1.099265,75.0,1.5834595
1521401,71,710,223,0.663865546218487,2016,-0.4841945,79.0,0.6381417,79.0,1.1223362
1521402,71,710,225,0.675,2016,-0.4841945,79.0,0.6279411,80.0,1.1121356
1521403,71,710,230,0.630252100840336,2016,-0.4841945,79.0,1.092728,79.0,1.5769225
1521404,71,710,232,0.654166666666667,2016,-0.4841945,79.0,0.876623,80.0,1.3608175
1521405,71,710,235,0.668103448275862,2016,-0.4841945,79.0,0.8847149,79.0,1.3689094
1521406,71,710,255,0.625,2016,-0.4841945,79.0,1.171731,80.0,1.6559255
1521407,71,710,290,0.641666666666667,2016,-0.4841945,79.0,1.054499,80.0,1.5386935
1521408,71,710,305,0.65546218487395,2016,-0.4841945,79.0,0.6487778,79.0,1.1329723
1521409,71,710,310,0.633333333333333,2016,-0.4841945,79.0,1.134644,80.0,1.6188385
1521410,71,710,316,0.625,2016,-0.4841945,79.0,1.203702,80.0,1.6878965
1521411,71,710,317,0.6375,2016,-0.4841945,79.0,1.071849,80.0,1.5560435
1521412,71,710,325,0.645833333333333,2016,-0.4841945,79.0,0.9275182,80.0,1.4117127
1521413,71,710,331,0.6625,2016,-0.4841945,79.0,0.6037793,80.0,1.0879738
1521414,71,710,338,0.6625,2016,-0.4841945,79.0,0.6227919,80.0,1.1069864
1521415,71,710,339,0.642857142857143,2016,-0.4841945,79.0,0.9726739,79.0,1.4568684
1521416,71,710,341,0.6375,2016,-0.4841945,79.0,1.06895,80.0,1.5531445
1521417,71,710,343,0.65,2016,-0.4841945,79.0,0.7725568,80.0,1.2567513
1521418,71,710,344,0.641666666666667,2016,-0.4841945,79.0,1.048354,80.0,1.5325485
1521419,71,710,345,0.732758620689655,2016,-0.4841945,79.0,0.490449,77.0,0.9746435
1521420,71,710,346,0.683333333333333,2016,-0.4841945,79.0,0.7458082,80.0,1.2300027
1521421,71,710,349,0.6375,2016,-0.4841945,79.0,1.034623,80.0,1.5188175
1521422,71,710,350,0.675,2016,-0.4841945,79.0,0.7066532,80.0,1.1908477
1521423,71,710,352,0.683333333333333,2016,-0.4841945,79.0,0.5880196,80.0,1.0722141
1521424,71,710,355,0.645833333333333,2016,-0.4841945,79.0,0.9848742,80.0,1.4690687
1521425,71,710,359,0.662393162393162,2016,-0.4841945,79.0,0.8225112,78.0,1.3067057
1521426,71,710,360,0.641666666666667,2016,-0.4841945,79.0,1.086501,80.0,1.5706955
1521427,71,710,365,0.804347826086957,2016,-0.4841945,79.0,0.1978092,80.0,0.6820037
1521428,71,710,366,0.6375,2016,-0.4841945,79.0,1.11396,80.0,1.5981545
1521429,71,710,367,0.634453781512605,2016,-0.4841945,79.0,1.108829,79.0,1.5930235
1521430,71,710,368,0.625,2016,-0.4841945,79.0,1.123961,80.0,1.6081555
1521431,71,710,369,0.640350877192982,2016,-0.4841945,79.0,1.054849,77.0,1.5390435
1521432,71,710,370,0.860869565217391,2016,-0.4841945,79.0,-0.3293689,77.0,0.1548256
1521433,71,710,371,0.788288288288288,2016,-0.4841945,79.0,0.1624483,80.0,0.6466428
1521434,71,710,372,0.669642857142857,2016,-0.4841945,79.0,0.8793117,75.0,1.3635062
1521435,71,710,373,0.841121495327103,2016,-0.4841945,79.0,-0.6421886,74.0,0.1579941
1521436,71,710,375,0.658333333333333,2016,-0.4841945,79.0,0.8644585,80.0,1.348653
1521437,71,710,380,0.658333333333333,2016,-0.4841945,79.0,0.6995404,80.0,1.1837349
1521438,71,710,385,0.653846153846154,2016,-0.4841945,79.0,0.8869472,79.0,1.3711417
1521439,71,710,390,0.630252100840336,2016,-0.4841945,79.0,1.099878,79.0,1.5840725
1521440,71,710,395,0.668067226890756,2016,-0.4841945,79.0,0.8214456,79.0,1.3056401
1521441,71,710,402,0.808411214953271,2016,-0.4841945,79.0,-0.4161411,76.0,0.0680534
1521442,71,710,403,0.8,2016,-0.4841945,79.0,-0.5262507,13.0,0.0420561999999999
1521443,71,710,404,0.847222222222222,2016,-0.4841945,79.0,-0.63478,75.0,0.1505855
1521444,71,710,411,0.846153846153846,2016,-0.4841945,79.0,-0.6880791,20.0,0.2038846
1521445,71,710,420,0.954545454545455,2016,-0.4841945,79.0,-0.812413,22.0,0.3282185
1521446,71,710,432,0.843220338983051,2016,-0.4841945,79.0,-0.6872213,78.0,0.2030268
1521447,71,710,433,0.833333333333333,2016,-0.4841945,79.0,-0.556626,77.0,0.0724314999999999
1521448,71,710,434,0.853982300884956,2016,-0.4841945,79.0,-0.5422101,77.0,0.0580156
1521449,71,710,435,0.828828828828829,2016,-0.4841945,79.0,-0.8100168,77.0,0.3258223
1521450,71,710,436,0.818181818181818,2016,-0.4841945,79.0,-0.5742409,75.0,0.0900464
1521451,71,710,437,0.759433962264151,2016,-0.4841945,79.0,-0.03423689,70.0,0.44995761
1521452,71,710,438,0.841584158415842,2016,-0.4841945,79.0,-0.6863551,65.0,0.2021606
1521453,71,710,439,0.850467289719626,2016,-0.4841945,79.0,-0.5066874,73.0,0.0224929
1521454,71,710,450,0.8,2016,-0.4841945,79.0,-0.257311,69.0,0.2268835
1521455,71,710,451,0.821100917431193,2016,-0.4841945,79.0,-0.3731905,72.0,0.111004
1521456,71,710,452,0.81981981981982,2016,-0.4841945,79.0,-0.4245737,73.0,0.0596208
1521457,71,710,461,0.771551724137931,2016,-0.4841945,79.0,0.10611,79.0,0.5903045
1521458,71,710,471,0.752941176470588,2016,-0.4841945,79.0,0.0568426,77.0,0.5410371
1521459,71,710,475,0.843220338983051,2016,-0.4841945,79.0,-0.7321423,78.0,0.2479478
1521460,71,710,481,0.816666666666667,2016,-0.4841945,79.0,-0.3213729,25.0,0.1628216
1521461,71,710,482,0.835106382978723,2016,-0.4841945,79.0,-0.2518058,70.0,0.2323887
1521462,71,710,483,0.851851851851852,2016,-0.4841945,79.0,-0.5370395,74.0,0.052845
1521463,71,710,484,0.858490566037736,2016,-0.4841945,79.0,-0.7019033,72.0,0.2177088
1521464,71,710,490,0.844594594594595,2016,-0.4841945,79.0,-0.4575899,47.0,0.0266046
1521465,71,710,500,0.802083333333333,2016,-0.4841945,79.0,-1.070818,58.0,0.5866235
1521466,71,710,501,0.875,2016,-0.4841945,79.0,-0.7619471,77.0,0.2777526
1521467,71,710,510,0.85042735042735,2016,-0.4841945,79.0,-0.7873757,79.0,0.3031812
1521468,71,710,516,0.924107142857143,2016,-0.4841945,79.0,-1.368019,74.0,0.8838245
1521469,71,710,517,0.666666666666667,2016,-0.4841945,79.0,-0.3636861,4.0,0.1205084
1521470,71,710,520,0.76,2016,-0.4841945,79.0,-0.4392556,17.0,0.0449389
1521471,71,710,522,0.857142857142857,2016,-0.4841945,79.0,-0.7580653,76.0,0.2738708
1521472,71,710,530,0.858407079646018,2016,-0.4841945,79.0,-0.53418,78.0,0.0499855
1521473,71,710,531,0.884615384615385,2016,-0.4841945,79.0,-0.6363202,76.0,0.1521257
1521474,71,710,540,0.855855855855856,2016,-0.4841945,79.0,-0.7370061,75.0,0.2528116
1521475,71,710,541,0.846491228070175,2016,-0.4841945,79.0,-0.6910123,77.0,0.2068178
1521476,71,710,551,0.857798165137615,2016,-0.4841945,79.0,-0.5897573,76.0,0.1055628
1521477,71,710,552,0.84375,2016,-0.4841945,79.0,-1.628229,78.0,1.1440345
1521478,71,710,553,0.777777777777778,2016,-0.4841945,79.0,-0.2360944,67.0,0.2481001
1521479,71,710,560,0.865217391304348,2016,-0.4841945,79.0,-0.5036966,78.0,0.0195021
1521480,71,710,565,0.831858407079646,2016,-0.4841945,79.0,-0.7042303,73.0,0.2200358
1521481,71,710,570,0.857758620689655,2016,-0.4841945,79.0,-0.7033863,78.0,0.2191918
1521482,71,710,571,0.817307692307692,2016,-0.4841945,79.0,-0.3698301,71.0,0.1143644
1521483,71,710,572,0.821917808219178,2016,-0.4841945,79.0,-0.6187608,44.0,0.1345663
1521484,71,710,580,0.840659340659341,2016,-0.4841945,79.0,-0.5502678,61.0,0.0660732999999999
1521485,71,710,581,0.869158878504673,2016,-0.4841945,79.0,-0.6594027,75.0,0.1752082
1521486,71,710,590,0.833333333333333,2016,-0.4841945,79.0,-0.4266413,77.0,0.0575532
1521487,71,710,591,0.852459016393443,2016,-0.4841945,79.0,-0.622984,60.0,0.1387895
1521488,71,710,600,0.867521367521368,2016,-0.4841945,79.0,-0.6127588,77.0,0.1285643
1521489,71,710,615,0.866666666666667,2016,-0.4841945,79.0,-1.288175,80.0,0.8039805
1521490,71,710,616,0.780172413793103,2016,-0.4841945,79.0,-0.641829,78.0,0.1576345
1521491,71,710,620,0.842105263157895,2016,-0.4841945,79.0,-0.830168,78.0,0.3459735
1521492,71,710,625,0.865546218487395,2016,-0.4841945,79.0,-1.26573,79.0,0.7815355
1521493,71,710,626,0.727722772277228,2016,-0.4841945,79.0,0.257802,68.0,0.7419965
1521494,71,710,630,0.855263157894737,2016,-0.4841945,79.0,-1.957844,77.0,1.4736495
1521495,71,710,640,0.710084033613445,2016,-0.4841945,79.0,0.6376225,79.0,1.121817
1521496,71,710,645,0.870833333333333,2016,-0.4841945,79.0,-1.137304,80.0,0.6531095
1521497,71,710,651,0.816666666666667,2016,-0.4841945,79.0,-1.185073,80.0,0.7008785
1521498,71,710,652,0.865217391304348,2016,-0.4841945,79.0,-1.994483,79.0,1.5102885
1521499,71,710,660,0.885,2016,-0.4841945,79.0,-1.188022,78.0,0.7038275
1521500,71,710,663,0.808333333333333,2016,-0.4841945,79.0,-0.8249395,80.0,0.340745
1521501,71,710,666,0.369565217391304,2016,-0.4841945,79.0,2.227168,78.0,2.7113625
1521502,71,710,670,0.808333333333333,2016,-0.4841945,79.0,-0.7240636,80.0,0.2398691
1521503,71,710,679,0.815315315315315,2016,-0.4841945,79.0,-0.7259026,78.0,0.2417081
1521504,71,710,690,0.815126050420168,2016,-0.4841945,79.0,-0.9410981,80.0,0.4569036
1521505,71,710,692,0.820833333333333,2016,-0.4841945,79.0,-0.7534373,80.0,0.2692428
1521506,71,710,694,0.808333333333333,2016,-0.4841945,79.0,-0.856918,80.0,0.3727235
1521507,71,710,696,0.819327731092437,2016,-0.4841945,79.0,-0.7531158,79.0,0.2689213
1521508,71,710,698,0.843220338983051,2016,-0.4841945,79.0,-1.068498,80.0,0.5843035
1521509,71,710,700,0.875,2016,-0.4841945,79.0,-0.7902777,73.0,0.3060832
1521510,71,710,701,0.923076923076923,2016,-0.4841945,79.0,-0.775953,59.0,0.2917585
1521511,71,710,702,0.864583333333333,2016,-0.4841945,79.0,-0.6133396,77.0,0.1291451
1521512,71,710,703,0.888888888888889,2016,-0.4841945,79.0,-0.5913384,74.0,0.1071439
1521513,71,710,704,0.868131868131868,2016,-0.4841945,79.0,-0.241216,74.0,0.2429785
1521514,71,710,705,0.857758620689655,2016,-0.4841945,79.0,-0.412017,80.0,0.0721775
1521515,71,710,712,0.807692307692308,2016,-0.4841945,79.0,-0.5538085,78.0,0.069614
1521516,71,710,731,0.854838709677419,2016,-0.4841945,79.0,-0.7051737,71.0,0.2209792
1521517,71,710,732,0.663793103448276,2016,-0.4841945,79.0,0.9610713,77.0,1.4452658
1521518,71,710,740,0.683333333333333,2016,-0.4841945,79.0,0.6872618,80.0,1.1714563
1521519,71,710,750,0.75,2016,-0.4841945,79.0,-0.2934108,80.0,0.1907837
1521520,71,710,760,0.805084745762712,2016,-0.4841945,79.0,-0.4650055,78.0,0.019189
1521521,71,710,770,0.878151260504202,2016,-0.4841945,79.0,-0.3388825,80.0,0.145312
1521522,71,710,771,0.864406779661017,2016,-0.4841945,79.0,-0.9217094,79.0,0.4375149
1521523,71,710,775,0.806034482758621,2016,-0.4841945,79.0,-0.7316838,79.0,0.2474893
1521524,71,710,780,0.790598290598291,2016,-0.4841945,79.0,-0.6473146,79.0,0.1631201
1521525,71,710,781,0.826271186440678,2016,-0.4841945,79.0,-0.5910024,79.0,0.1068079
1521526,71,710,790,0.823275862068966,2016,-0.4841945,79.0,-0.6599213,78.0,0.1757268
1521527,71,710,800,0.804166666666667,2016,-0.4841945,79.0,-0.4235609,80.0,0.0606336
1521528,71,710,811,0.84051724137931,2016,-0.4841945,79.0,-0.8153664,77.0,0.3311719
1521529,71,710,812,0.857798165137615,2016,-0.4841945,79.0,-0.9469341,77.0,0.4627396
1521530,71,710,816,0.820388349514563,2016,-0.4841945,79.0,-1.014977,76.0,0.5307825
1521531,71,710,820,0.834745762711864,2016,-0.4841945,79.0,-0.6628298,79.0,0.1786353
1521532,71,710,830,0.845833333333333,2016,-0.4841945,79.0,-0.6133176,80.0,0.1291231
1521533,71,710,835,0.861344537815126,2016,-0.4841945,79.0,-0.9171064,79.0,0.4329119
1521534,71,710,840,0.833333333333333,2016,-0.4841945,79.0,-0.6136346,80.0,0.1294401
1521535,71,710,850,0.8125,2016,-0.4841945,79.0,-1.052153,80.0,0.5679585
1521536,71,710,860,0.801075268817204,2016,-0.4841945,79.0,-0.306309,65.0,0.1778855
1521537,71,710,900,0.571428571428571,2016,-0.4841945,79.0,1.233776,79.0,1.7179705
1521538,71,710,910,0.804166666666667,2016,-0.4841945,79.0,-0.1938125,80.0,0.290382
1521539,71,710,920,0.661016949152542,2016,-0.4841945,79.0,0.6299697,80.0,1.1141642
1521540,71,710,935,0.722727272727273,2016,-0.4841945,79.0,0.02338406,76.0,0.50757856
1521541,71,710,940,0.830188679245283,2016,-0.4841945,79.0,-0.3301342,76.0,0.1540603
1521542,71,710,946,0.782407407407407,2016,-0.4841945,79.0,-0.2406656,72.0,0.2435289
1521543,71,710,947,0.808988764044944,2016,-0.4841945,79.0,-0.3133362,63.0,0.1708583
1521544,71,710,950,0.809734513274336,2016,-0.4841945,79.0,-0.4191894,78.0,0.0650051
1521545,71,710,955,0.793103448275862,2016,-0.4841945,79.0,0.1390091,65.0,0.6232036
1521546,71,710,970,0.636363636363636,2016,-0.4841945,79.0,0.1581394,53.0,0.6423339
1521547,71,710,983,0.523809523809524,2016,-0.4841945,79.0,0.7769708,70.0,1.2611653
1521548,71,710,986,0.51304347826087,2016,-0.4841945,79.0,0.8177648,78.0,1.3019593
1521549,71,710,987,0.494444444444444,2016,-0.4841945,79.0,1.54115,65.0,2.0253445
1521550,71,710,990,0.801020408163265,2016,-0.4841945,79.0,-0.1266309,70.0,0.3575636
1521551,71,712,2,0.508547008547009,2016,-0.5538085,78.0,2.44198,80.0,2.9957885
1521707,71,712,710,0.807692307692308,2016,-0.5538085,78.0,-0.4841945,79.0,0.069614
1521743,71,731,2,0.228723404255319,2016,-0.7051737,71.0,2.44198,80.0,3.1471537
1521899,71,731,710,0.854838709677419,2016,-0.7051737,71.0,-0.4841945,79.0,0.2209792
1521935,71,732,2,0.728448275862069,2016,0.9610713,77.0,2.44198,80.0,1.4809087
1522091,71,732,710,0.663793103448276,2016,0.9610713,77.0,-0.4841945,79.0,1.4452658
1522127,71,740,2,0.6875,2016,0.6872618,80.0,2.44198,80.0,1.7547182
1522283,71,740,710,0.683333333333333,2016,0.6872618,80.0,-0.4841945,79.0,1.1714563
1522319,71,750,2,0.404166666666667,2016,-0.2934108,80.0,2.44198,80.0,2.7353908
1522475,71,750,710,0.75,2016,-0.2934108,80.0,-0.4841945,79.0,0.1907837
1522511,71,760,2,0.453389830508475,2016,-0.4650055,78.0,2.44198,80.0,2.9069855
1522667,71,760,710,0.805084745762712,2016,-0.4650055,78.0,-0.4841945,79.0,0.019189
1522703,71,770,2,0.415966386554622,2016,-0.3388825,80.0,2.44198,80.0,2.7808625
1522859,71,770,710,0.878151260504202,2016,-0.3388825,80.0,-0.4841945,79.0,0.145312
1522895,71,771,2,0.461864406779661,2016,-0.9217094,79.0,2.44198,80.0,3.3636894
1523051,71,771,710,0.864406779661017,2016,-0.9217094,79.0,-0.4841945,79.0,0.4375149
1523087,71,775,2,0.431034482758621,2016,-0.7316838,79.0,2.44198,80.0,3.1736638
1523243,71,775,710,0.806034482758621,2016,-0.7316838,79.0,-0.4841945,79.0,0.2474893
1523279,71,780,2,0.452991452991453,2016,-0.6473146,79.0,2.44198,80.0,3.0892946
1523435,71,780,710,0.790598290598291,2016,-0.6473146,79.0,-0.4841945,79.0,0.1631201
1523471,71,781,2,0.491525423728814,2016,-0.5910024,79.0,2.44198,80.0,3.0329824
1523627,71,781,710,0.826271186440678,2016,-0.5910024,79.0,-0.4841945,79.0,0.1068079
1523663,71,790,2,0.478448275862069,2016,-0.6599213,78.0,2.44198,80.0,3.1019013
1523819,71,790,710,0.823275862068966,2016,-0.6599213,78.0,-0.4841945,79.0,0.1757268
1523855,71,800,2,0.516666666666667,2016,-0.4235609,80.0,2.44198,80.0,2.8655409
1524011,71,800,710,0.804166666666667,2016,-0.4235609,80.0,-0.4841945,79.0,0.0606336
1524047,71,811,2,0.469827586206897,2016,-0.8153664,77.0,2.44198,80.0,3.2573464
1524203,71,811,710,0.84051724137931,2016,-0.8153664,77.0,-0.4841945,79.0,0.3311719
1524239,71,812,2,0.389908256880734,2016,-0.9469341,77.0,2.44198,80.0,3.3889141
1524395,71,812,710,0.857798165137615,2016,-0.9469341,77.0,-0.4841945,79.0,0.4627396
1524431,71,816,2,0.398058252427184,2016,-1.014977,76.0,2.44198,80.0,3.456957
1524587,71,816,710,0.820388349514563,2016,-1.014977,76.0,-0.4841945,79.0,0.5307825
1524623,71,820,2,0.483050847457627,2016,-0.6628298,79.0,2.44198,80.0,3.1048098
1524779,71,820,710,0.834745762711864,2016,-0.6628298,79.0,-0.4841945,79.0,0.1786353
1524815,71,830,2,0.483333333333333,2016,-0.6133176,80.0,2.44198,80.0,3.0552976
1524971,71,830,710,0.845833333333333,2016,-0.6133176,80.0,-0.4841945,79.0,0.1291231
1525007,71,835,2,0.453781512605042,2016,-0.9171064,79.0,2.44198,80.0,3.3590864
1525163,71,835,710,0.861344537815126,2016,-0.9171064,79.0,-0.4841945,79.0,0.4329119
1525199,71,840,2,0.4875,2016,-0.6136346,80.0,2.44198,80.0,3.0556146
1525355,71,840,710,0.833333333333333,2016,-0.6136346,80.0,-0.4841945,79.0,0.1294401
1525391,71,850,2,0.425,2016,-1.052153,80.0,2.44198,80.0,3.494133
1525547,71,850,710,0.8125,2016,-1.052153,80.0,-0.4841945,79.0,0.5679585
1525583,71,860,2,0.505376344086022,2016,-0.306309,65.0,2.44198,80.0,2.748289
1525739,71,860,710,0.801075268817204,2016,-0.306309,65.0,-0.4841945,79.0,0.1778855
1525775,71,900,2,0.781512605042017,2016,1.233776,79.0,2.44198,80.0,1.208204
1525931,71,900,710,0.571428571428571,2016,1.233776,79.0,-0.4841945,79.0,1.7179705
1525967,71,910,2,0.525,2016,-0.1938125,80.0,2.44198,80.0,2.6357925
1526123,71,910,710,0.804166666666667,2016,-0.1938125,80.0,-0.4841945,79.0,0.290382
1526159,71,920,2,0.647058823529412,2016,0.6299697,80.0,2.44198,80.0,1.8120103
1526315,71,920,710,0.661016949152542,2016,0.6299697,80.0,-0.4841945,79.0,1.1141642
1526351,71,935,2,0.585585585585586,2016,0.02338406,76.0,2.44198,80.0,2.41859594
1526507,71,935,710,0.722727272727273,2016,0.02338406,76.0,-0.4841945,79.0,0.50757856
1526543,71,940,2,0.490654205607477,2016,-0.3301342,76.0,2.44198,80.0,2.7721142
1526699,71,940,710,0.830188679245283,2016,-0.3301342,76.0,-0.4841945,79.0,0.1540603
1526735,71,946,2,0.550925925925926,2016,-0.2406656,72.0,2.44198,80.0,2.6826456
1526891,71,946,710,0.782407407407407,2016,-0.2406656,72.0,-0.4841945,79.0,0.2435289
1526927,71,947,2,0.522222222222222,2016,-0.3133362,63.0,2.44198,80.0,2.7553162
1527083,71,947,710,0.808988764044944,2016,-0.3133362,63.0,-0.4841945,79.0,0.1708583
1527119,71,950,2,0.469298245614035,2016,-0.4191894,78.0,2.44198,80.0,2.8611694
1527275,71,950,710,0.809734513274336,2016,-0.4191894,78.0,-0.4841945,79.0,0.0650051
1527311,71,955,2,0.5625,2016,0.1390091,65.0,2.44198,80.0,2.3029709
1527467,71,955,710,0.793103448275862,2016,0.1390091,65.0,-0.4841945,79.0,0.6232036
1527503,71,970,2,0.481818181818182,2016,0.1581394,53.0,2.44198,80.0,2.2838406
1527659,71,970,710,0.636363636363636,2016,0.1581394,53.0,-0.4841945,79.0,0.6423339
1527695,71,983,2,0.797169811320755,2016,0.7769708,70.0,2.44198,80.0,1.6650092
1527851,71,983,710,0.523809523809524,2016,0.7769708,70.0,-0.4841945,79.0,1.2611653
1527887,71,986,2,0.765217391304348,2016,0.8177648,78.0,2.44198,80.0,1.6242152
1528043,71,986,710,0.51304347826087,2016,0.8177648,78.0,-0.4841945,79.0,1.3019593
1528079,71,987,2,0.901098901098901,2016,1.54115,65.0,2.44198,80.0,0.90083
1528235,71,987,710,0.494444444444444,2016,1.54115,65.0,-0.4841945,79.0,2.0253445
1528271,71,990,2,0.525773195876289,2016,-0.1266309,70.0,2.44198,80.0,2.5686109
1528427,71,990,710,0.801020408163265,2016,-0.1266309,70.0,-0.4841945,79.0,0.3575636
1528463,72,2,20,0.751968503937008,2017,2.54526,93.0,1.407388,93.0,1.137872
1528464,72,2,31,0.344262295081967,2017,2.54526,93.0,-0.4789496,88.0,3.0242096
1528465,72,2,40,0.229838709677419,2017,2.54526,93.0,-1.80543,92.0,4.35069
1528466,72,2,41,0.473333333333333,2017,2.54526,93.0,-0.20954,55.0,2.7548
1528467,72,2,42,0.324,2017,2.54526,93.0,-0.6360645,92.0,3.1813245
1528468,72,2,51,0.337301587301587,2017,2.54526,93.0,-0.4142961,92.0,2.9595561
1528469,72,2,52,0.326271186440678,2017,2.54526,93.0,-0.6063013,87.0,3.1515613
1528470,72,2,53,0.357758620689655,2017,2.54526,93.0,-0.382511,84.0,2.927771
1528471,72,2,54,0.195652173913043,2017,2.54526,93.0,-0.493956,23.0,3.039216
1528472,72,2,55,0.170731707317073,2017,2.54526,93.0,-0.4838955,37.0,3.0291555
1528473,72,2,56,0.338842975206612,2017,2.54526,93.0,-0.4335633,88.0,2.9788233
1528474,72,2,57,0.308695652173913,2017,2.54526,93.0,-0.579718,85.0,3.124978
1528475,72,2,58,0.344827586206897,2017,2.54526,93.0,-0.4390021,84.0,2.9842621
1528476,72,2,60,0.331932773109244,2017,2.54526,93.0,-0.4221544,87.0,2.9674144
1528477,72,2,70,0.389763779527559,2017,2.54526,93.0,0.04154474,93.0,2.50371526
1528478,72,2,80,0.320175438596491,2017,2.54526,93.0,-0.4239259,85.0,2.9691859
1528479,72,2,90,0.425196850393701,2017,2.54526,93.0,0.06709602,93.0,2.47816398
1528480,72,2,91,0.431451612903226,2017,2.54526,93.0,0.09826293,90.0,2.44699707
1528481,72,2,92,0.329268292682927,2017,2.54526,93.0,-0.4712609,90.0,3.0165209
1528482,72,2,93,0.247933884297521,2017,2.54526,93.0,-1.211,92.0,3.75626
1528483,72,2,94,0.346456692913386,2017,2.54526,93.0,-0.1940494,93.0,2.7393094
1528484,72,2,95,0.385826771653543,2017,2.54526,93.0,-0.08450986,93.0,2.62976986
1528485,72,2,100,0.341269841269841,2017,2.54526,93.0,-0.2159761,92.0,2.7612361
1528486,72,2,101,0.234126984126984,2017,2.54526,93.0,-1.483759,92.0,4.029019
1528487,72,2,110,0.313008130081301,2017,2.54526,93.0,-0.6360862,89.0,3.1813462
1528488,72,2,115,0.252475247524752,2017,2.54526,93.0,-0.4723428,79.0,3.0176028
1528489,72,2,130,0.268,2017,2.54526,93.0,-0.8963276,91.0,3.4415876
1528490,72,2,135,0.345238095238095,2017,2.54526,93.0,-0.1695556,92.0,2.7148156
1528491,72,2,140,0.329365079365079,2017,2.54526,93.0,-0.2998836,92.0,2.8451436
1528492,72,2,145,0.254032258064516,2017,2.54526,93.0,-1.502392,90.0,4.047652
1528493,72,2,150,0.405511811023622,2017,2.54526,93.0,-0.03876841,93.0,2.58402841
1528494,72,2,155,0.338582677165354,2017,2.54526,93.0,-0.3255321,93.0,2.8707921
1528495,72,2,160,0.366141732283465,2017,2.54526,93.0,-0.1162386,93.0,2.6614986
1528496,72,2,165,0.334677419354839,2017,2.54526,93.0,-0.4382714,91.0,2.9835314
1528497,72,2,200,0.68503937007874,2017,2.54526,93.0,1.612227,93.0,0.933033
1528498,72,2,205,0.480314960629921,2017,2.54526,93.0,0.7348777,93.0,1.8103823
1528499,72,2,210,0.6,2017,2.54526,93.0,0.9818469,91.0,1.5634131
1528500,72,2,211,0.611111111111111,2017,2.54526,93.0,1.004711,92.0,1.540549
1528501,72,2,212,0.619047619047619,2017,2.54526,93.0,1.038649,92.0,1.506611
1528502,72,2,220,0.658730158730159,2017,2.54526,93.0,1.480253,92.0,1.065007
1528503,72,2,221,0.6,2017,2.54526,93.0,0.9658763,90.0,1.5793837
1528504,72,2,223,0.456692913385827,2017,2.54526,93.0,0.6416791,93.0,1.9035809
1528505,72,2,225,0.47244094488189,2017,2.54526,93.0,0.6470163,93.0,1.8982437
1528506,72,2,230,0.611111111111111,2017,2.54526,93.0,1.018179,92.0,1.527081
1528507,72,2,232,0.552,2017,2.54526,93.0,0.807412,91.0,1.737848
1528508,72,2,235,0.610236220472441,2017,2.54526,93.0,0.9821034,93.0,1.5631566
1528509,72,2,255,0.62992125984252,2017,2.54526,93.0,1.15753,93.0,1.38773
1528510,72,2,290,0.62992125984252,2017,2.54526,93.0,1.075614,93.0,1.469646
1528511,72,2,305,0.47244094488189,2017,2.54526,93.0,0.7017054,93.0,1.8435546
1528512,72,2,310,0.633858267716535,2017,2.54526,93.0,1.090825,93.0,1.454435
1528513,72,2,316,0.630952380952381,2017,2.54526,93.0,1.193142,92.0,1.352118
1528514,72,2,317,0.611111111111111,2017,2.54526,93.0,1.018466,92.0,1.526794
1528515,72,2,325,0.618110236220472,2017,2.54526,93.0,0.9843262,93.0,1.5609338
1528516,72,2,331,0.492063492063492,2017,2.54526,93.0,0.7036705,92.0,1.8415895
1528517,72,2,338,0.488188976377953,2017,2.54526,93.0,0.7049429,93.0,1.8403171
1528518,72,2,339,0.618110236220472,2017,2.54526,93.0,1.032727,93.0,1.512533
1528519,72,2,341,0.620967741935484,2017,2.54526,93.0,1.041404,91.0,1.503856
1528520,72,2,343,0.551587301587302,2017,2.54526,93.0,0.844459,92.0,1.700801
1528521,72,2,344,0.619047619047619,2017,2.54526,93.0,1.040746,92.0,1.504514
1528522,72,2,345,0.474576271186441,2017,2.54526,93.0,0.4968994,87.0,2.0483606
1528523,72,2,346,0.583333333333333,2017,2.54526,93.0,0.759061,92.0,1.786199
1528524,72,2,349,0.611111111111111,2017,2.54526,93.0,1.013097,92.0,1.532163
1528525,72,2,350,0.594488188976378,2017,2.54526,93.0,0.8623499,93.0,1.6829101
1528526,72,2,352,0.480314960629921,2017,2.54526,93.0,0.6543943,93.0,1.8908657
1528527,72,2,355,0.614173228346457,2017,2.54526,93.0,0.9993115,93.0,1.5459485
1528528,72,2,359,0.512295081967213,2017,2.54526,93.0,0.7588719,89.0,1.7863881
1528529,72,2,360,0.630952380952381,2017,2.54526,93.0,1.073001,92.0,1.472259
1528530,72,2,365,0.350393700787402,2017,2.54526,93.0,0.09786612,93.0,2.44739388
1528531,72,2,366,0.622047244094488,2017,2.54526,93.0,1.049255,93.0,1.496005
1528532,72,2,367,0.625984251968504,2017,2.54526,93.0,1.051498,93.0,1.493762
1528533,72,2,368,0.625984251968504,2017,2.54526,93.0,1.085115,93.0,1.460145
1528534,72,2,369,0.624,2017,2.54526,93.0,1.150601,91.0,1.394659
1528535,72,2,370,0.292372881355932,2017,2.54526,93.0,-0.3290942,85.0,2.8743542
1528536,72,2,371,0.40495867768595,2017,2.54526,93.0,0.1350223,88.0,2.4102377
1528537,72,2,372,0.559322033898305,2017,2.54526,93.0,0.8852915,88.0,1.6599685
1528538,72,2,373,0.293859649122807,2017,2.54526,93.0,-0.7214841,88.0,3.2667441
1528539,72,2,375,0.55952380952381,2017,2.54526,93.0,0.8762103,92.0,1.6690497
1528540,72,2,380,0.5,2017,2.54526,93.0,0.8089283,93.0,1.7363317
1528541,72,2,385,0.598425196850394,2017,2.54526,93.0,0.9214119,93.0,1.6238481
1528542,72,2,390,0.619047619047619,2017,2.54526,93.0,1.103996,92.0,1.441264
1528543,72,2,395,0.596,2017,2.54526,93.0,0.8933642,91.0,1.6518958
1528544,72,2,402,0.325,2017,2.54526,93.0,-0.5380308,88.0,3.0832908
1528545,72,2,403,0.333333333333333,2017,2.54526,93.0,-0.4387764,3.0,2.9840364
1528546,72,2,404,0.418918918918919,2017,2.54526,93.0,-0.6433441,45.0,3.1886041
1528547,72,2,411,0.30327868852459,2017,2.54526,93.0,-0.4187902,90.0,2.9640502
1528548,72,2,420,0.322727272727273,2017,2.54526,93.0,-0.5772107,80.0,3.1224707
1528549,72,2,432,0.345528455284553,2017,2.54526,93.0,-0.1850393,90.0,2.7302993
1528550,72,2,433,0.315315315315315,2017,2.54526,93.0,-0.5478863,81.0,3.0931463
1528551,72,2,434,0.380208333333333,2017,2.54526,93.0,-0.5742155,64.0,3.1194755
1528552,72,2,435,0.28099173553719,2017,2.54526,93.0,-0.635052,88.0,3.180312
1528553,72,2,436,0.236842105263158,2017,2.54526,93.0,-0.6271968,35.0,3.1724568
1528554,72,2,437,0.329268292682927,2017,2.54526,93.0,-0.3908775,90.0,2.9361375
1528555,72,2,438,0.287735849056604,2017,2.54526,93.0,-0.7874377,87.0,3.3326977
1528556,72,2,439,0.318965517241379,2017,2.54526,93.0,-0.5870499,85.0,3.1323099
1528557,72,2,450,0.404040404040404,2017,2.54526,93.0,-0.2104774,66.0,2.7557374
1528558,72,2,451,0.330508474576271,2017,2.54526,93.0,-0.5350187,86.0,3.0802787
1528559,72,2,452,0.376237623762376,2017,2.54526,93.0,-0.3939717,68.0,2.9392317
1528560,72,2,461,0.397540983606557,2017,2.54526,93.0,0.0371166,91.0,2.5081434
1528561,72,2,471,0.368421052631579,2017,2.54526,93.0,0.08082627,73.0,2.46443373
1528562,72,2,475,0.327868852459016,2017,2.54526,93.0,-0.4690728,88.0,3.0143328
1528563,72,2,481,0.32843137254902,2017,2.54526,93.0,-0.4023594,74.0,2.9476194
1528564,72,2,482,0.275641025641026,2017,2.54526,93.0,-0.07362361,72.0,2.61888361
1528565,72,2,483,0.327956989247312,2017,2.54526,93.0,-0.5876476,64.0,3.1329076
1528566,72,2,484,0.279661016949153,2017,2.54526,93.0,-0.7237858,87.0,3.2690458
1528567,72,2,490,0.242647058823529,2017,2.54526,93.0,-0.5043747,55.0,3.0496347
1528568,72,2,500,0.254098360655738,2017,2.54526,93.0,-1.043779,91.0,3.589039
1528569,72,2,501,0.26890756302521,2017,2.54526,93.0,-0.742127,87.0,3.287387
1528570,72,2,510,0.282051282051282,2017,2.54526,93.0,-0.760711,89.0,3.305971
1528571,72,2,516,0.217948717948718,2017,2.54526,93.0,-1.465436,84.0,4.010696
1528572,72,2,517,0.358585858585859,2017,2.54526,93.0,-0.1855417,71.0,2.7308017
1528573,72,2,520,0.353932584269663,2017,2.54526,93.0,-0.5930113,59.0,3.1382713
1528574,72,2,522,0.294871794871795,2017,2.54526,93.0,-0.627646,88.0,3.172906
1528575,72,2,530,0.298387096774194,2017,2.54526,93.0,-0.5264308,91.0,3.0716908
1528576,72,2,531,0.247933884297521,2017,2.54526,93.0,-0.7732258,88.0,3.3184858
1528577,72,2,540,0.24390243902439,2017,2.54526,93.0,-0.4671046,90.0,3.0123646
1528578,72,2,541,0.286885245901639,2017,2.54526,93.0,-0.7408005,89.0,3.2860605
1528579,72,2,551,0.308035714285714,2017,2.54526,93.0,-0.6916301,82.0,3.2368901
1528580,72,2,552,0.189075630252101,2017,2.54526,93.0,-1.831998,87.0,4.377258
1528581,72,2,553,0.410526315789474,2017,2.54526,93.0,-0.4172536,64.0,2.9625136
1528582,72,2,560,0.231404958677686,2017,2.54526,93.0,-0.5262772,92.0,3.0715372
1528583,72,2,565,0.261904761904762,2017,2.54526,93.0,-0.7491424,92.0,3.2944024
1528584,72,2,570,0.30672268907563,2017,2.54526,93.0,-0.6993524,87.0,3.2446124
1528585,72,2,571,0.340163934426229,2017,2.54526,93.0,-0.4056441,88.0,2.9509041
1528586,72,2,572,0.335294117647059,2017,2.54526,93.0,-0.7362246,58.0,3.2814846
1528587,72,2,580,0.32843137254902,2017,2.54526,93.0,-0.5366021,74.0,3.0818621
1528588,72,2,581,0.320652173913043,2017,2.54526,93.0,-0.5777777,66.0,3.1230377
1528589,72,2,590,0.243362831858407,2017,2.54526,93.0,-0.6138593,92.0,3.1591193
1528590,72,2,591,0.1875,2017,2.54526,93.0,-0.3839672,40.0,2.9292272
1528591,72,2,600,0.32,2017,2.54526,93.0,-0.3585715,91.0,2.9038315
1528592,72,2,615,0.273809523809524,2017,2.54526,93.0,-0.9417014,93.0,3.4869614
1528593,72,2,616,0.308333333333333,2017,2.54526,93.0,-0.7052359,91.0,3.2504959
1528594,72,2,620,0.3,2017,2.54526,93.0,-0.7816159,88.0,3.3268759
1528595,72,2,625,0.255905511811024,2017,2.54526,93.0,-1.205481,93.0,3.750741
1528596,72,2,626,0.365384615384615,2017,2.54526,93.0,0.5481877,25.0,1.9970723
1528597,72,2,630,0.214285714285714,2017,2.54526,93.0,-1.360781,87.0,3.906041
1528598,72,2,640,0.53968253968254,2017,2.54526,93.0,0.6293561,92.0,1.9159039
1528599,72,2,645,0.26984126984127,2017,2.54526,93.0,-0.7399374,92.0,3.2851974
1528600,72,2,651,0.264,2017,2.54526,93.0,-1.000107,91.0,3.545367
1528601,72,2,652,0.172566371681416,2017,2.54526,93.0,-1.786439,92.0,4.331699
1528602,72,2,660,0.262931034482759,2017,2.54526,93.0,-1.044157,90.0,3.589417
1528603,72,2,663,0.308,2017,2.54526,93.0,-0.7253934,92.0,3.2706534
1528604,72,2,666,0.895161290322581,2017,2.54526,93.0,2.408488,90.0,0.136772
1528605,72,2,670,0.30952380952381,2017,2.54526,93.0,-0.5812072,92.0,3.1264672
1528606,72,2,679,0.300813008130081,2017,2.54526,93.0,-0.5559794,90.0,3.1012394
1528607,72,2,690,0.306451612903226,2017,2.54526,93.0,-0.710209,90.0,3.255469
1528608,72,2,692,0.297619047619048,2017,2.54526,93.0,-0.5710759,93.0,3.1163359
1528609,72,2,694,0.326771653543307,2017,2.54526,93.0,-0.5629963,93.0,3.1082563
1528610,72,2,696,0.31496062992126,2017,2.54526,93.0,-0.562211,93.0,3.107471
1528611,72,2,698,0.278225806451613,2017,2.54526,93.0,-0.8914669,92.0,3.4367269
1528612,72,2,700,0.318965517241379,2017,2.54526,93.0,-0.7614368,85.0,3.3066968
1528613,72,2,701,0.264705882352941,2017,2.54526,93.0,-0.8489065,65.0,3.3941665
1528614,72,2,702,0.308411214953271,2017,2.54526,93.0,-0.6599966,85.0,3.2052566
1528615,72,2,703,0.278761061946903,2017,2.54526,93.0,-0.5709741,87.0,3.1162341
1528616,72,2,704,0.315533980582524,2017,2.54526,93.0,-0.2906538,86.0,2.8359138
1528617,72,2,705,0.30241935483871,2017,2.54526,93.0,-0.4970534,91.0,3.0423134
1528618,72,2,710,0.30952380952381,2017,2.54526,93.0,-0.3076042,93.0,2.8528642
1528619,72,2,712,0.317073170731707,2017,2.54526,93.0,-0.4935888,90.0,3.0388488
1528620,72,2,731,0.199029126213592,2017,2.54526,93.0,-0.2861877,78.0,2.8314477
1528621,72,2,732,0.614754098360656,2017,2.54526,93.0,0.9176427,91.0,1.6276173
1528622,72,2,740,0.531746031746032,2017,2.54526,93.0,0.6619732,92.0,1.8832868
1528623,72,2,750,0.321428571428571,2017,2.54526,93.0,-0.2386558,93.0,2.7839158
1528624,72,2,760,0.279661016949153,2017,2.54526,93.0,-0.6159036,89.0,3.1611636
1528625,72,2,770,0.283333333333333,2017,2.54526,93.0,-0.2649087,90.0,2.8101687
1528626,72,2,771,0.322834645669291,2017,2.54526,93.0,-0.7188198,93.0,3.2640798
1528627,72,2,775,0.3,2017,2.54526,93.0,-0.6645127,73.0,3.2097727
1528628,72,2,780,0.30327868852459,2017,2.54526,93.0,-0.6292307,90.0,3.1744907
1528629,72,2,781,0.33739837398374,2017,2.54526,93.0,-0.5121572,91.0,3.0574172
1528630,72,2,790,0.299212598425197,2017,2.54526,93.0,-0.7650779,93.0,3.3103379
1528631,72,2,800,0.311023622047244,2017,2.54526,93.0,-0.5451776,93.0,3.0904376
1528632,72,2,811,0.273504273504274,2017,2.54526,93.0,-0.9862239,89.0,3.5314839
1528633,72,2,812,0.256302521008403,2017,2.54526,93.0,-1.100841,90.0,3.646101
1528634,72,2,816,0.282258064516129,2017,2.54526,93.0,-1.025794,92.0,3.571054
1528635,72,2,820,0.286290322580645,2017,2.54526,93.0,-0.7112323,90.0,3.2564923
1528636,72,2,830,0.311023622047244,2017,2.54526,93.0,-0.6668311,93.0,3.2120911
1528637,72,2,835,0.299212598425197,2017,2.54526,93.0,-0.826067,93.0,3.371327
1528638,72,2,840,0.311023622047244,2017,2.54526,93.0,-0.8437441,93.0,3.3890041
1528639,72,2,850,0.297619047619048,2017,2.54526,93.0,-0.9085223,93.0,3.4537823
1528640,72,2,860,0.339449541284404,2017,2.54526,93.0,-0.3698424,78.0,2.9151024
1528641,72,2,900,0.673228346456693,2017,2.54526,93.0,1.197772,93.0,1.347488
1528642,72,2,910,0.351239669421488,2017,2.54526,93.0,-0.111615,89.0,2.656875
1528643,72,2,920,0.468503937007874,2017,2.54526,93.0,0.6539708,93.0,1.8912892
1528644,72,2,935,0.404761904761905,2017,2.54526,93.0,-0.08283885,75.0,2.62809885
1528645,72,2,940,0.391666666666667,2017,2.54526,93.0,0.07260176,89.0,2.47265824
1528646,72,2,946,0.431818181818182,2017,2.54526,93.0,-0.4459022,41.0,2.9911622
1528647,72,2,947,0.409090909090909,2017,2.54526,93.0,0.09064401,65.0,2.45461599
1528648,72,2,950,0.324561403508772,2017,2.54526,93.0,-0.4382036,85.0,2.9834636
1528649,72,2,955,0.305970149253731,2017,2.54526,93.0,0.07977814,65.0,2.46548186
1528650,72,2,970,0.470149253731343,2017,2.54526,93.0,0.3243769,67.0,2.2208831
1528651,72,2,983,0.682795698924731,2017,2.54526,93.0,0.9021511,76.0,1.6431089
1528652,72,2,986,0.541666666666667,2017,2.54526,93.0,0.6923368,65.0,1.8529232
1528653,72,2,987,0.760869565217391,2017,2.54526,93.0,1.472184,72.0,1.073076
1528654,72,2,990,0.355263157894737,2017,2.54526,93.0,-0.09608923,84.0,2.64134923
1528655,72,20,2,0.751968503937008,2017,1.407388,93.0,2.54526,93.0,1.137872
1528810,72,20,710,0.527777777777778,2017,1.407388,93.0,-0.3076042,93.0,1.7149922
1528847,72,31,2,0.344262295081967,2017,-0.4789496,88.0,2.54526,93.0,3.0242096
1529002,72,31,710,0.752066115702479,2017,-0.4789496,88.0,-0.3076042,93.0,0.1713454
1529039,72,40,2,0.229838709677419,2017,-1.80543,92.0,2.54526,93.0,4.35069
1529194,72,40,710,0.82520325203252,2017,-1.80543,92.0,-0.3076042,93.0,1.4978258
1529231,72,41,2,0.473333333333333,2017,-0.20954,55.0,2.54526,93.0,2.7548
1529386,72,41,710,0.78,2017,-0.20954,55.0,-0.3076042,93.0,0.0980642
1529423,72,42,2,0.324,2017,-0.6360645,92.0,2.54526,93.0,3.1813245
1529578,72,42,710,0.778225806451613,2017,-0.6360645,92.0,-0.3076042,93.0,0.3284603
1529615,72,51,2,0.337301587301587,2017,-0.4142961,92.0,2.54526,93.0,2.9595561
1529770,72,51,710,0.764,2017,-0.4142961,92.0,-0.3076042,93.0,0.1066919
1529807,72,52,2,0.326271186440678,2017,-0.6063013,87.0,2.54526,93.0,3.1515613
1529962,72,52,710,0.769230769230769,2017,-0.6063013,87.0,-0.3076042,93.0,0.2986971
1529999,72,53,2,0.357758620689655,2017,-0.382511,84.0,2.54526,93.0,2.927771
1530154,72,53,710,0.752173913043478,2017,-0.382511,84.0,-0.3076042,93.0,0.0749068
1530191,72,54,2,0.195652173913043,2017,-0.493956,23.0,2.54526,93.0,3.039216
1530346,72,54,710,0.978260869565217,2017,-0.493956,23.0,-0.3076042,93.0,0.1863518
1530383,72,55,2,0.170731707317073,2017,-0.4838955,37.0,2.54526,93.0,3.0291555
1530538,72,55,710,0.878048780487805,2017,-0.4838955,37.0,-0.3076042,93.0,0.1762913
1530575,72,56,2,0.338842975206612,2017,-0.4335633,88.0,2.54526,93.0,2.9788233
1530730,72,56,710,0.766666666666667,2017,-0.4335633,88.0,-0.3076042,93.0,0.1259591
1530767,72,57,2,0.308695652173913,2017,-0.579718,85.0,2.54526,93.0,3.124978
1530922,72,57,710,0.793859649122807,2017,-0.579718,85.0,-0.3076042,93.0,0.2721138
1530959,72,58,2,0.344827586206897,2017,-0.4390021,84.0,2.54526,93.0,2.9842621
1531114,72,58,710,0.760869565217391,2017,-0.4390021,84.0,-0.3076042,93.0,0.1313979
1531151,72,60,2,0.331932773109244,2017,-0.4221544,87.0,2.54526,93.0,2.9674144
1531306,72,60,710,0.775423728813559,2017,-0.4221544,87.0,-0.3076042,93.0,0.1145502
1531343,72,70,2,0.389763779527559,2017,0.04154474,93.0,2.54526,93.0,2.50371526
1531498,72,70,710,0.694444444444444,2017,0.04154474,93.0,-0.3076042,93.0,0.34914894
1531535,72,80,2,0.320175438596491,2017,-0.4239259,85.0,2.54526,93.0,2.9691859
1531690,72,80,710,0.769911504424779,2017,-0.4239259,85.0,-0.3076042,93.0,0.1163217
1531727,72,90,2,0.425196850393701,2017,0.06709602,93.0,2.54526,93.0,2.47816398
1531882,72,90,710,0.674603174603175,2017,0.06709602,93.0,-0.3076042,93.0,0.37470022
1531919,72,91,2,0.431451612903226,2017,0.09826293,90.0,2.54526,93.0,2.44699707
1532074,72,91,710,0.666666666666667,2017,0.09826293,90.0,-0.3076042,93.0,0.40586713
1532111,72,92,2,0.329268292682927,2017,-0.4712609,90.0,2.54526,93.0,3.0165209
1532266,72,92,710,0.758196721311475,2017,-0.4712609,90.0,-0.3076042,93.0,0.1636567
1532303,72,93,2,0.247933884297521,2017,-1.211,92.0,2.54526,93.0,3.75626
1532458,72,93,710,0.841666666666667,2017,-1.211,92.0,-0.3076042,93.0,0.9033958
1532495,72,94,2,0.346456692913386,2017,-0.1940494,93.0,2.54526,93.0,2.7393094
1532650,72,94,710,0.738095238095238,2017,-0.1940494,93.0,-0.3076042,93.0,0.1135548
1532687,72,95,2,0.385826771653543,2017,-0.08450986,93.0,2.54526,93.0,2.62976986
1532842,72,95,710,0.722222222222222,2017,-0.08450986,93.0,-0.3076042,93.0,0.22309434
1532879,72,100,2,0.341269841269841,2017,-0.2159761,92.0,2.54526,93.0,2.7612361
1533034,72,100,710,0.752,2017,-0.2159761,92.0,-0.3076042,93.0,0.0916281
1533071,72,101,2,0.234126984126984,2017,-1.483759,92.0,2.54526,93.0,4.029019
1533226,72,101,710,0.804,2017,-1.483759,92.0,-0.3076042,93.0,1.1761548
1533263,72,110,2,0.313008130081301,2017,-0.6360862,89.0,2.54526,93.0,3.1813462
1533418,72,110,710,0.774590163934426,2017,-0.6360862,89.0,-0.3076042,93.0,0.328482
1533455,72,115,2,0.252475247524752,2017,-0.4723428,79.0,2.54526,93.0,3.0176028
1533610,72,115,710,0.82,2017,-0.4723428,79.0,-0.3076042,93.0,0.1647386
1533647,72,130,2,0.268,2017,-0.8963276,91.0,2.54526,93.0,3.4415876
1533802,72,130,710,0.778225806451613,2017,-0.8963276,91.0,-0.3076042,93.0,0.5887234
1533839,72,135,2,0.345238095238095,2017,-0.1695556,92.0,2.54526,93.0,2.7148156
1533994,72,135,710,0.74,2017,-0.1695556,92.0,-0.3076042,93.0,0.1380486
1534031,72,140,2,0.329365079365079,2017,-0.2998836,92.0,2.54526,93.0,2.8451436
1534186,72,140,710,0.748,2017,-0.2998836,92.0,-0.3076042,93.0,0.0077206
1534223,72,145,2,0.254032258064516,2017,-1.502392,90.0,2.54526,93.0,4.047652
1534378,72,145,710,0.817073170731707,2017,-1.502392,90.0,-0.3076042,93.0,1.1947878
1534415,72,150,2,0.405511811023622,2017,-0.03876841,93.0,2.54526,93.0,2.58402841
1534570,72,150,710,0.702380952380952,2017,-0.03876841,93.0,-0.3076042,93.0,0.26883579
1534607,72,155,2,0.338582677165354,2017,-0.3255321,93.0,2.54526,93.0,2.8707921
1534762,72,155,710,0.761904761904762,2017,-0.3255321,93.0,-0.3076042,93.0,0.0179279
1534799,72,160,2,0.366141732283465,2017,-0.1162386,93.0,2.54526,93.0,2.6614986
1534954,72,160,710,0.757936507936508,2017,-0.1162386,93.0,-0.3076042,93.0,0.1913656
1534991,72,165,2,0.334677419354839,2017,-0.4382714,91.0,2.54526,93.0,2.9835314
1535146,72,165,710,0.760162601626016,2017,-0.4382714,91.0,-0.3076042,93.0,0.1306672
1535183,72,200,2,0.68503937007874,2017,1.612227,93.0,2.54526,93.0,0.933033
1535338,72,200,710,0.599206349206349,2017,1.612227,93.0,-0.3076042,93.0,1.9198312
1535375,72,205,2,0.480314960629921,2017,0.7348777,93.0,2.54526,93.0,1.8103823
1535530,72,205,710,0.615079365079365,2017,0.7348777,93.0,-0.3076042,93.0,1.0424819
1535567,72,210,2,0.6,2017,0.9818469,91.0,2.54526,93.0,1.5634131
1535722,72,210,710,0.657258064516129,2017,0.9818469,91.0,-0.3076042,93.0,1.2894511
1535759,72,211,2,0.611111111111111,2017,1.004711,92.0,2.54526,93.0,1.540549
1535914,72,211,710,0.668,2017,1.004711,92.0,-0.3076042,93.0,1.3123152
1535951,72,212,2,0.619047619047619,2017,1.038649,92.0,2.54526,93.0,1.506611
1536106,72,212,710,0.668,2017,1.038649,92.0,-0.3076042,93.0,1.3462532
1536143,72,220,2,0.658730158730159,2017,1.480253,92.0,2.54526,93.0,1.065007
1536298,72,220,710,0.628,2017,1.480253,92.0,-0.3076042,93.0,1.7878572
1536335,72,221,2,0.6,2017,0.9658763,90.0,2.54526,93.0,1.5793837
1536490,72,221,710,0.672268907563025,2017,0.9658763,90.0,-0.3076042,93.0,1.2734805
1536527,72,223,2,0.456692913385827,2017,0.6416791,93.0,2.54526,93.0,1.9035809
1536682,72,223,710,0.619047619047619,2017,0.6416791,93.0,-0.3076042,93.0,0.9492833
1536719,72,225,2,0.47244094488189,2017,0.6470163,93.0,2.54526,93.0,1.8982437
1536874,72,225,710,0.626984126984127,2017,0.6470163,93.0,-0.3076042,93.0,0.9546205
1536911,72,230,2,0.611111111111111,2017,1.018179,92.0,2.54526,93.0,1.527081
1537066,72,230,710,0.668,2017,1.018179,92.0,-0.3076042,93.0,1.3257832
1537103,72,232,2,0.552,2017,0.807412,91.0,2.54526,93.0,1.737848
1537258,72,232,710,0.649193548387097,2017,0.807412,91.0,-0.3076042,93.0,1.1150162
1537295,72,235,2,0.610236220472441,2017,0.9821034,93.0,2.54526,93.0,1.5631566
1537450,72,235,710,0.674603174603175,2017,0.9821034,93.0,-0.3076042,93.0,1.2897076
1537487,72,255,2,0.62992125984252,2017,1.15753,93.0,2.54526,93.0,1.38773
1537642,72,255,710,0.654761904761905,2017,1.15753,93.0,-0.3076042,93.0,1.4651342
1537679,72,290,2,0.62992125984252,2017,1.075614,93.0,2.54526,93.0,1.469646
1537834,72,290,710,0.662698412698413,2017,1.075614,93.0,-0.3076042,93.0,1.3832182
1537871,72,305,2,0.47244094488189,2017,0.7017054,93.0,2.54526,93.0,1.8435546
1538026,72,305,710,0.603174603174603,2017,0.7017054,93.0,-0.3076042,93.0,1.0093096
1538063,72,310,2,0.633858267716535,2017,1.090825,93.0,2.54526,93.0,1.454435
1538218,72,310,710,0.650793650793651,2017,1.090825,93.0,-0.3076042,93.0,1.3984292
1538255,72,316,2,0.630952380952381,2017,1.193142,92.0,2.54526,93.0,1.352118
1538410,72,316,710,0.648,2017,1.193142,92.0,-0.3076042,93.0,1.5007462
1538447,72,317,2,0.611111111111111,2017,1.018466,92.0,2.54526,93.0,1.526794
1538602,72,317,710,0.668,2017,1.018466,92.0,-0.3076042,93.0,1.3260702
1538639,72,325,2,0.618110236220472,2017,0.9843262,93.0,2.54526,93.0,1.5609338
1538794,72,325,710,0.674603174603175,2017,0.9843262,93.0,-0.3076042,93.0,1.2919304
1538831,72,331,2,0.492063492063492,2017,0.7036705,92.0,2.54526,93.0,1.8415895
1538986,72,331,710,0.612,2017,0.7036705,92.0,-0.3076042,93.0,1.0112747
1539023,72,338,2,0.488188976377953,2017,0.7049429,93.0,2.54526,93.0,1.8403171
1539178,72,338,710,0.623015873015873,2017,0.7049429,93.0,-0.3076042,93.0,1.0125471
1539215,72,339,2,0.618110236220472,2017,1.032727,93.0,2.54526,93.0,1.512533
1539370,72,339,710,0.666666666666667,2017,1.032727,93.0,-0.3076042,93.0,1.3403312
1539407,72,341,2,0.620967741935484,2017,1.041404,91.0,2.54526,93.0,1.503856
1539562,72,341,710,0.66260162601626,2017,1.041404,91.0,-0.3076042,93.0,1.3490082
1539599,72,343,2,0.551587301587302,2017,0.844459,92.0,2.54526,93.0,1.700801
1539754,72,343,710,0.64,2017,0.844459,92.0,-0.3076042,93.0,1.1520632
1539791,72,344,2,0.619047619047619,2017,1.040746,92.0,2.54526,93.0,1.504514
1539946,72,344,710,0.66,2017,1.040746,92.0,-0.3076042,93.0,1.3483502
1539983,72,345,2,0.474576271186441,2017,0.4968994,87.0,2.54526,93.0,2.0483606
1540138,72,345,710,0.735042735042735,2017,0.4968994,87.0,-0.3076042,93.0,0.8045036
1540175,72,346,2,0.583333333333333,2017,0.759061,92.0,2.54526,93.0,1.786199
1540330,72,346,710,0.696,2017,0.759061,92.0,-0.3076042,93.0,1.0666652
1540367,72,349,2,0.611111111111111,2017,1.013097,92.0,2.54526,93.0,1.532163
1540522,72,349,710,0.668,2017,1.013097,92.0,-0.3076042,93.0,1.3207012
1540559,72,350,2,0.594488188976378,2017,0.8623499,93.0,2.54526,93.0,1.6829101
1540714,72,350,710,0.674603174603175,2017,0.8623499,93.0,-0.3076042,93.0,1.1699541
1540751,72,352,2,0.480314960629921,2017,0.6543943,93.0,2.54526,93.0,1.8908657
1540906,72,352,710,0.623015873015873,2017,0.6543943,93.0,-0.3076042,93.0,0.9619985
1540943,72,355,2,0.614173228346457,2017,0.9993115,93.0,2.54526,93.0,1.5459485
1541098,72,355,710,0.670634920634921,2017,0.9993115,93.0,-0.3076042,93.0,1.3069157
1541135,72,359,2,0.512295081967213,2017,0.7588719,89.0,2.54526,93.0,1.7863881
1541290,72,359,710,0.611570247933884,2017,0.7588719,89.0,-0.3076042,93.0,1.0664761
1541327,72,360,2,0.630952380952381,2017,1.073001,92.0,2.54526,93.0,1.472259
1541482,72,360,710,0.664,2017,1.073001,92.0,-0.3076042,93.0,1.3806052
1541519,72,365,2,0.350393700787402,2017,0.09786612,93.0,2.54526,93.0,2.44739388
1541674,72,365,710,0.869047619047619,2017,0.09786612,93.0,-0.3076042,93.0,0.40547032
1541711,72,366,2,0.622047244094488,2017,1.049255,93.0,2.54526,93.0,1.496005
1541866,72,366,710,0.670634920634921,2017,1.049255,93.0,-0.3076042,93.0,1.3568592
1541903,72,367,2,0.625984251968504,2017,1.051498,93.0,2.54526,93.0,1.493762
1542058,72,367,710,0.666666666666667,2017,1.051498,93.0,-0.3076042,93.0,1.3591022
1542095,72,368,2,0.625984251968504,2017,1.085115,93.0,2.54526,93.0,1.460145
1542250,72,368,710,0.658730158730159,2017,1.085115,93.0,-0.3076042,93.0,1.3927192
1542287,72,369,2,0.624,2017,1.150601,91.0,2.54526,93.0,1.394659
1542442,72,369,710,0.637096774193548,2017,1.150601,91.0,-0.3076042,93.0,1.4582052
1542479,72,370,2,0.292372881355932,2017,-0.3290942,85.0,2.54526,93.0,2.8743542
1542634,72,370,710,0.841880341880342,2017,-0.3290942,85.0,-0.3076042,93.0,0.02149
1542671,72,371,2,0.40495867768595,2017,0.1350223,88.0,2.54526,93.0,2.4102377
1542826,72,371,710,0.7875,2017,0.1350223,88.0,-0.3076042,93.0,0.4426265
1542863,72,372,2,0.559322033898305,2017,0.8852915,88.0,2.54526,93.0,1.6599685
1543018,72,372,710,0.636752136752137,2017,0.8852915,88.0,-0.3076042,93.0,1.1928957
1543055,72,373,2,0.293859649122807,2017,-0.7214841,88.0,2.54526,93.0,3.2667441
1543210,72,373,710,0.823008849557522,2017,-0.7214841,88.0,-0.3076042,93.0,0.4138799
1543247,72,375,2,0.55952380952381,2017,0.8762103,92.0,2.54526,93.0,1.6690497
1543402,72,375,710,0.64,2017,0.8762103,92.0,-0.3076042,93.0,1.1838145
1543439,72,380,2,0.5,2017,0.8089283,93.0,2.54526,93.0,1.7363317
1543594,72,380,710,0.619047619047619,2017,0.8089283,93.0,-0.3076042,93.0,1.1165325
1543631,72,385,2,0.598425196850394,2017,0.9214119,93.0,2.54526,93.0,1.6238481
1543786,72,385,710,0.670634920634921,2017,0.9214119,93.0,-0.3076042,93.0,1.2290161
1543823,72,390,2,0.619047619047619,2017,1.103996,92.0,2.54526,93.0,1.441264
1543978,72,390,710,0.66,2017,1.103996,92.0,-0.3076042,93.0,1.4116002
1544015,72,395,2,0.596,2017,0.8933642,91.0,2.54526,93.0,1.6518958
1544170,72,395,710,0.67741935483871,2017,0.8933642,91.0,-0.3076042,93.0,1.2009684
1544207,72,402,2,0.325,2017,-0.5380308,88.0,2.54526,93.0,3.0832908
1544362,72,402,710,0.756302521008403,2017,-0.5380308,88.0,-0.3076042,93.0,0.2304266
1544399,72,403,2,0.333333333333333,2017,-0.4387764,3.0,2.54526,93.0,2.9840364
1544554,72,403,710,0.666666666666667,2017,-0.4387764,3.0,-0.3076042,93.0,0.1311722
1544591,72,404,2,0.418918918918919,2017,-0.6433441,45.0,2.54526,93.0,3.1886041
1544746,72,404,710,0.671232876712329,2017,-0.6433441,45.0,-0.3076042,93.0,0.3357399
1544783,72,411,2,0.30327868852459,2017,-0.4187902,90.0,2.54526,93.0,2.9640502
1544938,72,411,710,0.776859504132231,2017,-0.4187902,90.0,-0.3076042,93.0,0.111186
1544975,72,420,2,0.322727272727273,2017,-0.5772107,80.0,2.54526,93.0,3.1224707
1545130,72,420,710,0.761467889908257,2017,-0.5772107,80.0,-0.3076042,93.0,0.2696065
1545167,72,432,2,0.345528455284553,2017,-0.1850393,90.0,2.54526,93.0,2.7302993
1545322,72,432,710,0.80327868852459,2017,-0.1850393,90.0,-0.3076042,93.0,0.1225649
1545359,72,433,2,0.315315315315315,2017,-0.5478863,81.0,2.54526,93.0,3.0931463
1545514,72,433,710,0.772727272727273,2017,-0.5478863,81.0,-0.3076042,93.0,0.2402821
1545551,72,434,2,0.380208333333333,2017,-0.5742155,64.0,2.54526,93.0,3.1194755
1545706,72,434,710,0.736842105263158,2017,-0.5742155,64.0,-0.3076042,93.0,0.2666113
1545743,72,435,2,0.28099173553719,2017,-0.635052,88.0,2.54526,93.0,3.180312
1545898,72,435,710,0.795833333333333,2017,-0.635052,88.0,-0.3076042,93.0,0.3274478
1545935,72,436,2,0.236842105263158,2017,-0.6271968,35.0,2.54526,93.0,3.1724568
1546090,72,436,710,0.855263157894737,2017,-0.6271968,35.0,-0.3076042,93.0,0.3195926
1546127,72,437,2,0.329268292682927,2017,-0.3908775,90.0,2.54526,93.0,2.9361375
1546282,72,437,710,0.766393442622951,2017,-0.3908775,90.0,-0.3076042,93.0,0.0832733
1546319,72,438,2,0.287735849056604,2017,-0.7874377,87.0,2.54526,93.0,3.3326977
1546474,72,438,710,0.838095238095238,2017,-0.7874377,87.0,-0.3076042,93.0,0.4798335
1546511,72,439,2,0.318965517241379,2017,-0.5870499,85.0,2.54526,93.0,3.1323099
1546666,72,439,710,0.782608695652174,2017,-0.5870499,85.0,-0.3076042,93.0,0.2794457
1546703,72,450,2,0.404040404040404,2017,-0.2104774,66.0,2.54526,93.0,2.7557374
1546858,72,450,710,0.698979591836735,2017,-0.2104774,66.0,-0.3076042,93.0,0.0971268
1546895,72,451,2,0.330508474576271,2017,-0.5350187,86.0,2.54526,93.0,3.0802787
1547050,72,451,710,0.760683760683761,2017,-0.5350187,86.0,-0.3076042,93.0,0.2274145
1547087,72,452,2,0.376237623762376,2017,-0.3939717,68.0,2.54526,93.0,2.9392317
1547242,72,452,710,0.715,2017,-0.3939717,68.0,-0.3076042,93.0,0.0863675
1547279,72,461,2,0.397540983606557,2017,0.0371166,91.0,2.54526,93.0,2.5081434
1547434,72,461,710,0.710743801652893,2017,0.0371166,91.0,-0.3076042,93.0,0.3447208
1547471,72,471,2,0.368421052631579,2017,0.08082627,73.0,2.54526,93.0,2.46443373
1547626,72,471,710,0.796052631578947,2017,0.08082627,73.0,-0.3076042,93.0,0.38843047
1547663,72,475,2,0.327868852459016,2017,-0.4690728,88.0,2.54526,93.0,3.0143328
1547818,72,475,710,0.78099173553719,2017,-0.4690728,88.0,-0.3076042,93.0,0.1614686
1547855,72,481,2,0.32843137254902,2017,-0.4023594,74.0,2.54526,93.0,2.9476194
1548010,72,481,710,0.767326732673267,2017,-0.4023594,74.0,-0.3076042,93.0,0.0947552
1548047,72,482,2,0.275641025641026,2017,-0.07362361,72.0,2.54526,93.0,2.61888361
1548202,72,482,710,0.858974358974359,2017,-0.07362361,72.0,-0.3076042,93.0,0.23398059
1548239,72,483,2,0.327956989247312,2017,-0.5876476,64.0,2.54526,93.0,3.1329076
1548394,72,483,710,0.744565217391304,2017,-0.5876476,64.0,-0.3076042,93.0,0.2800434
1548431,72,484,2,0.279661016949153,2017,-0.7237858,87.0,2.54526,93.0,3.2690458
1548586,72,484,710,0.799145299145299,2017,-0.7237858,87.0,-0.3076042,93.0,0.4161816
1548623,72,490,2,0.242647058823529,2017,-0.5043747,55.0,2.54526,93.0,3.0496347
1548778,72,490,710,0.813432835820896,2017,-0.5043747,55.0,-0.3076042,93.0,0.1967705
1548815,72,500,2,0.254098360655738,2017,-1.043779,91.0,2.54526,93.0,3.589039
1548970,72,500,710,0.834710743801653,2017,-1.043779,91.0,-0.3076042,93.0,0.7361748
1549007,72,501,2,0.26890756302521,2017,-0.742127,87.0,2.54526,93.0,3.287387
1549162,72,501,710,0.826271186440678,2017,-0.742127,87.0,-0.3076042,93.0,0.4345228
1549199,72,510,2,0.282051282051282,2017,-0.760711,89.0,2.54526,93.0,3.305971
1549354,72,510,710,0.818965517241379,2017,-0.760711,89.0,-0.3076042,93.0,0.4531068
1549391,72,516,2,0.217948717948718,2017,-1.465436,84.0,2.54526,93.0,4.010696
1549546,72,516,710,0.853448275862069,2017,-1.465436,84.0,-0.3076042,93.0,1.1578318
1549583,72,517,2,0.358585858585859,2017,-0.1855417,71.0,2.54526,93.0,2.7308017
1549738,72,517,710,0.755102040816326,2017,-0.1855417,71.0,-0.3076042,93.0,0.1220625
1549775,72,520,2,0.353932584269663,2017,-0.5930113,59.0,2.54526,93.0,3.1382713
1549930,72,520,710,0.738636363636364,2017,-0.5930113,59.0,-0.3076042,93.0,0.2854071
1549967,72,522,2,0.294871794871795,2017,-0.627646,88.0,2.54526,93.0,3.172906
1550122,72,522,710,0.793103448275862,2017,-0.627646,88.0,-0.3076042,93.0,0.3200418
1550159,72,530,2,0.298387096774194,2017,-0.5264308,91.0,2.54526,93.0,3.0716908
1550314,72,530,710,0.796747967479675,2017,-0.5264308,91.0,-0.3076042,93.0,0.2188266
1550351,72,531,2,0.247933884297521,2017,-0.7732258,88.0,2.54526,93.0,3.3184858
1550506,72,531,710,0.833333333333333,2017,-0.7732258,88.0,-0.3076042,93.0,0.4656216
1550543,72,540,2,0.24390243902439,2017,-0.4671046,90.0,2.54526,93.0,3.0123646
1550698,72,540,710,0.811475409836066,2017,-0.4671046,90.0,-0.3076042,93.0,0.1595004
1550735,72,541,2,0.286885245901639,2017,-0.7408005,89.0,2.54526,93.0,3.2860605
1550890,72,541,710,0.793388429752066,2017,-0.7408005,89.0,-0.3076042,93.0,0.4331963
1550927,72,551,2,0.308035714285714,2017,-0.6916301,82.0,2.54526,93.0,3.2368901
1551082,72,551,710,0.774774774774775,2017,-0.6916301,82.0,-0.3076042,93.0,0.3840259
1551119,72,552,2,0.189075630252101,2017,-1.831998,87.0,2.54526,93.0,4.377258
1551274,72,552,710,0.847457627118644,2017,-1.831998,87.0,-0.3076042,93.0,1.5243938
1551311,72,553,2,0.410526315789474,2017,-0.4172536,64.0,2.54526,93.0,2.9625136
1551466,72,553,710,0.696808510638298,2017,-0.4172536,64.0,-0.3076042,93.0,0.1096494
1551503,72,560,2,0.231404958677686,2017,-0.5262772,92.0,2.54526,93.0,3.0715372
1551658,72,560,710,0.795833333333333,2017,-0.5262772,92.0,-0.3076042,93.0,0.218673
1551695,72,565,2,0.261904761904762,2017,-0.7491424,92.0,2.54526,93.0,3.2944024
1551850,72,565,710,0.808,2017,-0.7491424,92.0,-0.3076042,93.0,0.4415382
1551887,72,570,2,0.30672268907563,2017,-0.6993524,87.0,2.54526,93.0,3.2446124
1552042,72,570,710,0.775423728813559,2017,-0.6993524,87.0,-0.3076042,93.0,0.3917482
1552079,72,571,2,0.340163934426229,2017,-0.4056441,88.0,2.54526,93.0,2.9509041
1552234,72,571,710,0.747933884297521,2017,-0.4056441,88.0,-0.3076042,93.0,0.0980399
1552271,72,572,2,0.335294117647059,2017,-0.7362246,58.0,2.54526,93.0,3.2814846
1552426,72,572,710,0.755952380952381,2017,-0.7362246,58.0,-0.3076042,93.0,0.4286204
1552463,72,580,2,0.32843137254902,2017,-0.5366021,74.0,2.54526,93.0,3.0818621
1552618,72,580,710,0.762376237623762,2017,-0.5366021,74.0,-0.3076042,93.0,0.2289979
1552655,72,581,2,0.320652173913043,2017,-0.5777777,66.0,2.54526,93.0,3.1230377
1552810,72,581,710,0.763736263736264,2017,-0.5777777,66.0,-0.3076042,93.0,0.2701735
1552847,72,590,2,0.243362831858407,2017,-0.6138593,92.0,2.54526,93.0,3.1591193
1553002,72,590,710,0.803571428571429,2017,-0.6138593,92.0,-0.3076042,93.0,0.3062551
1553039,72,591,2,0.1875,2017,-0.3839672,40.0,2.54526,93.0,2.9292272
1553194,72,591,710,0.9,2017,-0.3839672,40.0,-0.3076042,93.0,0.076363
1553231,72,600,2,0.32,2017,-0.3585715,91.0,2.54526,93.0,2.9038315
1553386,72,600,710,0.786290322580645,2017,-0.3585715,91.0,-0.3076042,93.0,0.0509673
1553423,72,615,2,0.273809523809524,2017,-0.9417014,93.0,2.54526,93.0,3.4869614
1553578,72,615,710,0.812,2017,-0.9417014,93.0,-0.3076042,93.0,0.6340972
1553615,72,616,2,0.308333333333333,2017,-0.7052359,91.0,2.54526,93.0,3.2504959
1553770,72,616,710,0.794117647058823,2017,-0.7052359,91.0,-0.3076042,93.0,0.3976317
1553807,72,620,2,0.3,2017,-0.7816159,88.0,2.54526,93.0,3.3268759
1553962,72,620,710,0.81140350877193,2017,-0.7816159,88.0,-0.3076042,93.0,0.4740117
1553999,72,625,2,0.255905511811024,2017,-1.205481,93.0,2.54526,93.0,3.750741
1554154,72,625,710,0.821428571428571,2017,-1.205481,93.0,-0.3076042,93.0,0.8978768
1554191,72,626,2,0.365384615384615,2017,0.5481877,25.0,2.54526,93.0,1.9970723
1554346,72,626,710,0.634615384615385,2017,0.5481877,25.0,-0.3076042,93.0,0.8557919
1554383,72,630,2,0.214285714285714,2017,-1.360781,87.0,2.54526,93.0,3.906041
1554538,72,630,710,0.813559322033898,2017,-1.360781,87.0,-0.3076042,93.0,1.0531768
1554575,72,640,2,0.53968253968254,2017,0.6293561,92.0,2.54526,93.0,1.9159039
1554730,72,640,710,0.728,2017,0.6293561,92.0,-0.3076042,93.0,0.9369603
1554767,72,645,2,0.26984126984127,2017,-0.7399374,92.0,2.54526,93.0,3.2851974
1554922,72,645,710,0.832,2017,-0.7399374,92.0,-0.3076042,93.0,0.4323332
1554959,72,651,2,0.264,2017,-1.000107,91.0,2.54526,93.0,3.545367
1555114,72,651,710,0.790322580645161,2017,-1.000107,91.0,-0.3076042,93.0,0.6925028
1555151,72,652,2,0.172566371681416,2017,-1.786439,92.0,2.54526,93.0,4.331699
1555306,72,652,710,0.875,2017,-1.786439,92.0,-0.3076042,93.0,1.4788348
1555343,72,660,2,0.262931034482759,2017,-1.044157,90.0,2.54526,93.0,3.589417
1555498,72,660,710,0.826086956521739,2017,-1.044157,90.0,-0.3076042,93.0,0.7365528
1555535,72,663,2,0.308,2017,-0.7253934,92.0,2.54526,93.0,3.2706534
1555690,72,663,710,0.786290322580645,2017,-0.7253934,92.0,-0.3076042,93.0,0.4177892
1555727,72,666,2,0.895161290322581,2017,2.408488,90.0,2.54526,93.0,0.136772
1555882,72,666,710,0.304878048780488,2017,2.408488,90.0,-0.3076042,93.0,2.7160922
1555919,72,670,2,0.30952380952381,2017,-0.5812072,92.0,2.54526,93.0,3.1264672
1556074,72,670,710,0.8,2017,-0.5812072,92.0,-0.3076042,93.0,0.273603
1556111,72,679,2,0.300813008130081,2017,-0.5559794,90.0,2.54526,93.0,3.1012394
1556266,72,679,710,0.786885245901639,2017,-0.5559794,90.0,-0.3076042,93.0,0.2483752
1556303,72,690,2,0.306451612903226,2017,-0.710209,90.0,2.54526,93.0,3.255469
1556458,72,690,710,0.792682926829268,2017,-0.710209,90.0,-0.3076042,93.0,0.4026048
1556495,72,692,2,0.297619047619048,2017,-0.5710759,93.0,2.54526,93.0,3.1163359
1556650,72,692,710,0.812,2017,-0.5710759,93.0,-0.3076042,93.0,0.2634717
1556687,72,694,2,0.326771653543307,2017,-0.5629963,93.0,2.54526,93.0,3.1082563
1556842,72,694,710,0.781746031746032,2017,-0.5629963,93.0,-0.3076042,93.0,0.2553921
1556879,72,696,2,0.31496062992126,2017,-0.562211,93.0,2.54526,93.0,3.107471
1557034,72,696,710,0.785714285714286,2017,-0.562211,93.0,-0.3076042,93.0,0.2546068
1557071,72,698,2,0.278225806451613,2017,-0.8914669,92.0,2.54526,93.0,3.4367269
1557226,72,698,710,0.829268292682927,2017,-0.8914669,92.0,-0.3076042,93.0,0.5838627
1557263,72,700,2,0.318965517241379,2017,-0.7614368,85.0,2.54526,93.0,3.3066968
1557418,72,700,710,0.773913043478261,2017,-0.7614368,85.0,-0.3076042,93.0,0.4538326
1557455,72,701,2,0.264705882352941,2017,-0.8489065,65.0,2.54526,93.0,3.3941665
1557610,72,701,710,0.851190476190476,2017,-0.8489065,65.0,-0.3076042,93.0,0.5413023
1557647,72,702,2,0.308411214953271,2017,-0.6599966,85.0,2.54526,93.0,3.2052566
1557802,72,702,710,0.867924528301887,2017,-0.6599966,85.0,-0.3076042,93.0,0.3523924
1557839,72,703,2,0.278761061946903,2017,-0.5709741,87.0,2.54526,93.0,3.1162341
1557994,72,703,710,0.861607142857143,2017,-0.5709741,87.0,-0.3076042,93.0,0.2633699
1558031,72,704,2,0.315533980582524,2017,-0.2906538,86.0,2.54526,93.0,2.8359138
1558186,72,704,710,0.887254901960784,2017,-0.2906538,86.0,-0.3076042,93.0,0.0169504
1558223,72,705,2,0.30241935483871,2017,-0.4970534,91.0,2.54526,93.0,3.0423134
1558378,72,705,710,0.800813008130081,2017,-0.4970534,91.0,-0.3076042,93.0,0.1894492
1558415,72,710,2,0.30952380952381,2017,-0.3076042,93.0,2.54526,93.0,2.8528642
1558416,72,710,20,0.527777777777778,2017,-0.3076042,93.0,1.407388,93.0,1.7149922
1558417,72,710,31,0.752066115702479,2017,-0.3076042,93.0,-0.4789496,88.0,0.1713454
1558418,72,710,40,0.82520325203252,2017,-0.3076042,93.0,-1.80543,92.0,1.4978258
1558419,72,710,41,0.78,2017,-0.3076042,93.0,-0.20954,55.0,0.0980642
1558420,72,710,42,0.778225806451613,2017,-0.3076042,93.0,-0.6360645,92.0,0.3284603
1558421,72,710,51,0.764,2017,-0.3076042,93.0,-0.4142961,92.0,0.1066919
1558422,72,710,52,0.769230769230769,2017,-0.3076042,93.0,-0.6063013,87.0,0.2986971
1558423,72,710,53,0.752173913043478,2017,-0.3076042,93.0,-0.382511,84.0,0.0749068
1558424,72,710,54,0.978260869565217,2017,-0.3076042,93.0,-0.493956,23.0,0.1863518
1558425,72,710,55,0.878048780487805,2017,-0.3076042,93.0,-0.4838955,37.0,0.1762913
1558426,72,710,56,0.766666666666667,2017,-0.3076042,93.0,-0.4335633,88.0,0.1259591
1558427,72,710,57,0.793859649122807,2017,-0.3076042,93.0,-0.579718,85.0,0.2721138
1558428,72,710,58,0.760869565217391,2017,-0.3076042,93.0,-0.4390021,84.0,0.1313979
1558429,72,710,60,0.775423728813559,2017,-0.3076042,93.0,-0.4221544,87.0,0.1145502
1558430,72,710,70,0.694444444444444,2017,-0.3076042,93.0,0.04154474,93.0,0.34914894
1558431,72,710,80,0.769911504424779,2017,-0.3076042,93.0,-0.4239259,85.0,0.1163217
1558432,72,710,90,0.674603174603175,2017,-0.3076042,93.0,0.06709602,93.0,0.37470022
1558433,72,710,91,0.666666666666667,2017,-0.3076042,93.0,0.09826293,90.0,0.40586713
1558434,72,710,92,0.758196721311475,2017,-0.3076042,93.0,-0.4712609,90.0,0.1636567
1558435,72,710,93,0.841666666666667,2017,-0.3076042,93.0,-1.211,92.0,0.9033958
1558436,72,710,94,0.738095238095238,2017,-0.3076042,93.0,-0.1940494,93.0,0.1135548
1558437,72,710,95,0.722222222222222,2017,-0.3076042,93.0,-0.08450986,93.0,0.22309434
1558438,72,710,100,0.752,2017,-0.3076042,93.0,-0.2159761,92.0,0.0916281
1558439,72,710,101,0.804,2017,-0.3076042,93.0,-1.483759,92.0,1.1761548
1558440,72,710,110,0.774590163934426,2017,-0.3076042,93.0,-0.6360862,89.0,0.328482
1558441,72,710,115,0.82,2017,-0.3076042,93.0,-0.4723428,79.0,0.1647386
1558442,72,710,130,0.778225806451613,2017,-0.3076042,93.0,-0.8963276,91.0,0.5887234
1558443,72,710,135,0.74,2017,-0.3076042,93.0,-0.1695556,92.0,0.1380486
1558444,72,710,140,0.748,2017,-0.3076042,93.0,-0.2998836,92.0,0.0077206
1558445,72,710,145,0.817073170731707,2017,-0.3076042,93.0,-1.502392,90.0,1.1947878
1558446,72,710,150,0.702380952380952,2017,-0.3076042,93.0,-0.03876841,93.0,0.26883579
1558447,72,710,155,0.761904761904762,2017,-0.3076042,93.0,-0.3255321,93.0,0.0179279
1558448,72,710,160,0.757936507936508,2017,-0.3076042,93.0,-0.1162386,93.0,0.1913656
1558449,72,710,165,0.760162601626016,2017,-0.3076042,93.0,-0.4382714,91.0,0.1306672
1558450,72,710,200,0.599206349206349,2017,-0.3076042,93.0,1.612227,93.0,1.9198312
1558451,72,710,205,0.615079365079365,2017,-0.3076042,93.0,0.7348777,93.0,1.0424819
1558452,72,710,210,0.657258064516129,2017,-0.3076042,93.0,0.9818469,91.0,1.2894511
1558453,72,710,211,0.668,2017,-0.3076042,93.0,1.004711,92.0,1.3123152
1558454,72,710,212,0.668,2017,-0.3076042,93.0,1.038649,92.0,1.3462532
1558455,72,710,220,0.628,2017,-0.3076042,93.0,1.480253,92.0,1.7878572
1558456,72,710,221,0.672268907563025,2017,-0.3076042,93.0,0.9658763,90.0,1.2734805
1558457,72,710,223,0.619047619047619,2017,-0.3076042,93.0,0.6416791,93.0,0.9492833
1558458,72,710,225,0.626984126984127,2017,-0.3076042,93.0,0.6470163,93.0,0.9546205
1558459,72,710,230,0.668,2017,-0.3076042,93.0,1.018179,92.0,1.3257832
1558460,72,710,232,0.649193548387097,2017,-0.3076042,93.0,0.807412,91.0,1.1150162
1558461,72,710,235,0.674603174603175,2017,-0.3076042,93.0,0.9821034,93.0,1.2897076
1558462,72,710,255,0.654761904761905,2017,-0.3076042,93.0,1.15753,93.0,1.4651342
1558463,72,710,290,0.662698412698413,2017,-0.3076042,93.0,1.075614,93.0,1.3832182
1558464,72,710,305,0.603174603174603,2017,-0.3076042,93.0,0.7017054,93.0,1.0093096
1558465,72,710,310,0.650793650793651,2017,-0.3076042,93.0,1.090825,93.0,1.3984292
1558466,72,710,316,0.648,2017,-0.3076042,93.0,1.193142,92.0,1.5007462
1558467,72,710,317,0.668,2017,-0.3076042,93.0,1.018466,92.0,1.3260702
1558468,72,710,325,0.674603174603175,2017,-0.3076042,93.0,0.9843262,93.0,1.2919304
1558469,72,710,331,0.612,2017,-0.3076042,93.0,0.7036705,92.0,1.0112747
1558470,72,710,338,0.623015873015873,2017,-0.3076042,93.0,0.7049429,93.0,1.0125471
1558471,72,710,339,0.666666666666667,2017,-0.3076042,93.0,1.032727,93.0,1.3403312
1558472,72,710,341,0.66260162601626,2017,-0.3076042,93.0,1.041404,91.0,1.3490082
1558473,72,710,343,0.64,2017,-0.3076042,93.0,0.844459,92.0,1.1520632
1558474,72,710,344,0.66,2017,-0.3076042,93.0,1.040746,92.0,1.3483502
1558475,72,710,345,0.735042735042735,2017,-0.3076042,93.0,0.4968994,87.0,0.8045036
1558476,72,710,346,0.696,2017,-0.3076042,93.0,0.759061,92.0,1.0666652
1558477,72,710,349,0.668,2017,-0.3076042,93.0,1.013097,92.0,1.3207012
1558478,72,710,350,0.674603174603175,2017,-0.3076042,93.0,0.8623499,93.0,1.1699541
1558479,72,710,352,0.623015873015873,2017,-0.3076042,93.0,0.6543943,93.0,0.9619985
1558480,72,710,355,0.670634920634921,2017,-0.3076042,93.0,0.9993115,93.0,1.3069157
1558481,72,710,359,0.611570247933884,2017,-0.3076042,93.0,0.7588719,89.0,1.0664761
1558482,72,710,360,0.664,2017,-0.3076042,93.0,1.073001,92.0,1.3806052
1558483,72,710,365,0.869047619047619,2017,-0.3076042,93.0,0.09786612,93.0,0.40547032
1558484,72,710,366,0.670634920634921,2017,-0.3076042,93.0,1.049255,93.0,1.3568592
1558485,72,710,367,0.666666666666667,2017,-0.3076042,93.0,1.051498,93.0,1.3591022
1558486,72,710,368,0.658730158730159,2017,-0.3076042,93.0,1.085115,93.0,1.3927192
1558487,72,710,369,0.637096774193548,2017,-0.3076042,93.0,1.150601,91.0,1.4582052
1558488,72,710,370,0.841880341880342,2017,-0.3076042,93.0,-0.3290942,85.0,0.02149
1558489,72,710,371,0.7875,2017,-0.3076042,93.0,0.1350223,88.0,0.4426265
1558490,72,710,372,0.636752136752137,2017,-0.3076042,93.0,0.8852915,88.0,1.1928957
1558491,72,710,373,0.823008849557522,2017,-0.3076042,93.0,-0.7214841,88.0,0.4138799
1558492,72,710,375,0.64,2017,-0.3076042,93.0,0.8762103,92.0,1.1838145
1558493,72,710,380,0.619047619047619,2017,-0.3076042,93.0,0.8089283,93.0,1.1165325
1558494,72,710,385,0.670634920634921,2017,-0.3076042,93.0,0.9214119,93.0,1.2290161
1558495,72,710,390,0.66,2017,-0.3076042,93.0,1.103996,92.0,1.4116002
1558496,72,710,395,0.67741935483871,2017,-0.3076042,93.0,0.8933642,91.0,1.2009684
1558497,72,710,402,0.756302521008403,2017,-0.3076042,93.0,-0.5380308,88.0,0.2304266
1558498,72,710,403,0.666666666666667,2017,-0.3076042,93.0,-0.4387764,3.0,0.1311722
1558499,72,710,404,0.671232876712329,2017,-0.3076042,93.0,-0.6433441,45.0,0.3357399
1558500,72,710,411,0.776859504132231,2017,-0.3076042,93.0,-0.4187902,90.0,0.111186
1558501,72,710,420,0.761467889908257,2017,-0.3076042,93.0,-0.5772107,80.0,0.2696065
1558502,72,710,432,0.80327868852459,2017,-0.3076042,93.0,-0.1850393,90.0,0.1225649
1558503,72,710,433,0.772727272727273,2017,-0.3076042,93.0,-0.5478863,81.0,0.2402821
1558504,72,710,434,0.736842105263158,2017,-0.3076042,93.0,-0.5742155,64.0,0.2666113
1558505,72,710,435,0.795833333333333,2017,-0.3076042,93.0,-0.635052,88.0,0.3274478
1558506,72,710,436,0.855263157894737,2017,-0.3076042,93.0,-0.6271968,35.0,0.3195926
1558507,72,710,437,0.766393442622951,2017,-0.3076042,93.0,-0.3908775,90.0,0.0832733
1558508,72,710,438,0.838095238095238,2017,-0.3076042,93.0,-0.7874377,87.0,0.4798335
1558509,72,710,439,0.782608695652174,2017,-0.3076042,93.0,-0.5870499,85.0,0.2794457
1558510,72,710,450,0.698979591836735,2017,-0.3076042,93.0,-0.2104774,66.0,0.0971268
1558511,72,710,451,0.760683760683761,2017,-0.3076042,93.0,-0.5350187,86.0,0.2274145
1558512,72,710,452,0.715,2017,-0.3076042,93.0,-0.3939717,68.0,0.0863675
1558513,72,710,461,0.710743801652893,2017,-0.3076042,93.0,0.0371166,91.0,0.3447208
1558514,72,710,471,0.796052631578947,2017,-0.3076042,93.0,0.08082627,73.0,0.38843047
1558515,72,710,475,0.78099173553719,2017,-0.3076042,93.0,-0.4690728,88.0,0.1614686
1558516,72,710,481,0.767326732673267,2017,-0.3076042,93.0,-0.4023594,74.0,0.0947552
1558517,72,710,482,0.858974358974359,2017,-0.3076042,93.0,-0.07362361,72.0,0.23398059
1558518,72,710,483,0.744565217391304,2017,-0.3076042,93.0,-0.5876476,64.0,0.2800434
1558519,72,710,484,0.799145299145299,2017,-0.3076042,93.0,-0.7237858,87.0,0.4161816
1558520,72,710,490,0.813432835820896,2017,-0.3076042,93.0,-0.5043747,55.0,0.1967705
1558521,72,710,500,0.834710743801653,2017,-0.3076042,93.0,-1.043779,91.0,0.7361748
1558522,72,710,501,0.826271186440678,2017,-0.3076042,93.0,-0.742127,87.0,0.4345228
1558523,72,710,510,0.818965517241379,2017,-0.3076042,93.0,-0.760711,89.0,0.4531068
1558524,72,710,516,0.853448275862069,2017,-0.3076042,93.0,-1.465436,84.0,1.1578318
1558525,72,710,517,0.755102040816326,2017,-0.3076042,93.0,-0.1855417,71.0,0.1220625
1558526,72,710,520,0.738636363636364,2017,-0.3076042,93.0,-0.5930113,59.0,0.2854071
1558527,72,710,522,0.793103448275862,2017,-0.3076042,93.0,-0.627646,88.0,0.3200418
1558528,72,710,530,0.796747967479675,2017,-0.3076042,93.0,-0.5264308,91.0,0.2188266
1558529,72,710,531,0.833333333333333,2017,-0.3076042,93.0,-0.7732258,88.0,0.4656216
1558530,72,710,540,0.811475409836066,2017,-0.3076042,93.0,-0.4671046,90.0,0.1595004
1558531,72,710,541,0.793388429752066,2017,-0.3076042,93.0,-0.7408005,89.0,0.4331963
1558532,72,710,551,0.774774774774775,2017,-0.3076042,93.0,-0.6916301,82.0,0.3840259
1558533,72,710,552,0.847457627118644,2017,-0.3076042,93.0,-1.831998,87.0,1.5243938
1558534,72,710,553,0.696808510638298,2017,-0.3076042,93.0,-0.4172536,64.0,0.1096494
1558535,72,710,560,0.795833333333333,2017,-0.3076042,93.0,-0.5262772,92.0,0.218673
1558536,72,710,565,0.808,2017,-0.3076042,93.0,-0.7491424,92.0,0.4415382
1558537,72,710,570,0.775423728813559,2017,-0.3076042,93.0,-0.6993524,87.0,0.3917482
1558538,72,710,571,0.747933884297521,2017,-0.3076042,93.0,-0.4056441,88.0,0.0980399
1558539,72,710,572,0.755952380952381,2017,-0.3076042,93.0,-0.7362246,58.0,0.4286204
1558540,72,710,580,0.762376237623762,2017,-0.3076042,93.0,-0.5366021,74.0,0.2289979
1558541,72,710,581,0.763736263736264,2017,-0.3076042,93.0,-0.5777777,66.0,0.2701735
1558542,72,710,590,0.803571428571429,2017,-0.3076042,93.0,-0.6138593,92.0,0.3062551
1558543,72,710,591,0.9,2017,-0.3076042,93.0,-0.3839672,40.0,0.076363
1558544,72,710,600,0.786290322580645,2017,-0.3076042,93.0,-0.3585715,91.0,0.0509673
1558545,72,710,615,0.812,2017,-0.3076042,93.0,-0.9417014,93.0,0.6340972
1558546,72,710,616,0.794117647058823,2017,-0.3076042,93.0,-0.7052359,91.0,0.3976317
1558547,72,710,620,0.81140350877193,2017,-0.3076042,93.0,-0.7816159,88.0,0.4740117
1558548,72,710,625,0.821428571428571,2017,-0.3076042,93.0,-1.205481,93.0,0.8978768
1558549,72,710,626,0.634615384615385,2017,-0.3076042,93.0,0.5481877,25.0,0.8557919
1558550,72,710,630,0.813559322033898,2017,-0.3076042,93.0,-1.360781,87.0,1.0531768
1558551,72,710,640,0.728,2017,-0.3076042,93.0,0.6293561,92.0,0.9369603
1558552,72,710,645,0.832,2017,-0.3076042,93.0,-0.7399374,92.0,0.4323332
1558553,72,710,651,0.790322580645161,2017,-0.3076042,93.0,-1.000107,91.0,0.6925028
1558554,72,710,652,0.875,2017,-0.3076042,93.0,-1.786439,92.0,1.4788348
1558555,72,710,660,0.826086956521739,2017,-0.3076042,93.0,-1.044157,90.0,0.7365528
1558556,72,710,663,0.786290322580645,2017,-0.3076042,93.0,-0.7253934,92.0,0.4177892
1558557,72,710,666,0.304878048780488,2017,-0.3076042,93.0,2.408488,90.0,2.7160922
1558558,72,710,670,0.8,2017,-0.3076042,93.0,-0.5812072,92.0,0.273603
1558559,72,710,679,0.786885245901639,2017,-0.3076042,93.0,-0.5559794,90.0,0.2483752
1558560,72,710,690,0.792682926829268,2017,-0.3076042,93.0,-0.710209,90.0,0.4026048
1558561,72,710,692,0.812,2017,-0.3076042,93.0,-0.5710759,93.0,0.2634717
1558562,72,710,694,0.781746031746032,2017,-0.3076042,93.0,-0.5629963,93.0,0.2553921
1558563,72,710,696,0.785714285714286,2017,-0.3076042,93.0,-0.562211,93.0,0.2546068
1558564,72,710,698,0.829268292682927,2017,-0.3076042,93.0,-0.8914669,92.0,0.5838627
1558565,72,710,700,0.773913043478261,2017,-0.3076042,93.0,-0.7614368,85.0,0.4538326
1558566,72,710,701,0.851190476190476,2017,-0.3076042,93.0,-0.8489065,65.0,0.5413023
1558567,72,710,702,0.867924528301887,2017,-0.3076042,93.0,-0.6599966,85.0,0.3523924
1558568,72,710,703,0.861607142857143,2017,-0.3076042,93.0,-0.5709741,87.0,0.2633699
1558569,72,710,704,0.887254901960784,2017,-0.3076042,93.0,-0.2906538,86.0,0.0169504
1558570,72,710,705,0.800813008130081,2017,-0.3076042,93.0,-0.4970534,91.0,0.1894492
1558571,72,710,712,0.778688524590164,2017,-0.3076042,93.0,-0.4935888,90.0,0.1859846
1558572,72,710,731,0.849514563106796,2017,-0.3076042,93.0,-0.2861877,78.0,0.0214165
1558573,72,710,732,0.677685950413223,2017,-0.3076042,93.0,0.9176427,91.0,1.2252469
1558574,72,710,740,0.672,2017,-0.3076042,93.0,0.6619732,92.0,0.9695774
1558575,72,710,750,0.788,2017,-0.3076042,93.0,-0.2386558,93.0,0.0689484
1558576,72,710,760,0.773504273504274,2017,-0.3076042,93.0,-0.6159036,89.0,0.3082994
1558577,72,710,770,0.815126050420168,2017,-0.3076042,93.0,-0.2649087,90.0,0.0426955
1558578,72,710,771,0.76984126984127,2017,-0.3076042,93.0,-0.7188198,93.0,0.4112156
1558579,72,710,775,0.769230769230769,2017,-0.3076042,93.0,-0.6645127,73.0,0.3569085
1558580,72,710,780,0.797520661157025,2017,-0.3076042,93.0,-0.6292307,90.0,0.3216265
1558581,72,710,781,0.758196721311475,2017,-0.3076042,93.0,-0.5121572,91.0,0.204553
1558582,72,710,790,0.793650793650794,2017,-0.3076042,93.0,-0.7650779,93.0,0.4574737
1558583,72,710,800,0.781746031746032,2017,-0.3076042,93.0,-0.5451776,93.0,0.2375734
1558584,72,710,811,0.836206896551724,2017,-0.3076042,93.0,-0.9862239,89.0,0.6786197
1558585,72,710,812,0.813559322033898,2017,-0.3076042,93.0,-1.100841,90.0,0.7932368
1558586,72,710,816,0.813008130081301,2017,-0.3076042,93.0,-1.025794,92.0,0.7181898
1558587,72,710,820,0.776422764227642,2017,-0.3076042,93.0,-0.7112323,90.0,0.4036281
1558588,72,710,830,0.797619047619048,2017,-0.3076042,93.0,-0.6668311,93.0,0.3592269
1558589,72,710,835,0.801587301587302,2017,-0.3076042,93.0,-0.826067,93.0,0.5184628
1558590,72,710,840,0.781746031746032,2017,-0.3076042,93.0,-0.8437441,93.0,0.5361399
1558591,72,710,850,0.788,2017,-0.3076042,93.0,-0.9085223,93.0,0.6009181
1558592,72,710,860,0.763888888888889,2017,-0.3076042,93.0,-0.3698424,78.0,0.0622382
1558593,72,710,900,0.595238095238095,2017,-0.3076042,93.0,1.197772,93.0,1.5053762
1558594,72,710,910,0.729166666666667,2017,-0.3076042,93.0,-0.111615,89.0,0.1959892
1558595,72,710,920,0.623015873015873,2017,-0.3076042,93.0,0.6539708,93.0,0.961575
1558596,72,710,935,0.682692307692308,2017,-0.3076042,93.0,-0.08283885,75.0,0.22476535
1558597,72,710,940,0.697478991596639,2017,-0.3076042,93.0,0.07260176,89.0,0.38020596
1558598,72,710,946,0.638461538461538,2017,-0.3076042,93.0,-0.4459022,41.0,0.138298
1558599,72,710,947,0.710227272727273,2017,-0.3076042,93.0,0.09064401,65.0,0.39824821
1558600,72,710,950,0.765486725663717,2017,-0.3076042,93.0,-0.4382036,85.0,0.1305994
1558601,72,710,955,0.798507462686567,2017,-0.3076042,93.0,0.07977814,65.0,0.38738234
1558602,72,710,970,0.611940298507463,2017,-0.3076042,93.0,0.3243769,67.0,0.6319811
1558603,72,710,983,0.526881720430108,2017,-0.3076042,93.0,0.9021511,76.0,1.2097553
1558604,72,710,986,0.541666666666667,2017,-0.3076042,93.0,0.6923368,65.0,0.999941
1558605,72,710,987,0.472527472527473,2017,-0.3076042,93.0,1.472184,72.0,1.7797882
1558606,72,710,990,0.756637168141593,2017,-0.3076042,93.0,-0.09608923,84.0,0.21151497
1558607,72,712,2,0.317073170731707,2017,-0.4935888,90.0,2.54526,93.0,3.0388488
1558763,72,712,710,0.778688524590164,2017,-0.4935888,90.0,-0.3076042,93.0,0.1859846
1558799,72,731,2,0.199029126213592,2017,-0.2861877,78.0,2.54526,93.0,2.8314477
1558955,72,731,710,0.849514563106796,2017,-0.2861877,78.0,-0.3076042,93.0,0.0214165
1558991,72,732,2,0.614754098360656,2017,0.9176427,91.0,2.54526,93.0,1.6276173
1559147,72,732,710,0.677685950413223,2017,0.9176427,91.0,-0.3076042,93.0,1.2252469
1559183,72,740,2,0.531746031746032,2017,0.6619732,92.0,2.54526,93.0,1.8832868
1559339,72,740,710,0.672,2017,0.6619732,92.0,-0.3076042,93.0,0.9695774
1559375,72,750,2,0.321428571428571,2017,-0.2386558,93.0,2.54526,93.0,2.7839158
1559531,72,750,710,0.788,2017,-0.2386558,93.0,-0.3076042,93.0,0.0689484
1559567,72,760,2,0.279661016949153,2017,-0.6159036,89.0,2.54526,93.0,3.1611636
1559723,72,760,710,0.773504273504274,2017,-0.6159036,89.0,-0.3076042,93.0,0.3082994
1559759,72,770,2,0.283333333333333,2017,-0.2649087,90.0,2.54526,93.0,2.8101687
1559915,72,770,710,0.815126050420168,2017,-0.2649087,90.0,-0.3076042,93.0,0.0426955
1559951,72,771,2,0.322834645669291,2017,-0.7188198,93.0,2.54526,93.0,3.2640798
1560107,72,771,710,0.76984126984127,2017,-0.7188198,93.0,-0.3076042,93.0,0.4112156
1560143,72,775,2,0.3,2017,-0.6645127,73.0,2.54526,93.0,3.2097727
1560299,72,775,710,0.769230769230769,2017,-0.6645127,73.0,-0.3076042,93.0,0.3569085
1560335,72,780,2,0.30327868852459,2017,-0.6292307,90.0,2.54526,93.0,3.1744907
1560491,72,780,710,0.797520661157025,2017,-0.6292307,90.0,-0.3076042,93.0,0.3216265
1560527,72,781,2,0.33739837398374,2017,-0.5121572,91.0,2.54526,93.0,3.0574172
1560683,72,781,710,0.758196721311475,2017,-0.5121572,91.0,-0.3076042,93.0,0.204553
1560719,72,790,2,0.299212598425197,2017,-0.7650779,93.0,2.54526,93.0,3.3103379
1560875,72,790,710,0.793650793650794,2017,-0.7650779,93.0,-0.3076042,93.0,0.4574737
1560911,72,800,2,0.311023622047244,2017,-0.5451776,93.0,2.54526,93.0,3.0904376
1561067,72,800,710,0.781746031746032,2017,-0.5451776,93.0,-0.3076042,93.0,0.2375734
1561103,72,811,2,0.273504273504274,2017,-0.9862239,89.0,2.54526,93.0,3.5314839
1561259,72,811,710,0.836206896551724,2017,-0.9862239,89.0,-0.3076042,93.0,0.6786197
1561295,72,812,2,0.256302521008403,2017,-1.100841,90.0,2.54526,93.0,3.646101
1561451,72,812,710,0.813559322033898,2017,-1.100841,90.0,-0.3076042,93.0,0.7932368
1561487,72,816,2,0.282258064516129,2017,-1.025794,92.0,2.54526,93.0,3.571054
1561643,72,816,710,0.813008130081301,2017,-1.025794,92.0,-0.3076042,93.0,0.7181898
1561679,72,820,2,0.286290322580645,2017,-0.7112323,90.0,2.54526,93.0,3.2564923
1561835,72,820,710,0.776422764227642,2017,-0.7112323,90.0,-0.3076042,93.0,0.4036281
1561871,72,830,2,0.311023622047244,2017,-0.6668311,93.0,2.54526,93.0,3.2120911
1562027,72,830,710,0.797619047619048,2017,-0.6668311,93.0,-0.3076042,93.0,0.3592269
1562063,72,835,2,0.299212598425197,2017,-0.826067,93.0,2.54526,93.0,3.371327
1562219,72,835,710,0.801587301587302,2017,-0.826067,93.0,-0.3076042,93.0,0.5184628
1562255,72,840,2,0.311023622047244,2017,-0.8437441,93.0,2.54526,93.0,3.3890041
1562411,72,840,710,0.781746031746032,2017,-0.8437441,93.0,-0.3076042,93.0,0.5361399
1562447,72,850,2,0.297619047619048,2017,-0.9085223,93.0,2.54526,93.0,3.4537823
1562603,72,850,710,0.788,2017,-0.9085223,93.0,-0.3076042,93.0,0.6009181
1562639,72,860,2,0.339449541284404,2017,-0.3698424,78.0,2.54526,93.0,2.9151024
1562795,72,860,710,0.763888888888889,2017,-0.3698424,78.0,-0.3076042,93.0,0.0622382
1562831,72,900,2,0.673228346456693,2017,1.197772,93.0,2.54526,93.0,1.347488
1562987,72,900,710,0.595238095238095,2017,1.197772,93.0,-0.3076042,93.0,1.5053762
1563023,72,910,2,0.351239669421488,2017,-0.111615,89.0,2.54526,93.0,2.656875
1563179,72,910,710,0.729166666666667,2017,-0.111615,89.0,-0.3076042,93.0,0.1959892
1563215,72,920,2,0.468503937007874,2017,0.6539708,93.0,2.54526,93.0,1.8912892
1563371,72,920,710,0.623015873015873,2017,0.6539708,93.0,-0.3076042,93.0,0.961575
1563407,72,935,2,0.404761904761905,2017,-0.08283885,75.0,2.54526,93.0,2.62809885
1563563,72,935,710,0.682692307692308,2017,-0.08283885,75.0,-0.3076042,93.0,0.22476535
1563599,72,940,2,0.391666666666667,2017,0.07260176,89.0,2.54526,93.0,2.47265824
1563755,72,940,710,0.697478991596639,2017,0.07260176,89.0,-0.3076042,93.0,0.38020596
1563791,72,946,2,0.431818181818182,2017,-0.4459022,41.0,2.54526,93.0,2.9911622
1563947,72,946,710,0.638461538461538,2017,-0.4459022,41.0,-0.3076042,93.0,0.138298
1563983,72,947,2,0.409090909090909,2017,0.09064401,65.0,2.54526,93.0,2.45461599
1564139,72,947,710,0.710227272727273,2017,0.09064401,65.0,-0.3076042,93.0,0.39824821
1564175,72,950,2,0.324561403508772,2017,-0.4382036,85.0,2.54526,93.0,2.9834636
1564331,72,950,710,0.765486725663717,2017,-0.4382036,85.0,-0.3076042,93.0,0.1305994
1564367,72,955,2,0.305970149253731,2017,0.07977814,65.0,2.54526,93.0,2.46548186
1564523,72,955,710,0.798507462686567,2017,0.07977814,65.0,-0.3076042,93.0,0.38738234
1564559,72,970,2,0.470149253731343,2017,0.3243769,67.0,2.54526,93.0,2.2208831
1564715,72,970,710,0.611940298507463,2017,0.3243769,67.0,-0.3076042,93.0,0.6319811
1564751,72,983,2,0.682795698924731,2017,0.9021511,76.0,2.54526,93.0,1.6431089
1564907,72,983,710,0.526881720430108,2017,0.9021511,76.0,-0.3076042,93.0,1.2097553
1564943,72,986,2,0.541666666666667,2017,0.6923368,65.0,2.54526,93.0,1.8529232
1565099,72,986,710,0.541666666666667,2017,0.6923368,65.0,-0.3076042,93.0,0.999941
1565135,72,987,2,0.760869565217391,2017,1.472184,72.0,2.54526,93.0,1.073076
1565291,72,987,710,0.472527472527473,2017,1.472184,72.0,-0.3076042,93.0,1.7797882
1565327,72,990,2,0.355263157894737,2017,-0.09608923,84.0,2.54526,93.0,2.64134923
1565483,72,990,710,0.756637168141593,2017,-0.09608923,84.0,-0.3076042,93.0,0.21151497
1565519,73,2,20,0.582901554404145,2018,2.693874,109.0,1.348809,109.0,1.345065
1565520,73,2,31,0.311797752808989,2018,2.693874,109.0,-0.230307,106.0,2.924181
1565521,73,2,40,0.202631578947368,2018,2.693874,109.0,-1.69315,108.0,4.387024
1565522,73,2,41,0.474137931034483,2018,2.693874,109.0,0.102413,69.0,2.591461
1565523,73,2,42,0.316216216216216,2018,2.693874,109.0,-0.2254958,105.0,2.9193698
1565524,73,2,51,0.298429319371728,2018,2.693874,109.0,-0.3230592,107.0,3.0169332
1565525,73,2,52,0.293785310734463,2018,2.693874,109.0,-0.5181565,101.0,3.2120305
1565526,73,2,53,0.313953488372093,2018,2.693874,109.0,-0.291738,98.0,2.985612
1565527,73,2,54,0.233766233766234,2018,2.693874,109.0,-0.4201956,55.0,3.1140696
1565528,73,2,55,0.203296703296703,2018,2.693874,109.0,-0.3669482,79.0,3.0608222
1565529,73,2,56,0.294943820224719,2018,2.693874,109.0,-0.3915836,105.0,3.0854576
1565530,73,2,57,0.275132275132275,2018,2.693874,109.0,-0.514511,106.0,3.208385
1565531,73,2,58,0.287037037037037,2018,2.693874,109.0,-0.1541755,92.0,2.8480495
1565532,73,2,60,0.240909090909091,2018,2.693874,109.0,-0.3263517,67.0,3.0202257
1565533,73,2,70,0.352331606217617,2018,2.693874,109.0,0.01453616,109.0,2.67933784
1565534,73,2,80,0.321022727272727,2018,2.693874,109.0,-0.2146079,97.0,2.9084819
1565535,73,2,90,0.418848167539267,2018,2.693874,109.0,0.2388798,107.0,2.4549942
1565536,73,2,91,0.386243386243386,2018,2.693874,109.0,0.2078736,108.0,2.4860004
1565537,73,2,92,0.268421052631579,2018,2.693874,109.0,-0.4378754,107.0,3.1317494
1565538,73,2,93,0.197222222222222,2018,2.693874,109.0,-1.50808,108.0,4.201954
1565539,73,2,94,0.341968911917098,2018,2.693874,109.0,-0.07584361,109.0,2.76971761
1565540,73,2,95,0.344736842105263,2018,2.693874,109.0,0.03857255,108.0,2.65530145
1565541,73,2,100,0.328125,2018,2.693874,109.0,-0.06665228,108.0,2.76052628
1565542,73,2,101,0.19047619047619,2018,2.693874,109.0,-1.494728,108.0,4.188602
1565543,73,2,110,0.298387096774194,2018,2.693874,109.0,-0.2097317,107.0,2.9036057
1565544,73,2,115,0.238235294117647,2018,2.693874,109.0,-0.7024806,102.0,3.3963546
1565545,73,2,130,0.268229166666667,2018,2.693874,109.0,-0.4984145,109.0,3.1922885
1565546,73,2,135,0.317460317460317,2018,2.693874,109.0,-0.1282975,107.0,2.8221715
1565547,73,2,140,0.3359375,2018,2.693874,109.0,-0.0498589,109.0,2.7437329
1565548,73,2,145,0.203208556149733,2018,2.693874,109.0,-1.307833,106.0,4.001707
1565549,73,2,150,0.346994535519126,2018,2.693874,109.0,-0.1149445,100.0,2.8088185
1565550,73,2,155,0.330687830687831,2018,2.693874,109.0,-0.1105182,107.0,2.8043922
1565551,73,2,160,0.339378238341969,2018,2.693874,109.0,-0.01700081,109.0,2.71087481
1565552,73,2,165,0.3125,2018,2.693874,109.0,-0.2806207,108.0,2.9744947
1565553,73,2,200,0.590673575129534,2018,2.693874,109.0,1.59091,109.0,1.102964
1565554,73,2,205,0.448186528497409,2018,2.693874,109.0,0.6683522,109.0,2.0255218
1565555,73,2,210,0.5078125,2018,2.693874,109.0,1.071874,108.0,1.622
1565556,73,2,211,0.515544041450777,2018,2.693874,109.0,1.011051,109.0,1.682823
1565557,73,2,212,0.520725388601036,2018,2.693874,109.0,0.9376727,109.0,1.7562013
1565558,73,2,220,0.575129533678757,2018,2.693874,109.0,1.40601,109.0,1.287864
1565559,73,2,221,0.545698924731183,2018,2.693874,109.0,1.013985,108.0,1.679889
1565560,73,2,223,0.452631578947368,2018,2.693874,109.0,0.70629,108.0,1.987584
1565561,73,2,225,0.455497382198953,2018,2.693874,109.0,0.6533882,107.0,2.0404858
1565562,73,2,230,0.512953367875648,2018,2.693874,109.0,0.9610791,109.0,1.7327949
1565563,73,2,232,0.465968586387435,2018,2.693874,109.0,0.796828,108.0,1.897046
1565564,73,2,235,0.512953367875648,2018,2.693874,109.0,0.8898154,109.0,1.8040586
1565565,73,2,255,0.536269430051813,2018,2.693874,109.0,1.153039,109.0,1.540835
1565566,73,2,290,0.5546875,2018,2.693874,109.0,1.175157,108.0,1.518717
1565567,73,2,305,0.458549222797927,2018,2.693874,109.0,0.7386338,109.0,1.9552402
1565568,73,2,310,0.577720207253886,2018,2.693874,109.0,1.307333,109.0,1.386541
1565569,73,2,316,0.549222797927461,2018,2.693874,109.0,1.223903,109.0,1.469971
1565570,73,2,317,0.53968253968254,2018,2.693874,109.0,1.067274,107.0,1.6266
1565571,73,2,325,0.538860103626943,2018,2.693874,109.0,1.054066,109.0,1.639808
1565572,73,2,331,0.43979057591623,2018,2.693874,109.0,0.7159269,109.0,1.9779471
1565573,73,2,338,0.432642487046632,2018,2.693874,109.0,0.6534025,109.0,2.0404715
1565574,73,2,339,0.528645833333333,2018,2.693874,109.0,1.039082,108.0,1.654792
1565575,73,2,341,0.518134715025907,2018,2.693874,109.0,0.9690736,109.0,1.7248004
1565576,73,2,343,0.492227979274611,2018,2.693874,109.0,0.8655791,109.0,1.8282949
1565577,73,2,344,0.528497409326425,2018,2.693874,109.0,1.026942,109.0,1.666932
1565578,73,2,345,0.366279069767442,2018,2.693874,109.0,0.321192,105.0,2.372682
1565579,73,2,346,0.461538461538462,2018,2.693874,109.0,0.6533292,102.0,2.0405448
1565580,73,2,349,0.523684210526316,2018,2.693874,109.0,0.993578,108.0,1.700296
1565581,73,2,350,0.510362694300518,2018,2.693874,109.0,0.8542345,109.0,1.8396395
1565582,73,2,352,0.430051813471503,2018,2.693874,109.0,0.6192197,109.0,2.0746543
1565583,73,2,355,0.525906735751295,2018,2.693874,109.0,0.9812518,109.0,1.7126222
1565584,73,2,359,0.464705882352941,2018,2.693874,109.0,0.7231028,103.0,1.9707712
1565585,73,2,360,0.538860103626943,2018,2.693874,109.0,1.053085,109.0,1.640789
1565586,73,2,365,0.321243523316062,2018,2.693874,109.0,-0.03559198,109.0,2.72946598
1565587,73,2,366,0.531088082901554,2018,2.693874,109.0,1.090021,109.0,1.603853
1565588,73,2,367,0.549222797927461,2018,2.693874,109.0,1.147063,109.0,1.546811
1565589,73,2,368,0.549222797927461,2018,2.693874,109.0,1.1613,109.0,1.532574
1565590,73,2,369,0.562162162162162,2018,2.693874,109.0,1.061079,103.0,1.632795
1565591,73,2,370,0.254010695187166,2018,2.693874,109.0,-0.4352857,105.0,3.1291597
1565592,73,2,371,0.351744186046512,2018,2.693874,109.0,0.07066497,107.0,2.62320903
1565593,73,2,372,0.516216216216216,2018,2.693874,109.0,0.8769602,105.0,1.8169138
1565594,73,2,373,0.254491017964072,2018,2.693874,109.0,-0.6201533,101.0,3.3140273
1565595,73,2,375,0.481865284974093,2018,2.693874,109.0,0.8901729,109.0,1.8037011
1565596,73,2,380,0.471502590673575,2018,2.693874,109.0,0.834595,109.0,1.859279
1565597,73,2,385,0.479166666666667,2018,2.693874,109.0,0.9074754,109.0,1.7863986
1565598,73,2,390,0.536458333333333,2018,2.693874,109.0,1.103956,109.0,1.589918
1565599,73,2,395,0.497354497354497,2018,2.693874,109.0,0.8665863,108.0,1.8272877
1565600,73,2,402,0.27710843373494,2018,2.693874,109.0,-0.3594537,97.0,3.0533277
1565601,73,2,403,0.348684210526316,2018,2.693874,109.0,-0.260441,78.0,2.954315
1565602,73,2,404,0.266871165644172,2018,2.693874,109.0,-0.4329957,94.0,3.1268697
1565603,73,2,411,0.313725490196078,2018,2.693874,109.0,-0.3652908,78.0,3.0591648
1565604,73,2,420,0.240625,2018,2.693874,109.0,-0.4313432,95.0,3.1252172
1565605,73,2,432,0.268421052631579,2018,2.693874,109.0,-0.3267091,106.0,3.0205831
1565606,73,2,433,0.281767955801105,2018,2.693874,109.0,-0.3713661,105.0,3.0652401
1565607,73,2,434,0.271428571428571,2018,2.693874,109.0,-0.4583497,100.0,3.1522237
1565608,73,2,435,0.248407643312102,2018,2.693874,109.0,-0.7394806,94.0,3.4333546
1565609,73,2,436,0.221518987341772,2018,2.693874,109.0,-0.7562777,87.0,3.4501517
1565610,73,2,437,0.333333333333333,2018,2.693874,109.0,-0.03004686,104.0,2.72392086
1565611,73,2,438,0.27027027027027,2018,2.693874,109.0,-0.639452,106.0,3.333326
1565612,73,2,439,0.226973684210526,2018,2.693874,109.0,-0.499166,95.0,3.19304
1565613,73,2,450,0.439490445859873,2018,2.693874,109.0,0.1907222,84.0,2.5031518
1565614,73,2,451,0.273529411764706,2018,2.693874,109.0,-0.5359349,95.0,3.2298089
1565615,73,2,452,0.300561797752809,2018,2.693874,109.0,-0.1678384,98.0,2.8617124
1565616,73,2,461,0.399425287356322,2018,2.693874,109.0,0.02699055,104.0,2.66688345
1565617,73,2,471,0.354700854700855,2018,2.693874,109.0,-0.02848758,99.0,2.72236158
1565618,73,2,475,0.276243093922652,2018,2.693874,109.0,-0.4857228,107.0,3.1795968
1565619,73,2,481,0.228571428571429,2018,2.693874,109.0,-0.3128249,79.0,3.0066989
1565620,73,2,482,0.219298245614035,2018,2.693874,109.0,-0.1578603,94.0,2.8517343
1565621,73,2,483,0.166666666666667,2018,2.693874,109.0,-0.6523726,46.0,3.3462466
1565622,73,2,484,0.166666666666667,2018,2.693874,109.0,-0.7211558,91.0,3.4150298
1565623,73,2,490,0.260869565217391,2018,2.693874,109.0,-0.2389018,60.0,2.9327758
1565624,73,2,500,0.283018867924528,2018,2.693874,109.0,-0.7523536,85.0,3.4462276
1565625,73,2,501,0.260752688172043,2018,2.693874,109.0,-0.6196325,104.0,3.3135065
1565626,73,2,510,0.242774566473988,2018,2.693874,109.0,-0.6492324,102.0,3.3431064
1565627,73,2,516,0.223529411764706,2018,2.693874,109.0,-1.189949,92.0,3.883823
1565628,73,2,517,0.305343511450382,2018,2.693874,109.0,-0.004192355,80.0,2.698066355
1565629,73,2,520,0.159090909090909,2018,2.693874,109.0,-0.5647277,32.0,3.2586017
1565630,73,2,522,0.26536312849162,2018,2.693874,109.0,-0.317129,106.0,3.011003
1565631,73,2,530,0.310734463276836,2018,2.693874,109.0,-0.3495035,102.0,3.0433775
1565632,73,2,531,0.253246753246753,2018,2.693874,109.0,-0.6203013,84.0,3.3141753
1565633,73,2,540,0.263888888888889,2018,2.693874,109.0,-0.583431,100.0,3.277305
1565634,73,2,541,0.268817204301075,2018,2.693874,109.0,-0.6072835,106.0,3.3011575
1565635,73,2,551,0.25,2018,2.693874,109.0,-0.7270758,100.0,3.4209498
1565636,73,2,552,0.211640211640212,2018,2.693874,109.0,-1.446529,107.0,4.140403
1565637,73,2,553,0.330508474576271,2018,2.693874,109.0,-0.1723427,99.0,2.8662167
1565638,73,2,560,0.25,2018,2.693874,109.0,-0.5181249,107.0,3.2119989
1565639,73,2,565,0.264550264550265,2018,2.693874,109.0,-0.6865279,107.0,3.3804019
1565640,73,2,570,0.266233766233766,2018,2.693874,109.0,-0.3357459,91.0,3.0296199
1565641,73,2,571,0.290960451977401,2018,2.693874,109.0,-0.272476,101.0,2.96635
1565642,73,2,572,0.288,2018,2.693874,109.0,-0.09993586,65.0,2.79380986
1565643,73,2,580,0.244755244755245,2018,2.693874,109.0,-0.6909502,80.0,3.3848242
1565644,73,2,581,0.25,2018,2.693874,109.0,-0.8043455,88.0,3.4982195
1565645,73,2,590,0.282485875706215,2018,2.693874,109.0,-0.4964531,105.0,3.1903271
1565646,73,2,591,0.248201438848921,2018,2.693874,109.0,-0.4465895,84.0,3.1404635
1565647,73,2,600,0.297142857142857,2018,2.693874,109.0,-0.480332,105.0,3.174206
1565648,73,2,615,0.269430051813472,2018,2.693874,109.0,-0.8662773,109.0,3.5601513
1565649,73,2,616,0.281420765027322,2018,2.693874,109.0,-0.656777,105.0,3.350651
1565650,73,2,620,0.276470588235294,2018,2.693874,109.0,-0.5725532,98.0,3.2664272
1565651,73,2,625,0.259259259259259,2018,2.693874,109.0,-1.150031,107.0,3.843905
1565652,73,2,626,0.297752808988764,2018,2.693874,109.0,-0.03468455,54.0,2.72855855
1565653,73,2,630,0.184971098265896,2018,2.693874,109.0,-1.764055,106.0,4.457929
1565654,73,2,640,0.450261780104712,2018,2.693874,109.0,0.5473948,108.0,2.1464792
1565655,73,2,645,0.275675675675676,2018,2.693874,109.0,-0.7950154,106.0,3.4888894
1565656,73,2,651,0.253886010362694,2018,2.693874,109.0,-1.146325,109.0,3.840199
1565657,73,2,652,0.186746987951807,2018,2.693874,109.0,-1.783149,105.0,4.477023
1565658,73,2,660,0.245945945945946,2018,2.693874,109.0,-0.9943061,105.0,3.6881801
1565659,73,2,663,0.279255319148936,2018,2.693874,109.0,-0.6130684,105.0,3.3069424
1565660,73,2,666,0.875,2018,2.693874,109.0,2.395797,102.0,0.298077
1565661,73,2,670,0.318652849740933,2018,2.693874,109.0,-0.4928097,109.0,3.1866837
1565662,73,2,679,0.284574468085106,2018,2.693874,109.0,-0.6040448,106.0,3.2979188
1565663,73,2,690,0.327225130890052,2018,2.693874,109.0,-0.7633625,108.0,3.4572365
1565664,73,2,692,0.310880829015544,2018,2.693874,109.0,-0.6191555,109.0,3.3130295
1565665,73,2,694,0.330729166666667,2018,2.693874,109.0,-0.6451573,109.0,3.3390313
1565666,73,2,696,0.329015544041451,2018,2.693874,109.0,-0.6044658,109.0,3.2983398
1565667,73,2,698,0.297368421052632,2018,2.693874,109.0,-0.842788,108.0,3.536662
1565668,73,2,700,0.267123287671233,2018,2.693874,109.0,-0.7388266,95.0,3.4327006
1565669,73,2,701,0.221698113207547,2018,2.693874,109.0,-0.8385227,71.0,3.5323967
1565670,73,2,702,0.253246753246753,2018,2.693874,109.0,-0.6162656,101.0,3.3101396
1565671,73,2,703,0.236301369863014,2018,2.693874,109.0,-0.7733815,96.0,3.4672555
1565672,73,2,704,0.213235294117647,2018,2.693874,109.0,-0.5449276,88.0,3.2388016
1565673,73,2,705,0.265027322404372,2018,2.693874,109.0,-0.4924911,107.0,3.1863651
1565674,73,2,710,0.256544502617801,2018,2.693874,109.0,-0.5225858,108.0,3.2164598
1565675,73,2,712,0.274725274725275,2018,2.693874,109.0,-0.5067156,104.0,3.2005896
1565676,73,2,731,0.184210526315789,2018,2.693874,109.0,-0.6492252,96.0,3.3430992
1565677,73,2,732,0.513440860215054,2018,2.693874,109.0,0.8385793,108.0,1.8552947
1565678,73,2,740,0.481865284974093,2018,2.693874,109.0,0.756838,109.0,1.937036
1565679,73,2,750,0.319371727748691,2018,2.693874,109.0,-0.2719296,109.0,2.9658036
1565680,73,2,760,0.306282722513089,2018,2.693874,109.0,-0.4614895,108.0,3.1553635
1565681,73,2,770,0.273684210526316,2018,2.693874,109.0,-0.4200868,108.0,3.1139608
1565682,73,2,771,0.274611398963731,2018,2.693874,109.0,-0.544477,109.0,3.238351
1565683,73,2,775,0.267080745341615,2018,2.693874,109.0,-0.9869054,83.0,3.6807794
1565684,73,2,780,0.30952380952381,2018,2.693874,109.0,-0.50113,107.0,3.195004
1565685,73,2,781,0.299450549450549,2018,2.693874,109.0,-0.4323263,108.0,3.1262003
1565686,73,2,790,0.302083333333333,2018,2.693874,109.0,-0.5204762,108.0,3.2143502
1565687,73,2,800,0.290155440414508,2018,2.693874,109.0,-0.3362593,109.0,3.0301333
1565688,73,2,811,0.222527472527473,2018,2.693874,109.0,-1.251421,103.0,3.945295
1565689,73,2,812,0.240437158469945,2018,2.693874,109.0,-1.028361,107.0,3.722235
1565690,73,2,816,0.252747252747253,2018,2.693874,109.0,-0.9398234,108.0,3.6336974
1565691,73,2,820,0.294270833333333,2018,2.693874,109.0,-0.6617422,108.0,3.3556162
1565692,73,2,830,0.310880829015544,2018,2.693874,109.0,-0.3234356,109.0,3.0173096
1565693,73,2,835,0.28125,2018,2.693874,109.0,-0.8527547,108.0,3.5466287
1565694,73,2,840,0.290155440414508,2018,2.693874,109.0,-0.343844,109.0,3.037718
1565695,73,2,850,0.266839378238342,2018,2.693874,109.0,-0.9824257,109.0,3.6762997
1565696,73,2,860,0.278481012658228,2018,2.693874,109.0,-0.2897323,92.0,2.9836063
1565697,73,2,900,0.604166666666667,2018,2.693874,109.0,1.407233,108.0,1.286641
1565698,73,2,910,0.388297872340426,2018,2.693874,109.0,0.1267239,106.0,2.5671501
1565699,73,2,920,0.453367875647668,2018,2.693874,109.0,0.7145571,109.0,1.9793169
1565700,73,2,935,0.375690607734807,2018,2.693874,109.0,0.1334004,100.0,2.5604736
1565701,73,2,940,0.367549668874172,2018,2.693874,109.0,0.3365617,89.0,2.3573123
1565702,73,2,946,0.373015873015873,2018,2.693874,109.0,0.4374355,41.0,2.2564385
1565703,73,2,947,0.388111888111888,2018,2.693874,109.0,0.1265018,82.0,2.5673722
1565704,73,2,950,0.372881355932203,2018,2.693874,109.0,0.1134648,101.0,2.5804092
1565705,73,2,955,0.305555555555556,2018,2.693874,109.0,0.1481486,70.0,2.5457254
1565706,73,2,970,0.435064935064935,2018,2.693874,109.0,0.3709562,67.0,2.3229178
1565707,73,2,983,0.604166666666667,2018,2.693874,109.0,0.8442267,89.0,1.8496473
1565708,73,2,986,0.377777777777778,2018,2.693874,109.0,0.234737,76.0,2.459137
1565709,73,2,987,0.661538461538462,2018,2.693874,109.0,1.461072,80.0,1.232802
1565710,73,2,990,0.352777777777778,2018,2.693874,109.0,0.08721246,103.0,2.60666154
1565711,73,20,2,0.582901554404145,2018,1.348809,109.0,2.693874,109.0,1.345065
1565866,73,20,710,0.572916666666667,2018,1.348809,109.0,-0.5225858,108.0,1.8713948
1565903,73,31,2,0.311797752808989,2018,-0.230307,106.0,2.693874,109.0,2.924181
1566058,73,31,710,0.785310734463277,2018,-0.230307,106.0,-0.5225858,108.0,0.2922788
1566095,73,40,2,0.202631578947368,2018,-1.69315,108.0,2.693874,109.0,4.387024
1566250,73,40,710,0.86436170212766,2018,-1.69315,108.0,-0.5225858,108.0,1.1705642
1566287,73,41,2,0.474137931034483,2018,0.102413,69.0,2.693874,109.0,2.591461
1566442,73,41,710,0.706896551724138,2018,0.102413,69.0,-0.5225858,108.0,0.6249988
1566479,73,42,2,0.316216216216216,2018,-0.2254958,105.0,2.693874,109.0,2.9193698
1566634,73,42,710,0.758152173913043,2018,-0.2254958,105.0,-0.5225858,108.0,0.29709
1566671,73,51,2,0.298429319371728,2018,-0.3230592,107.0,2.693874,109.0,3.0169332
1566826,73,51,710,0.763157894736842,2018,-0.3230592,107.0,-0.5225858,108.0,0.1995266
1566863,73,52,2,0.293785310734463,2018,-0.5181565,101.0,2.693874,109.0,3.2120305
1567018,73,52,710,0.778409090909091,2018,-0.5181565,101.0,-0.5225858,108.0,0.0044292999999999
1567055,73,53,2,0.313953488372093,2018,-0.291738,98.0,2.693874,109.0,2.985612
1567210,73,53,710,0.771929824561403,2018,-0.291738,98.0,-0.5225858,108.0,0.2308478
1567247,73,54,2,0.233766233766234,2018,-0.4201956,55.0,2.693874,109.0,3.1140696
1567402,73,54,710,0.824675324675325,2018,-0.4201956,55.0,-0.5225858,108.0,0.1023902
1567439,73,55,2,0.203296703296703,2018,-0.3669482,79.0,2.693874,109.0,3.0608222
1567594,73,55,710,0.866666666666667,2018,-0.3669482,79.0,-0.5225858,108.0,0.1556376
1567631,73,56,2,0.294943820224719,2018,-0.3915836,105.0,2.693874,109.0,3.0854576
1567786,73,56,710,0.782485875706215,2018,-0.3915836,105.0,-0.5225858,108.0,0.1310022
1567823,73,57,2,0.275132275132275,2018,-0.514511,106.0,2.693874,109.0,3.208385
1567978,73,57,710,0.788770053475936,2018,-0.514511,106.0,-0.5225858,108.0,0.0080747999999999
1568015,73,58,2,0.287037037037037,2018,-0.1541755,92.0,2.693874,109.0,2.8480495
1568170,73,58,710,0.770186335403727,2018,-0.1541755,92.0,-0.5225858,108.0,0.3684103
1568207,73,60,2,0.240909090909091,2018,-0.3263517,67.0,2.693874,109.0,3.0202257
1568362,73,60,710,0.784403669724771,2018,-0.3263517,67.0,-0.5225858,108.0,0.1962341
1568399,73,70,2,0.352331606217617,2018,0.01453616,109.0,2.693874,109.0,2.67933784
1568554,73,70,710,0.703125,2018,0.01453616,109.0,-0.5225858,108.0,0.53712196
1568591,73,80,2,0.321022727272727,2018,-0.2146079,97.0,2.693874,109.0,2.9084819
1568746,73,80,710,0.75,2018,-0.2146079,97.0,-0.5225858,108.0,0.3079779
1568783,73,90,2,0.418848167539267,2018,0.2388798,107.0,2.693874,109.0,2.4549942
1568938,73,90,710,0.647368421052632,2018,0.2388798,107.0,-0.5225858,108.0,0.7614656
1568975,73,91,2,0.386243386243386,2018,0.2078736,108.0,2.693874,109.0,2.4860004
1569130,73,91,710,0.670212765957447,2018,0.2078736,108.0,-0.5225858,108.0,0.7304594
1569167,73,92,2,0.268421052631579,2018,-0.4378754,107.0,2.693874,109.0,3.1317494
1569322,73,92,710,0.76984126984127,2018,-0.4378754,107.0,-0.5225858,108.0,0.0847104
1569359,73,93,2,0.197222222222222,2018,-1.50808,108.0,2.693874,109.0,4.201954
1569514,73,93,710,0.853932584269663,2018,-1.50808,108.0,-0.5225858,108.0,0.9854942
1569551,73,94,2,0.341968911917098,2018,-0.07584361,109.0,2.693874,109.0,2.76971761
1569706,73,94,710,0.71875,2018,-0.07584361,109.0,-0.5225858,108.0,0.44674219
1569743,73,95,2,0.344736842105263,2018,0.03857255,108.0,2.693874,109.0,2.65530145
1569898,73,95,710,0.715789473684211,2018,0.03857255,108.0,-0.5225858,108.0,0.56115835
1569935,73,100,2,0.328125,2018,-0.06665228,108.0,2.693874,109.0,2.76052628
1570090,73,100,710,0.722513089005236,2018,-0.06665228,108.0,-0.5225858,108.0,0.45593352
1570127,73,101,2,0.19047619047619,2018,-1.494728,108.0,2.693874,109.0,4.188602
1570282,73,101,710,0.831550802139037,2018,-1.494728,108.0,-0.5225858,108.0,0.9721422
1570319,73,110,2,0.298387096774194,2018,-0.2097317,107.0,2.693874,109.0,2.9036057
1570474,73,110,710,0.779891304347826,2018,-0.2097317,107.0,-0.5225858,108.0,0.3128541
1570511,73,115,2,0.238235294117647,2018,-0.7024806,102.0,2.693874,109.0,3.3963546
1570666,73,115,710,0.837278106508876,2018,-0.7024806,102.0,-0.5225858,108.0,0.1798948
1570703,73,130,2,0.268229166666667,2018,-0.4984145,109.0,2.693874,109.0,3.1922885
1570858,73,130,710,0.780104712041885,2018,-0.4984145,109.0,-0.5225858,108.0,0.0241713
1570895,73,135,2,0.317460317460317,2018,-0.1282975,107.0,2.693874,109.0,2.8221715
1571050,73,135,710,0.748663101604278,2018,-0.1282975,107.0,-0.5225858,108.0,0.3942883
1571087,73,140,2,0.3359375,2018,-0.0498589,109.0,2.693874,109.0,2.7437329
1571242,73,140,710,0.725130890052356,2018,-0.0498589,109.0,-0.5225858,108.0,0.4727269
1571279,73,145,2,0.203208556149733,2018,-1.307833,106.0,2.693874,109.0,4.001707
1571434,73,145,710,0.82972972972973,2018,-1.307833,106.0,-0.5225858,108.0,0.7852472
1571471,73,150,2,0.346994535519126,2018,-0.1149445,100.0,2.693874,109.0,2.8088185
1571626,73,150,710,0.711538461538462,2018,-0.1149445,100.0,-0.5225858,108.0,0.4076413
1571663,73,155,2,0.330687830687831,2018,-0.1105182,107.0,2.693874,109.0,2.8043922
1571818,73,155,710,0.723404255319149,2018,-0.1105182,107.0,-0.5225858,108.0,0.4120676
1571855,73,160,2,0.339378238341969,2018,-0.01700081,109.0,2.693874,109.0,2.71087481
1572010,73,160,710,0.736979166666667,2018,-0.01700081,109.0,-0.5225858,108.0,0.50558499
1572047,73,165,2,0.3125,2018,-0.2806207,108.0,2.693874,109.0,2.9744947
1572202,73,165,710,0.743455497382199,2018,-0.2806207,108.0,-0.5225858,108.0,0.2419651
1572239,73,200,2,0.590673575129534,2018,1.59091,109.0,2.693874,109.0,1.102964
1572394,73,200,710,0.5859375,2018,1.59091,109.0,-0.5225858,108.0,2.1134958
1572431,73,205,2,0.448186528497409,2018,0.6683522,109.0,2.693874,109.0,2.0255218
1572586,73,205,710,0.622395833333333,2018,0.6683522,109.0,-0.5225858,108.0,1.190938
1572623,73,210,2,0.5078125,2018,1.071874,108.0,2.693874,109.0,1.622
1572778,73,210,710,0.62565445026178,2018,1.071874,108.0,-0.5225858,108.0,1.5944598
1572815,73,211,2,0.515544041450777,2018,1.011051,109.0,2.693874,109.0,1.682823
1572970,73,211,710,0.638020833333333,2018,1.011051,109.0,-0.5225858,108.0,1.5336368
1573007,73,212,2,0.520725388601036,2018,0.9376727,109.0,2.693874,109.0,1.7562013
1573162,73,212,710,0.6484375,2018,0.9376727,109.0,-0.5225858,108.0,1.4602585
1573199,73,220,2,0.575129533678757,2018,1.40601,109.0,2.693874,109.0,1.287864
1573354,73,220,710,0.588541666666667,2018,1.40601,109.0,-0.5225858,108.0,1.9285958
1573391,73,221,2,0.545698924731183,2018,1.013985,108.0,2.693874,109.0,1.679889
1573546,73,221,710,0.637837837837838,2018,1.013985,108.0,-0.5225858,108.0,1.5365708
1573583,73,223,2,0.452631578947368,2018,0.70629,108.0,2.693874,109.0,1.987584
1573738,73,223,710,0.613756613756614,2018,0.70629,108.0,-0.5225858,108.0,1.2288758
1573775,73,225,2,0.455497382198953,2018,0.6533882,107.0,2.693874,109.0,2.0404858
1573930,73,225,710,0.642105263157895,2018,0.6533882,107.0,-0.5225858,108.0,1.175974
1573967,73,230,2,0.512953367875648,2018,0.9610791,109.0,2.693874,109.0,1.7327949
1574122,73,230,710,0.643229166666667,2018,0.9610791,109.0,-0.5225858,108.0,1.4836649
1574159,73,232,2,0.465968586387435,2018,0.796828,108.0,2.693874,109.0,1.897046
1574314,73,232,710,0.628947368421053,2018,0.796828,108.0,-0.5225858,108.0,1.3194138
1574351,73,235,2,0.512953367875648,2018,0.8898154,109.0,2.693874,109.0,1.8040586
1574506,73,235,710,0.653645833333333,2018,0.8898154,109.0,-0.5225858,108.0,1.4124012
1574543,73,255,2,0.536269430051813,2018,1.153039,109.0,2.693874,109.0,1.540835
1574698,73,255,710,0.627604166666667,2018,1.153039,109.0,-0.5225858,108.0,1.6756248
1574735,73,290,2,0.5546875,2018,1.175157,108.0,2.693874,109.0,1.518717
1574890,73,290,710,0.62565445026178,2018,1.175157,108.0,-0.5225858,108.0,1.6977428
1574927,73,305,2,0.458549222797927,2018,0.7386338,109.0,2.693874,109.0,1.9552402
1575082,73,305,710,0.604166666666667,2018,0.7386338,109.0,-0.5225858,108.0,1.2612196
1575119,73,310,2,0.577720207253886,2018,1.307333,109.0,2.693874,109.0,1.386541
1575274,73,310,710,0.604166666666667,2018,1.307333,109.0,-0.5225858,108.0,1.8299188
1575311,73,316,2,0.549222797927461,2018,1.223903,109.0,2.693874,109.0,1.469971
1575466,73,316,710,0.619791666666667,2018,1.223903,109.0,-0.5225858,108.0,1.7464888
1575503,73,317,2,0.53968253968254,2018,1.067274,107.0,2.693874,109.0,1.6266
1575658,73,317,710,0.638297872340426,2018,1.067274,107.0,-0.5225858,108.0,1.5898598
1575695,73,325,2,0.538860103626943,2018,1.054066,109.0,2.693874,109.0,1.639808
1575850,73,325,710,0.6328125,2018,1.054066,109.0,-0.5225858,108.0,1.5766518
1575887,73,331,2,0.43979057591623,2018,0.7159269,109.0,2.693874,109.0,1.9779471
1576042,73,331,710,0.613157894736842,2018,0.7159269,109.0,-0.5225858,108.0,1.2385127
1576079,73,338,2,0.432642487046632,2018,0.6534025,109.0,2.693874,109.0,2.0404715
1576234,73,338,710,0.627604166666667,2018,0.6534025,109.0,-0.5225858,108.0,1.1759883
1576271,73,339,2,0.528645833333333,2018,1.039082,108.0,2.693874,109.0,1.654792
1576426,73,339,710,0.633507853403141,2018,1.039082,108.0,-0.5225858,108.0,1.5616678
1576463,73,341,2,0.518134715025907,2018,0.9690736,109.0,2.693874,109.0,1.7248004
1576618,73,341,710,0.640625,2018,0.9690736,109.0,-0.5225858,108.0,1.4916594
1576655,73,343,2,0.492227979274611,2018,0.8655791,109.0,2.693874,109.0,1.8282949
1576810,73,343,710,0.630208333333333,2018,0.8655791,109.0,-0.5225858,108.0,1.3881649
1576847,73,344,2,0.528497409326425,2018,1.026942,109.0,2.693874,109.0,1.666932
1577002,73,344,710,0.643229166666667,2018,1.026942,109.0,-0.5225858,108.0,1.5495278
1577039,73,345,2,0.366279069767442,2018,0.321192,105.0,2.693874,109.0,2.372682
1577194,73,345,710,0.748538011695906,2018,0.321192,105.0,-0.5225858,108.0,0.8437778
1577231,73,346,2,0.461538461538462,2018,0.6533292,102.0,2.693874,109.0,2.0405448
1577386,73,346,710,0.674033149171271,2018,0.6533292,102.0,-0.5225858,108.0,1.175915
1577423,73,349,2,0.523684210526316,2018,0.993578,108.0,2.693874,109.0,1.700296
1577578,73,349,710,0.648148148148148,2018,0.993578,108.0,-0.5225858,108.0,1.5161638
1577615,73,350,2,0.510362694300518,2018,0.8542345,109.0,2.693874,109.0,1.8396395
1577770,73,350,710,0.6484375,2018,0.8542345,109.0,-0.5225858,108.0,1.3768203
1577807,73,352,2,0.430051813471503,2018,0.6192197,109.0,2.693874,109.0,2.0746543
1577962,73,352,710,0.635416666666667,2018,0.6192197,109.0,-0.5225858,108.0,1.1418055
1577999,73,355,2,0.525906735751295,2018,0.9812518,109.0,2.693874,109.0,1.7126222
1578154,73,355,710,0.640625,2018,0.9812518,109.0,-0.5225858,108.0,1.5038376
1578191,73,359,2,0.464705882352941,2018,0.7231028,103.0,2.693874,109.0,1.9707712
1578346,73,359,710,0.611764705882353,2018,0.7231028,103.0,-0.5225858,108.0,1.2456886
1578383,73,360,2,0.538860103626943,2018,1.053085,109.0,2.693874,109.0,1.640789
1578538,73,360,710,0.640625,2018,1.053085,109.0,-0.5225858,108.0,1.5756708
1578575,73,365,2,0.321243523316062,2018,-0.03559198,109.0,2.693874,109.0,2.72946598
1578730,73,365,710,0.8359375,2018,-0.03559198,109.0,-0.5225858,108.0,0.48699382
1578767,73,366,2,0.531088082901554,2018,1.090021,109.0,2.693874,109.0,1.603853
1578922,73,366,710,0.640625,2018,1.090021,109.0,-0.5225858,108.0,1.6126068
1578959,73,367,2,0.549222797927461,2018,1.147063,109.0,2.693874,109.0,1.546811
1579114,73,367,710,0.630208333333333,2018,1.147063,109.0,-0.5225858,108.0,1.6696488
1579151,73,368,2,0.549222797927461,2018,1.1613,109.0,2.693874,109.0,1.532574
1579306,73,368,710,0.625,2018,1.1613,109.0,-0.5225858,108.0,1.6838858
1579343,73,369,2,0.562162162162162,2018,1.061079,103.0,2.693874,109.0,1.632795
1579498,73,369,710,0.595108695652174,2018,1.061079,103.0,-0.5225858,108.0,1.5836648
1579535,73,370,2,0.254010695187166,2018,-0.4352857,105.0,2.693874,109.0,3.1291597
1579690,73,370,710,0.841397849462366,2018,-0.4352857,105.0,-0.5225858,108.0,0.0873001
1579727,73,371,2,0.351744186046512,2018,0.07066497,107.0,2.693874,109.0,2.62320903
1579882,73,371,710,0.751461988304094,2018,0.07066497,107.0,-0.5225858,108.0,0.59325077
1579919,73,372,2,0.516216216216216,2018,0.8769602,105.0,2.693874,109.0,1.8169138
1580074,73,372,710,0.625,2018,0.8769602,105.0,-0.5225858,108.0,1.399546
1580111,73,373,2,0.254491017964072,2018,-0.6201533,101.0,2.693874,109.0,3.3140273
1580266,73,373,710,0.818181818181818,2018,-0.6201533,101.0,-0.5225858,108.0,0.0975675
1580303,73,375,2,0.481865284974093,2018,0.8901729,109.0,2.693874,109.0,1.8037011
1580458,73,375,710,0.635416666666667,2018,0.8901729,109.0,-0.5225858,108.0,1.4127587
1580495,73,380,2,0.471502590673575,2018,0.834595,109.0,2.693874,109.0,1.859279
1580650,73,380,710,0.622395833333333,2018,0.834595,109.0,-0.5225858,108.0,1.3571808
1580687,73,385,2,0.479166666666667,2018,0.9074754,109.0,2.693874,109.0,1.7863986
1580842,73,385,710,0.678010471204188,2018,0.9074754,109.0,-0.5225858,108.0,1.4300612
1580879,73,390,2,0.536458333333333,2018,1.103956,109.0,2.693874,109.0,1.589918
1581034,73,390,710,0.638743455497382,2018,1.103956,109.0,-0.5225858,108.0,1.6265418
1581071,73,395,2,0.497354497354497,2018,0.8665863,108.0,2.693874,109.0,1.8272877
1581226,73,395,710,0.648936170212766,2018,0.8665863,108.0,-0.5225858,108.0,1.3891721
1581263,73,402,2,0.27710843373494,2018,-0.3594537,97.0,2.693874,109.0,3.0533277
1581418,73,402,710,0.778787878787879,2018,-0.3594537,97.0,-0.5225858,108.0,0.1631321
1581455,73,403,2,0.348684210526316,2018,-0.260441,78.0,2.693874,109.0,2.954315
1581610,73,403,710,0.746666666666667,2018,-0.260441,78.0,-0.5225858,108.0,0.2621448
1581647,73,404,2,0.266871165644172,2018,-0.4329957,94.0,2.693874,109.0,3.1268697
1581802,73,404,710,0.791925465838509,2018,-0.4329957,94.0,-0.5225858,108.0,0.0895901
1581839,73,411,2,0.313725490196078,2018,-0.3652908,78.0,2.693874,109.0,3.0591648
1581994,73,411,710,0.791390728476821,2018,-0.3652908,78.0,-0.5225858,108.0,0.157295
1582031,73,420,2,0.240625,2018,-0.4313432,95.0,2.693874,109.0,3.1252172
1582186,73,420,710,0.794303797468354,2018,-0.4313432,95.0,-0.5225858,108.0,0.0912426
1582223,73,432,2,0.268421052631579,2018,-0.3267091,106.0,2.693874,109.0,3.0205831
1582378,73,432,710,0.837765957446808,2018,-0.3267091,106.0,-0.5225858,108.0,0.1958767
1582415,73,433,2,0.281767955801105,2018,-0.3713661,105.0,2.693874,109.0,3.0652401
1582570,73,433,710,0.79608938547486,2018,-0.3713661,105.0,-0.5225858,108.0,0.1512197
1582607,73,434,2,0.271428571428571,2018,-0.4583497,100.0,2.693874,109.0,3.1522237
1582762,73,434,710,0.793103448275862,2018,-0.4583497,100.0,-0.5225858,108.0,0.0642361
1582799,73,435,2,0.248407643312102,2018,-0.7394806,94.0,2.693874,109.0,3.4333546
1582954,73,435,710,0.826923076923077,2018,-0.7394806,94.0,-0.5225858,108.0,0.2168948
1582991,73,436,2,0.221518987341772,2018,-0.7562777,87.0,2.693874,109.0,3.4501517
1583146,73,436,710,0.817307692307692,2018,-0.7562777,87.0,-0.5225858,108.0,0.2336919
1583183,73,437,2,0.333333333333333,2018,-0.03004686,104.0,2.693874,109.0,2.72392086
1583338,73,437,710,0.714673913043478,2018,-0.03004686,104.0,-0.5225858,108.0,0.49253894
1583375,73,438,2,0.27027027027027,2018,-0.639452,106.0,2.693874,109.0,3.333326
1583530,73,438,710,0.806010928961749,2018,-0.639452,106.0,-0.5225858,108.0,0.1168662
1583567,73,439,2,0.226973684210526,2018,-0.499166,95.0,2.693874,109.0,3.19304
1583722,73,439,710,0.843333333333333,2018,-0.499166,95.0,-0.5225858,108.0,0.0234198
1583759,73,450,2,0.439490445859873,2018,0.1907222,84.0,2.693874,109.0,2.5031518
1583914,73,450,710,0.657051282051282,2018,0.1907222,84.0,-0.5225858,108.0,0.713308
1583951,73,451,2,0.273529411764706,2018,-0.5359349,95.0,2.693874,109.0,3.2298089
1584106,73,451,710,0.800595238095238,2018,-0.5359349,95.0,-0.5225858,108.0,0.0133491
1584143,73,452,2,0.300561797752809,2018,-0.1678384,98.0,2.693874,109.0,2.8617124
1584298,73,452,710,0.75,2018,-0.1678384,98.0,-0.5225858,108.0,0.3547474
1584335,73,461,2,0.399425287356322,2018,0.02699055,104.0,2.693874,109.0,2.66688345
1584490,73,461,710,0.697674418604651,2018,0.02699055,104.0,-0.5225858,108.0,0.54957635
1584527,73,471,2,0.354700854700855,2018,-0.02848758,99.0,2.693874,109.0,2.72236158
1584682,73,471,710,0.758620689655172,2018,-0.02848758,99.0,-0.5225858,108.0,0.49409822
1584719,73,475,2,0.276243093922652,2018,-0.4857228,107.0,2.693874,109.0,3.1795968
1584874,73,475,710,0.8,2018,-0.4857228,107.0,-0.5225858,108.0,0.036863
1584911,73,481,2,0.228571428571429,2018,-0.3128249,79.0,2.693874,109.0,3.0066989
1585066,73,481,710,0.836538461538462,2018,-0.3128249,79.0,-0.5225858,108.0,0.2097609
1585103,73,482,2,0.219298245614035,2018,-0.1578603,94.0,2.693874,109.0,2.8517343
1585258,73,482,710,0.815789473684211,2018,-0.1578603,94.0,-0.5225858,108.0,0.3647255
1585295,73,483,2,0.166666666666667,2018,-0.6523726,46.0,2.693874,109.0,3.3462466
1585450,73,483,710,0.871212121212121,2018,-0.6523726,46.0,-0.5225858,108.0,0.1297868
1585487,73,484,2,0.166666666666667,2018,-0.7211558,91.0,2.693874,109.0,3.4150298
1585642,73,484,710,0.871681415929204,2018,-0.7211558,91.0,-0.5225858,108.0,0.19857
1585679,73,490,2,0.260869565217391,2018,-0.2389018,60.0,2.693874,109.0,2.9327758
1585834,73,490,710,0.814159292035398,2018,-0.2389018,60.0,-0.5225858,108.0,0.283684
1585871,73,500,2,0.283018867924528,2018,-0.7523536,85.0,2.693874,109.0,3.4462276
1586026,73,500,710,0.80379746835443,2018,-0.7523536,85.0,-0.5225858,108.0,0.2297678
1586063,73,501,2,0.260752688172043,2018,-0.6196325,104.0,2.693874,109.0,3.3135065
1586218,73,501,710,0.828804347826087,2018,-0.6196325,104.0,-0.5225858,108.0,0.0970467
1586255,73,510,2,0.242774566473988,2018,-0.6492324,102.0,2.693874,109.0,3.3431064
1586410,73,510,710,0.834302325581395,2018,-0.6492324,102.0,-0.5225858,108.0,0.1266466
1586447,73,516,2,0.223529411764706,2018,-1.189949,92.0,2.693874,109.0,3.883823
1586602,73,516,710,0.848214285714286,2018,-1.189949,92.0,-0.5225858,108.0,0.6673632
1586639,73,517,2,0.305343511450382,2018,-0.004192355,80.0,2.693874,109.0,2.698066355
1586794,73,517,710,0.767175572519084,2018,-0.004192355,80.0,-0.5225858,108.0,0.518393445
1586831,73,520,2,0.159090909090909,2018,-0.5647277,32.0,2.693874,109.0,3.2586017
1586986,73,520,710,0.863636363636364,2018,-0.5647277,32.0,-0.5225858,108.0,0.0421419000000001
1587023,73,522,2,0.26536312849162,2018,-0.317129,106.0,2.693874,109.0,3.011003
1587178,73,522,710,0.813559322033898,2018,-0.317129,106.0,-0.5225858,108.0,0.2054568
1587215,73,530,2,0.310734463276836,2018,-0.3495035,102.0,2.693874,109.0,3.0433775
1587370,73,530,710,0.778409090909091,2018,-0.3495035,102.0,-0.5225858,108.0,0.1730823
1587407,73,531,2,0.253246753246753,2018,-0.6203013,84.0,2.693874,109.0,3.3141753
1587562,73,531,710,0.838815789473684,2018,-0.6203013,84.0,-0.5225858,108.0,0.0977155000000001
1587599,73,540,2,0.263888888888889,2018,-0.583431,100.0,2.693874,109.0,3.277305
1587754,73,540,710,0.808988764044944,2018,-0.583431,100.0,-0.5225858,108.0,0.0608452
1587791,73,541,2,0.268817204301075,2018,-0.6072835,106.0,2.693874,109.0,3.3011575
1587946,73,541,710,0.813513513513514,2018,-0.6072835,106.0,-0.5225858,108.0,0.0846977
1587983,73,551,2,0.25,2018,-0.7270758,100.0,2.693874,109.0,3.4209498
1588138,73,551,710,0.798850574712644,2018,-0.7270758,100.0,-0.5225858,108.0,0.20449
1588175,73,552,2,0.211640211640212,2018,-1.446529,107.0,2.693874,109.0,4.140403
1588330,73,552,710,0.8475935828877,2018,-1.446529,107.0,-0.5225858,108.0,0.9239432
1588367,73,553,2,0.330508474576271,2018,-0.1723427,99.0,2.693874,109.0,2.8662167
1588522,73,553,710,0.730113636363636,2018,-0.1723427,99.0,-0.5225858,108.0,0.3502431
1588559,73,560,2,0.25,2018,-0.5181249,107.0,2.693874,109.0,3.2119989
1588714,73,560,710,0.818681318681319,2018,-0.5181249,107.0,-0.5225858,108.0,0.0044608999999999
1588751,73,565,2,0.264550264550265,2018,-0.6865279,107.0,2.693874,109.0,3.3804019
1588906,73,565,710,0.800531914893617,2018,-0.6865279,107.0,-0.5225858,108.0,0.1639421
1588943,73,570,2,0.266233766233766,2018,-0.3357459,91.0,2.693874,109.0,3.0296199
1589098,73,570,710,0.8125,2018,-0.3357459,91.0,-0.5225858,108.0,0.1868399
1589135,73,571,2,0.290960451977401,2018,-0.272476,101.0,2.693874,109.0,2.96635
1589290,73,571,710,0.775568181818182,2018,-0.272476,101.0,-0.5225858,108.0,0.2501098
1589327,73,572,2,0.288,2018,-0.09993586,65.0,2.693874,109.0,2.79380986
1589482,73,572,710,0.786290322580645,2018,-0.09993586,65.0,-0.5225858,108.0,0.42264994
1589519,73,580,2,0.244755244755245,2018,-0.6909502,80.0,2.693874,109.0,3.3848242
1589674,73,580,710,0.823943661971831,2018,-0.6909502,80.0,-0.5225858,108.0,0.1683644
1589711,73,581,2,0.25,2018,-0.8043455,88.0,2.693874,109.0,3.4982195
1589866,73,581,710,0.832258064516129,2018,-0.8043455,88.0,-0.5225858,108.0,0.2817597
1589903,73,590,2,0.282485875706215,2018,-0.4964531,105.0,2.693874,109.0,3.1903271
1590058,73,590,710,0.811428571428571,2018,-0.4964531,105.0,-0.5225858,108.0,0.0261327
1590095,73,591,2,0.248201438848921,2018,-0.4465895,84.0,2.693874,109.0,3.1404635
1590250,73,591,710,0.873188405797101,2018,-0.4465895,84.0,-0.5225858,108.0,0.0759963
1590287,73,600,2,0.297142857142857,2018,-0.480332,105.0,2.693874,109.0,3.174206
1590442,73,600,710,0.813218390804598,2018,-0.480332,105.0,-0.5225858,108.0,0.0422538
1590479,73,615,2,0.269430051813472,2018,-0.8662773,109.0,2.693874,109.0,3.5601513
1590634,73,615,710,0.825520833333333,2018,-0.8662773,109.0,-0.5225858,108.0,0.3436915
1590671,73,616,2,0.281420765027322,2018,-0.656777,105.0,2.693874,109.0,3.350651
1590826,73,616,710,0.792817679558011,2018,-0.656777,105.0,-0.5225858,108.0,0.1341912
1590863,73,620,2,0.276470588235294,2018,-0.5725532,98.0,2.693874,109.0,3.2664272
1591018,73,620,710,0.800595238095238,2018,-0.5725532,98.0,-0.5225858,108.0,0.0499674
1591055,73,625,2,0.259259259259259,2018,-1.150031,107.0,2.693874,109.0,3.843905
1591210,73,625,710,0.824468085106383,2018,-1.150031,107.0,-0.5225858,108.0,0.6274452
1591247,73,626,2,0.297752808988764,2018,-0.03468455,54.0,2.693874,109.0,2.72855855
1591402,73,626,710,0.764044943820225,2018,-0.03468455,54.0,-0.5225858,108.0,0.48790125
1591439,73,630,2,0.184971098265896,2018,-1.764055,106.0,2.693874,109.0,4.457929
1591594,73,630,710,0.837209302325581,2018,-1.764055,106.0,-0.5225858,108.0,1.2414692
1591631,73,640,2,0.450261780104712,2018,0.5473948,108.0,2.693874,109.0,2.1464792
1591786,73,640,710,0.747368421052632,2018,0.5473948,108.0,-0.5225858,108.0,1.0699806
1591823,73,645,2,0.275675675675676,2018,-0.7950154,106.0,2.693874,109.0,3.4888894
1591978,73,645,710,0.828804347826087,2018,-0.7950154,106.0,-0.5225858,108.0,0.2724296
1592015,73,651,2,0.253886010362694,2018,-1.146325,109.0,2.693874,109.0,3.840199
1592170,73,651,710,0.8203125,2018,-1.146325,109.0,-0.5225858,108.0,0.6237392
1592207,73,652,2,0.186746987951807,2018,-1.783149,105.0,2.693874,109.0,4.477023
1592362,73,652,710,0.884848484848485,2018,-1.783149,105.0,-0.5225858,108.0,1.2605632
1592399,73,660,2,0.245945945945946,2018,-0.9943061,105.0,2.693874,109.0,3.6881801
1592554,73,660,710,0.831521739130435,2018,-0.9943061,105.0,-0.5225858,108.0,0.4717203
1592591,73,663,2,0.279255319148936,2018,-0.6130684,105.0,2.693874,109.0,3.3069424
1592746,73,663,710,0.810160427807487,2018,-0.6130684,105.0,-0.5225858,108.0,0.0904826
1592783,73,666,2,0.875,2018,2.395797,102.0,2.693874,109.0,0.298077
1592938,73,666,710,0.32967032967033,2018,2.395797,102.0,-0.5225858,108.0,2.9183828
1592975,73,670,2,0.318652849740933,2018,-0.4928097,109.0,2.693874,109.0,3.1866837
1593130,73,670,710,0.796875,2018,-0.4928097,109.0,-0.5225858,108.0,0.0297761
1593167,73,679,2,0.284574468085106,2018,-0.6040448,106.0,2.693874,109.0,3.2979188
1593322,73,679,710,0.812834224598931,2018,-0.6040448,106.0,-0.5225858,108.0,0.0814590000000001
1593359,73,690,2,0.327225130890052,2018,-0.7633625,108.0,2.693874,109.0,3.4572365
1593514,73,690,710,0.778947368421053,2018,-0.7633625,108.0,-0.5225858,108.0,0.2407767
1593551,73,692,2,0.310880829015544,2018,-0.6191555,109.0,2.693874,109.0,3.3130295
1593706,73,692,710,0.8046875,2018,-0.6191555,109.0,-0.5225858,108.0,0.0965697
1593743,73,694,2,0.330729166666667,2018,-0.6451573,109.0,2.693874,109.0,3.3390313
1593898,73,694,710,0.769633507853403,2018,-0.6451573,109.0,-0.5225858,108.0,0.1225715
1593935,73,696,2,0.329015544041451,2018,-0.6044658,109.0,2.693874,109.0,3.2983398
1594090,73,696,710,0.778645833333333,2018,-0.6044658,109.0,-0.5225858,108.0,0.0818800000000001
1594127,73,698,2,0.297368421052632,2018,-0.842788,108.0,2.693874,109.0,3.536662
1594282,73,698,710,0.817460317460317,2018,-0.842788,108.0,-0.5225858,108.0,0.3202022
1594319,73,700,2,0.267123287671233,2018,-0.7388266,95.0,2.693874,109.0,3.4327006
1594474,73,700,710,0.832191780821918,2018,-0.7388266,95.0,-0.5225858,108.0,0.2162408
1594511,73,701,2,0.221698113207547,2018,-0.8385227,71.0,2.693874,109.0,3.5323967
1594666,73,701,710,0.857142857142857,2018,-0.8385227,71.0,-0.5225858,108.0,0.3159369
1594703,73,702,2,0.253246753246753,2018,-0.6162656,101.0,2.693874,109.0,3.3101396
1594858,73,702,710,0.852941176470588,2018,-0.6162656,101.0,-0.5225858,108.0,0.0936798
1594895,73,703,2,0.236301369863014,2018,-0.7733815,96.0,2.693874,109.0,3.4672555
1595050,73,703,710,0.875862068965517,2018,-0.7733815,96.0,-0.5225858,108.0,0.2507957
1595087,73,704,2,0.213235294117647,2018,-0.5449276,88.0,2.693874,109.0,3.2388016
1595242,73,704,710,0.878676470588235,2018,-0.5449276,88.0,-0.5225858,108.0,0.0223418
1595279,73,705,2,0.265027322404372,2018,-0.4924911,107.0,2.693874,109.0,3.1863651
1595434,73,705,710,0.835164835164835,2018,-0.4924911,107.0,-0.5225858,108.0,0.0300947
1595471,73,710,2,0.256544502617801,2018,-0.5225858,108.0,2.693874,109.0,3.2164598
1595472,73,710,20,0.572916666666667,2018,-0.5225858,108.0,1.348809,109.0,1.8713948
1595473,73,710,31,0.785310734463277,2018,-0.5225858,108.0,-0.230307,106.0,0.2922788
1595474,73,710,40,0.86436170212766,2018,-0.5225858,108.0,-1.69315,108.0,1.1705642
1595475,73,710,41,0.706896551724138,2018,-0.5225858,108.0,0.102413,69.0,0.6249988
1595476,73,710,42,0.758152173913043,2018,-0.5225858,108.0,-0.2254958,105.0,0.29709
1595477,73,710,51,0.763157894736842,2018,-0.5225858,108.0,-0.3230592,107.0,0.1995266
1595478,73,710,52,0.778409090909091,2018,-0.5225858,108.0,-0.5181565,101.0,0.0044292999999999
1595479,73,710,53,0.771929824561403,2018,-0.5225858,108.0,-0.291738,98.0,0.2308478
1595480,73,710,54,0.824675324675325,2018,-0.5225858,108.0,-0.4201956,55.0,0.1023902
1595481,73,710,55,0.866666666666667,2018,-0.5225858,108.0,-0.3669482,79.0,0.1556376
1595482,73,710,56,0.782485875706215,2018,-0.5225858,108.0,-0.3915836,105.0,0.1310022
1595483,73,710,57,0.788770053475936,2018,-0.5225858,108.0,-0.514511,106.0,0.0080747999999999
1595484,73,710,58,0.770186335403727,2018,-0.5225858,108.0,-0.1541755,92.0,0.3684103
1595485,73,710,60,0.784403669724771,2018,-0.5225858,108.0,-0.3263517,67.0,0.1962341
1595486,73,710,70,0.703125,2018,-0.5225858,108.0,0.01453616,109.0,0.53712196
1595487,73,710,80,0.75,2018,-0.5225858,108.0,-0.2146079,97.0,0.3079779
1595488,73,710,90,0.647368421052632,2018,-0.5225858,108.0,0.2388798,107.0,0.7614656
1595489,73,710,91,0.670212765957447,2018,-0.5225858,108.0,0.2078736,108.0,0.7304594
1595490,73,710,92,0.76984126984127,2018,-0.5225858,108.0,-0.4378754,107.0,0.0847104
1595491,73,710,93,0.853932584269663,2018,-0.5225858,108.0,-1.50808,108.0,0.9854942
1595492,73,710,94,0.71875,2018,-0.5225858,108.0,-0.07584361,109.0,0.44674219
1595493,73,710,95,0.715789473684211,2018,-0.5225858,108.0,0.03857255,108.0,0.56115835
1595494,73,710,100,0.722513089005236,2018,-0.5225858,108.0,-0.06665228,108.0,0.45593352
1595495,73,710,101,0.831550802139037,2018,-0.5225858,108.0,-1.494728,108.0,0.9721422
1595496,73,710,110,0.779891304347826,2018,-0.5225858,108.0,-0.2097317,107.0,0.3128541
1595497,73,710,115,0.837278106508876,2018,-0.5225858,108.0,-0.7024806,102.0,0.1798948
1595498,73,710,130,0.780104712041885,2018,-0.5225858,108.0,-0.4984145,109.0,0.0241713
1595499,73,710,135,0.748663101604278,2018,-0.5225858,108.0,-0.1282975,107.0,0.3942883
1595500,73,710,140,0.725130890052356,2018,-0.5225858,108.0,-0.0498589,109.0,0.4727269
1595501,73,710,145,0.82972972972973,2018,-0.5225858,108.0,-1.307833,106.0,0.7852472
1595502,73,710,150,0.711538461538462,2018,-0.5225858,108.0,-0.1149445,100.0,0.4076413
1595503,73,710,155,0.723404255319149,2018,-0.5225858,108.0,-0.1105182,107.0,0.4120676
1595504,73,710,160,0.736979166666667,2018,-0.5225858,108.0,-0.01700081,109.0,0.50558499
1595505,73,710,165,0.743455497382199,2018,-0.5225858,108.0,-0.2806207,108.0,0.2419651
1595506,73,710,200,0.5859375,2018,-0.5225858,108.0,1.59091,109.0,2.1134958
1595507,73,710,205,0.622395833333333,2018,-0.5225858,108.0,0.6683522,109.0,1.190938
1595508,73,710,210,0.62565445026178,2018,-0.5225858,108.0,1.071874,108.0,1.5944598
1595509,73,710,211,0.638020833333333,2018,-0.5225858,108.0,1.011051,109.0,1.5336368
1595510,73,710,212,0.6484375,2018,-0.5225858,108.0,0.9376727,109.0,1.4602585
1595511,73,710,220,0.588541666666667,2018,-0.5225858,108.0,1.40601,109.0,1.9285958
1595512,73,710,221,0.637837837837838,2018,-0.5225858,108.0,1.013985,108.0,1.5365708
1595513,73,710,223,0.613756613756614,2018,-0.5225858,108.0,0.70629,108.0,1.2288758
1595514,73,710,225,0.642105263157895,2018,-0.5225858,108.0,0.6533882,107.0,1.175974
1595515,73,710,230,0.643229166666667,2018,-0.5225858,108.0,0.9610791,109.0,1.4836649
1595516,73,710,232,0.628947368421053,2018,-0.5225858,108.0,0.796828,108.0,1.3194138
1595517,73,710,235,0.653645833333333,2018,-0.5225858,108.0,0.8898154,109.0,1.4124012
1595518,73,710,255,0.627604166666667,2018,-0.5225858,108.0,1.153039,109.0,1.6756248
1595519,73,710,290,0.62565445026178,2018,-0.5225858,108.0,1.175157,108.0,1.6977428
1595520,73,710,305,0.604166666666667,2018,-0.5225858,108.0,0.7386338,109.0,1.2612196
1595521,73,710,310,0.604166666666667,2018,-0.5225858,108.0,1.307333,109.0,1.8299188
1595522,73,710,316,0.619791666666667,2018,-0.5225858,108.0,1.223903,109.0,1.7464888
1595523,73,710,317,0.638297872340426,2018,-0.5225858,108.0,1.067274,107.0,1.5898598
1595524,73,710,325,0.6328125,2018,-0.5225858,108.0,1.054066,109.0,1.5766518
1595525,73,710,331,0.613157894736842,2018,-0.5225858,108.0,0.7159269,109.0,1.2385127
1595526,73,710,338,0.627604166666667,2018,-0.5225858,108.0,0.6534025,109.0,1.1759883
1595527,73,710,339,0.633507853403141,2018,-0.5225858,108.0,1.039082,108.0,1.5616678
1595528,73,710,341,0.640625,2018,-0.5225858,108.0,0.9690736,109.0,1.4916594
1595529,73,710,343,0.630208333333333,2018,-0.5225858,108.0,0.8655791,109.0,1.3881649
1595530,73,710,344,0.643229166666667,2018,-0.5225858,108.0,1.026942,109.0,1.5495278
1595531,73,710,345,0.748538011695906,2018,-0.5225858,108.0,0.321192,105.0,0.8437778
1595532,73,710,346,0.674033149171271,2018,-0.5225858,108.0,0.6533292,102.0,1.175915
1595533,73,710,349,0.648148148148148,2018,-0.5225858,108.0,0.993578,108.0,1.5161638
1595534,73,710,350,0.6484375,2018,-0.5225858,108.0,0.8542345,109.0,1.3768203
1595535,73,710,352,0.635416666666667,2018,-0.5225858,108.0,0.6192197,109.0,1.1418055
1595536,73,710,355,0.640625,2018,-0.5225858,108.0,0.9812518,109.0,1.5038376
1595537,73,710,359,0.611764705882353,2018,-0.5225858,108.0,0.7231028,103.0,1.2456886
1595538,73,710,360,0.640625,2018,-0.5225858,108.0,1.053085,109.0,1.5756708
1595539,73,710,365,0.8359375,2018,-0.5225858,108.0,-0.03559198,109.0,0.48699382
1595540,73,710,366,0.640625,2018,-0.5225858,108.0,1.090021,109.0,1.6126068
1595541,73,710,367,0.630208333333333,2018,-0.5225858,108.0,1.147063,109.0,1.6696488
1595542,73,710,368,0.625,2018,-0.5225858,108.0,1.1613,109.0,1.6838858
1595543,73,710,369,0.595108695652174,2018,-0.5225858,108.0,1.061079,103.0,1.5836648
1595544,73,710,370,0.841397849462366,2018,-0.5225858,108.0,-0.4352857,105.0,0.0873001
1595545,73,710,371,0.751461988304094,2018,-0.5225858,108.0,0.07066497,107.0,0.59325077
1595546,73,710,372,0.625,2018,-0.5225858,108.0,0.8769602,105.0,1.399546
1595547,73,710,373,0.818181818181818,2018,-0.5225858,108.0,-0.6201533,101.0,0.0975675
1595548,73,710,375,0.635416666666667,2018,-0.5225858,108.0,0.8901729,109.0,1.4127587
1595549,73,710,380,0.622395833333333,2018,-0.5225858,108.0,0.834595,109.0,1.3571808
1595550,73,710,385,0.678010471204188,2018,-0.5225858,108.0,0.9074754,109.0,1.4300612
1595551,73,710,390,0.638743455497382,2018,-0.5225858,108.0,1.103956,109.0,1.6265418
1595552,73,710,395,0.648936170212766,2018,-0.5225858,108.0,0.8665863,108.0,1.3891721
1595553,73,710,402,0.778787878787879,2018,-0.5225858,108.0,-0.3594537,97.0,0.1631321
1595554,73,710,403,0.746666666666667,2018,-0.5225858,108.0,-0.260441,78.0,0.2621448
1595555,73,710,404,0.791925465838509,2018,-0.5225858,108.0,-0.4329957,94.0,0.0895901
1595556,73,710,411,0.791390728476821,2018,-0.5225858,108.0,-0.3652908,78.0,0.157295
1595557,73,710,420,0.794303797468354,2018,-0.5225858,108.0,-0.4313432,95.0,0.0912426
1595558,73,710,432,0.837765957446808,2018,-0.5225858,108.0,-0.3267091,106.0,0.1958767
1595559,73,710,433,0.79608938547486,2018,-0.5225858,108.0,-0.3713661,105.0,0.1512197
1595560,73,710,434,0.793103448275862,2018,-0.5225858,108.0,-0.4583497,100.0,0.0642361
1595561,73,710,435,0.826923076923077,2018,-0.5225858,108.0,-0.7394806,94.0,0.2168948
1595562,73,710,436,0.817307692307692,2018,-0.5225858,108.0,-0.7562777,87.0,0.2336919
1595563,73,710,437,0.714673913043478,2018,-0.5225858,108.0,-0.03004686,104.0,0.49253894
1595564,73,710,438,0.806010928961749,2018,-0.5225858,108.0,-0.639452,106.0,0.1168662
1595565,73,710,439,0.843333333333333,2018,-0.5225858,108.0,-0.499166,95.0,0.0234198
1595566,73,710,450,0.657051282051282,2018,-0.5225858,108.0,0.1907222,84.0,0.713308
1595567,73,710,451,0.800595238095238,2018,-0.5225858,108.0,-0.5359349,95.0,0.0133491
1595568,73,710,452,0.75,2018,-0.5225858,108.0,-0.1678384,98.0,0.3547474
1595569,73,710,461,0.697674418604651,2018,-0.5225858,108.0,0.02699055,104.0,0.54957635
1595570,73,710,471,0.758620689655172,2018,-0.5225858,108.0,-0.02848758,99.0,0.49409822
1595571,73,710,475,0.8,2018,-0.5225858,108.0,-0.4857228,107.0,0.036863
1595572,73,710,481,0.836538461538462,2018,-0.5225858,108.0,-0.3128249,79.0,0.2097609
1595573,73,710,482,0.815789473684211,2018,-0.5225858,108.0,-0.1578603,94.0,0.3647255
1595574,73,710,483,0.871212121212121,2018,-0.5225858,108.0,-0.6523726,46.0,0.1297868
1595575,73,710,484,0.871681415929204,2018,-0.5225858,108.0,-0.7211558,91.0,0.19857
1595576,73,710,490,0.814159292035398,2018,-0.5225858,108.0,-0.2389018,60.0,0.283684
1595577,73,710,500,0.80379746835443,2018,-0.5225858,108.0,-0.7523536,85.0,0.2297678
1595578,73,710,501,0.828804347826087,2018,-0.5225858,108.0,-0.6196325,104.0,0.0970467
1595579,73,710,510,0.834302325581395,2018,-0.5225858,108.0,-0.6492324,102.0,0.1266466
1595580,73,710,516,0.848214285714286,2018,-0.5225858,108.0,-1.189949,92.0,0.6673632
1595581,73,710,517,0.767175572519084,2018,-0.5225858,108.0,-0.004192355,80.0,0.518393445
1595582,73,710,520,0.863636363636364,2018,-0.5225858,108.0,-0.5647277,32.0,0.0421419000000001
1595583,73,710,522,0.813559322033898,2018,-0.5225858,108.0,-0.317129,106.0,0.2054568
1595584,73,710,530,0.778409090909091,2018,-0.5225858,108.0,-0.3495035,102.0,0.1730823
1595585,73,710,531,0.838815789473684,2018,-0.5225858,108.0,-0.6203013,84.0,0.0977155000000001
1595586,73,710,540,0.808988764044944,2018,-0.5225858,108.0,-0.583431,100.0,0.0608452
1595587,73,710,541,0.813513513513514,2018,-0.5225858,108.0,-0.6072835,106.0,0.0846977
1595588,73,710,551,0.798850574712644,2018,-0.5225858,108.0,-0.7270758,100.0,0.20449
1595589,73,710,552,0.8475935828877,2018,-0.5225858,108.0,-1.446529,107.0,0.9239432
1595590,73,710,553,0.730113636363636,2018,-0.5225858,108.0,-0.1723427,99.0,0.3502431
1595591,73,710,560,0.818681318681319,2018,-0.5225858,108.0,-0.5181249,107.0,0.0044608999999999
1595592,73,710,565,0.800531914893617,2018,-0.5225858,108.0,-0.6865279,107.0,0.1639421
1595593,73,710,570,0.8125,2018,-0.5225858,108.0,-0.3357459,91.0,0.1868399
1595594,73,710,571,0.775568181818182,2018,-0.5225858,108.0,-0.272476,101.0,0.2501098
1595595,73,710,572,0.786290322580645,2018,-0.5225858,108.0,-0.09993586,65.0,0.42264994
1595596,73,710,580,0.823943661971831,2018,-0.5225858,108.0,-0.6909502,80.0,0.1683644
1595597,73,710,581,0.832258064516129,2018,-0.5225858,108.0,-0.8043455,88.0,0.2817597
1595598,73,710,590,0.811428571428571,2018,-0.5225858,108.0,-0.4964531,105.0,0.0261327
1595599,73,710,591,0.873188405797101,2018,-0.5225858,108.0,-0.4465895,84.0,0.0759963
1595600,73,710,600,0.813218390804598,2018,-0.5225858,108.0,-0.480332,105.0,0.0422538
1595601,73,710,615,0.825520833333333,2018,-0.5225858,108.0,-0.8662773,109.0,0.3436915
1595602,73,710,616,0.792817679558011,2018,-0.5225858,108.0,-0.656777,105.0,0.1341912
1595603,73,710,620,0.800595238095238,2018,-0.5225858,108.0,-0.5725532,98.0,0.0499674
1595604,73,710,625,0.824468085106383,2018,-0.5225858,108.0,-1.150031,107.0,0.6274452
1595605,73,710,626,0.764044943820225,2018,-0.5225858,108.0,-0.03468455,54.0,0.48790125
1595606,73,710,630,0.837209302325581,2018,-0.5225858,108.0,-1.764055,106.0,1.2414692
1595607,73,710,640,0.747368421052632,2018,-0.5225858,108.0,0.5473948,108.0,1.0699806
1595608,73,710,645,0.828804347826087,2018,-0.5225858,108.0,-0.7950154,106.0,0.2724296
1595609,73,710,651,0.8203125,2018,-0.5225858,108.0,-1.146325,109.0,0.6237392
1595610,73,710,652,0.884848484848485,2018,-0.5225858,108.0,-1.783149,105.0,1.2605632
1595611,73,710,660,0.831521739130435,2018,-0.5225858,108.0,-0.9943061,105.0,0.4717203
1595612,73,710,663,0.810160427807487,2018,-0.5225858,108.0,-0.6130684,105.0,0.0904826
1595613,73,710,666,0.32967032967033,2018,-0.5225858,108.0,2.395797,102.0,2.9183828
1595614,73,710,670,0.796875,2018,-0.5225858,108.0,-0.4928097,109.0,0.0297761
1595615,73,710,679,0.812834224598931,2018,-0.5225858,108.0,-0.6040448,106.0,0.0814590000000001
1595616,73,710,690,0.778947368421053,2018,-0.5225858,108.0,-0.7633625,108.0,0.2407767
1595617,73,710,692,0.8046875,2018,-0.5225858,108.0,-0.6191555,109.0,0.0965697
1595618,73,710,694,0.769633507853403,2018,-0.5225858,108.0,-0.6451573,109.0,0.1225715
1595619,73,710,696,0.778645833333333,2018,-0.5225858,108.0,-0.6044658,109.0,0.0818800000000001
1595620,73,710,698,0.817460317460317,2018,-0.5225858,108.0,-0.842788,108.0,0.3202022
1595621,73,710,700,0.832191780821918,2018,-0.5225858,108.0,-0.7388266,95.0,0.2162408
1595622,73,710,701,0.857142857142857,2018,-0.5225858,108.0,-0.8385227,71.0,0.3159369
1595623,73,710,702,0.852941176470588,2018,-0.5225858,108.0,-0.6162656,101.0,0.0936798
1595624,73,710,703,0.875862068965517,2018,-0.5225858,108.0,-0.7733815,96.0,0.2507957
1595625,73,710,704,0.878676470588235,2018,-0.5225858,108.0,-0.5449276,88.0,0.0223418
1595626,73,710,705,0.835164835164835,2018,-0.5225858,108.0,-0.4924911,107.0,0.0300947
1595627,73,710,712,0.792817679558011,2018,-0.5225858,108.0,-0.5067156,104.0,0.0158701999999999
1595628,73,710,731,0.887417218543046,2018,-0.5225858,108.0,-0.6492252,96.0,0.1266394
1595629,73,710,732,0.66304347826087,2018,-0.5225858,108.0,0.8385793,108.0,1.3611651
1595630,73,710,740,0.65625,2018,-0.5225858,108.0,0.756838,109.0,1.2794238
1595631,73,710,750,0.792105263157895,2018,-0.5225858,108.0,-0.2719296,109.0,0.2506562
1595632,73,710,760,0.775132275132275,2018,-0.5225858,108.0,-0.4614895,108.0,0.0610963
1595633,73,710,770,0.856382978723404,2018,-0.5225858,108.0,-0.4200868,108.0,0.102499
1595634,73,710,771,0.799479166666667,2018,-0.5225858,108.0,-0.544477,109.0,0.0218912
1595635,73,710,775,0.809375,2018,-0.5225858,108.0,-0.9869054,83.0,0.4643196
1595636,73,710,780,0.783422459893048,2018,-0.5225858,108.0,-0.50113,107.0,0.0214558
1595637,73,710,781,0.773480662983425,2018,-0.5225858,108.0,-0.4323263,108.0,0.0902595
1595638,73,710,790,0.794736842105263,2018,-0.5225858,108.0,-0.5204762,108.0,0.0021095999999999
1595639,73,710,800,0.786458333333333,2018,-0.5225858,108.0,-0.3362593,109.0,0.1863265
1595640,73,710,811,0.845303867403315,2018,-0.5225858,108.0,-1.251421,103.0,0.7288352
1595641,73,710,812,0.840659340659341,2018,-0.5225858,108.0,-1.028361,107.0,0.5057752
1595642,73,710,816,0.837016574585635,2018,-0.5225858,108.0,-0.9398234,108.0,0.4172376
1595643,73,710,820,0.801047120418848,2018,-0.5225858,108.0,-0.6617422,108.0,0.1391564
1595644,73,710,830,0.799479166666667,2018,-0.5225858,108.0,-0.3234356,109.0,0.1991502
1595645,73,710,835,0.824607329842932,2018,-0.5225858,108.0,-0.8527547,108.0,0.3301689
1595646,73,710,840,0.783854166666667,2018,-0.5225858,108.0,-0.343844,109.0,0.1787418
1595647,73,710,850,0.817708333333333,2018,-0.5225858,108.0,-0.9824257,109.0,0.4598399
1595648,73,710,860,0.770700636942675,2018,-0.5225858,108.0,-0.2897323,92.0,0.2328535
1595649,73,710,900,0.554973821989529,2018,-0.5225858,108.0,1.407233,108.0,1.9298188
1595650,73,710,910,0.716577540106952,2018,-0.5225858,108.0,0.1267239,106.0,0.6493097
1595651,73,710,920,0.622395833333333,2018,-0.5225858,108.0,0.7145571,109.0,1.2371429
1595652,73,710,935,0.683333333333333,2018,-0.5225858,108.0,0.1334004,100.0,0.6559862
1595653,73,710,940,0.666666666666667,2018,-0.5225858,108.0,0.3365617,89.0,0.8591475
1595654,73,710,946,0.619047619047619,2018,-0.5225858,108.0,0.4374355,41.0,0.9600213
1595655,73,710,947,0.705673758865248,2018,-0.5225858,108.0,0.1265018,82.0,0.6490876
1595656,73,710,950,0.688571428571429,2018,-0.5225858,108.0,0.1134648,101.0,0.6360506
1595657,73,710,955,0.76056338028169,2018,-0.5225858,108.0,0.1481486,70.0,0.6707344
1595658,73,710,970,0.61038961038961,2018,-0.5225858,108.0,0.3709562,67.0,0.893542
1595659,73,710,983,0.5,2018,-0.5225858,108.0,0.8442267,89.0,1.3668125
1595660,73,710,986,0.666666666666667,2018,-0.5225858,108.0,0.234737,76.0,0.7573228
1595661,73,710,987,0.48062015503876,2018,-0.5225858,108.0,1.461072,80.0,1.9836578
1595662,73,710,990,0.698324022346369,2018,-0.5225858,108.0,0.08721246,103.0,0.60979826
1595663,73,712,2,0.274725274725275,2018,-0.5067156,104.0,2.693874,109.0,3.2005896
1595819,73,712,710,0.792817679558011,2018,-0.5067156,104.0,-0.5225858,108.0,0.0158701999999999
1595855,73,731,2,0.184210526315789,2018,-0.6492252,96.0,2.693874,109.0,3.3430992
1596011,73,731,710,0.887417218543046,2018,-0.6492252,96.0,-0.5225858,108.0,0.1266394
1596047,73,732,2,0.513440860215054,2018,0.8385793,108.0,2.693874,109.0,1.8552947
1596203,73,732,710,0.66304347826087,2018,0.8385793,108.0,-0.5225858,108.0,1.3611651
1596239,73,740,2,0.481865284974093,2018,0.756838,109.0,2.693874,109.0,1.937036
1596395,73,740,710,0.65625,2018,0.756838,109.0,-0.5225858,108.0,1.2794238
1596431,73,750,2,0.319371727748691,2018,-0.2719296,109.0,2.693874,109.0,2.9658036
1596587,73,750,710,0.792105263157895,2018,-0.2719296,109.0,-0.5225858,108.0,0.2506562
1596623,73,760,2,0.306282722513089,2018,-0.4614895,108.0,2.693874,109.0,3.1553635
1596779,73,760,710,0.775132275132275,2018,-0.4614895,108.0,-0.5225858,108.0,0.0610963
1596815,73,770,2,0.273684210526316,2018,-0.4200868,108.0,2.693874,109.0,3.1139608
1596971,73,770,710,0.856382978723404,2018,-0.4200868,108.0,-0.5225858,108.0,0.102499
1597007,73,771,2,0.274611398963731,2018,-0.544477,109.0,2.693874,109.0,3.238351
1597163,73,771,710,0.799479166666667,2018,-0.544477,109.0,-0.5225858,108.0,0.0218912
1597199,73,775,2,0.267080745341615,2018,-0.9869054,83.0,2.693874,109.0,3.6807794
1597355,73,775,710,0.809375,2018,-0.9869054,83.0,-0.5225858,108.0,0.4643196
1597391,73,780,2,0.30952380952381,2018,-0.50113,107.0,2.693874,109.0,3.195004
1597547,73,780,710,0.783422459893048,2018,-0.50113,107.0,-0.5225858,108.0,0.0214558
1597583,73,781,2,0.299450549450549,2018,-0.4323263,108.0,2.693874,109.0,3.1262003
1597739,73,781,710,0.773480662983425,2018,-0.4323263,108.0,-0.5225858,108.0,0.0902595
1597775,73,790,2,0.302083333333333,2018,-0.5204762,108.0,2.693874,109.0,3.2143502
1597931,73,790,710,0.794736842105263,2018,-0.5204762,108.0,-0.5225858,108.0,0.0021095999999999
1597967,73,800,2,0.290155440414508,2018,-0.3362593,109.0,2.693874,109.0,3.0301333
1598123,73,800,710,0.786458333333333,2018,-0.3362593,109.0,-0.5225858,108.0,0.1863265
1598159,73,811,2,0.222527472527473,2018,-1.251421,103.0,2.693874,109.0,3.945295
1598315,73,811,710,0.845303867403315,2018,-1.251421,103.0,-0.5225858,108.0,0.7288352
1598351,73,812,2,0.240437158469945,2018,-1.028361,107.0,2.693874,109.0,3.722235
1598507,73,812,710,0.840659340659341,2018,-1.028361,107.0,-0.5225858,108.0,0.5057752
1598543,73,816,2,0.252747252747253,2018,-0.9398234,108.0,2.693874,109.0,3.6336974
1598699,73,816,710,0.837016574585635,2018,-0.9398234,108.0,-0.5225858,108.0,0.4172376
1598735,73,820,2,0.294270833333333,2018,-0.6617422,108.0,2.693874,109.0,3.3556162
1598891,73,820,710,0.801047120418848,2018,-0.6617422,108.0,-0.5225858,108.0,0.1391564
1598927,73,830,2,0.310880829015544,2018,-0.3234356,109.0,2.693874,109.0,3.0173096
1599083,73,830,710,0.799479166666667,2018,-0.3234356,109.0,-0.5225858,108.0,0.1991502
1599119,73,835,2,0.28125,2018,-0.8527547,108.0,2.693874,109.0,3.5466287
1599275,73,835,710,0.824607329842932,2018,-0.8527547,108.0,-0.5225858,108.0,0.3301689
1599311,73,840,2,0.290155440414508,2018,-0.343844,109.0,2.693874,109.0,3.037718
1599467,73,840,710,0.783854166666667,2018,-0.343844,109.0,-0.5225858,108.0,0.1787418
1599503,73,850,2,0.266839378238342,2018,-0.9824257,109.0,2.693874,109.0,3.6762997
1599659,73,850,710,0.817708333333333,2018,-0.9824257,109.0,-0.5225858,108.0,0.4598399
1599695,73,860,2,0.278481012658228,2018,-0.2897323,92.0,2.693874,109.0,2.9836063
1599851,73,860,710,0.770700636942675,2018,-0.2897323,92.0,-0.5225858,108.0,0.2328535
1599887,73,900,2,0.604166666666667,2018,1.407233,108.0,2.693874,109.0,1.286641
1600043,73,900,710,0.554973821989529,2018,1.407233,108.0,-0.5225858,108.0,1.9298188
1600079,73,910,2,0.388297872340426,2018,0.1267239,106.0,2.693874,109.0,2.5671501
1600235,73,910,710,0.716577540106952,2018,0.1267239,106.0,-0.5225858,108.0,0.6493097
1600271,73,920,2,0.453367875647668,2018,0.7145571,109.0,2.693874,109.0,1.9793169
1600427,73,920,710,0.622395833333333,2018,0.7145571,109.0,-0.5225858,108.0,1.2371429
1600463,73,935,2,0.375690607734807,2018,0.1334004,100.0,2.693874,109.0,2.5604736
1600619,73,935,710,0.683333333333333,2018,0.1334004,100.0,-0.5225858,108.0,0.6559862
1600655,73,940,2,0.367549668874172,2018,0.3365617,89.0,2.693874,109.0,2.3573123
1600811,73,940,710,0.666666666666667,2018,0.3365617,89.0,-0.5225858,108.0,0.8591475
1600847,73,946,2,0.373015873015873,2018,0.4374355,41.0,2.693874,109.0,2.2564385
1601003,73,946,710,0.619047619047619,2018,0.4374355,41.0,-0.5225858,108.0,0.9600213
1601039,73,947,2,0.388111888111888,2018,0.1265018,82.0,2.693874,109.0,2.5673722
1601195,73,947,710,0.705673758865248,2018,0.1265018,82.0,-0.5225858,108.0,0.6490876
1601231,73,950,2,0.372881355932203,2018,0.1134648,101.0,2.693874,109.0,2.5804092
1601387,73,950,710,0.688571428571429,2018,0.1134648,101.0,-0.5225858,108.0,0.6360506
1601423,73,955,2,0.305555555555556,2018,0.1481486,70.0,2.693874,109.0,2.5457254
1601579,73,955,710,0.76056338028169,2018,0.1481486,70.0,-0.5225858,108.0,0.6707344
1601615,73,970,2,0.435064935064935,2018,0.3709562,67.0,2.693874,109.0,2.3229178
1601771,73,970,710,0.61038961038961,2018,0.3709562,67.0,-0.5225858,108.0,0.893542
1601807,73,983,2,0.604166666666667,2018,0.8442267,89.0,2.693874,109.0,1.8496473
1601963,73,983,710,0.5,2018,0.8442267,89.0,-0.5225858,108.0,1.3668125
1601999,73,986,2,0.377777777777778,2018,0.234737,76.0,2.693874,109.0,2.459137
1602155,73,986,710,0.666666666666667,2018,0.234737,76.0,-0.5225858,108.0,0.7573228
1602191,73,987,2,0.661538461538462,2018,1.461072,80.0,2.693874,109.0,1.232802
1602347,73,987,710,0.48062015503876,2018,1.461072,80.0,-0.5225858,108.0,1.9836578
1602383,73,990,2,0.352777777777778,2018,0.08721246,103.0,2.693874,109.0,2.60666154
1602539,73,990,710,0.698324022346369,2018,0.08721246,103.0,-0.5225858,108.0,0.60979826
1602575,74,2,20,0.613636363636364,2019,2.570158,100.0,1.241086,100.0,1.329072
1602576,74,2,31,0.279411764705882,2019,2.570158,100.0,-0.2962995,95.0,2.8664575
1602577,74,2,40,0.198830409356725,2019,2.570158,100.0,-1.544681,97.0,4.114839
1602578,74,2,41,0.464285714285714,2019,2.570158,100.0,0.2403567,62.0,2.3298013
1602579,74,2,42,0.277456647398844,2019,2.570158,100.0,-0.2754234,98.0,2.8455814
1602580,74,2,51,0.28735632183908,2019,2.570158,100.0,-0.4613726,99.0,3.0315306
1602581,74,2,52,0.274509803921569,2019,2.570158,100.0,-0.408158,82.0,2.978316
1602582,74,2,53,0.295031055900621,2019,2.570158,100.0,-0.2416911,90.0,2.8118491
1602583,74,2,54,0.142857142857143,2019,2.570158,100.0,-0.02383962,9.0,2.59399762
1602584,74,2,55,0.192,2019,2.570158,100.0,-0.5385595,82.0,3.1087175
1602585,74,2,56,0.263313609467456,2019,2.570158,100.0,-0.4104485,95.0,2.9806065
1602586,74,2,57,0.241176470588235,2019,2.570158,100.0,-0.5973996,96.0,3.1675576
1602587,74,2,58,0.248502994011976,2019,2.570158,100.0,-0.5265652,92.0,3.0967232
1602588,74,2,60,0.286624203821656,2019,2.570158,100.0,-0.4043098,88.0,2.9744678
1602589,74,2,70,0.308571428571429,2019,2.570158,100.0,0.002801669,100.0,2.567356331
1602590,74,2,80,0.272455089820359,2019,2.570158,100.0,-0.1905168,95.0,2.7606748
1602591,74,2,90,0.368571428571429,2019,2.570158,100.0,0.1027628,100.0,2.4673952
1602592,74,2,91,0.335294117647059,2019,2.570158,100.0,0.1153262,98.0,2.4548318
1602593,74,2,92,0.261363636363636,2019,2.570158,100.0,-0.3284986,100.0,2.8986566
1602594,74,2,93,0.204678362573099,2019,2.570158,100.0,-1.489702,97.0,4.05986
1602595,74,2,94,0.291428571428571,2019,2.570158,100.0,-0.1137767,99.0,2.6839347
1602596,74,2,95,0.302857142857143,2019,2.570158,100.0,-0.05617897,99.0,2.62633697
1602597,74,2,100,0.307471264367816,2019,2.570158,100.0,0.05938759,99.0,2.51077041
1602598,74,2,101,0.205714285714286,2019,2.570158,100.0,-1.623648,99.0,4.193806
1602599,74,2,110,0.269938650306748,2019,2.570158,100.0,-0.226556,95.0,2.796714
1602600,74,2,115,0.2125,2019,2.570158,100.0,-0.6906859,96.0,3.2608439
1602601,74,2,130,0.288571428571429,2019,2.570158,100.0,-0.4230428,100.0,2.9932008
1602602,74,2,135,0.289473684210526,2019,2.570158,100.0,-0.1783567,97.0,2.7485147
1602603,74,2,140,0.372832369942197,2019,2.570158,100.0,0.2650622,99.0,2.3050958
1602604,74,2,145,0.252873563218391,2019,2.570158,100.0,-0.5741186,98.0,3.1442766
1602605,74,2,150,0.272988505747126,2019,2.570158,100.0,-0.183085,98.0,2.753243
1602606,74,2,155,0.278409090909091,2019,2.570158,100.0,-0.2054299,100.0,2.7755879
1602607,74,2,160,0.289772727272727,2019,2.570158,100.0,-0.0907764,100.0,2.6609344
1602608,74,2,165,0.272727272727273,2019,2.570158,100.0,-0.3636199,100.0,2.9337779
1602609,74,2,200,0.619318181818182,2019,2.570158,100.0,1.598555,100.0,0.971603
1602610,74,2,205,0.46875,2019,2.570158,100.0,0.7841333,100.0,1.7860247
1602611,74,2,210,0.539772727272727,2019,2.570158,100.0,1.032664,100.0,1.537494
1602612,74,2,211,0.537790697674419,2019,2.570158,100.0,1.041936,98.0,1.528222
1602613,74,2,212,0.553977272727273,2019,2.570158,100.0,1.026244,100.0,1.543914
1602614,74,2,220,0.602272727272727,2019,2.570158,100.0,1.37462,100.0,1.195538
1602615,74,2,221,0.557471264367816,2019,2.570158,100.0,0.972294,99.0,1.597864
1602616,74,2,223,0.451704545454545,2019,2.570158,100.0,0.7362953,100.0,1.8338627
1602617,74,2,225,0.465909090909091,2019,2.570158,100.0,0.7252275,100.0,1.8449305
1602618,74,2,230,0.545454545454545,2019,2.570158,100.0,1.040893,100.0,1.529265
1602619,74,2,232,0.451704545454545,2019,2.570158,100.0,0.7705928,100.0,1.7995652
1602620,74,2,235,0.553977272727273,2019,2.570158,100.0,1.010997,100.0,1.559161
1602621,74,2,255,0.556818181818182,2019,2.570158,100.0,1.149129,100.0,1.421029
1602622,74,2,290,0.571022727272727,2019,2.570158,100.0,1.15658,100.0,1.413578
1602623,74,2,305,0.465909090909091,2019,2.570158,100.0,0.8208079,100.0,1.7493501
1602624,74,2,310,0.576704545454545,2019,2.570158,100.0,1.204383,100.0,1.365775
1602625,74,2,316,0.571022727272727,2019,2.570158,100.0,1.210417,100.0,1.359741
1602626,74,2,317,0.56,2019,2.570158,100.0,1.0911,99.0,1.479058
1602627,74,2,325,0.551136363636364,2019,2.570158,100.0,1.042463,100.0,1.527695
1602628,74,2,331,0.451704545454545,2019,2.570158,100.0,0.7677182,100.0,1.8024398
1602629,74,2,338,0.448863636363636,2019,2.570158,100.0,0.7530793,100.0,1.8170787
1602630,74,2,339,0.562857142857143,2019,2.570158,100.0,1.080896,99.0,1.489262
1602631,74,2,341,0.551136363636364,2019,2.570158,100.0,1.021322,100.0,1.548836
1602632,74,2,343,0.545454545454545,2019,2.570158,100.0,0.9969269,100.0,1.5732311
1602633,74,2,344,0.551136363636364,2019,2.570158,100.0,1.017257,100.0,1.552901
1602634,74,2,345,0.364516129032258,2019,2.570158,100.0,0.3929371,94.0,2.1772209
1602635,74,2,346,0.488095238095238,2019,2.570158,100.0,0.7214821,98.0,1.8486759
1602636,74,2,349,0.542613636363636,2019,2.570158,100.0,0.9924328,100.0,1.5777252
1602637,74,2,350,0.545454545454545,2019,2.570158,100.0,0.9848785,100.0,1.5852795
1602638,74,2,352,0.443181818181818,2019,2.570158,100.0,0.722298,100.0,1.84786
1602639,74,2,355,0.559659090909091,2019,2.570158,100.0,1.093302,100.0,1.476856
1602640,74,2,359,0.435975609756098,2019,2.570158,100.0,0.7161835,92.0,1.8539745
1602641,74,2,360,0.565340909090909,2019,2.570158,100.0,1.128563,100.0,1.441595
1602642,74,2,365,0.331428571428571,2019,2.570158,100.0,0.02003723,99.0,2.55012077
1602643,74,2,366,0.576704545454545,2019,2.570158,100.0,1.194225,100.0,1.375933
1602644,74,2,367,0.568181818181818,2019,2.570158,100.0,1.137524,100.0,1.432634
1602645,74,2,368,0.568181818181818,2019,2.570158,100.0,1.177034,100.0,1.393124
1602646,74,2,369,0.54,2019,2.570158,100.0,1.164028,97.0,1.40613
1602647,74,2,370,0.263313609467456,2019,2.570158,100.0,-0.3006437,95.0,2.8708017
1602648,74,2,371,0.34493670886076,2019,2.570158,100.0,0.1026773,94.0,2.4674807
1602649,74,2,372,0.518987341772152,2019,2.570158,100.0,0.8965546,98.0,1.6736034
1602650,74,2,373,0.246875,2019,2.570158,100.0,-0.5892954,93.0,3.1594534
1602651,74,2,375,0.502840909090909,2019,2.570158,100.0,0.8822366,100.0,1.6879214
1602652,74,2,380,0.480113636363636,2019,2.570158,100.0,0.8570902,100.0,1.7130678
1602653,74,2,385,0.508522727272727,2019,2.570158,100.0,0.9012525,100.0,1.6689055
1602654,74,2,390,0.556818181818182,2019,2.570158,100.0,1.106965,100.0,1.463193
1602655,74,2,395,0.522727272727273,2019,2.570158,100.0,0.9374631,100.0,1.6326949
1602656,74,2,402,0.25,2019,2.570158,100.0,-0.2778504,95.0,2.8480084
1602657,74,2,403,0.263565891472868,2019,2.570158,100.0,-0.4953726,68.0,3.0655306
1602658,74,2,404,0.273722627737226,2019,2.570158,100.0,-0.4478064,69.0,3.0179644
1602659,74,2,411,0.151515151515152,2019,2.570158,100.0,-0.6097409,21.0,3.1798989
1602660,74,2,420,0.237654320987654,2019,2.570158,100.0,-0.5036127,95.0,3.0737707
1602661,74,2,432,0.264705882352941,2019,2.570158,100.0,-0.2067827,94.0,2.7769407
1602662,74,2,433,0.245664739884393,2019,2.570158,100.0,-0.5663713,98.0,3.1365293
1602663,74,2,434,0.233974358974359,2019,2.570158,100.0,-0.4875634,94.0,3.0577214
1602664,74,2,435,0.248427672955975,2019,2.570158,100.0,-0.8595884,91.0,3.4297464
1602665,74,2,436,0.26865671641791,2019,2.570158,100.0,-0.6086371,68.0,3.1787951
1602666,74,2,437,0.275862068965517,2019,2.570158,100.0,-0.1867691,98.0,2.7569271
1602667,74,2,438,0.162337662337662,2019,2.570158,100.0,-0.7575058,61.0,3.3276638
1602668,74,2,439,0.243150684931507,2019,2.570158,100.0,-0.4772539,84.0,3.0474119
1602669,74,2,450,0.586206896551724,2019,2.570158,100.0,0.3508495,45.0,2.2193085
1602670,74,2,451,0.245508982035928,2019,2.570158,100.0,-0.5413166,94.0,3.1114746
1602671,74,2,452,0.287425149700599,2019,2.570158,100.0,-0.154358,95.0,2.724516
1602672,74,2,461,0.32183908045977,2019,2.570158,100.0,-0.0380594,99.0,2.6082174
1602673,74,2,471,0.353146853146853,2019,2.570158,100.0,-0.0007452943,94.0,2.5709032943
1602674,74,2,475,0.264880952380952,2019,2.570158,100.0,-0.4373551,95.0,3.0075131
1602675,74,2,481,0.204081632653061,2019,2.570158,100.0,-0.6696303,87.0,3.2397883
1602676,74,2,482,0.338582677165354,2019,2.570158,100.0,-0.01510672,84.0,2.58526472
1602677,74,2,483,0.237931034482759,2019,2.570158,100.0,-0.5661262,86.0,3.1362842
1602678,74,2,484,0.208333333333333,2019,2.570158,100.0,-0.7837827,75.0,3.3539407
1602679,74,2,490,0.252525252525253,2019,2.570158,100.0,-0.5120894,49.0,3.0822474
1602680,74,2,500,0.211805555555556,2019,2.570158,100.0,-0.82026,93.0,3.390418
1602681,74,2,501,0.237951807228916,2019,2.570158,100.0,-0.4699764,94.0,3.0401344
1602682,74,2,510,0.196629213483146,2019,2.570158,100.0,-0.6437642,71.0,3.2139222
1602683,74,2,516,0.227848101265823,2019,2.570158,100.0,-1.113947,85.0,3.684105
1602684,74,2,517,0.278301886792453,2019,2.570158,100.0,-0.1506592,88.0,2.7208172
1602685,74,2,520,0.109756097560976,2019,2.570158,100.0,-0.5962148,36.0,3.1663728
1602686,74,2,522,0.270114942528736,2019,2.570158,100.0,-0.3782079,98.0,2.9483659
1602687,74,2,530,0.260233918128655,2019,2.570158,100.0,-0.4498497,96.0,3.0200077
1602688,74,2,531,0.229651162790698,2019,2.570158,100.0,-0.6703899,97.0,3.2405479
1602689,74,2,540,0.234756097560976,2019,2.570158,100.0,-0.5591409,94.0,3.1292989
1602690,74,2,541,0.236994219653179,2019,2.570158,100.0,-0.6054227,98.0,3.1755807
1602691,74,2,551,0.251515151515152,2019,2.570158,100.0,-0.5626176,93.0,3.1327756
1602692,74,2,552,0.242603550295858,2019,2.570158,100.0,-0.5445824,95.0,3.1147404
1602693,74,2,553,0.257575757575758,2019,2.570158,100.0,-0.3584022,71.0,2.9285602
1602694,74,2,560,0.255882352941176,2019,2.570158,100.0,-0.3938516,97.0,2.9640096
1602695,74,2,565,0.235294117647059,2019,2.570158,100.0,-0.5324937,95.0,3.1026517
1602696,74,2,570,0.253086419753086,2019,2.570158,100.0,-0.3858555,91.0,2.9560135
1602697,74,2,571,0.268072289156627,2019,2.570158,100.0,-0.3556234,93.0,2.9257814
1602698,74,2,572,0.288135593220339,2019,2.570158,100.0,-0.2055934,63.0,2.7757514
1602699,74,2,580,0.210743801652893,2019,2.570158,100.0,-0.5662434,77.0,3.1364014
1602700,74,2,581,0.236301369863014,2019,2.570158,100.0,-0.610374,80.0,3.180532
1602701,74,2,590,0.24390243902439,2019,2.570158,100.0,-0.4713293,96.0,3.0414873
1602702,74,2,591,0.24812030075188,2019,2.570158,100.0,-0.40019,82.0,2.970348
1602703,74,2,600,0.266272189349112,2019,2.570158,100.0,-0.5514246,98.0,3.1215826
1602704,74,2,615,0.26,2019,2.570158,100.0,-0.8445376,100.0,3.4146956
1602705,74,2,616,0.24251497005988,2019,2.570158,100.0,-0.6912675,95.0,3.2614255
1602706,74,2,620,0.26453488372093,2019,2.570158,100.0,-0.4276217,97.0,2.9977797
1602707,74,2,625,0.241379310344828,2019,2.570158,100.0,-1.078168,99.0,3.648326
1602708,74,2,626,0.318181818181818,2019,2.570158,100.0,0.04923873,48.0,2.52091927
1602709,74,2,630,0.204268292682927,2019,2.570158,100.0,-1.56811,94.0,4.138268
1602710,74,2,640,0.462857142857143,2019,2.570158,100.0,0.5633136,99.0,2.0068444
1602711,74,2,645,0.261494252873563,2019,2.570158,100.0,-0.8504818,99.0,3.4206398
1602712,74,2,651,0.285714285714286,2019,2.570158,100.0,-1.011649,100.0,3.581807
1602713,74,2,652,0.184210526315789,2019,2.570158,100.0,-1.840922,96.0,4.41108
1602714,74,2,660,0.217647058823529,2019,2.570158,100.0,-0.9822639,96.0,3.5524219
1602715,74,2,663,0.258928571428571,2019,2.570158,100.0,-0.6998189,95.0,3.2699769
1602716,74,2,666,0.888235294117647,2019,2.570158,100.0,2.391967,96.0,0.178191
1602717,74,2,670,0.317142857142857,2019,2.570158,100.0,-0.4308382,100.0,3.0009962
1602718,74,2,679,0.297058823529412,2019,2.570158,100.0,-0.6308288,97.0,3.2009868
1602719,74,2,690,0.294797687861272,2019,2.570158,100.0,-0.6635605,99.0,3.2337185
1602720,74,2,692,0.288571428571429,2019,2.570158,100.0,-0.5117462,100.0,3.0819042
1602721,74,2,694,0.320809248554913,2019,2.570158,100.0,-0.6657819,99.0,3.2359399
1602722,74,2,696,0.277142857142857,2019,2.570158,100.0,-0.6220152,100.0,3.1921732
1602723,74,2,698,0.284431137724551,2019,2.570158,100.0,-0.802745,97.0,3.372903
1602724,74,2,700,0.248175182481752,2019,2.570158,100.0,-0.4903312,91.0,3.0604892
1602725,74,2,701,0.210084033613445,2019,2.570158,100.0,-0.760223,72.0,3.330381
1602726,74,2,702,0.25,2019,2.570158,100.0,-0.6367585,88.0,3.2069165
1602727,74,2,703,0.25531914893617,2019,2.570158,100.0,-0.7000183,90.0,3.2701763
1602728,74,2,704,0.264705882352941,2019,2.570158,100.0,-0.3808661,89.0,2.9510241
1602729,74,2,705,0.234939759036145,2019,2.570158,100.0,-0.6236629,99.0,3.1938209
1602730,74,2,710,0.244186046511628,2019,2.570158,100.0,-0.4450923,99.0,3.0152503
1602731,74,2,712,0.260233918128655,2019,2.570158,100.0,-0.5267992,96.0,3.0969572
1602732,74,2,731,0.187943262411348,2019,2.570158,100.0,-0.2645661,89.0,2.8347241
1602733,74,2,732,0.536931818181818,2019,2.570158,100.0,0.7402617,100.0,1.8298963
1602734,74,2,740,0.477272727272727,2019,2.570158,100.0,0.6896265,100.0,1.8805315
1602735,74,2,750,0.335227272727273,2019,2.570158,100.0,-0.2405581,100.0,2.8107161
1602736,74,2,760,0.264367816091954,2019,2.570158,100.0,-0.510739,99.0,3.080897
1602737,74,2,770,0.321637426900585,2019,2.570158,100.0,-0.2035664,99.0,2.7737244
1602738,74,2,771,0.257142857142857,2019,2.570158,100.0,-0.5599897,100.0,3.1301477
1602739,74,2,775,0.254901960784314,2019,2.570158,100.0,-0.9089724,81.0,3.4791304
1602740,74,2,780,0.291907514450867,2019,2.570158,100.0,-0.5967962,97.0,3.1669542
1602741,74,2,781,0.267045454545455,2019,2.570158,100.0,-0.45316,100.0,3.023318
1602742,74,2,790,0.264367816091954,2019,2.570158,100.0,-0.6173272,98.0,3.1874852
1602743,74,2,800,0.267045454545455,2019,2.570158,100.0,-0.4944472,100.0,3.0646052
1602744,74,2,811,0.196319018404908,2019,2.570158,100.0,-1.186279,98.0,3.756437
1602745,74,2,812,0.229411764705882,2019,2.570158,100.0,-0.9214307,100.0,3.4915887
1602746,74,2,816,0.239393939393939,2019,2.570158,100.0,-0.836381,98.0,3.406539
1602747,74,2,820,0.26,2019,2.570158,100.0,-0.6719879,100.0,3.2421459
1602748,74,2,830,0.269886363636364,2019,2.570158,100.0,-0.4191415,100.0,2.9892995
1602749,74,2,835,0.254285714285714,2019,2.570158,100.0,-0.6480188,100.0,3.2181768
1602750,74,2,840,0.244318181818182,2019,2.570158,100.0,-0.4259186,100.0,2.9960766
1602751,74,2,850,0.264204545454545,2019,2.570158,100.0,-0.8394092,100.0,3.4095672
1602752,74,2,860,0.262820512820513,2019,2.570158,100.0,-0.3098049,91.0,2.8799629
1602753,74,2,900,0.625,2019,2.570158,100.0,1.390033,100.0,1.180125
1602754,74,2,910,0.360759493670886,2019,2.570158,100.0,0.1162776,63.0,2.4538804
1602755,74,2,920,0.440340909090909,2019,2.570158,100.0,0.6957768,100.0,1.8743812
1602756,74,2,935,0.34375,2019,2.570158,100.0,0.02441797,92.0,2.54574003
1602757,74,2,940,0.379120879120879,2019,2.570158,100.0,-0.09165763,73.0,2.66181563
1602758,74,2,946,0.334437086092715,2019,2.570158,100.0,0.02946646,85.0,2.54069154
1602759,74,2,947,0.363095238095238,2019,2.570158,100.0,-0.02754701,58.0,2.59770501
1602760,74,2,950,0.273006134969325,2019,2.570158,100.0,-0.1520031,95.0,2.7221611
1602761,74,2,955,0.308333333333333,2019,2.570158,100.0,0.1148414,59.0,2.4553166
1602762,74,2,970,0.423611111111111,2019,2.570158,100.0,0.267361,69.0,2.302797
1602763,74,2,983,0.616666666666667,2019,2.570158,100.0,0.9975604,78.0,1.5725976
1602764,74,2,986,0.329545454545455,2019,2.570158,100.0,0.1342013,78.0,2.4359567
1602765,74,2,987,0.657407407407407,2019,2.570158,100.0,1.313364,70.0,1.256794
1602766,74,2,990,0.298780487804878,2019,2.570158,100.0,0.02533078,95.0,2.54482722
1602767,74,20,2,0.613636363636364,2019,1.241086,100.0,2.570158,100.0,1.329072
1602922,74,20,710,0.563953488372093,2019,1.241086,100.0,-0.4450923,99.0,1.6861783
1602959,74,31,2,0.279411764705882,2019,-0.2962995,95.0,2.570158,100.0,2.8664575
1603114,74,31,710,0.771084337349398,2019,-0.2962995,95.0,-0.4450923,99.0,0.1487928
1603151,74,40,2,0.198830409356725,2019,-1.544681,97.0,2.570158,100.0,4.114839
1603306,74,40,710,0.851190476190476,2019,-1.544681,97.0,-0.4450923,99.0,1.0995887
1603343,74,41,2,0.464285714285714,2019,0.2403567,62.0,2.570158,100.0,2.3298013
1603498,74,41,710,0.701834862385321,2019,0.2403567,62.0,-0.4450923,99.0,0.685449
1603535,74,42,2,0.277456647398844,2019,-0.2754234,98.0,2.570158,100.0,2.8455814
1603690,74,42,710,0.763313609467456,2019,-0.2754234,98.0,-0.4450923,99.0,0.1696689
1603727,74,51,2,0.28735632183908,2019,-0.4613726,99.0,2.570158,100.0,3.0315306
1603882,74,51,710,0.776470588235294,2019,-0.4613726,99.0,-0.4450923,99.0,0.0162803
1603919,74,52,2,0.274509803921569,2019,-0.408158,82.0,2.570158,100.0,2.978316
1604074,74,52,710,0.76510067114094,2019,-0.408158,82.0,-0.4450923,99.0,0.0369343
1604111,74,53,2,0.295031055900621,2019,-0.2416911,90.0,2.570158,100.0,2.8118491
1604266,74,53,710,0.748407643312102,2019,-0.2416911,90.0,-0.4450923,99.0,0.2034012
1604303,74,54,2,0.142857142857143,2019,-0.02383962,9.0,2.570158,100.0,2.59399762
1604458,74,54,710,0.928571428571429,2019,-0.02383962,9.0,-0.4450923,99.0,0.42125268
1604495,74,55,2,0.192,2019,-0.5385595,82.0,2.570158,100.0,3.1087175
1604650,74,55,710,0.827868852459016,2019,-0.5385595,82.0,-0.4450923,99.0,0.0934672
1604687,74,56,2,0.263313609467456,2019,-0.4104485,95.0,2.570158,100.0,2.9806065
1604842,74,56,710,0.772727272727273,2019,-0.4104485,95.0,-0.4450923,99.0,0.0346438
1604879,74,57,2,0.241176470588235,2019,-0.5973996,96.0,2.570158,100.0,3.1675576
1605034,74,57,710,0.798192771084337,2019,-0.5973996,96.0,-0.4450923,99.0,0.1523073
1605071,74,58,2,0.248502994011976,2019,-0.5265652,92.0,2.570158,100.0,3.0967232
1605226,74,58,710,0.791411042944785,2019,-0.5265652,92.0,-0.4450923,99.0,0.0814729
1605263,74,60,2,0.286624203821656,2019,-0.4043098,88.0,2.570158,100.0,2.9744678
1605418,74,60,710,0.761437908496732,2019,-0.4043098,88.0,-0.4450923,99.0,0.0407825
1605455,74,70,2,0.308571428571429,2019,0.002801669,100.0,2.570158,100.0,2.567356331
1605610,74,70,710,0.742690058479532,2019,0.002801669,100.0,-0.4450923,99.0,0.447893969
1605647,74,80,2,0.272455089820359,2019,-0.1905168,95.0,2.570158,100.0,2.7606748
1605802,74,80,710,0.769938650306748,2019,-0.1905168,95.0,-0.4450923,99.0,0.2545755
1605839,74,90,2,0.368571428571429,2019,0.1027628,100.0,2.570158,100.0,2.4673952
1605994,74,90,710,0.677325581395349,2019,0.1027628,100.0,-0.4450923,99.0,0.5478551
1606031,74,91,2,0.335294117647059,2019,0.1153262,98.0,2.570158,100.0,2.4548318
1606186,74,91,710,0.707831325301205,2019,0.1153262,98.0,-0.4450923,99.0,0.5604185
1606223,74,92,2,0.261363636363636,2019,-0.3284986,100.0,2.570158,100.0,2.8986566
1606378,74,92,710,0.773255813953488,2019,-0.3284986,100.0,-0.4450923,99.0,0.1165937
1606415,74,93,2,0.204678362573099,2019,-1.489702,97.0,2.570158,100.0,4.05986
1606570,74,93,710,0.825443786982249,2019,-1.489702,97.0,-0.4450923,99.0,1.0446097
1606607,74,94,2,0.291428571428571,2019,-0.1137767,99.0,2.570158,100.0,2.6839347
1606762,74,94,710,0.748538011695906,2019,-0.1137767,99.0,-0.4450923,99.0,0.3313156
1606799,74,95,2,0.302857142857143,2019,-0.05617897,99.0,2.570158,100.0,2.62633697
1606954,74,95,710,0.736842105263158,2019,-0.05617897,99.0,-0.4450923,99.0,0.38891333
1606991,74,100,2,0.307471264367816,2019,0.05938759,99.0,2.570158,100.0,2.51077041
1607146,74,100,710,0.720588235294118,2019,0.05938759,99.0,-0.4450923,99.0,0.50447989
1607183,74,101,2,0.205714285714286,2019,-1.623648,99.0,2.570158,100.0,4.193806
1607338,74,101,710,0.837209302325581,2019,-1.623648,99.0,-0.4450923,99.0,1.1785557
1607375,74,110,2,0.269938650306748,2019,-0.226556,95.0,2.570158,100.0,2.796714
1607530,74,110,710,0.759375,2019,-0.226556,95.0,-0.4450923,99.0,0.2185363
1607567,74,115,2,0.2125,2019,-0.6906859,96.0,2.570158,100.0,3.2608439
1607722,74,115,710,0.838607594936709,2019,-0.6906859,96.0,-0.4450923,99.0,0.2455936
1607759,74,130,2,0.288571428571429,2019,-0.4230428,100.0,2.570158,100.0,2.9932008
1607914,74,130,710,0.763157894736842,2019,-0.4230428,100.0,-0.4450923,99.0,0.0220495
1607951,74,135,2,0.289473684210526,2019,-0.1783567,97.0,2.570158,100.0,2.7485147
1608106,74,135,710,0.75748502994012,2019,-0.1783567,97.0,-0.4450923,99.0,0.2667356
1608143,74,140,2,0.372832369942197,2019,0.2650622,99.0,2.570158,100.0,2.3050958
1608298,74,140,710,0.668639053254438,2019,0.2650622,99.0,-0.4450923,99.0,0.7101545
1608335,74,145,2,0.252873563218391,2019,-0.5741186,98.0,2.570158,100.0,3.1442766
1608490,74,145,710,0.788235294117647,2019,-0.5741186,98.0,-0.4450923,99.0,0.1290263
1608527,74,150,2,0.272988505747126,2019,-0.183085,98.0,2.570158,100.0,2.753243
1608682,74,150,710,0.764705882352941,2019,-0.183085,98.0,-0.4450923,99.0,0.2620073
1608719,74,155,2,0.278409090909091,2019,-0.2054299,100.0,2.570158,100.0,2.7755879
1608874,74,155,710,0.761627906976744,2019,-0.2054299,100.0,-0.4450923,99.0,0.2396624
1608911,74,160,2,0.289772727272727,2019,-0.0907764,100.0,2.570158,100.0,2.6609344
1609066,74,160,710,0.773255813953488,2019,-0.0907764,100.0,-0.4450923,99.0,0.3543159
1609103,74,165,2,0.272727272727273,2019,-0.3636199,100.0,2.570158,100.0,2.9337779
1609258,74,165,710,0.767441860465116,2019,-0.3636199,100.0,-0.4450923,99.0,0.0814724
1609295,74,200,2,0.619318181818182,2019,1.598555,100.0,2.570158,100.0,0.971603
1609450,74,200,710,0.561046511627907,2019,1.598555,100.0,-0.4450923,99.0,2.0436473
1609487,74,205,2,0.46875,2019,0.7841333,100.0,2.570158,100.0,1.7860247
1609642,74,205,710,0.587209302325581,2019,0.7841333,100.0,-0.4450923,99.0,1.2292256
1609679,74,210,2,0.539772727272727,2019,1.032664,100.0,2.570158,100.0,1.537494
1609834,74,210,710,0.630813953488372,2019,1.032664,100.0,-0.4450923,99.0,1.4777563
1609871,74,211,2,0.537790697674419,2019,1.041936,98.0,2.570158,100.0,1.528222
1610026,74,211,710,0.642857142857143,2019,1.041936,98.0,-0.4450923,99.0,1.4870283
1610063,74,212,2,0.553977272727273,2019,1.026244,100.0,2.570158,100.0,1.543914
1610218,74,212,710,0.627906976744186,2019,1.026244,100.0,-0.4450923,99.0,1.4713363
1610255,74,220,2,0.602272727272727,2019,1.37462,100.0,2.570158,100.0,1.195538
1610410,74,220,710,0.584302325581395,2019,1.37462,100.0,-0.4450923,99.0,1.8197123
1610447,74,221,2,0.557471264367816,2019,0.972294,99.0,2.570158,100.0,1.597864
1610602,74,221,710,0.626470588235294,2019,0.972294,99.0,-0.4450923,99.0,1.4173863
1610639,74,223,2,0.451704545454545,2019,0.7362953,100.0,2.570158,100.0,1.8338627
1610794,74,223,710,0.590116279069767,2019,0.7362953,100.0,-0.4450923,99.0,1.1813876
1610831,74,225,2,0.465909090909091,2019,0.7252275,100.0,2.570158,100.0,1.8449305
1610986,74,225,710,0.633720930232558,2019,0.7252275,100.0,-0.4450923,99.0,1.1703198
1611023,74,230,2,0.545454545454545,2019,1.040893,100.0,2.570158,100.0,1.529265
1611178,74,230,710,0.625,2019,1.040893,100.0,-0.4450923,99.0,1.4859853
1611215,74,232,2,0.451704545454545,2019,0.7705928,100.0,2.570158,100.0,1.7995652
1611370,74,232,710,0.598837209302326,2019,0.7705928,100.0,-0.4450923,99.0,1.2156851
1611407,74,235,2,0.553977272727273,2019,1.010997,100.0,2.570158,100.0,1.559161
1611562,74,235,710,0.633720930232558,2019,1.010997,100.0,-0.4450923,99.0,1.4560893
1611599,74,255,2,0.556818181818182,2019,1.149129,100.0,2.570158,100.0,1.421029
1611754,74,255,710,0.619186046511628,2019,1.149129,100.0,-0.4450923,99.0,1.5942213
1611791,74,290,2,0.571022727272727,2019,1.15658,100.0,2.570158,100.0,1.413578
1611946,74,290,710,0.61046511627907,2019,1.15658,100.0,-0.4450923,99.0,1.6016723
1611983,74,305,2,0.465909090909091,2019,0.8208079,100.0,2.570158,100.0,1.7493501
1612138,74,305,710,0.575581395348837,2019,0.8208079,100.0,-0.4450923,99.0,1.2659002
1612175,74,310,2,0.576704545454545,2019,1.204383,100.0,2.570158,100.0,1.365775
1612330,74,310,710,0.598837209302326,2019,1.204383,100.0,-0.4450923,99.0,1.6494753
1612367,74,316,2,0.571022727272727,2019,1.210417,100.0,2.570158,100.0,1.359741
1612522,74,316,710,0.61046511627907,2019,1.210417,100.0,-0.4450923,99.0,1.6555093
1612559,74,317,2,0.56,2019,1.0911,99.0,2.570158,100.0,1.479058
1612714,74,317,710,0.62280701754386,2019,1.0911,99.0,-0.4450923,99.0,1.5361923
1612751,74,325,2,0.551136363636364,2019,1.042463,100.0,2.570158,100.0,1.527695
1612906,74,325,710,0.625,2019,1.042463,100.0,-0.4450923,99.0,1.4875553
1612943,74,331,2,0.451704545454545,2019,0.7677182,100.0,2.570158,100.0,1.8024398
1613098,74,331,710,0.593023255813954,2019,0.7677182,100.0,-0.4450923,99.0,1.2128105
1613135,74,338,2,0.448863636363636,2019,0.7530793,100.0,2.570158,100.0,1.8170787
1613290,74,338,710,0.595930232558139,2019,0.7530793,100.0,-0.4450923,99.0,1.1981716
1613327,74,339,2,0.562857142857143,2019,1.080896,99.0,2.570158,100.0,1.489262
1613482,74,339,710,0.619883040935672,2019,1.080896,99.0,-0.4450923,99.0,1.5259883
1613519,74,341,2,0.551136363636364,2019,1.021322,100.0,2.570158,100.0,1.548836
1613674,74,341,710,0.630813953488372,2019,1.021322,100.0,-0.4450923,99.0,1.4664143
1613711,74,343,2,0.545454545454545,2019,0.9969269,100.0,2.570158,100.0,1.5732311
1613866,74,343,710,0.625,2019,0.9969269,100.0,-0.4450923,99.0,1.4420192
1613903,74,344,2,0.551136363636364,2019,1.017257,100.0,2.570158,100.0,1.552901
1614058,74,344,710,0.630813953488372,2019,1.017257,100.0,-0.4450923,99.0,1.4623493
1614095,74,345,2,0.364516129032258,2019,0.3929371,94.0,2.570158,100.0,2.1772209
1614250,74,345,710,0.764900662251656,2019,0.3929371,94.0,-0.4450923,99.0,0.8380294
1614287,74,346,2,0.488095238095238,2019,0.7214821,98.0,2.570158,100.0,1.8486759
1614442,74,346,710,0.685975609756098,2019,0.7214821,98.0,-0.4450923,99.0,1.1665744
1614479,74,349,2,0.542613636363636,2019,0.9924328,100.0,2.570158,100.0,1.5777252
1614634,74,349,710,0.633720930232558,2019,0.9924328,100.0,-0.4450923,99.0,1.4375251
1614671,74,350,2,0.545454545454545,2019,0.9848785,100.0,2.570158,100.0,1.5852795
1614826,74,350,710,0.630813953488372,2019,0.9848785,100.0,-0.4450923,99.0,1.4299708
1614863,74,352,2,0.443181818181818,2019,0.722298,100.0,2.570158,100.0,1.84786
1615018,74,352,710,0.613372093023256,2019,0.722298,100.0,-0.4450923,99.0,1.1673903
1615055,74,355,2,0.559659090909091,2019,1.093302,100.0,2.570158,100.0,1.476856
1615210,74,355,710,0.622093023255814,2019,1.093302,100.0,-0.4450923,99.0,1.5383943
1615247,74,359,2,0.435975609756098,2019,0.7161835,92.0,2.570158,100.0,1.8539745
1615402,74,359,710,0.615625,2019,0.7161835,92.0,-0.4450923,99.0,1.1612758
1615439,74,360,2,0.565340909090909,2019,1.128563,100.0,2.570158,100.0,1.441595
1615594,74,360,710,0.622093023255814,2019,1.128563,100.0,-0.4450923,99.0,1.5736553
1615631,74,365,2,0.331428571428571,2019,0.02003723,99.0,2.570158,100.0,2.55012077
1615786,74,365,710,0.837209302325581,2019,0.02003723,99.0,-0.4450923,99.0,0.46512953
1615823,74,366,2,0.576704545454545,2019,1.194225,100.0,2.570158,100.0,1.375933
1615978,74,366,710,0.61046511627907,2019,1.194225,100.0,-0.4450923,99.0,1.6393173
1616015,74,367,2,0.568181818181818,2019,1.137524,100.0,2.570158,100.0,1.432634
1616170,74,367,710,0.619186046511628,2019,1.137524,100.0,-0.4450923,99.0,1.5826163
1616207,74,368,2,0.568181818181818,2019,1.177034,100.0,2.570158,100.0,1.393124
1616362,74,368,710,0.613372093023256,2019,1.177034,100.0,-0.4450923,99.0,1.6221263
1616399,74,369,2,0.54,2019,1.164028,97.0,2.570158,100.0,1.40613
1616554,74,369,710,0.598639455782313,2019,1.164028,97.0,-0.4450923,99.0,1.6091203
1616591,74,370,2,0.263313609467456,2019,-0.3006437,95.0,2.570158,100.0,2.8708017
1616746,74,370,710,0.83433734939759,2019,-0.3006437,95.0,-0.4450923,99.0,0.1444486
1616783,74,371,2,0.34493670886076,2019,0.1026773,94.0,2.570158,100.0,2.4674807
1616938,74,371,710,0.783870967741935,2019,0.1026773,94.0,-0.4450923,99.0,0.5477696
1616975,74,372,2,0.518987341772152,2019,0.8965546,98.0,2.570158,100.0,1.6736034
1617130,74,372,710,0.607142857142857,2019,0.8965546,98.0,-0.4450923,99.0,1.3416469
1617167,74,373,2,0.246875,2019,-0.5892954,93.0,2.570158,100.0,3.1594534
1617322,74,373,710,0.791139240506329,2019,-0.5892954,93.0,-0.4450923,99.0,0.1442031
1617359,74,375,2,0.502840909090909,2019,0.8822366,100.0,2.570158,100.0,1.6879214
1617514,74,375,710,0.616279069767442,2019,0.8822366,100.0,-0.4450923,99.0,1.3273289
1617551,74,380,2,0.480113636363636,2019,0.8570902,100.0,2.570158,100.0,1.7130678
1617706,74,380,710,0.616279069767442,2019,0.8570902,100.0,-0.4450923,99.0,1.3021825
1617743,74,385,2,0.508522727272727,2019,0.9012525,100.0,2.570158,100.0,1.6689055
1617898,74,385,710,0.656976744186046,2019,0.9012525,100.0,-0.4450923,99.0,1.3463448
1617935,74,390,2,0.556818181818182,2019,1.106965,100.0,2.570158,100.0,1.463193
1618090,74,390,710,0.619186046511628,2019,1.106965,100.0,-0.4450923,99.0,1.5520573
1618127,74,395,2,0.522727272727273,2019,0.9374631,100.0,2.570158,100.0,1.6326949
1618282,74,395,710,0.642441860465116,2019,0.9374631,100.0,-0.4450923,99.0,1.3825554
1618319,74,402,2,0.25,2019,-0.2778504,95.0,2.570158,100.0,2.8480084
1618474,74,402,710,0.784375,2019,-0.2778504,95.0,-0.4450923,99.0,0.1672419
1618511,74,403,2,0.263565891472868,2019,-0.4953726,68.0,2.570158,100.0,3.0655306
1618666,74,403,710,0.761904761904762,2019,-0.4953726,68.0,-0.4450923,99.0,0.0502803
1618703,74,404,2,0.273722627737226,2019,-0.4478064,69.0,2.570158,100.0,3.0179644
1618858,74,404,710,0.753731343283582,2019,-0.4478064,69.0,-0.4450923,99.0,0.0027141
1618895,74,411,2,0.151515151515152,2019,-0.6097409,21.0,2.570158,100.0,3.1798989
1619050,74,411,710,0.967741935483871,2019,-0.6097409,21.0,-0.4450923,99.0,0.1646486
1619087,74,420,2,0.237654320987654,2019,-0.5036127,95.0,2.570158,100.0,3.0737707
1619242,74,420,710,0.806962025316456,2019,-0.5036127,95.0,-0.4450923,99.0,0.0585204
1619279,74,432,2,0.264705882352941,2019,-0.2067827,94.0,2.570158,100.0,2.7769407
1619434,74,432,710,0.83433734939759,2019,-0.2067827,94.0,-0.4450923,99.0,0.2383096
1619471,74,433,2,0.245664739884393,2019,-0.5663713,98.0,2.570158,100.0,3.1365293
1619626,74,433,710,0.798816568047337,2019,-0.5663713,98.0,-0.4450923,99.0,0.121279
1619663,74,434,2,0.233974358974359,2019,-0.4875634,94.0,2.570158,100.0,3.0577214
1619818,74,434,710,0.799342105263158,2019,-0.4875634,94.0,-0.4450923,99.0,0.0424711
1619855,74,435,2,0.248427672955975,2019,-0.8595884,91.0,2.570158,100.0,3.4297464
1620010,74,435,710,0.790322580645161,2019,-0.8595884,91.0,-0.4450923,99.0,0.4144961
1620047,74,436,2,0.26865671641791,2019,-0.6086371,68.0,2.570158,100.0,3.1787951
1620202,74,436,710,0.761538461538461,2019,-0.6086371,68.0,-0.4450923,99.0,0.1635448
1620239,74,437,2,0.275862068965517,2019,-0.1867691,98.0,2.570158,100.0,2.7569271
1620394,74,437,710,0.755882352941176,2019,-0.1867691,98.0,-0.4450923,99.0,0.2583232
1620431,74,438,2,0.162337662337662,2019,-0.7575058,61.0,2.570158,100.0,3.3276638
1620586,74,438,710,0.925675675675676,2019,-0.7575058,61.0,-0.4450923,99.0,0.3124135
1620623,74,439,2,0.243150684931507,2019,-0.4772539,84.0,2.570158,100.0,3.0474119
1620778,74,439,710,0.795138888888889,2019,-0.4772539,84.0,-0.4450923,99.0,0.0321616
1620815,74,450,2,0.586206896551724,2019,0.3508495,45.0,2.570158,100.0,2.2193085
1620970,74,450,710,0.589285714285714,2019,0.3508495,45.0,-0.4450923,99.0,0.7959418
1621007,74,451,2,0.245508982035928,2019,-0.5413166,94.0,2.570158,100.0,3.1114746
1621162,74,451,710,0.791411042944785,2019,-0.5413166,94.0,-0.4450923,99.0,0.0962243
1621199,74,452,2,0.287425149700599,2019,-0.154358,95.0,2.570158,100.0,2.724516
1621354,74,452,710,0.754601226993865,2019,-0.154358,95.0,-0.4450923,99.0,0.2907343
1621391,74,461,2,0.32183908045977,2019,-0.0380594,99.0,2.570158,100.0,2.6082174
1621546,74,461,710,0.723529411764706,2019,-0.0380594,99.0,-0.4450923,99.0,0.4070329
1621583,74,471,2,0.353146853146853,2019,-0.0007452943,94.0,2.570158,100.0,2.5709032943
1621738,74,471,710,0.796428571428571,2019,-0.0007452943,94.0,-0.4450923,99.0,0.4443470057
1621775,74,475,2,0.264880952380952,2019,-0.4373551,95.0,2.570158,100.0,3.0075131
1621930,74,475,710,0.784848484848485,2019,-0.4373551,95.0,-0.4450923,99.0,0.0077372
1621967,74,481,2,0.204081632653061,2019,-0.6696303,87.0,2.570158,100.0,3.2397883
1622122,74,481,710,0.855670103092783,2019,-0.6696303,87.0,-0.4450923,99.0,0.224538
1622159,74,482,2,0.338582677165354,2019,-0.01510672,84.0,2.570158,100.0,2.58526472
1622314,74,482,710,0.768,2019,-0.01510672,84.0,-0.4450923,99.0,0.42998558
1622351,74,483,2,0.237931034482759,2019,-0.5661262,86.0,2.570158,100.0,3.1362842
1622506,74,483,710,0.839160839160839,2019,-0.5661262,86.0,-0.4450923,99.0,0.1210339
1622543,74,484,2,0.208333333333333,2019,-0.7837827,75.0,2.570158,100.0,3.3539407
1622698,74,484,710,0.825581395348837,2019,-0.7837827,75.0,-0.4450923,99.0,0.3386904
1622735,74,490,2,0.252525252525253,2019,-0.5120894,49.0,2.570158,100.0,3.0822474
1622890,74,490,710,0.770408163265306,2019,-0.5120894,49.0,-0.4450923,99.0,0.0669971
1622927,74,500,2,0.211805555555556,2019,-0.82026,93.0,2.570158,100.0,3.390418
1623082,74,500,710,0.842857142857143,2019,-0.82026,93.0,-0.4450923,99.0,0.3751677
1623119,74,501,2,0.237951807228916,2019,-0.4699764,94.0,2.570158,100.0,3.0401344
1623274,74,501,710,0.799382716049383,2019,-0.4699764,94.0,-0.4450923,99.0,0.0248841
1623311,74,510,2,0.196629213483146,2019,-0.6437642,71.0,2.570158,100.0,3.2139222
1623466,74,510,710,0.867816091954023,2019,-0.6437642,71.0,-0.4450923,99.0,0.1986719
1623503,74,516,2,0.227848101265823,2019,-1.113947,85.0,2.570158,100.0,3.684105
1623658,74,516,710,0.809677419354839,2019,-1.113947,85.0,-0.4450923,99.0,0.6688547
1623695,74,517,2,0.278301886792453,2019,-0.1506592,88.0,2.570158,100.0,2.7208172
1623850,74,517,710,0.805825242718447,2019,-0.1506592,88.0,-0.4450923,99.0,0.2944331
1623887,74,520,2,0.109756097560976,2019,-0.5962148,36.0,2.570158,100.0,3.1663728
1624042,74,520,710,0.926829268292683,2019,-0.5962148,36.0,-0.4450923,99.0,0.1511225
1624079,74,522,2,0.270114942528736,2019,-0.3782079,98.0,2.570158,100.0,2.9483659
1624234,74,522,710,0.761764705882353,2019,-0.3782079,98.0,-0.4450923,99.0,0.0668844
1624271,74,530,2,0.260233918128655,2019,-0.4498497,96.0,2.570158,100.0,3.0200077
1624426,74,530,710,0.787425149700599,2019,-0.4498497,96.0,-0.4450923,99.0,0.0047574
1624463,74,531,2,0.229651162790698,2019,-0.6703899,97.0,2.570158,100.0,3.2405479
1624618,74,531,710,0.800595238095238,2019,-0.6703899,97.0,-0.4450923,99.0,0.2252976
1624655,74,540,2,0.234756097560976,2019,-0.5591409,94.0,2.570158,100.0,3.1292989
1624810,74,540,710,0.795031055900621,2019,-0.5591409,94.0,-0.4450923,99.0,0.1140486
1624847,74,541,2,0.236994219653179,2019,-0.6054227,98.0,2.570158,100.0,3.1755807
1625002,74,541,710,0.79585798816568,2019,-0.6054227,98.0,-0.4450923,99.0,0.1603304
1625039,74,551,2,0.251515151515152,2019,-0.5626176,93.0,2.570158,100.0,3.1327756
1625194,74,551,710,0.791411042944785,2019,-0.5626176,93.0,-0.4450923,99.0,0.1175253
1625231,74,552,2,0.242603550295858,2019,-0.5445824,95.0,2.570158,100.0,3.1147404
1625386,74,552,710,0.853293413173653,2019,-0.5445824,95.0,-0.4450923,99.0,0.0994901
1625423,74,553,2,0.257575757575758,2019,-0.3584022,71.0,2.570158,100.0,2.9285602
1625578,74,553,710,0.763565891472868,2019,-0.3584022,71.0,-0.4450923,99.0,0.0866901
1625615,74,560,2,0.255882352941176,2019,-0.3938516,97.0,2.570158,100.0,2.9640096
1625770,74,560,710,0.774096385542169,2019,-0.3938516,97.0,-0.4450923,99.0,0.0512407
1625807,74,565,2,0.235294117647059,2019,-0.5324937,95.0,2.570158,100.0,3.1026517
1625962,74,565,710,0.786144578313253,2019,-0.5324937,95.0,-0.4450923,99.0,0.0874014
1625999,74,570,2,0.253086419753086,2019,-0.3858555,91.0,2.570158,100.0,2.9560135
1626154,74,570,710,0.770440251572327,2019,-0.3858555,91.0,-0.4450923,99.0,0.0592368
1626191,74,571,2,0.268072289156627,2019,-0.3556234,93.0,2.570158,100.0,2.9257814
1626346,74,571,710,0.762345679012346,2019,-0.3556234,93.0,-0.4450923,99.0,0.0894689
1626383,74,572,2,0.288135593220339,2019,-0.2055934,63.0,2.570158,100.0,2.7757514
1626538,74,572,710,0.764957264957265,2019,-0.2055934,63.0,-0.4450923,99.0,0.2394989
1626575,74,580,2,0.210743801652893,2019,-0.5662434,77.0,2.570158,100.0,3.1364014
1626730,74,580,710,0.840336134453782,2019,-0.5662434,77.0,-0.4450923,99.0,0.1211511
1626767,74,581,2,0.236301369863014,2019,-0.610374,80.0,2.570158,100.0,3.180532
1626922,74,581,710,0.77972027972028,2019,-0.610374,80.0,-0.4450923,99.0,0.1652817
1626959,74,590,2,0.24390243902439,2019,-0.4713293,96.0,2.570158,100.0,3.0414873
1627114,74,590,710,0.796875,2019,-0.4713293,96.0,-0.4450923,99.0,0.026237
1627151,74,591,2,0.24812030075188,2019,-0.40019,82.0,2.570158,100.0,2.970348
1627306,74,591,710,0.842307692307692,2019,-0.40019,82.0,-0.4450923,99.0,0.0449023
1627343,74,600,2,0.266272189349112,2019,-0.5514246,98.0,2.570158,100.0,3.1215826
1627498,74,600,710,0.772727272727273,2019,-0.5514246,98.0,-0.4450923,99.0,0.1063323
1627535,74,615,2,0.26,2019,-0.8445376,100.0,2.570158,100.0,3.4146956
1627690,74,615,710,0.798245614035088,2019,-0.8445376,100.0,-0.4450923,99.0,0.3994453
1627727,74,616,2,0.24251497005988,2019,-0.6912675,95.0,2.570158,100.0,3.2614255
1627882,74,616,710,0.788343558282209,2019,-0.6912675,95.0,-0.4450923,99.0,0.2461752
1627919,74,620,2,0.26453488372093,2019,-0.4276217,97.0,2.570158,100.0,2.9977797
1628074,74,620,710,0.767857142857143,2019,-0.4276217,97.0,-0.4450923,99.0,0.0174706
1628111,74,625,2,0.241379310344828,2019,-1.078168,99.0,2.570158,100.0,3.648326
1628266,74,625,710,0.797058823529412,2019,-1.078168,99.0,-0.4450923,99.0,0.6330757
1628303,74,626,2,0.318181818181818,2019,0.04923873,48.0,2.570158,100.0,2.52091927
1628458,74,626,710,0.746153846153846,2019,0.04923873,48.0,-0.4450923,99.0,0.49433103
1628495,74,630,2,0.204268292682927,2019,-1.56811,94.0,2.570158,100.0,4.138268
1628650,74,630,710,0.829192546583851,2019,-1.56811,94.0,-0.4450923,99.0,1.1230177
1628687,74,640,2,0.462857142857143,2019,0.5633136,99.0,2.570158,100.0,2.0068444
1628842,74,640,710,0.713450292397661,2019,0.5633136,99.0,-0.4450923,99.0,1.0084059
1628879,74,645,2,0.261494252873563,2019,-0.8504818,99.0,2.570158,100.0,3.4206398
1629034,74,645,710,0.788235294117647,2019,-0.8504818,99.0,-0.4450923,99.0,0.4053895
1629071,74,651,2,0.285714285714286,2019,-1.011649,100.0,2.570158,100.0,3.581807
1629226,74,651,710,0.789473684210526,2019,-1.011649,100.0,-0.4450923,99.0,0.5665567
1629263,74,652,2,0.184210526315789,2019,-1.840922,96.0,2.570158,100.0,4.41108
1629418,74,652,710,0.878378378378378,2019,-1.840922,96.0,-0.4450923,99.0,1.3958297
1629455,74,660,2,0.217647058823529,2019,-0.9822639,96.0,2.570158,100.0,3.5524219
1629610,74,660,710,0.813253012048193,2019,-0.9822639,96.0,-0.4450923,99.0,0.5371716
1629647,74,663,2,0.258928571428571,2019,-0.6998189,95.0,2.570158,100.0,3.2699769
1629802,74,663,710,0.771341463414634,2019,-0.6998189,95.0,-0.4450923,99.0,0.2547266
1629839,74,666,2,0.888235294117647,2019,2.391967,96.0,2.570158,100.0,0.178191
1629994,74,666,710,0.325301204819277,2019,2.391967,96.0,-0.4450923,99.0,2.8370593
1630031,74,670,2,0.317142857142857,2019,-0.4308382,100.0,2.570158,100.0,3.0009962
1630186,74,670,710,0.739766081871345,2019,-0.4308382,100.0,-0.4450923,99.0,0.0142541
1630223,74,679,2,0.297058823529412,2019,-0.6308288,97.0,2.570158,100.0,3.2009868
1630378,74,679,710,0.743975903614458,2019,-0.6308288,97.0,-0.4450923,99.0,0.1857365
1630415,74,690,2,0.294797687861272,2019,-0.6635605,99.0,2.570158,100.0,3.2337185
1630570,74,690,710,0.748520710059172,2019,-0.6635605,99.0,-0.4450923,99.0,0.2184682
1630607,74,692,2,0.288571428571429,2019,-0.5117462,100.0,2.570158,100.0,3.0819042
1630762,74,692,710,0.763157894736842,2019,-0.5117462,100.0,-0.4450923,99.0,0.0666539
1630799,74,694,2,0.320809248554913,2019,-0.6657819,99.0,2.570158,100.0,3.2359399
1630954,74,694,710,0.730769230769231,2019,-0.6657819,99.0,-0.4450923,99.0,0.2206896
1630991,74,696,2,0.277142857142857,2019,-0.6220152,100.0,2.570158,100.0,3.1921732
1631146,74,696,710,0.769005847953216,2019,-0.6220152,100.0,-0.4450923,99.0,0.1769229
1631183,74,698,2,0.284431137724551,2019,-0.802745,97.0,2.570158,100.0,3.372903
1631338,74,698,710,0.754545454545455,2019,-0.802745,97.0,-0.4450923,99.0,0.3576527
1631375,74,700,2,0.248175182481752,2019,-0.4903312,91.0,2.570158,100.0,3.0604892
1631530,74,700,710,0.838345864661654,2019,-0.4903312,91.0,-0.4450923,99.0,0.0452389
1631567,74,701,2,0.210084033613445,2019,-0.760223,72.0,2.570158,100.0,3.330381
1631722,74,701,710,0.809322033898305,2019,-0.760223,72.0,-0.4450923,99.0,0.3151307
1631759,74,702,2,0.25,2019,-0.6367585,88.0,2.570158,100.0,3.2069165
1631914,74,702,710,0.860902255639098,2019,-0.6367585,88.0,-0.4450923,99.0,0.1916662
1631951,74,703,2,0.25531914893617,2019,-0.7000183,90.0,2.570158,100.0,3.2701763
1632106,74,703,710,0.846428571428571,2019,-0.7000183,90.0,-0.4450923,99.0,0.254926
1632143,74,704,2,0.264705882352941,2019,-0.3808661,89.0,2.570158,100.0,2.9510241
1632298,74,704,710,0.837037037037037,2019,-0.3808661,89.0,-0.4450923,99.0,0.0642262
1632335,74,705,2,0.234939759036145,2019,-0.6236629,99.0,2.570158,100.0,3.1938209
1632490,74,705,710,0.805555555555556,2019,-0.6236629,99.0,-0.4450923,99.0,0.1785706
1632527,74,710,2,0.244186046511628,2019,-0.4450923,99.0,2.570158,100.0,3.0152503
1632528,74,710,20,0.563953488372093,2019,-0.4450923,99.0,1.241086,100.0,1.6861783
1632529,74,710,31,0.771084337349398,2019,-0.4450923,99.0,-0.2962995,95.0,0.1487928
1632530,74,710,40,0.851190476190476,2019,-0.4450923,99.0,-1.544681,97.0,1.0995887
1632531,74,710,41,0.701834862385321,2019,-0.4450923,99.0,0.2403567,62.0,0.685449
1632532,74,710,42,0.763313609467456,2019,-0.4450923,99.0,-0.2754234,98.0,0.1696689
1632533,74,710,51,0.776470588235294,2019,-0.4450923,99.0,-0.4613726,99.0,0.0162803
1632534,74,710,52,0.76510067114094,2019,-0.4450923,99.0,-0.408158,82.0,0.0369343
1632535,74,710,53,0.748407643312102,2019,-0.4450923,99.0,-0.2416911,90.0,0.2034012
1632536,74,710,54,0.928571428571429,2019,-0.4450923,99.0,-0.02383962,9.0,0.42125268
1632537,74,710,55,0.827868852459016,2019,-0.4450923,99.0,-0.5385595,82.0,0.0934672
1632538,74,710,56,0.772727272727273,2019,-0.4450923,99.0,-0.4104485,95.0,0.0346438
1632539,74,710,57,0.798192771084337,2019,-0.4450923,99.0,-0.5973996,96.0,0.1523073
1632540,74,710,58,0.791411042944785,2019,-0.4450923,99.0,-0.5265652,92.0,0.0814729
1632541,74,710,60,0.761437908496732,2019,-0.4450923,99.0,-0.4043098,88.0,0.0407825
1632542,74,710,70,0.742690058479532,2019,-0.4450923,99.0,0.002801669,100.0,0.447893969
1632543,74,710,80,0.769938650306748,2019,-0.4450923,99.0,-0.1905168,95.0,0.2545755
1632544,74,710,90,0.677325581395349,2019,-0.4450923,99.0,0.1027628,100.0,0.5478551
1632545,74,710,91,0.707831325301205,2019,-0.4450923,99.0,0.1153262,98.0,0.5604185
1632546,74,710,92,0.773255813953488,2019,-0.4450923,99.0,-0.3284986,100.0,0.1165937
1632547,74,710,93,0.825443786982249,2019,-0.4450923,99.0,-1.489702,97.0,1.0446097
1632548,74,710,94,0.748538011695906,2019,-0.4450923,99.0,-0.1137767,99.0,0.3313156
1632549,74,710,95,0.736842105263158,2019,-0.4450923,99.0,-0.05617897,99.0,0.38891333
1632550,74,710,100,0.720588235294118,2019,-0.4450923,99.0,0.05938759,99.0,0.50447989
1632551,74,710,101,0.837209302325581,2019,-0.4450923,99.0,-1.623648,99.0,1.1785557
1632552,74,710,110,0.759375,2019,-0.4450923,99.0,-0.226556,95.0,0.2185363
1632553,74,710,115,0.838607594936709,2019,-0.4450923,99.0,-0.6906859,96.0,0.2455936
1632554,74,710,130,0.763157894736842,2019,-0.4450923,99.0,-0.4230428,100.0,0.0220495
1632555,74,710,135,0.75748502994012,2019,-0.4450923,99.0,-0.1783567,97.0,0.2667356
1632556,74,710,140,0.668639053254438,2019,-0.4450923,99.0,0.2650622,99.0,0.7101545
1632557,74,710,145,0.788235294117647,2019,-0.4450923,99.0,-0.5741186,98.0,0.1290263
1632558,74,710,150,0.764705882352941,2019,-0.4450923,99.0,-0.183085,98.0,0.2620073
1632559,74,710,155,0.761627906976744,2019,-0.4450923,99.0,-0.2054299,100.0,0.2396624
1632560,74,710,160,0.773255813953488,2019,-0.4450923,99.0,-0.0907764,100.0,0.3543159
1632561,74,710,165,0.767441860465116,2019,-0.4450923,99.0,-0.3636199,100.0,0.0814724
1632562,74,710,200,0.561046511627907,2019,-0.4450923,99.0,1.598555,100.0,2.0436473
1632563,74,710,205,0.587209302325581,2019,-0.4450923,99.0,0.7841333,100.0,1.2292256
1632564,74,710,210,0.630813953488372,2019,-0.4450923,99.0,1.032664,100.0,1.4777563
1632565,74,710,211,0.642857142857143,2019,-0.4450923,99.0,1.041936,98.0,1.4870283
1632566,74,710,212,0.627906976744186,2019,-0.4450923,99.0,1.026244,100.0,1.4713363
1632567,74,710,220,0.584302325581395,2019,-0.4450923,99.0,1.37462,100.0,1.8197123
1632568,74,710,221,0.626470588235294,2019,-0.4450923,99.0,0.972294,99.0,1.4173863
1632569,74,710,223,0.590116279069767,2019,-0.4450923,99.0,0.7362953,100.0,1.1813876
1632570,74,710,225,0.633720930232558,2019,-0.4450923,99.0,0.7252275,100.0,1.1703198
1632571,74,710,230,0.625,2019,-0.4450923,99.0,1.040893,100.0,1.4859853
1632572,74,710,232,0.598837209302326,2019,-0.4450923,99.0,0.7705928,100.0,1.2156851
1632573,74,710,235,0.633720930232558,2019,-0.4450923,99.0,1.010997,100.0,1.4560893
1632574,74,710,255,0.619186046511628,2019,-0.4450923,99.0,1.149129,100.0,1.5942213
1632575,74,710,290,0.61046511627907,2019,-0.4450923,99.0,1.15658,100.0,1.6016723
1632576,74,710,305,0.575581395348837,2019,-0.4450923,99.0,0.8208079,100.0,1.2659002
1632577,74,710,310,0.598837209302326,2019,-0.4450923,99.0,1.204383,100.0,1.6494753
1632578,74,710,316,0.61046511627907,2019,-0.4450923,99.0,1.210417,100.0,1.6555093
1632579,74,710,317,0.62280701754386,2019,-0.4450923,99.0,1.0911,99.0,1.5361923
1632580,74,710,325,0.625,2019,-0.4450923,99.0,1.042463,100.0,1.4875553
1632581,74,710,331,0.593023255813954,2019,-0.4450923,99.0,0.7677182,100.0,1.2128105
1632582,74,710,338,0.595930232558139,2019,-0.4450923,99.0,0.7530793,100.0,1.1981716
1632583,74,710,339,0.619883040935672,2019,-0.4450923,99.0,1.080896,99.0,1.5259883
1632584,74,710,341,0.630813953488372,2019,-0.4450923,99.0,1.021322,100.0,1.4664143
1632585,74,710,343,0.625,2019,-0.4450923,99.0,0.9969269,100.0,1.4420192
1632586,74,710,344,0.630813953488372,2019,-0.4450923,99.0,1.017257,100.0,1.4623493
1632587,74,710,345,0.764900662251656,2019,-0.4450923,99.0,0.3929371,94.0,0.8380294
1632588,74,710,346,0.685975609756098,2019,-0.4450923,99.0,0.7214821,98.0,1.1665744
1632589,74,710,349,0.633720930232558,2019,-0.4450923,99.0,0.9924328,100.0,1.4375251
1632590,74,710,350,0.630813953488372,2019,-0.4450923,99.0,0.9848785,100.0,1.4299708
1632591,74,710,352,0.613372093023256,2019,-0.4450923,99.0,0.722298,100.0,1.1673903
1632592,74,710,355,0.622093023255814,2019,-0.4450923,99.0,1.093302,100.0,1.5383943
1632593,74,710,359,0.615625,2019,-0.4450923,99.0,0.7161835,92.0,1.1612758
1632594,74,710,360,0.622093023255814,2019,-0.4450923,99.0,1.128563,100.0,1.5736553
1632595,74,710,365,0.837209302325581,2019,-0.4450923,99.0,0.02003723,99.0,0.46512953
1632596,74,710,366,0.61046511627907,2019,-0.4450923,99.0,1.194225,100.0,1.6393173
1632597,74,710,367,0.619186046511628,2019,-0.4450923,99.0,1.137524,100.0,1.5826163
1632598,74,710,368,0.613372093023256,2019,-0.4450923,99.0,1.177034,100.0,1.6221263
1632599,74,710,369,0.598639455782313,2019,-0.4450923,99.0,1.164028,97.0,1.6091203
1632600,74,710,370,0.83433734939759,2019,-0.4450923,99.0,-0.3006437,95.0,0.1444486
1632601,74,710,371,0.783870967741935,2019,-0.4450923,99.0,0.1026773,94.0,0.5477696
1632602,74,710,372,0.607142857142857,2019,-0.4450923,99.0,0.8965546,98.0,1.3416469
1632603,74,710,373,0.791139240506329,2019,-0.4450923,99.0,-0.5892954,93.0,0.1442031
1632604,74,710,375,0.616279069767442,2019,-0.4450923,99.0,0.8822366,100.0,1.3273289
1632605,74,710,380,0.616279069767442,2019,-0.4450923,99.0,0.8570902,100.0,1.3021825
1632606,74,710,385,0.656976744186046,2019,-0.4450923,99.0,0.9012525,100.0,1.3463448
1632607,74,710,390,0.619186046511628,2019,-0.4450923,99.0,1.106965,100.0,1.5520573
1632608,74,710,395,0.642441860465116,2019,-0.4450923,99.0,0.9374631,100.0,1.3825554
1632609,74,710,402,0.784375,2019,-0.4450923,99.0,-0.2778504,95.0,0.1672419
1632610,74,710,403,0.761904761904762,2019,-0.4450923,99.0,-0.4953726,68.0,0.0502803
1632611,74,710,404,0.753731343283582,2019,-0.4450923,99.0,-0.4478064,69.0,0.0027141
1632612,74,710,411,0.967741935483871,2019,-0.4450923,99.0,-0.6097409,21.0,0.1646486
1632613,74,710,420,0.806962025316456,2019,-0.4450923,99.0,-0.5036127,95.0,0.0585204
1632614,74,710,432,0.83433734939759,2019,-0.4450923,99.0,-0.2067827,94.0,0.2383096
1632615,74,710,433,0.798816568047337,2019,-0.4450923,99.0,-0.5663713,98.0,0.121279
1632616,74,710,434,0.799342105263158,2019,-0.4450923,99.0,-0.4875634,94.0,0.0424711
1632617,74,710,435,0.790322580645161,2019,-0.4450923,99.0,-0.8595884,91.0,0.4144961
1632618,74,710,436,0.761538461538461,2019,-0.4450923,99.0,-0.6086371,68.0,0.1635448
1632619,74,710,437,0.755882352941176,2019,-0.4450923,99.0,-0.1867691,98.0,0.2583232
1632620,74,710,438,0.925675675675676,2019,-0.4450923,99.0,-0.7575058,61.0,0.3124135
1632621,74,710,439,0.795138888888889,2019,-0.4450923,99.0,-0.4772539,84.0,0.0321616
1632622,74,710,450,0.589285714285714,2019,-0.4450923,99.0,0.3508495,45.0,0.7959418
1632623,74,710,451,0.791411042944785,2019,-0.4450923,99.0,-0.5413166,94.0,0.0962243
1632624,74,710,452,0.754601226993865,2019,-0.4450923,99.0,-0.154358,95.0,0.2907343
1632625,74,710,461,0.723529411764706,2019,-0.4450923,99.0,-0.0380594,99.0,0.4070329
1632626,74,710,471,0.796428571428571,2019,-0.4450923,99.0,-0.0007452943,94.0,0.4443470057
1632627,74,710,475,0.784848484848485,2019,-0.4450923,99.0,-0.4373551,95.0,0.0077372
1632628,74,710,481,0.855670103092783,2019,-0.4450923,99.0,-0.6696303,87.0,0.224538
1632629,74,710,482,0.768,2019,-0.4450923,99.0,-0.01510672,84.0,0.42998558
1632630,74,710,483,0.839160839160839,2019,-0.4450923,99.0,-0.5661262,86.0,0.1210339
1632631,74,710,484,0.825581395348837,2019,-0.4450923,99.0,-0.7837827,75.0,0.3386904
1632632,74,710,490,0.770408163265306,2019,-0.4450923,99.0,-0.5120894,49.0,0.0669971
1632633,74,710,500,0.842857142857143,2019,-0.4450923,99.0,-0.82026,93.0,0.3751677
1632634,74,710,501,0.799382716049383,2019,-0.4450923,99.0,-0.4699764,94.0,0.0248841
1632635,74,710,510,0.867816091954023,2019,-0.4450923,99.0,-0.6437642,71.0,0.1986719
1632636,74,710,516,0.809677419354839,2019,-0.4450923,99.0,-1.113947,85.0,0.6688547
1632637,74,710,517,0.805825242718447,2019,-0.4450923,99.0,-0.1506592,88.0,0.2944331
1632638,74,710,520,0.926829268292683,2019,-0.4450923,99.0,-0.5962148,36.0,0.1511225
1632639,74,710,522,0.761764705882353,2019,-0.4450923,99.0,-0.3782079,98.0,0.0668844
1632640,74,710,530,0.787425149700599,2019,-0.4450923,99.0,-0.4498497,96.0,0.0047574
1632641,74,710,531,0.800595238095238,2019,-0.4450923,99.0,-0.6703899,97.0,0.2252976
1632642,74,710,540,0.795031055900621,2019,-0.4450923,99.0,-0.5591409,94.0,0.1140486
1632643,74,710,541,0.79585798816568,2019,-0.4450923,99.0,-0.6054227,98.0,0.1603304
1632644,74,710,551,0.791411042944785,2019,-0.4450923,99.0,-0.5626176,93.0,0.1175253
1632645,74,710,552,0.853293413173653,2019,-0.4450923,99.0,-0.5445824,95.0,0.0994901
1632646,74,710,553,0.763565891472868,2019,-0.4450923,99.0,-0.3584022,71.0,0.0866901
1632647,74,710,560,0.774096385542169,2019,-0.4450923,99.0,-0.3938516,97.0,0.0512407
1632648,74,710,565,0.786144578313253,2019,-0.4450923,99.0,-0.5324937,95.0,0.0874014
1632649,74,710,570,0.770440251572327,2019,-0.4450923,99.0,-0.3858555,91.0,0.0592368
1632650,74,710,571,0.762345679012346,2019,-0.4450923,99.0,-0.3556234,93.0,0.0894689
1632651,74,710,572,0.764957264957265,2019,-0.4450923,99.0,-0.2055934,63.0,0.2394989
1632652,74,710,580,0.840336134453782,2019,-0.4450923,99.0,-0.5662434,77.0,0.1211511
1632653,74,710,581,0.77972027972028,2019,-0.4450923,99.0,-0.610374,80.0,0.1652817
1632654,74,710,590,0.796875,2019,-0.4450923,99.0,-0.4713293,96.0,0.026237
1632655,74,710,591,0.842307692307692,2019,-0.4450923,99.0,-0.40019,82.0,0.0449023
1632656,74,710,600,0.772727272727273,2019,-0.4450923,99.0,-0.5514246,98.0,0.1063323
1632657,74,710,615,0.798245614035088,2019,-0.4450923,99.0,-0.8445376,100.0,0.3994453
1632658,74,710,616,0.788343558282209,2019,-0.4450923,99.0,-0.6912675,95.0,0.2461752
1632659,74,710,620,0.767857142857143,2019,-0.4450923,99.0,-0.4276217,97.0,0.0174706
1632660,74,710,625,0.797058823529412,2019,-0.4450923,99.0,-1.078168,99.0,0.6330757
1632661,74,710,626,0.746153846153846,2019,-0.4450923,99.0,0.04923873,48.0,0.49433103
1632662,74,710,630,0.829192546583851,2019,-0.4450923,99.0,-1.56811,94.0,1.1230177
1632663,74,710,640,0.713450292397661,2019,-0.4450923,99.0,0.5633136,99.0,1.0084059
1632664,74,710,645,0.788235294117647,2019,-0.4450923,99.0,-0.8504818,99.0,0.4053895
1632665,74,710,651,0.789473684210526,2019,-0.4450923,99.0,-1.011649,100.0,0.5665567
1632666,74,710,652,0.878378378378378,2019,-0.4450923,99.0,-1.840922,96.0,1.3958297
1632667,74,710,660,0.813253012048193,2019,-0.4450923,99.0,-0.9822639,96.0,0.5371716
1632668,74,710,663,0.771341463414634,2019,-0.4450923,99.0,-0.6998189,95.0,0.2547266
1632669,74,710,666,0.325301204819277,2019,-0.4450923,99.0,2.391967,96.0,2.8370593
1632670,74,710,670,0.739766081871345,2019,-0.4450923,99.0,-0.4308382,100.0,0.0142541
1632671,74,710,679,0.743975903614458,2019,-0.4450923,99.0,-0.6308288,97.0,0.1857365
1632672,74,710,690,0.748520710059172,2019,-0.4450923,99.0,-0.6635605,99.0,0.2184682
1632673,74,710,692,0.763157894736842,2019,-0.4450923,99.0,-0.5117462,100.0,0.0666539
1632674,74,710,694,0.730769230769231,2019,-0.4450923,99.0,-0.6657819,99.0,0.2206896
1632675,74,710,696,0.769005847953216,2019,-0.4450923,99.0,-0.6220152,100.0,0.1769229
1632676,74,710,698,0.754545454545455,2019,-0.4450923,99.0,-0.802745,97.0,0.3576527
1632677,74,710,700,0.838345864661654,2019,-0.4450923,99.0,-0.4903312,91.0,0.0452389
1632678,74,710,701,0.809322033898305,2019,-0.4450923,99.0,-0.760223,72.0,0.3151307
1632679,74,710,702,0.860902255639098,2019,-0.4450923,99.0,-0.6367585,88.0,0.1916662
1632680,74,710,703,0.846428571428571,2019,-0.4450923,99.0,-0.7000183,90.0,0.254926
1632681,74,710,704,0.837037037037037,2019,-0.4450923,99.0,-0.3808661,89.0,0.0642262
1632682,74,710,705,0.805555555555556,2019,-0.4450923,99.0,-0.6236629,99.0,0.1785706
1632683,74,710,712,0.781437125748503,2019,-0.4450923,99.0,-0.5267992,96.0,0.0817069
1632684,74,710,731,0.881294964028777,2019,-0.4450923,99.0,-0.2645661,89.0,0.1805262
1632685,74,710,732,0.674418604651163,2019,-0.4450923,99.0,0.7402617,100.0,1.185354
1632686,74,710,740,0.662790697674419,2019,-0.4450923,99.0,0.6896265,100.0,1.1347188
1632687,74,710,750,0.773255813953488,2019,-0.4450923,99.0,-0.2405581,100.0,0.2045342
1632688,74,710,760,0.767647058823529,2019,-0.4450923,99.0,-0.510739,99.0,0.0656467000000001
1632689,74,710,770,0.826347305389222,2019,-0.4450923,99.0,-0.2035664,99.0,0.2415259
1632690,74,710,771,0.789473684210526,2019,-0.4450923,99.0,-0.5599897,100.0,0.1148974
1632691,74,710,775,0.802013422818792,2019,-0.4450923,99.0,-0.9089724,81.0,0.4638801
1632692,74,710,780,0.78698224852071,2019,-0.4450923,99.0,-0.5967962,97.0,0.1517039
1632693,74,710,781,0.773255813953488,2019,-0.4450923,99.0,-0.45316,100.0,0.0080677
1632694,74,710,790,0.788235294117647,2019,-0.4450923,99.0,-0.6173272,98.0,0.1722349
1632695,74,710,800,0.784883720930233,2019,-0.4450923,99.0,-0.4944472,100.0,0.0493549
1632696,74,710,811,0.842767295597484,2019,-0.4450923,99.0,-1.186279,98.0,0.7411867
1632697,74,710,812,0.810240963855422,2019,-0.4450923,99.0,-0.9214307,100.0,0.4763384
1632698,74,710,816,0.801242236024845,2019,-0.4450923,99.0,-0.836381,98.0,0.3912887
1632699,74,710,820,0.780701754385965,2019,-0.4450923,99.0,-0.6719879,100.0,0.2268956
1632700,74,710,830,0.799418604651163,2019,-0.4450923,99.0,-0.4191415,100.0,0.0259508
1632701,74,710,835,0.787790697674419,2019,-0.4450923,99.0,-0.6480188,100.0,0.2029265
1632702,74,710,840,0.808139534883721,2019,-0.4450923,99.0,-0.4259186,100.0,0.0191737
1632703,74,710,850,0.781976744186046,2019,-0.4450923,99.0,-0.8394092,100.0,0.3943169
1632704,74,710,860,0.763157894736842,2019,-0.4450923,99.0,-0.3098049,91.0,0.1352874
1632705,74,710,900,0.549418604651163,2019,-0.4450923,99.0,1.390033,100.0,1.8351253
1632706,74,710,910,0.743421052631579,2019,-0.4450923,99.0,0.1162776,63.0,0.5613699
1632707,74,710,920,0.607558139534884,2019,-0.4450923,99.0,0.6957768,100.0,1.1408691
1632708,74,710,935,0.698717948717949,2019,-0.4450923,99.0,0.02441797,92.0,0.46951027
1632709,74,710,940,0.780898876404494,2019,-0.4450923,99.0,-0.09165763,73.0,0.35343467
1632710,74,710,946,0.709459459459459,2019,-0.4450923,99.0,0.02946646,85.0,0.47455876
1632711,74,710,947,0.686746987951807,2019,-0.4450923,99.0,-0.02754701,58.0,0.41754529
1632712,74,710,950,0.771875,2019,-0.4450923,99.0,-0.1520031,95.0,0.2930892
1632713,74,710,955,0.758333333333333,2019,-0.4450923,99.0,0.1148414,59.0,0.5599337
1632714,74,710,970,0.645833333333333,2019,-0.4450923,99.0,0.267361,69.0,0.7124533
1632715,74,710,983,0.504273504273504,2019,-0.4450923,99.0,0.9975604,78.0,1.4426527
1632716,74,710,986,0.732558139534884,2019,-0.4450923,99.0,0.1342013,78.0,0.5792936
1632717,74,710,987,0.495327102803738,2019,-0.4450923,99.0,1.313364,70.0,1.7584563
1632718,74,710,990,0.751552795031056,2019,-0.4450923,99.0,0.02533078,95.0,0.47042308
1632719,74,712,2,0.260233918128655,2019,-0.5267992,96.0,2.570158,100.0,3.0969572
1632875,74,712,710,0.781437125748503,2019,-0.5267992,96.0,-0.4450923,99.0,0.0817069
1632911,74,731,2,0.187943262411348,2019,-0.2645661,89.0,2.570158,100.0,2.8347241
1633067,74,731,710,0.881294964028777,2019,-0.2645661,89.0,-0.4450923,99.0,0.1805262
1633103,74,732,2,0.536931818181818,2019,0.7402617,100.0,2.570158,100.0,1.8298963
1633259,74,732,710,0.674418604651163,2019,0.7402617,100.0,-0.4450923,99.0,1.185354
1633295,74,740,2,0.477272727272727,2019,0.6896265,100.0,2.570158,100.0,1.8805315
1633451,74,740,710,0.662790697674419,2019,0.6896265,100.0,-0.4450923,99.0,1.1347188
1633487,74,750,2,0.335227272727273,2019,-0.2405581,100.0,2.570158,100.0,2.8107161
1633643,74,750,710,0.773255813953488,2019,-0.2405581,100.0,-0.4450923,99.0,0.2045342
1633679,74,760,2,0.264367816091954,2019,-0.510739,99.0,2.570158,100.0,3.080897
1633835,74,760,710,0.767647058823529,2019,-0.510739,99.0,-0.4450923,99.0,0.0656467000000001
1633871,74,770,2,0.321637426900585,2019,-0.2035664,99.0,2.570158,100.0,2.7737244
1634027,74,770,710,0.826347305389222,2019,-0.2035664,99.0,-0.4450923,99.0,0.2415259
1634063,74,771,2,0.257142857142857,2019,-0.5599897,100.0,2.570158,100.0,3.1301477
1634219,74,771,710,0.789473684210526,2019,-0.5599897,100.0,-0.4450923,99.0,0.1148974
1634255,74,775,2,0.254901960784314,2019,-0.9089724,81.0,2.570158,100.0,3.4791304
1634411,74,775,710,0.802013422818792,2019,-0.9089724,81.0,-0.4450923,99.0,0.4638801
1634447,74,780,2,0.291907514450867,2019,-0.5967962,97.0,2.570158,100.0,3.1669542
1634603,74,780,710,0.78698224852071,2019,-0.5967962,97.0,-0.4450923,99.0,0.1517039
1634639,74,781,2,0.267045454545455,2019,-0.45316,100.0,2.570158,100.0,3.023318
1634795,74,781,710,0.773255813953488,2019,-0.45316,100.0,-0.4450923,99.0,0.0080677
1634831,74,790,2,0.264367816091954,2019,-0.6173272,98.0,2.570158,100.0,3.1874852
1634987,74,790,710,0.788235294117647,2019,-0.6173272,98.0,-0.4450923,99.0,0.1722349
1635023,74,800,2,0.267045454545455,2019,-0.4944472,100.0,2.570158,100.0,3.0646052
1635179,74,800,710,0.784883720930233,2019,-0.4944472,100.0,-0.4450923,99.0,0.0493549
1635215,74,811,2,0.196319018404908,2019,-1.186279,98.0,2.570158,100.0,3.756437
1635371,74,811,710,0.842767295597484,2019,-1.186279,98.0,-0.4450923,99.0,0.7411867
1635407,74,812,2,0.229411764705882,2019,-0.9214307,100.0,2.570158,100.0,3.4915887
1635563,74,812,710,0.810240963855422,2019,-0.9214307,100.0,-0.4450923,99.0,0.4763384
1635599,74,816,2,0.239393939393939,2019,-0.836381,98.0,2.570158,100.0,3.406539
1635755,74,816,710,0.801242236024845,2019,-0.836381,98.0,-0.4450923,99.0,0.3912887
1635791,74,820,2,0.26,2019,-0.6719879,100.0,2.570158,100.0,3.2421459
1635947,74,820,710,0.780701754385965,2019,-0.6719879,100.0,-0.4450923,99.0,0.2268956
1635983,74,830,2,0.269886363636364,2019,-0.4191415,100.0,2.570158,100.0,2.9892995
1636139,74,830,710,0.799418604651163,2019,-0.4191415,100.0,-0.4450923,99.0,0.0259508
1636175,74,835,2,0.254285714285714,2019,-0.6480188,100.0,2.570158,100.0,3.2181768
1636331,74,835,710,0.787790697674419,2019,-0.6480188,100.0,-0.4450923,99.0,0.2029265
1636367,74,840,2,0.244318181818182,2019,-0.4259186,100.0,2.570158,100.0,2.9960766
1636523,74,840,710,0.808139534883721,2019,-0.4259186,100.0,-0.4450923,99.0,0.0191737
1636559,74,850,2,0.264204545454545,2019,-0.8394092,100.0,2.570158,100.0,3.4095672
1636715,74,850,710,0.781976744186046,2019,-0.8394092,100.0,-0.4450923,99.0,0.3943169
1636751,74,860,2,0.262820512820513,2019,-0.3098049,91.0,2.570158,100.0,2.8799629
1636907,74,860,710,0.763157894736842,2019,-0.3098049,91.0,-0.4450923,99.0,0.1352874
1636943,74,900,2,0.625,2019,1.390033,100.0,2.570158,100.0,1.180125
1637099,74,900,710,0.549418604651163,2019,1.390033,100.0,-0.4450923,99.0,1.8351253
1637135,74,910,2,0.360759493670886,2019,0.1162776,63.0,2.570158,100.0,2.4538804
1637291,74,910,710,0.743421052631579,2019,0.1162776,63.0,-0.4450923,99.0,0.5613699
1637327,74,920,2,0.440340909090909,2019,0.6957768,100.0,2.570158,100.0,1.8743812
1637483,74,920,710,0.607558139534884,2019,0.6957768,100.0,-0.4450923,99.0,1.1408691
1637519,74,935,2,0.34375,2019,0.02441797,92.0,2.570158,100.0,2.54574003
1637675,74,935,710,0.698717948717949,2019,0.02441797,92.0,-0.4450923,99.0,0.46951027
1637711,74,940,2,0.379120879120879,2019,-0.09165763,73.0,2.570158,100.0,2.66181563
1637867,74,940,710,0.780898876404494,2019,-0.09165763,73.0,-0.4450923,99.0,0.35343467
1637903,74,946,2,0.334437086092715,2019,0.02946646,85.0,2.570158,100.0,2.54069154
1638059,74,946,710,0.709459459459459,2019,0.02946646,85.0,-0.4450923,99.0,0.47455876
1638095,74,947,2,0.363095238095238,2019,-0.02754701,58.0,2.570158,100.0,2.59770501
1638251,74,947,710,0.686746987951807,2019,-0.02754701,58.0,-0.4450923,99.0,0.41754529
1638287,74,950,2,0.273006134969325,2019,-0.1520031,95.0,2.570158,100.0,2.7221611
1638443,74,950,710,0.771875,2019,-0.1520031,95.0,-0.4450923,99.0,0.2930892
1638479,74,955,2,0.308333333333333,2019,0.1148414,59.0,2.570158,100.0,2.4553166
1638635,74,955,710,0.758333333333333,2019,0.1148414,59.0,-0.4450923,99.0,0.5599337
1638671,74,970,2,0.423611111111111,2019,0.267361,69.0,2.570158,100.0,2.302797
1638827,74,970,710,0.645833333333333,2019,0.267361,69.0,-0.4450923,99.0,0.7124533
1638863,74,983,2,0.616666666666667,2019,0.9975604,78.0,2.570158,100.0,1.5725976
1639019,74,983,710,0.504273504273504,2019,0.9975604,78.0,-0.4450923,99.0,1.4426527
1639055,74,986,2,0.329545454545455,2019,0.1342013,78.0,2.570158,100.0,2.4359567
1639211,74,986,710,0.732558139534884,2019,0.1342013,78.0,-0.4450923,99.0,0.5792936
1639247,74,987,2,0.657407407407407,2019,1.313364,70.0,2.570158,100.0,1.256794
1639403,74,987,710,0.495327102803738,2019,1.313364,70.0,-0.4450923,99.0,1.7584563
1639439,74,990,2,0.298780487804878,2019,0.02533078,95.0,2.570158,100.0,2.54482722
1639595,74,990,710,0.751552795031056,2019,0.02533078,95.0,-0.4450923,99.0,0.47042308
1639631,75,2,20,0.672131147540984,2020,2.529641,97.0,1.280022,97.0,1.249619
1639632,75,2,31,0.328402366863905,2020,2.529641,97.0,-0.2543165,89.0,2.7839575
1639633,75,2,40,0.206703910614525,2020,2.529641,97.0,-1.609236,96.0,4.138877
1639634,75,2,41,0.519417475728155,2020,2.529641,97.0,0.1288562,65.0,2.4007848
1639635,75,2,42,0.361111111111111,2020,2.529641,97.0,-0.3470879,96.0,2.8767289
1639636,75,2,51,0.347701149425287,2020,2.529641,97.0,-0.4004012,93.0,2.9300422
1639637,75,2,52,0.354651162790698,2020,2.529641,97.0,-0.4437218,95.0,2.9733628
1639638,75,2,53,0.367816091954023,2020,2.529641,97.0,-0.254947,94.0,2.784588
1639639,75,2,54,0.202380952380952,2020,2.529641,97.0,-0.6158256,31.0,3.1454666
1639640,75,2,55,0.311320754716981,2020,2.529641,97.0,-0.6207359,92.0,3.1503769
1639641,75,2,56,0.355491329479769,2020,2.529641,97.0,-0.432526,93.0,2.962167
1639642,75,2,57,0.35,2020,2.529641,97.0,-0.5424931,90.0,3.0721341
1639643,75,2,58,0.37,2020,2.529641,97.0,-0.4928711,78.0,3.0225121
1639644,75,2,60,0.371621621621622,2020,2.529641,97.0,-0.3870309,79.0,2.9166719
1639645,75,2,70,0.325136612021858,2020,2.529641,97.0,0.0009630255,97.0,2.5286779745
1639646,75,2,80,0.350282485875706,2020,2.529641,97.0,-0.3033839,95.0,2.8330249
1639647,75,2,90,0.423497267759563,2020,2.529641,97.0,0.08714355,97.0,2.44249745
1639648,75,2,91,0.411602209944751,2020,2.529641,97.0,0.05028009,97.0,2.47936091
1639649,75,2,92,0.348901098901099,2020,2.529641,97.0,-0.394179,96.0,2.92382
1639650,75,2,93,0.237569060773481,2020,2.529641,97.0,-1.526526,96.0,4.056167
1639651,75,2,94,0.33879781420765,2020,2.529641,97.0,-0.08064198,97.0,2.61028298
1639652,75,2,95,0.38121546961326,2020,2.529641,97.0,-0.06122727,95.0,2.59086827
1639653,75,2,100,0.39344262295082,2020,2.529641,97.0,0.03721523,97.0,2.49242577
1639654,75,2,101,0.224550898203593,2020,2.529641,97.0,-1.589317,91.0,4.118958
1639655,75,2,110,0.361111111111111,2020,2.529641,97.0,-0.2018734,94.0,2.7315144
1639656,75,2,115,0.294117647058824,2020,2.529641,97.0,-0.5609899,95.0,3.0906309
1639657,75,2,130,0.319672131147541,2020,2.529641,97.0,-0.439257,97.0,2.968898
1639658,75,2,135,0.35989010989011,2020,2.529641,97.0,-0.1731304,96.0,2.7027714
1639659,75,2,140,0.425824175824176,2020,2.529641,97.0,0.2801841,97.0,2.2494569
1639660,75,2,145,0.270949720670391,2020,2.529641,97.0,-0.6826798,95.0,3.2123208
1639661,75,2,150,0.357142857142857,2020,2.529641,97.0,-0.2619261,96.0,2.7915671
1639662,75,2,155,0.348901098901099,2020,2.529641,97.0,-0.182989,96.0,2.71263
1639663,75,2,160,0.368852459016393,2020,2.529641,97.0,-0.08241227,97.0,2.61205327
1639664,75,2,165,0.383977900552486,2020,2.529641,97.0,-0.03395458,97.0,2.56359558
1639665,75,2,200,0.693989071038251,2020,2.529641,97.0,1.644266,97.0,0.885375
1639666,75,2,205,0.486338797814208,2020,2.529641,97.0,0.703728,97.0,1.825913
1639667,75,2,210,0.598360655737705,2020,2.529641,97.0,1.164087,97.0,1.365554
1639668,75,2,211,0.590163934426229,2020,2.529641,97.0,1.078705,97.0,1.450936
1639669,75,2,212,0.60655737704918,2020,2.529641,97.0,0.9634142,97.0,1.5662268
1639670,75,2,220,0.648351648351648,2020,2.529641,97.0,1.432076,97.0,1.097565
1639671,75,2,221,0.616022099447514,2020,2.529641,97.0,1.093949,96.0,1.435692
1639672,75,2,223,0.497267759562842,2020,2.529641,97.0,0.7647323,97.0,1.7649087
1639673,75,2,225,0.516393442622951,2020,2.529641,97.0,0.7232774,97.0,1.8063636
1639674,75,2,230,0.592896174863388,2020,2.529641,97.0,0.9060214,97.0,1.6236196
1639675,75,2,232,0.521978021978022,2020,2.529641,97.0,0.7027323,96.0,1.8269087
1639676,75,2,235,0.609289617486339,2020,2.529641,97.0,0.9344844,97.0,1.5951566
1639677,75,2,255,0.616022099447514,2020,2.529641,97.0,1.291502,97.0,1.238139
1639678,75,2,290,0.636612021857924,2020,2.529641,97.0,1.202302,97.0,1.327339
1639679,75,2,305,0.502732240437158,2020,2.529641,97.0,0.8557235,97.0,1.6739175
1639680,75,2,310,0.655737704918033,2020,2.529641,97.0,1.372412,97.0,1.157229
1639681,75,2,316,0.639344262295082,2020,2.529641,97.0,1.35632,97.0,1.173321
1639682,75,2,317,0.622950819672131,2020,2.529641,97.0,1.199434,97.0,1.330207
1639683,75,2,325,0.601092896174863,2020,2.529641,97.0,0.918174,97.0,1.611467
1639684,75,2,331,0.516393442622951,2020,2.529641,97.0,0.7108178,97.0,1.8188232
1639685,75,2,338,0.510928961748634,2020,2.529641,97.0,0.6691135,97.0,1.8605275
1639686,75,2,339,0.614754098360656,2020,2.529641,97.0,1.091189,97.0,1.438452
1639687,75,2,341,0.612021857923497,2020,2.529641,97.0,1.035791,97.0,1.49385
1639688,75,2,343,0.60655737704918,2020,2.529641,97.0,1.050017,97.0,1.479624
1639689,75,2,344,0.62568306010929,2020,2.529641,97.0,1.176586,97.0,1.353055
1639690,75,2,345,0.450331125827815,2020,2.529641,97.0,0.382983,89.0,2.146658
1639691,75,2,346,0.513812154696133,2020,2.529641,97.0,0.599643,97.0,1.929998
1639692,75,2,349,0.614754098360656,2020,2.529641,97.0,1.135421,97.0,1.39422
1639693,75,2,350,0.603825136612022,2020,2.529641,97.0,0.8910391,97.0,1.6386019
1639694,75,2,352,0.505464480874317,2020,2.529641,97.0,0.6439653,97.0,1.8856757
1639695,75,2,355,0.622950819672131,2020,2.529641,97.0,1.174423,97.0,1.355218
1639696,75,2,359,0.488950276243094,2020,2.529641,97.0,0.6571413,97.0,1.8724997
1639697,75,2,360,0.631147540983607,2020,2.529641,97.0,1.148995,97.0,1.380646
1639698,75,2,365,0.316939890710383,2020,2.529641,97.0,0.02594595,97.0,2.50369505
1639699,75,2,366,0.636612021857924,2020,2.529641,97.0,1.235999,97.0,1.293642
1639700,75,2,367,0.633879781420765,2020,2.529641,97.0,1.187225,97.0,1.342416
1639701,75,2,368,0.636612021857924,2020,2.529641,97.0,1.233541,97.0,1.2961
1639702,75,2,369,0.630681818181818,2020,2.529641,97.0,1.044663,96.0,1.484978
1639703,75,2,370,0.304945054945055,2020,2.529641,97.0,-0.3240632,97.0,2.8537042
1639704,75,2,371,0.403125,2020,2.529641,97.0,0.2006728,92.0,2.3289682
1639705,75,2,372,0.578947368421053,2020,2.529641,97.0,0.9640385,96.0,1.5656025
1639706,75,2,373,0.287037037037037,2020,2.529641,97.0,-0.6722682,93.0,3.2019092
1639707,75,2,375,0.573770491803279,2020,2.529641,97.0,0.9641244,97.0,1.5655166
1639708,75,2,380,0.543715846994536,2020,2.529641,97.0,0.8540377,97.0,1.6756033
1639709,75,2,385,0.579234972677596,2020,2.529641,97.0,0.8493339,97.0,1.6803071
1639710,75,2,390,0.617486338797814,2020,2.529641,97.0,1.203294,97.0,1.326347
1639711,75,2,395,0.587431693989071,2020,2.529641,97.0,0.8959897,97.0,1.6336513
1639712,75,2,402,0.345679012345679,2020,2.529641,97.0,-0.2725406,91.0,2.8021816
1639713,75,2,403,0.372413793103448,2020,2.529641,97.0,-0.475421,76.0,3.005062
1639714,75,2,404,0.328859060402685,2020,2.529641,97.0,-0.5320068,82.0,3.0616478
1639715,75,2,411,0.40650406504065,2020,2.529641,97.0,-0.4982922,58.0,3.0279332
1639716,75,2,420,0.329192546583851,2020,2.529641,97.0,-0.427177,92.0,2.956818
1639717,75,2,432,0.355491329479769,2020,2.529641,97.0,-0.153108,93.0,2.682749
1639718,75,2,433,0.348571428571429,2020,2.529641,97.0,-0.5403069,92.0,3.0699479
1639719,75,2,434,0.387640449438202,2020,2.529641,97.0,-0.391818,55.0,2.921459
1639720,75,2,435,0.313186813186813,2020,2.529641,97.0,-0.7057641,97.0,3.2354051
1639721,75,2,436,0.359756097560976,2020,2.529641,97.0,-0.3121715,85.0,2.8418125
1639722,75,2,437,0.363888888888889,2020,2.529641,97.0,-0.2070662,94.0,2.7367072
1639723,75,2,438,0.390977443609023,2020,2.529641,97.0,-0.50738,63.0,3.037021
1639724,75,2,439,0.335714285714286,2020,2.529641,97.0,-0.4715357,78.0,3.0011767
1639725,75,2,450,0.565789473684211,2020,2.529641,97.0,0.2322493,60.0,2.2973917
1639726,75,2,451,0.334319526627219,2020,2.529641,97.0,-0.5207808,89.0,3.0504218
1639727,75,2,452,0.380503144654088,2020,2.529641,97.0,-0.4487194,79.0,2.9783604
1639728,75,2,461,0.379120879120879,2020,2.529641,97.0,-0.04949223,97.0,2.57913323
1639729,75,2,471,0.346715328467153,2020,2.529641,97.0,-0.007123547,92.0,2.536764547
1639730,75,2,475,0.315934065934066,2020,2.529641,97.0,-0.30515,96.0,2.834791
1639731,75,2,481,0.218085106382979,2020,2.529641,97.0,-0.5355993,82.0,3.0652403
1639732,75,2,482,0.267857142857143,2020,2.529641,97.0,-0.05917204,52.0,2.58881304
1639733,75,2,483,0.288461538461538,2020,2.529641,97.0,-0.535242,86.0,3.064883
1639734,75,2,484,0.235955056179775,2020,2.529641,97.0,-0.5778625,66.0,3.1075035
1639735,75,2,490,0.40952380952381,2020,2.529641,97.0,-0.109736,48.0,2.639377
1639736,75,2,500,0.343537414965986,2020,2.529641,97.0,-0.7659941,79.0,3.2956351
1639737,75,2,501,0.329411764705882,2020,2.529641,97.0,-0.6018519,86.0,3.1314929
1639738,75,2,510,0.352941176470588,2020,2.529641,97.0,-0.5865482,82.0,3.1161892
1639739,75,2,516,0.298192771084337,2020,2.529641,97.0,-1.282654,88.0,3.812295
1639740,75,2,517,0.300847457627119,2020,2.529641,97.0,-0.1973483,85.0,2.7269893
1639741,75,2,520,0.0,2020,2.529641,97.0,-0.6081715,2.0,3.1378125
1639742,75,2,522,0.315340909090909,2020,2.529641,97.0,-0.5629599,93.0,3.0926009
1639743,75,2,530,0.327683615819209,2020,2.529641,97.0,-0.4821719,92.0,3.0118129
1639744,75,2,531,0.317415730337079,2020,2.529641,97.0,-0.6497546,94.0,3.1793956
1639745,75,2,540,0.359375,2020,2.529641,97.0,-0.4458187,83.0,2.9754597
1639746,75,2,541,0.340659340659341,2020,2.529641,97.0,-0.5532669,97.0,3.0829079
1639747,75,2,551,0.355345911949686,2020,2.529641,97.0,-0.6025007,83.0,3.1321417
1639748,75,2,552,0.192307692307692,2020,2.529641,97.0,-0.5202609,94.0,3.0499019
1639749,75,2,553,0.387878787878788,2020,2.529641,97.0,-0.1181002,87.0,2.6477412
1639750,75,2,560,0.29608938547486,2020,2.529641,97.0,-0.3969271,96.0,2.9265681
1639751,75,2,565,0.323204419889503,2020,2.529641,97.0,-0.5975578,95.0,3.1271988
1639752,75,2,570,0.354545454545455,2020,2.529641,97.0,-0.2954866,90.0,2.8251276
1639753,75,2,571,0.370056497175141,2020,2.529641,97.0,-0.2955301,95.0,2.8251711
1639754,75,2,572,0.421487603305785,2020,2.529641,97.0,-0.399699,59.0,2.92934
1639755,75,2,580,0.412921348314607,2020,2.529641,97.0,-0.07099072,96.0,2.60063172
1639756,75,2,581,0.346491228070175,2020,2.529641,97.0,-0.3500688,53.0,2.8797098
1639757,75,2,590,0.313609467455621,2020,2.529641,97.0,-0.5164203,95.0,3.0460613
1639758,75,2,591,0.32,2020,2.529641,97.0,-0.3455338,25.0,2.8751748
1639759,75,2,600,0.34393063583815,2020,2.529641,97.0,-0.6389681,94.0,3.1686091
1639760,75,2,615,0.26775956284153,2020,2.529641,97.0,-1.025361,97.0,3.555002
1639761,75,2,616,0.307262569832402,2020,2.529641,97.0,-0.7424289,95.0,3.2720699
1639762,75,2,620,0.348901098901099,2020,2.529641,97.0,-0.5503829,96.0,3.0800239
1639763,75,2,625,0.313888888888889,2020,2.529641,97.0,-1.216366,96.0,3.746007
1639764,75,2,626,0.19,2020,2.529641,97.0,-0.3291212,38.0,2.8587622
1639765,75,2,630,0.203389830508475,2020,2.529641,97.0,-1.520706,94.0,4.050347
1639766,75,2,640,0.541208791208791,2020,2.529641,97.0,0.5559854,96.0,1.9736556
1639767,75,2,645,0.324022346368715,2020,2.529641,97.0,-0.7785233,96.0,3.3081643
1639768,75,2,651,0.275956284153005,2020,2.529641,97.0,-1.033208,97.0,3.562849
1639769,75,2,652,0.161184210526316,2020,2.529641,97.0,-1.510059,93.0,4.0397
1639770,75,2,660,0.289325842696629,2020,2.529641,97.0,-0.9601424,96.0,3.4897834
1639771,75,2,663,0.322222222222222,2020,2.529641,97.0,-0.5561268,97.0,3.0857678
1639772,75,2,666,0.852777777777778,2020,2.529641,97.0,2.355888,96.0,0.173753
1639773,75,2,670,0.311475409836066,2020,2.529641,97.0,-0.6492791,97.0,3.1789201
1639774,75,2,679,0.359550561797753,2020,2.529641,97.0,-0.5733287,95.0,3.1029697
1639775,75,2,690,0.344262295081967,2020,2.529641,97.0,-0.6727953,97.0,3.2024363
1639776,75,2,692,0.344262295081967,2020,2.529641,97.0,-0.5868388,97.0,3.1164798
1639777,75,2,694,0.349726775956284,2020,2.529641,97.0,-0.6666831,97.0,3.1963241
1639778,75,2,696,0.337912087912088,2020,2.529641,97.0,-0.6703225,96.0,3.1999635
1639779,75,2,698,0.340782122905028,2020,2.529641,97.0,-0.8168249,97.0,3.3464659
1639780,75,2,700,0.305194805194805,2020,2.529641,97.0,-0.500294,89.0,3.029935
1639781,75,2,701,0.287610619469027,2020,2.529641,97.0,-0.7026688,70.0,3.2323098
1639782,75,2,702,0.329861111111111,2020,2.529641,97.0,-0.5318515,88.0,3.0614925
1639783,75,2,703,0.330065359477124,2020,2.529641,97.0,-0.7012675,91.0,3.2309085
1639784,75,2,704,0.334415584415584,2020,2.529641,97.0,-0.7734538,90.0,3.3030948
1639785,75,2,705,0.316091954022989,2020,2.529641,97.0,-0.4908845,97.0,3.0205255
1639786,75,2,710,0.240331491712707,2020,2.529641,97.0,-0.5648503,95.0,3.0944913
1639787,75,2,712,0.334254143646409,2020,2.529641,97.0,-0.57489,95.0,3.104531
1639788,75,2,731,0.205479452054795,2020,2.529641,97.0,-0.2957216,89.0,2.8253626
1639789,75,2,732,0.598360655737705,2020,2.529641,97.0,0.7992325,97.0,1.7304085
1639790,75,2,740,0.57103825136612,2020,2.529641,97.0,0.6730446,97.0,1.8565964
1639791,75,2,750,0.371584699453552,2020,2.529641,97.0,-0.1348467,97.0,2.6644877
1639792,75,2,760,0.345303867403315,2020,2.529641,97.0,-0.4989907,97.0,3.0286317
1639793,75,2,770,0.332402234636872,2020,2.529641,97.0,-0.1797687,95.0,2.7094097
1639794,75,2,771,0.325136612021858,2020,2.529641,97.0,-0.6896831,97.0,3.2193241
1639795,75,2,775,0.286624203821656,2020,2.529641,97.0,-0.9372341,79.0,3.4668751
1639796,75,2,780,0.306010928961749,2020,2.529641,97.0,-0.7092376,97.0,3.2388786
1639797,75,2,781,0.355191256830601,2020,2.529641,97.0,-0.4575909,97.0,2.9872319
1639798,75,2,790,0.345303867403315,2020,2.529641,97.0,-0.564978,96.0,3.094619
1639799,75,2,800,0.333333333333333,2020,2.529641,97.0,-0.3329179,97.0,2.8625589
1639800,75,2,811,0.274691358024691,2020,2.529641,97.0,-1.020377,94.0,3.550018
1639801,75,2,812,0.289325842696629,2020,2.529641,97.0,-0.9467738,97.0,3.4764148
1639802,75,2,816,0.307909604519774,2020,2.529641,97.0,-0.8026328,96.0,3.3322738
1639803,75,2,820,0.30327868852459,2020,2.529641,97.0,-0.693884,97.0,3.223525
1639804,75,2,830,0.355191256830601,2020,2.529641,97.0,-0.3235845,97.0,2.8532255
1639805,75,2,835,0.325966850828729,2020,2.529641,97.0,-0.7583699,97.0,3.2880109
1639806,75,2,840,0.308743169398907,2020,2.529641,97.0,-0.4259377,97.0,2.9555787
1639807,75,2,850,0.286885245901639,2020,2.529641,97.0,-0.8731853,97.0,3.4028263
1639808,75,2,860,0.349112426035503,2020,2.529641,97.0,-0.3972842,90.0,2.9269252
1639809,75,2,900,0.680327868852459,2020,2.529641,97.0,1.329447,97.0,1.200194
1639810,75,2,910,0.460893854748603,2020,2.529641,97.0,0.275068,96.0,2.254573
1639811,75,2,920,0.502732240437158,2020,2.529641,97.0,0.7670345,97.0,1.7626065
1639812,75,2,935,0.379432624113475,2020,2.529641,97.0,-0.1309304,77.0,2.6605714
1639813,75,2,940,0.359649122807018,2020,2.529641,97.0,0.08018647,68.0,2.44945453
1639814,75,2,946,0.411585365853659,2020,2.529641,97.0,-0.07462956,88.0,2.60427056
1639815,75,2,947,0.475,2020,2.529641,97.0,0.09354894,59.0,2.43609206
1639816,75,2,950,0.373529411764706,2020,2.529641,97.0,-0.03419179,89.0,2.56383279
1639817,75,2,955,0.413978494623656,2020,2.529641,97.0,0.1165714,76.0,2.4130696
1639818,75,2,970,0.482758620689655,2020,2.529641,97.0,0.3953543,56.0,2.1342867
1639819,75,2,983,0.65702479338843,2020,2.529641,97.0,0.867026,74.0,1.662615
1639820,75,2,986,0.383116883116883,2020,2.529641,97.0,0.200263,73.0,2.329378
1639821,75,2,987,0.728571428571429,2020,2.529641,97.0,1.203886,61.0,1.325755
1639822,75,2,990,0.395569620253165,2020,2.529641,97.0,0.01291151,90.0,2.51672949
1639823,75,20,2,0.672131147540984,2020,1.280022,97.0,2.529641,97.0,1.249619
1639978,75,20,710,0.50828729281768,2020,1.280022,97.0,-0.5648503,95.0,1.8448723
1640015,75,31,2,0.328402366863905,2020,-0.2543165,89.0,2.529641,97.0,2.7839575
1640170,75,31,710,0.748502994011976,2020,-0.2543165,89.0,-0.5648503,95.0,0.3105338
1640207,75,40,2,0.206703910614525,2020,-1.609236,96.0,2.529641,97.0,4.138877
1640362,75,40,710,0.853107344632768,2020,-1.609236,96.0,-0.5648503,95.0,1.0443857
1640399,75,41,2,0.519417475728155,2020,0.1288562,65.0,2.529641,97.0,2.4007848
1640553,75,41,710,0.666666666666667,2020,0.1288562,65.0,-0.5648503,95.0,0.6937065
1640590,75,42,2,0.361111111111111,2020,-0.3470879,96.0,2.529641,97.0,2.8767289
1640745,75,42,710,0.73314606741573,2020,-0.3470879,96.0,-0.5648503,95.0,0.2177624
1640782,75,51,2,0.347701149425287,2020,-0.4004012,93.0,2.529641,97.0,2.9300422
1640937,75,51,710,0.747093023255814,2020,-0.4004012,93.0,-0.5648503,95.0,0.1644491
1640974,75,52,2,0.354651162790698,2020,-0.4437218,95.0,2.529641,97.0,2.9733628
1641129,75,52,710,0.755882352941176,2020,-0.4437218,95.0,-0.5648503,95.0,0.1211285
1641166,75,53,2,0.367816091954023,2020,-0.254947,94.0,2.529641,97.0,2.784588
1641321,75,53,710,0.729651162790698,2020,-0.254947,94.0,-0.5648503,95.0,0.3099033
1641358,75,54,2,0.202380952380952,2020,-0.6158256,31.0,2.529641,97.0,3.1454666
1641513,75,54,710,0.914634146341463,2020,-0.6158256,31.0,-0.5648503,95.0,0.0509752999999999
1641550,75,55,2,0.311320754716981,2020,-0.6207359,92.0,2.529641,97.0,3.1503769
1641705,75,55,710,0.796178343949045,2020,-0.6207359,92.0,-0.5648503,95.0,0.0558856
1641742,75,56,2,0.355491329479769,2020,-0.432526,93.0,2.529641,97.0,2.962167
1641897,75,56,710,0.742690058479532,2020,-0.432526,93.0,-0.5648503,95.0,0.1323243
1641934,75,57,2,0.35,2020,-0.5424931,90.0,2.529641,97.0,3.0721341
1642089,75,57,710,0.75297619047619,2020,-0.5424931,90.0,-0.5648503,95.0,0.0223572000000001
1642126,75,58,2,0.37,2020,-0.4928711,78.0,2.529641,97.0,3.0225121
1642281,75,58,710,0.738255033557047,2020,-0.4928711,78.0,-0.5648503,95.0,0.0719792
1642318,75,60,2,0.371621621621622,2020,-0.3870309,79.0,2.529641,97.0,2.9166719
1642473,75,60,710,0.738095238095238,2020,-0.3870309,79.0,-0.5648503,95.0,0.1778194
1642510,75,70,2,0.325136612021858,2020,0.0009630255,97.0,2.529641,97.0,2.5286779745
1642665,75,70,710,0.723756906077348,2020,0.0009630255,97.0,-0.5648503,95.0,0.5658133255
1642702,75,80,2,0.350282485875706,2020,-0.3033839,95.0,2.529641,97.0,2.8330249
1642857,75,80,710,0.748571428571429,2020,-0.3033839,95.0,-0.5648503,95.0,0.2614664
1642894,75,90,2,0.423497267759563,2020,0.08714355,97.0,2.529641,97.0,2.44249745
1643049,75,90,710,0.674033149171271,2020,0.08714355,97.0,-0.5648503,95.0,0.65199385
1643086,75,91,2,0.411602209944751,2020,0.05028009,97.0,2.529641,97.0,2.47936091
1643241,75,91,710,0.681564245810056,2020,0.05028009,97.0,-0.5648503,95.0,0.61513039
1643278,75,92,2,0.348901098901099,2020,-0.394179,96.0,2.529641,97.0,2.92382
1643433,75,92,710,0.740331491712707,2020,-0.394179,96.0,-0.5648503,95.0,0.1706713
1643470,75,93,2,0.237569060773481,2020,-1.526526,96.0,2.529641,97.0,4.056167
1643625,75,93,710,0.832402234636871,2020,-1.526526,96.0,-0.5648503,95.0,0.9616757
1643662,75,94,2,0.33879781420765,2020,-0.08064198,97.0,2.529641,97.0,2.61028298
1643817,75,94,710,0.720994475138122,2020,-0.08064198,97.0,-0.5648503,95.0,0.48420832
1643854,75,95,2,0.38121546961326,2020,-0.06122727,95.0,2.529641,97.0,2.59086827
1644009,75,95,710,0.70391061452514,2020,-0.06122727,95.0,-0.5648503,95.0,0.50362303
1644046,75,100,2,0.39344262295082,2020,0.03721523,97.0,2.529641,97.0,2.49242577
1644201,75,100,710,0.696132596685083,2020,0.03721523,97.0,-0.5648503,95.0,0.60206553
1644238,75,101,2,0.224550898203593,2020,-1.589317,91.0,2.529641,97.0,4.118958
1644393,75,101,710,0.836363636363636,2020,-1.589317,91.0,-0.5648503,95.0,1.0244667
1644430,75,110,2,0.361111111111111,2020,-0.2018734,94.0,2.529641,97.0,2.7315144
1644585,75,110,710,0.735955056179775,2020,-0.2018734,94.0,-0.5648503,95.0,0.3629769
1644622,75,115,2,0.294117647058824,2020,-0.5609899,95.0,2.529641,97.0,3.0906309
1644777,75,115,710,0.80952380952381,2020,-0.5609899,95.0,-0.5648503,95.0,0.0038603999999999
1644814,75,130,2,0.319672131147541,2020,-0.439257,97.0,2.529641,97.0,2.968898
1644969,75,130,710,0.751381215469613,2020,-0.439257,97.0,-0.5648503,95.0,0.1255933
1645006,75,135,2,0.35989010989011,2020,-0.1731304,96.0,2.529641,97.0,2.7027714
1645161,75,135,710,0.733333333333333,2020,-0.1731304,96.0,-0.5648503,95.0,0.3917199
1645198,75,140,2,0.425824175824176,2020,0.2801841,97.0,2.529641,97.0,2.2494569
1645353,75,140,710,0.65,2020,0.2801841,97.0,-0.5648503,95.0,0.8450344
1645390,75,145,2,0.270949720670391,2020,-0.6826798,95.0,2.529641,97.0,3.2123208
1645545,75,145,710,0.807909604519774,2020,-0.6826798,95.0,-0.5648503,95.0,0.1178295
1645582,75,150,2,0.357142857142857,2020,-0.2619261,96.0,2.529641,97.0,2.7915671
1645737,75,150,710,0.738888888888889,2020,-0.2619261,96.0,-0.5648503,95.0,0.3029242
1645774,75,155,2,0.348901098901099,2020,-0.182989,96.0,2.529641,97.0,2.71263
1645929,75,155,710,0.725,2020,-0.182989,96.0,-0.5648503,95.0,0.3818613
1645966,75,160,2,0.368852459016393,2020,-0.08241227,97.0,2.529641,97.0,2.61205327
1646121,75,160,710,0.74585635359116,2020,-0.08241227,97.0,-0.5648503,95.0,0.48243803
1646158,75,165,2,0.383977900552486,2020,-0.03395458,97.0,2.529641,97.0,2.56359558
1646313,75,165,710,0.709497206703911,2020,-0.03395458,97.0,-0.5648503,95.0,0.53089572
1646350,75,200,2,0.693989071038251,2020,1.644266,97.0,2.529641,97.0,0.885375
1646505,75,200,710,0.522099447513812,2020,1.644266,97.0,-0.5648503,95.0,2.2091163
1646542,75,205,2,0.486338797814208,2020,0.703728,97.0,2.529641,97.0,1.825913
1646697,75,205,710,0.560773480662983,2020,0.703728,97.0,-0.5648503,95.0,1.2685783
1646734,75,210,2,0.598360655737705,2020,1.164087,97.0,2.529641,97.0,1.365554
1646889,75,210,710,0.580110497237569,2020,1.164087,97.0,-0.5648503,95.0,1.7289373
1646926,75,211,2,0.590163934426229,2020,1.078705,97.0,2.529641,97.0,1.450936
1647081,75,211,710,0.599447513812155,2020,1.078705,97.0,-0.5648503,95.0,1.6435553
1647118,75,212,2,0.60655737704918,2020,0.9634142,97.0,2.529641,97.0,1.5662268
1647273,75,212,710,0.593922651933702,2020,0.9634142,97.0,-0.5648503,95.0,1.5282645
1647310,75,220,2,0.648351648351648,2020,1.432076,97.0,2.529641,97.0,1.097565
1647465,75,220,710,0.547222222222222,2020,1.432076,97.0,-0.5648503,95.0,1.9969263
1647502,75,221,2,0.616022099447514,2020,1.093949,96.0,2.529641,97.0,1.435692
1647657,75,221,710,0.583798882681564,2020,1.093949,96.0,-0.5648503,95.0,1.6587993
1647694,75,223,2,0.497267759562842,2020,0.7647323,97.0,2.529641,97.0,1.7649087
1647849,75,223,710,0.560773480662983,2020,0.7647323,97.0,-0.5648503,95.0,1.3295826
1647886,75,225,2,0.516393442622951,2020,0.7232774,97.0,2.529641,97.0,1.8063636
1648041,75,225,710,0.607734806629834,2020,0.7232774,97.0,-0.5648503,95.0,1.2881277
1648078,75,230,2,0.592896174863388,2020,0.9060214,97.0,2.529641,97.0,1.6236196
1648233,75,230,710,0.593922651933702,2020,0.9060214,97.0,-0.5648503,95.0,1.4708717
1648270,75,232,2,0.521978021978022,2020,0.7027323,96.0,2.529641,97.0,1.8269087
1648425,75,232,710,0.561111111111111,2020,0.7027323,96.0,-0.5648503,95.0,1.2675826
1648462,75,235,2,0.609289617486339,2020,0.9344844,97.0,2.529641,97.0,1.5951566
1648617,75,235,710,0.599447513812155,2020,0.9344844,97.0,-0.5648503,95.0,1.4993347
1648654,75,255,2,0.616022099447514,2020,1.291502,97.0,2.529641,97.0,1.238139
1648809,75,255,710,0.575418994413408,2020,1.291502,97.0,-0.5648503,95.0,1.8563523
1648846,75,290,2,0.636612021857924,2020,1.202302,97.0,2.529641,97.0,1.327339
1649001,75,290,710,0.57182320441989,2020,1.202302,97.0,-0.5648503,95.0,1.7671523
1649038,75,305,2,0.502732240437158,2020,0.8557235,97.0,2.529641,97.0,1.6739175
1649193,75,305,710,0.538674033149171,2020,0.8557235,97.0,-0.5648503,95.0,1.4205738
1649230,75,310,2,0.655737704918033,2020,1.372412,97.0,2.529641,97.0,1.157229
1649385,75,310,710,0.541436464088398,2020,1.372412,97.0,-0.5648503,95.0,1.9372623
1649422,75,316,2,0.639344262295082,2020,1.35632,97.0,2.529641,97.0,1.173321
1649577,75,316,710,0.569060773480663,2020,1.35632,97.0,-0.5648503,95.0,1.9211703
1649614,75,317,2,0.622950819672131,2020,1.199434,97.0,2.529641,97.0,1.330207
1649769,75,317,710,0.580110497237569,2020,1.199434,97.0,-0.5648503,95.0,1.7642843
1649806,75,325,2,0.601092896174863,2020,0.918174,97.0,2.529641,97.0,1.611467
1649961,75,325,710,0.588397790055249,2020,0.918174,97.0,-0.5648503,95.0,1.4830243
1649998,75,331,2,0.516393442622951,2020,0.7108178,97.0,2.529641,97.0,1.8188232
1650153,75,331,710,0.56353591160221,2020,0.7108178,97.0,-0.5648503,95.0,1.2756681
1650190,75,338,2,0.510928961748634,2020,0.6691135,97.0,2.529641,97.0,1.8605275
1650345,75,338,710,0.574585635359116,2020,0.6691135,97.0,-0.5648503,95.0,1.2339638
1650382,75,339,2,0.614754098360656,2020,1.091189,97.0,2.529641,97.0,1.438452
1650537,75,339,710,0.582872928176796,2020,1.091189,97.0,-0.5648503,95.0,1.6560393
1650574,75,341,2,0.612021857923497,2020,1.035791,97.0,2.529641,97.0,1.49385
1650729,75,341,710,0.593922651933702,2020,1.035791,97.0,-0.5648503,95.0,1.6006413
1650766,75,343,2,0.60655737704918,2020,1.050017,97.0,2.529641,97.0,1.479624
1650921,75,343,710,0.582872928176796,2020,1.050017,97.0,-0.5648503,95.0,1.6148673
1650958,75,344,2,0.62568306010929,2020,1.176586,97.0,2.529641,97.0,1.353055
1651113,75,344,710,0.582872928176796,2020,1.176586,97.0,-0.5648503,95.0,1.7414363
1651150,75,345,2,0.450331125827815,2020,0.382983,89.0,2.529641,97.0,2.146658
1651305,75,345,710,0.74496644295302,2020,0.382983,89.0,-0.5648503,95.0,0.9478333
1651342,75,346,2,0.513812154696133,2020,0.599643,97.0,2.529641,97.0,1.929998
1651497,75,346,710,0.675977653631285,2020,0.599643,97.0,-0.5648503,95.0,1.1644933
1651534,75,349,2,0.614754098360656,2020,1.135421,97.0,2.529641,97.0,1.39422
1651689,75,349,710,0.574585635359116,2020,1.135421,97.0,-0.5648503,95.0,1.7002713
1651726,75,350,2,0.603825136612022,2020,0.8910391,97.0,2.529641,97.0,1.6386019
1651881,75,350,710,0.602209944751381,2020,0.8910391,97.0,-0.5648503,95.0,1.4558894
1651918,75,352,2,0.505464480874317,2020,0.6439653,97.0,2.529641,97.0,1.8856757
1652073,75,352,710,0.580110497237569,2020,0.6439653,97.0,-0.5648503,95.0,1.2088156
1652110,75,355,2,0.622950819672131,2020,1.174423,97.0,2.529641,97.0,1.355218
1652265,75,355,710,0.582872928176796,2020,1.174423,97.0,-0.5648503,95.0,1.7392733
1652302,75,359,2,0.488950276243094,2020,0.6571413,97.0,2.529641,97.0,1.8724997
1652457,75,359,710,0.581005586592179,2020,0.6571413,97.0,-0.5648503,95.0,1.2219916
1652494,75,360,2,0.631147540983607,2020,1.148995,97.0,2.529641,97.0,1.380646
1652649,75,360,710,0.582872928176796,2020,1.148995,97.0,-0.5648503,95.0,1.7138453
1652686,75,365,2,0.316939890710383,2020,0.02594595,97.0,2.529641,97.0,2.50369505
1652841,75,365,710,0.845303867403315,2020,0.02594595,97.0,-0.5648503,95.0,0.59079625
1652878,75,366,2,0.636612021857924,2020,1.235999,97.0,2.529641,97.0,1.293642
1653033,75,366,710,0.577348066298343,2020,1.235999,97.0,-0.5648503,95.0,1.8008493
1653070,75,367,2,0.633879781420765,2020,1.187225,97.0,2.529641,97.0,1.342416
1653225,75,367,710,0.580110497237569,2020,1.187225,97.0,-0.5648503,95.0,1.7520753
1653262,75,368,2,0.636612021857924,2020,1.233541,97.0,2.529641,97.0,1.2961
1653417,75,368,710,0.57182320441989,2020,1.233541,97.0,-0.5648503,95.0,1.7983913
1653454,75,369,2,0.630681818181818,2020,1.044663,96.0,2.529641,97.0,1.484978
1653609,75,369,710,0.53448275862069,2020,1.044663,96.0,-0.5648503,95.0,1.6095133
1653646,75,370,2,0.304945054945055,2020,-0.3240632,97.0,2.529641,97.0,2.8537042
1653801,75,370,710,0.822222222222222,2020,-0.3240632,97.0,-0.5648503,95.0,0.2407871
1653838,75,371,2,0.403125,2020,0.2006728,92.0,2.529641,97.0,2.3289682
1653993,75,371,710,0.740506329113924,2020,0.2006728,92.0,-0.5648503,95.0,0.7655231
1654030,75,372,2,0.578947368421053,2020,0.9640385,96.0,2.529641,97.0,1.5656025
1654185,75,372,710,0.566666666666667,2020,0.9640385,96.0,-0.5648503,95.0,1.5288888
1654222,75,373,2,0.287037037037037,2020,-0.6722682,93.0,2.529641,97.0,3.2019092
1654377,75,373,710,0.790625,2020,-0.6722682,93.0,-0.5648503,95.0,0.1074179
1654414,75,375,2,0.573770491803279,2020,0.9641244,97.0,2.529641,97.0,1.5655166
1654569,75,375,710,0.566298342541437,2020,0.9641244,97.0,-0.5648503,95.0,1.5289747
1654606,75,380,2,0.543715846994536,2020,0.8540377,97.0,2.529641,97.0,1.6756033
1654761,75,380,710,0.574585635359116,2020,0.8540377,97.0,-0.5648503,95.0,1.418888
1654798,75,385,2,0.579234972677596,2020,0.8493339,97.0,2.529641,97.0,1.6803071
1654953,75,385,710,0.604972375690608,2020,0.8493339,97.0,-0.5648503,95.0,1.4141842
1654990,75,390,2,0.617486338797814,2020,1.203294,97.0,2.529641,97.0,1.326347
1655145,75,390,710,0.574585635359116,2020,1.203294,97.0,-0.5648503,95.0,1.7681443
1655182,75,395,2,0.587431693989071,2020,0.8959897,97.0,2.529641,97.0,1.6336513
1655337,75,395,710,0.596685082872928,2020,0.8959897,97.0,-0.5648503,95.0,1.46084
1655374,75,402,2,0.345679012345679,2020,-0.2725406,91.0,2.529641,97.0,2.8021816
1655529,75,402,710,0.75,2020,-0.2725406,91.0,-0.5648503,95.0,0.2923097
1655566,75,403,2,0.372413793103448,2020,-0.475421,76.0,2.529641,97.0,3.005062
1655721,75,403,710,0.715277777777778,2020,-0.475421,76.0,-0.5648503,95.0,0.0894293
1655758,75,404,2,0.328859060402685,2020,-0.5320068,82.0,2.529641,97.0,3.0616478
1655913,75,404,710,0.760135135135135,2020,-0.5320068,82.0,-0.5648503,95.0,0.0328435
1655950,75,411,2,0.40650406504065,2020,-0.4982922,58.0,2.529641,97.0,3.0279332
1656105,75,411,710,0.702479338842975,2020,-0.4982922,58.0,-0.5648503,95.0,0.0665581
1656142,75,420,2,0.329192546583851,2020,-0.427177,92.0,2.529641,97.0,2.956818
1656297,75,420,710,0.770440251572327,2020,-0.427177,92.0,-0.5648503,95.0,0.1376733
1656334,75,432,2,0.355491329479769,2020,-0.153108,93.0,2.529641,97.0,2.682749
1656489,75,432,710,0.769005847953216,2020,-0.153108,93.0,-0.5648503,95.0,0.4117423
1656526,75,433,2,0.348571428571429,2020,-0.5403069,92.0,2.529641,97.0,3.0699479
1656681,75,433,710,0.751445086705202,2020,-0.5403069,92.0,-0.5648503,95.0,0.0245434
1656718,75,434,2,0.387640449438202,2020,-0.391818,55.0,2.529641,97.0,2.921459
1656873,75,434,710,0.829545454545455,2020,-0.391818,55.0,-0.5648503,95.0,0.1730323
1656910,75,435,2,0.313186813186813,2020,-0.7057641,97.0,2.529641,97.0,3.2354051
1657065,75,435,710,0.780555555555556,2020,-0.7057641,97.0,-0.5648503,95.0,0.1409138
1657102,75,436,2,0.359756097560976,2020,-0.3121715,85.0,2.529641,97.0,2.8418125
1657257,75,436,710,0.733128834355828,2020,-0.3121715,85.0,-0.5648503,95.0,0.2526788
1657294,75,437,2,0.363888888888889,2020,-0.2070662,94.0,2.529641,97.0,2.7367072
1657449,75,437,710,0.735955056179775,2020,-0.2070662,94.0,-0.5648503,95.0,0.3577841
1657486,75,438,2,0.390977443609023,2020,-0.50738,63.0,2.529641,97.0,3.037021
1657641,75,438,710,0.708333333333333,2020,-0.50738,63.0,-0.5648503,95.0,0.0574703
1657678,75,439,2,0.335714285714286,2020,-0.4715357,78.0,2.529641,97.0,3.0011767
1657833,75,439,710,0.766187050359712,2020,-0.4715357,78.0,-0.5648503,95.0,0.0933146
1657870,75,450,2,0.565789473684211,2020,0.2322493,60.0,2.529641,97.0,2.2973917
1658025,75,450,710,0.620535714285714,2020,0.2322493,60.0,-0.5648503,95.0,0.7970996
1658062,75,451,2,0.334319526627219,2020,-0.5207808,89.0,2.529641,97.0,3.0504218
1658217,75,451,710,0.760479041916168,2020,-0.5207808,89.0,-0.5648503,95.0,0.0440695
1658254,75,452,2,0.380503144654088,2020,-0.4487194,79.0,2.529641,97.0,2.9783604
1658409,75,452,710,0.722929936305732,2020,-0.4487194,79.0,-0.5648503,95.0,0.1161309
1658446,75,461,2,0.379120879120879,2020,-0.04949223,97.0,2.529641,97.0,2.57913323
1658601,75,461,710,0.713888888888889,2020,-0.04949223,97.0,-0.5648503,95.0,0.51535807
1658638,75,471,2,0.346715328467153,2020,-0.007123547,92.0,2.529641,97.0,2.536764547
1658793,75,471,710,0.796296296296296,2020,-0.007123547,92.0,-0.5648503,95.0,0.557726753
1658830,75,475,2,0.315934065934066,2020,-0.30515,96.0,2.529641,97.0,2.834791
1658985,75,475,710,0.763888888888889,2020,-0.30515,96.0,-0.5648503,95.0,0.2597003
1659022,75,481,2,0.218085106382979,2020,-0.5355993,82.0,2.529641,97.0,3.0652403
1659177,75,481,710,0.875,2020,-0.5355993,82.0,-0.5648503,95.0,0.029251
1659214,75,482,2,0.267857142857143,2020,-0.05917204,52.0,2.529641,97.0,2.58881304
1659368,75,482,710,0.736363636363636,2020,-0.05917204,52.0,-0.5648503,95.0,0.50567826
1659405,75,483,2,0.288461538461538,2020,-0.535242,86.0,2.529641,97.0,3.064883
1659560,75,483,710,0.8046875,2020,-0.535242,86.0,-0.5648503,95.0,0.0296083
1659597,75,484,2,0.235955056179775,2020,-0.5778625,66.0,2.529641,97.0,3.1075035
1659752,75,484,710,0.846590909090909,2020,-0.5778625,66.0,-0.5648503,95.0,0.0130121999999999
1659789,75,490,2,0.40952380952381,2020,-0.109736,48.0,2.529641,97.0,2.639377
1659944,75,490,710,0.692307692307692,2020,-0.109736,48.0,-0.5648503,95.0,0.4551143
1659981,75,500,2,0.343537414965986,2020,-0.7659941,79.0,2.529641,97.0,3.2956351
1660136,75,500,710,0.772413793103448,2020,-0.7659941,79.0,-0.5648503,95.0,0.2011438
1660173,75,501,2,0.329411764705882,2020,-0.6018519,86.0,2.529641,97.0,3.1314929
1660328,75,501,710,0.75,2020,-0.6018519,86.0,-0.5648503,95.0,0.0370016
1660365,75,510,2,0.352941176470588,2020,-0.5865482,82.0,2.529641,97.0,3.1161892
1660520,75,510,710,0.764925373134328,2020,-0.5865482,82.0,-0.5648503,95.0,0.0216978999999999
1660557,75,516,2,0.298192771084337,2020,-1.282654,88.0,2.529641,97.0,3.812295
1660712,75,516,710,0.801829268292683,2020,-1.282654,88.0,-0.5648503,95.0,0.7178037
1660749,75,517,2,0.300847457627119,2020,-0.1973483,85.0,2.529641,97.0,2.7269893
1660904,75,517,710,0.799145299145299,2020,-0.1973483,85.0,-0.5648503,95.0,0.367502
1660941,75,520,2,0.0,2020,-0.6081715,2.0,2.529641,97.0,3.1378125
1661091,75,520,710,1.0,2020,-0.6081715,2.0,-0.5648503,95.0,0.0433211999999999
1661127,75,522,2,0.315340909090909,2020,-0.5629599,93.0,2.529641,97.0,3.0926009
1661282,75,522,710,0.758620689655172,2020,-0.5629599,93.0,-0.5648503,95.0,0.0018904
1661319,75,530,2,0.327683615819209,2020,-0.4821719,92.0,2.529641,97.0,3.0118129
1661474,75,530,710,0.775568181818182,2020,-0.4821719,92.0,-0.5648503,95.0,0.0826784
1661511,75,531,2,0.317415730337079,2020,-0.6497546,94.0,2.529641,97.0,3.1793956
1661666,75,531,710,0.764204545454545,2020,-0.6497546,94.0,-0.5648503,95.0,0.0849042999999999
1661703,75,540,2,0.359375,2020,-0.4458187,83.0,2.529641,97.0,2.9754597
1661858,75,540,710,0.727848101265823,2020,-0.4458187,83.0,-0.5648503,95.0,0.1190316
1661895,75,541,2,0.340659340659341,2020,-0.5532669,97.0,2.529641,97.0,3.0829079
1662050,75,541,710,0.752777777777778,2020,-0.5532669,97.0,-0.5648503,95.0,0.0115834
1662087,75,551,2,0.355345911949686,2020,-0.6025007,83.0,2.529641,97.0,3.1321417
1662242,75,551,710,0.746835443037975,2020,-0.6025007,83.0,-0.5648503,95.0,0.0376504
1662279,75,552,2,0.192307692307692,2020,-0.5202609,94.0,2.529641,97.0,3.0499019
1662434,75,552,710,0.863636363636364,2020,-0.5202609,94.0,-0.5648503,95.0,0.0445894
1662471,75,553,2,0.387878787878788,2020,-0.1181002,87.0,2.529641,97.0,2.6477412
1662626,75,553,710,0.693251533742331,2020,-0.1181002,87.0,-0.5648503,95.0,0.4467501
1662663,75,560,2,0.29608938547486,2020,-0.3969271,96.0,2.529641,97.0,2.9265681
1662818,75,560,710,0.751412429378531,2020,-0.3969271,96.0,-0.5648503,95.0,0.1679232
1662855,75,565,2,0.323204419889503,2020,-0.5975578,95.0,2.529641,97.0,3.1271988
1663010,75,565,710,0.756983240223464,2020,-0.5975578,95.0,-0.5648503,95.0,0.0327075
1663047,75,570,2,0.354545454545455,2020,-0.2954866,90.0,2.529641,97.0,2.8251276
1663202,75,570,710,0.742331288343558,2020,-0.2954866,90.0,-0.5648503,95.0,0.2693637
1663239,75,571,2,0.370056497175141,2020,-0.2955301,95.0,2.529641,97.0,2.8251711
1663394,75,571,710,0.728571428571429,2020,-0.2955301,95.0,-0.5648503,95.0,0.2693202
1663431,75,572,2,0.421487603305785,2020,-0.399699,59.0,2.529641,97.0,2.92934
1663586,75,572,710,0.6875,2020,-0.399699,59.0,-0.5648503,95.0,0.1651513
1663623,75,580,2,0.412921348314607,2020,-0.07099072,96.0,2.529641,97.0,2.60063172
1663778,75,580,710,0.690340909090909,2020,-0.07099072,96.0,-0.5648503,95.0,0.49385958
1663815,75,581,2,0.346491228070175,2020,-0.3500688,53.0,2.529641,97.0,2.8797098
1663970,75,581,710,0.783185840707965,2020,-0.3500688,53.0,-0.5648503,95.0,0.2147815
1664007,75,590,2,0.313609467455621,2020,-0.5164203,95.0,2.529641,97.0,3.0460613
1664162,75,590,710,0.769461077844311,2020,-0.5164203,95.0,-0.5648503,95.0,0.04843
1664199,75,591,2,0.32,2020,-0.3455338,25.0,2.529641,97.0,2.8751748
1664353,75,591,710,0.78,2020,-0.3455338,25.0,-0.5648503,95.0,0.2193165
1664390,75,600,2,0.34393063583815,2020,-0.6389681,94.0,2.529641,97.0,3.1686091
1664545,75,600,710,0.754385964912281,2020,-0.6389681,94.0,-0.5648503,95.0,0.0741178
1664582,75,615,2,0.26775956284153,2020,-1.025361,97.0,2.529641,97.0,3.555002
1664737,75,615,710,0.803867403314917,2020,-1.025361,97.0,-0.5648503,95.0,0.4605107
1664774,75,616,2,0.307262569832402,2020,-0.7424289,95.0,2.529641,97.0,3.2720699
1664929,75,616,710,0.771186440677966,2020,-0.7424289,95.0,-0.5648503,95.0,0.1775786
1664966,75,620,2,0.348901098901099,2020,-0.5503829,96.0,2.529641,97.0,3.0800239
1665121,75,620,710,0.740331491712707,2020,-0.5503829,96.0,-0.5648503,95.0,0.0144674
1665158,75,625,2,0.313888888888889,2020,-1.216366,96.0,2.529641,97.0,3.746007
1665313,75,625,710,0.775280898876405,2020,-1.216366,96.0,-0.5648503,95.0,0.6515157
1665350,75,626,2,0.19,2020,-0.3291212,38.0,2.529641,97.0,2.8587622
1665505,75,626,710,0.89,2020,-0.3291212,38.0,-0.5648503,95.0,0.2357291
1665542,75,630,2,0.203389830508475,2020,-1.520706,94.0,2.529641,97.0,4.050347
1665697,75,630,710,0.835227272727273,2020,-1.520706,94.0,-0.5648503,95.0,0.9558557
1665734,75,640,2,0.541208791208791,2020,0.5559854,96.0,2.529641,97.0,1.9736556
1665889,75,640,710,0.669444444444444,2020,0.5559854,96.0,-0.5648503,95.0,1.1208357
1665926,75,645,2,0.324022346368715,2020,-0.7785233,96.0,2.529641,97.0,3.3081643
1666081,75,645,710,0.774011299435028,2020,-0.7785233,96.0,-0.5648503,95.0,0.213673
1666118,75,651,2,0.275956284153005,2020,-1.033208,97.0,2.529641,97.0,3.562849
1666273,75,651,710,0.784530386740331,2020,-1.033208,97.0,-0.5648503,95.0,0.4683577
1666310,75,652,2,0.161184210526316,2020,-1.510059,93.0,2.529641,97.0,4.0397
1666465,75,652,710,0.907284768211921,2020,-1.510059,93.0,-0.5648503,95.0,0.9452087
1666502,75,660,2,0.289325842696629,2020,-0.9601424,96.0,2.529641,97.0,3.4897834
1666657,75,660,710,0.789772727272727,2020,-0.9601424,96.0,-0.5648503,95.0,0.3952921
1666694,75,663,2,0.322222222222222,2020,-0.5561268,97.0,2.529641,97.0,3.0857678
1666849,75,663,710,0.76123595505618,2020,-0.5561268,97.0,-0.5648503,95.0,0.0087235
1666886,75,666,2,0.852777777777778,2020,2.355888,96.0,2.529641,97.0,0.173753
1667041,75,666,710,0.331460674157303,2020,2.355888,96.0,-0.5648503,95.0,2.9207383
1667078,75,670,2,0.311475409836066,2020,-0.6492791,97.0,2.529641,97.0,3.1789201
1667233,75,670,710,0.759668508287293,2020,-0.6492791,97.0,-0.5648503,95.0,0.0844288
1667270,75,679,2,0.359550561797753,2020,-0.5733287,95.0,2.529641,97.0,3.1029697
1667425,75,679,710,0.735795454545455,2020,-0.5733287,95.0,-0.5648503,95.0,0.0084784
1667462,75,690,2,0.344262295081967,2020,-0.6727953,97.0,2.529641,97.0,3.2024363
1667617,75,690,710,0.748618784530387,2020,-0.6727953,97.0,-0.5648503,95.0,0.107945
1667654,75,692,2,0.344262295081967,2020,-0.5868388,97.0,2.529641,97.0,3.1164798
1667809,75,692,710,0.759668508287293,2020,-0.5868388,97.0,-0.5648503,95.0,0.0219885
1667846,75,694,2,0.349726775956284,2020,-0.6666831,97.0,2.529641,97.0,3.1963241
1668001,75,694,710,0.748618784530387,2020,-0.6666831,97.0,-0.5648503,95.0,0.1018328
1668038,75,696,2,0.337912087912088,2020,-0.6703225,96.0,2.529641,97.0,3.1999635
1668193,75,696,710,0.761111111111111,2020,-0.6703225,96.0,-0.5648503,95.0,0.1054722
1668230,75,698,2,0.340782122905028,2020,-0.8168249,97.0,2.529641,97.0,3.3464659
1668385,75,698,710,0.754237288135593,2020,-0.8168249,97.0,-0.5648503,95.0,0.2519746
1668422,75,700,2,0.305194805194805,2020,-0.500294,89.0,2.529641,97.0,3.029935
1668577,75,700,710,0.80718954248366,2020,-0.500294,89.0,-0.5648503,95.0,0.0645563
1668614,75,701,2,0.287610619469027,2020,-0.7026688,70.0,2.529641,97.0,3.2323098
1668768,75,701,710,0.776785714285714,2020,-0.7026688,70.0,-0.5648503,95.0,0.1378185
1668805,75,702,2,0.329861111111111,2020,-0.5318515,88.0,2.529641,97.0,3.0614925
1668960,75,702,710,0.839160839160839,2020,-0.5318515,88.0,-0.5648503,95.0,0.0329988
1668997,75,703,2,0.330065359477124,2020,-0.7012675,91.0,2.529641,97.0,3.2309085
1669151,75,703,710,0.825657894736842,2020,-0.7012675,91.0,-0.5648503,95.0,0.1364172
1669188,75,704,2,0.334415584415584,2020,-0.7734538,90.0,2.529641,97.0,3.3030948
1669343,75,704,710,0.790849673202614,2020,-0.7734538,90.0,-0.5648503,95.0,0.2086035
1669380,75,705,2,0.316091954022989,2020,-0.4908845,97.0,2.529641,97.0,3.0205255
1669535,75,705,710,0.781976744186046,2020,-0.4908845,97.0,-0.5648503,95.0,0.0739658
1669572,75,710,2,0.240331491712707,2020,-0.5648503,95.0,2.529641,97.0,3.0944913
1669573,75,710,20,0.50828729281768,2020,-0.5648503,95.0,1.280022,97.0,1.8448723
1669574,75,710,31,0.748502994011976,2020,-0.5648503,95.0,-0.2543165,89.0,0.3105338
1669575,75,710,40,0.853107344632768,2020,-0.5648503,95.0,-1.609236,96.0,1.0443857
1669576,75,710,41,0.666666666666667,2020,-0.5648503,95.0,0.1288562,65.0,0.6937065
1669577,75,710,42,0.73314606741573,2020,-0.5648503,95.0,-0.3470879,96.0,0.2177624
1669578,75,710,51,0.747093023255814,2020,-0.5648503,95.0,-0.4004012,93.0,0.1644491
1669579,75,710,52,0.755882352941176,2020,-0.5648503,95.0,-0.4437218,95.0,0.1211285
1669580,75,710,53,0.729651162790698,2020,-0.5648503,95.0,-0.254947,94.0,0.3099033
1669581,75,710,54,0.914634146341463,2020,-0.5648503,95.0,-0.6158256,31.0,0.0509752999999999
1669582,75,710,55,0.796178343949045,2020,-0.5648503,95.0,-0.6207359,92.0,0.0558856
1669583,75,710,56,0.742690058479532,2020,-0.5648503,95.0,-0.432526,93.0,0.1323243
1669584,75,710,57,0.75297619047619,2020,-0.5648503,95.0,-0.5424931,90.0,0.0223572000000001
1669585,75,710,58,0.738255033557047,2020,-0.5648503,95.0,-0.4928711,78.0,0.0719792
1669586,75,710,60,0.738095238095238,2020,-0.5648503,95.0,-0.3870309,79.0,0.1778194
1669587,75,710,70,0.723756906077348,2020,-0.5648503,95.0,0.0009630255,97.0,0.5658133255
1669588,75,710,80,0.748571428571429,2020,-0.5648503,95.0,-0.3033839,95.0,0.2614664
1669589,75,710,90,0.674033149171271,2020,-0.5648503,95.0,0.08714355,97.0,0.65199385
1669590,75,710,91,0.681564245810056,2020,-0.5648503,95.0,0.05028009,97.0,0.61513039
1669591,75,710,92,0.740331491712707,2020,-0.5648503,95.0,-0.394179,96.0,0.1706713
1669592,75,710,93,0.832402234636871,2020,-0.5648503,95.0,-1.526526,96.0,0.9616757
1669593,75,710,94,0.720994475138122,2020,-0.5648503,95.0,-0.08064198,97.0,0.48420832
1669594,75,710,95,0.70391061452514,2020,-0.5648503,95.0,-0.06122727,95.0,0.50362303
1669595,75,710,100,0.696132596685083,2020,-0.5648503,95.0,0.03721523,97.0,0.60206553
1669596,75,710,101,0.836363636363636,2020,-0.5648503,95.0,-1.589317,91.0,1.0244667
1669597,75,710,110,0.735955056179775,2020,-0.5648503,95.0,-0.2018734,94.0,0.3629769
1669598,75,710,115,0.80952380952381,2020,-0.5648503,95.0,-0.5609899,95.0,0.0038603999999999
1669599,75,710,130,0.751381215469613,2020,-0.5648503,95.0,-0.439257,97.0,0.1255933
1669600,75,710,135,0.733333333333333,2020,-0.5648503,95.0,-0.1731304,96.0,0.3917199
1669601,75,710,140,0.65,2020,-0.5648503,95.0,0.2801841,97.0,0.8450344
1669602,75,710,145,0.807909604519774,2020,-0.5648503,95.0,-0.6826798,95.0,0.1178295
1669603,75,710,150,0.738888888888889,2020,-0.5648503,95.0,-0.2619261,96.0,0.3029242
1669604,75,710,155,0.725,2020,-0.5648503,95.0,-0.182989,96.0,0.3818613
1669605,75,710,160,0.74585635359116,2020,-0.5648503,95.0,-0.08241227,97.0,0.48243803
1669606,75,710,165,0.709497206703911,2020,-0.5648503,95.0,-0.03395458,97.0,0.53089572
1669607,75,710,200,0.522099447513812,2020,-0.5648503,95.0,1.644266,97.0,2.2091163
1669608,75,710,205,0.560773480662983,2020,-0.5648503,95.0,0.703728,97.0,1.2685783
1669609,75,710,210,0.580110497237569,2020,-0.5648503,95.0,1.164087,97.0,1.7289373
1669610,75,710,211,0.599447513812155,2020,-0.5648503,95.0,1.078705,97.0,1.6435553
1669611,75,710,212,0.593922651933702,2020,-0.5648503,95.0,0.9634142,97.0,1.5282645
1669612,75,710,220,0.547222222222222,2020,-0.5648503,95.0,1.432076,97.0,1.9969263
1669613,75,710,221,0.583798882681564,2020,-0.5648503,95.0,1.093949,96.0,1.6587993
1669614,75,710,223,0.560773480662983,2020,-0.5648503,95.0,0.7647323,97.0,1.3295826
1669615,75,710,225,0.607734806629834,2020,-0.5648503,95.0,0.7232774,97.0,1.2881277
1669616,75,710,230,0.593922651933702,2020,-0.5648503,95.0,0.9060214,97.0,1.4708717
1669617,75,710,232,0.561111111111111,2020,-0.5648503,95.0,0.7027323,96.0,1.2675826
1669618,75,710,235,0.599447513812155,2020,-0.5648503,95.0,0.9344844,97.0,1.4993347
1669619,75,710,255,0.575418994413408,2020,-0.5648503,95.0,1.291502,97.0,1.8563523
1669620,75,710,290,0.57182320441989,2020,-0.5648503,95.0,1.202302,97.0,1.7671523
1669621,75,710,305,0.538674033149171,2020,-0.5648503,95.0,0.8557235,97.0,1.4205738
1669622,75,710,310,0.541436464088398,2020,-0.5648503,95.0,1.372412,97.0,1.9372623
1669623,75,710,316,0.569060773480663,2020,-0.5648503,95.0,1.35632,97.0,1.9211703
1669624,75,710,317,0.580110497237569,2020,-0.5648503,95.0,1.199434,97.0,1.7642843
1669625,75,710,325,0.588397790055249,2020,-0.5648503,95.0,0.918174,97.0,1.4830243
1669626,75,710,331,0.56353591160221,2020,-0.5648503,95.0,0.7108178,97.0,1.2756681
1669627,75,710,338,0.574585635359116,2020,-0.5648503,95.0,0.6691135,97.0,1.2339638
1669628,75,710,339,0.582872928176796,2020,-0.5648503,95.0,1.091189,97.0,1.6560393
1669629,75,710,341,0.593922651933702,2020,-0.5648503,95.0,1.035791,97.0,1.6006413
1669630,75,710,343,0.582872928176796,2020,-0.5648503,95.0,1.050017,97.0,1.6148673
1669631,75,710,344,0.582872928176796,2020,-0.5648503,95.0,1.176586,97.0,1.7414363
1669632,75,710,345,0.74496644295302,2020,-0.5648503,95.0,0.382983,89.0,0.9478333
1669633,75,710,346,0.675977653631285,2020,-0.5648503,95.0,0.599643,97.0,1.1644933
1669634,75,710,349,0.574585635359116,2020,-0.5648503,95.0,1.135421,97.0,1.7002713
1669635,75,710,350,0.602209944751381,2020,-0.5648503,95.0,0.8910391,97.0,1.4558894
1669636,75,710,352,0.580110497237569,2020,-0.5648503,95.0,0.6439653,97.0,1.2088156
1669637,75,710,355,0.582872928176796,2020,-0.5648503,95.0,1.174423,97.0,1.7392733
1669638,75,710,359,0.581005586592179,2020,-0.5648503,95.0,0.6571413,97.0,1.2219916
1669639,75,710,360,0.582872928176796,2020,-0.5648503,95.0,1.148995,97.0,1.7138453
1669640,75,710,365,0.845303867403315,2020,-0.5648503,95.0,0.02594595,97.0,0.59079625
1669641,75,710,366,0.577348066298343,2020,-0.5648503,95.0,1.235999,97.0,1.8008493
1669642,75,710,367,0.580110497237569,2020,-0.5648503,95.0,1.187225,97.0,1.7520753
1669643,75,710,368,0.57182320441989,2020,-0.5648503,95.0,1.233541,97.0,1.7983913
1669644,75,710,369,0.53448275862069,2020,-0.5648503,95.0,1.044663,96.0,1.6095133
1669645,75,710,370,0.822222222222222,2020,-0.5648503,95.0,-0.3240632,97.0,0.2407871
1669646,75,710,371,0.740506329113924,2020,-0.5648503,95.0,0.2006728,92.0,0.7655231
1669647,75,710,372,0.566666666666667,2020,-0.5648503,95.0,0.9640385,96.0,1.5288888
1669648,75,710,373,0.790625,2020,-0.5648503,95.0,-0.6722682,93.0,0.1074179
1669649,75,710,375,0.566298342541437,2020,-0.5648503,95.0,0.9641244,97.0,1.5289747
1669650,75,710,380,0.574585635359116,2020,-0.5648503,95.0,0.8540377,97.0,1.418888
1669651,75,710,385,0.604972375690608,2020,-0.5648503,95.0,0.8493339,97.0,1.4141842
1669652,75,710,390,0.574585635359116,2020,-0.5648503,95.0,1.203294,97.0,1.7681443
1669653,75,710,395,0.596685082872928,2020,-0.5648503,95.0,0.8959897,97.0,1.46084
1669654,75,710,402,0.75,2020,-0.5648503,95.0,-0.2725406,91.0,0.2923097
1669655,75,710,403,0.715277777777778,2020,-0.5648503,95.0,-0.475421,76.0,0.0894293
1669656,75,710,404,0.760135135135135,2020,-0.5648503,95.0,-0.5320068,82.0,0.0328435
1669657,75,710,411,0.702479338842975,2020,-0.5648503,95.0,-0.4982922,58.0,0.0665581
1669658,75,710,420,0.770440251572327,2020,-0.5648503,95.0,-0.427177,92.0,0.1376733
1669659,75,710,432,0.769005847953216,2020,-0.5648503,95.0,-0.153108,93.0,0.4117423
1669660,75,710,433,0.751445086705202,2020,-0.5648503,95.0,-0.5403069,92.0,0.0245434
1669661,75,710,434,0.829545454545455,2020,-0.5648503,95.0,-0.391818,55.0,0.1730323
1669662,75,710,435,0.780555555555556,2020,-0.5648503,95.0,-0.7057641,97.0,0.1409138
1669663,75,710,436,0.733128834355828,2020,-0.5648503,95.0,-0.3121715,85.0,0.2526788
1669664,75,710,437,0.735955056179775,2020,-0.5648503,95.0,-0.2070662,94.0,0.3577841
1669665,75,710,438,0.708333333333333,2020,-0.5648503,95.0,-0.50738,63.0,0.0574703
1669666,75,710,439,0.766187050359712,2020,-0.5648503,95.0,-0.4715357,78.0,0.0933146
1669667,75,710,450,0.620535714285714,2020,-0.5648503,95.0,0.2322493,60.0,0.7970996
1669668,75,710,451,0.760479041916168,2020,-0.5648503,95.0,-0.5207808,89.0,0.0440695
1669669,75,710,452,0.722929936305732,2020,-0.5648503,95.0,-0.4487194,79.0,0.1161309
1669670,75,710,461,0.713888888888889,2020,-0.5648503,95.0,-0.04949223,97.0,0.51535807
1669671,75,710,471,0.796296296296296,2020,-0.5648503,95.0,-0.007123547,92.0,0.557726753
1669672,75,710,475,0.763888888888889,2020,-0.5648503,95.0,-0.30515,96.0,0.2597003
1669673,75,710,481,0.875,2020,-0.5648503,95.0,-0.5355993,82.0,0.029251
1669674,75,710,482,0.736363636363636,2020,-0.5648503,95.0,-0.05917204,52.0,0.50567826
1669675,75,710,483,0.8046875,2020,-0.5648503,95.0,-0.535242,86.0,0.0296083
1669676,75,710,484,0.846590909090909,2020,-0.5648503,95.0,-0.5778625,66.0,0.0130121999999999
1669677,75,710,490,0.692307692307692,2020,-0.5648503,95.0,-0.109736,48.0,0.4551143
1669678,75,710,500,0.772413793103448,2020,-0.5648503,95.0,-0.7659941,79.0,0.2011438
1669679,75,710,501,0.75,2020,-0.5648503,95.0,-0.6018519,86.0,0.0370016
1669680,75,710,510,0.764925373134328,2020,-0.5648503,95.0,-0.5865482,82.0,0.0216978999999999
1669681,75,710,516,0.801829268292683,2020,-0.5648503,95.0,-1.282654,88.0,0.7178037
1669682,75,710,517,0.799145299145299,2020,-0.5648503,95.0,-0.1973483,85.0,0.367502
1669683,75,710,520,1.0,2020,-0.5648503,95.0,-0.6081715,2.0,0.0433211999999999
1669684,75,710,522,0.758620689655172,2020,-0.5648503,95.0,-0.5629599,93.0,0.0018904
1669685,75,710,530,0.775568181818182,2020,-0.5648503,95.0,-0.4821719,92.0,0.0826784
1669686,75,710,531,0.764204545454545,2020,-0.5648503,95.0,-0.6497546,94.0,0.0849042999999999
1669687,75,710,540,0.727848101265823,2020,-0.5648503,95.0,-0.4458187,83.0,0.1190316
1669688,75,710,541,0.752777777777778,2020,-0.5648503,95.0,-0.5532669,97.0,0.0115834
1669689,75,710,551,0.746835443037975,2020,-0.5648503,95.0,-0.6025007,83.0,0.0376504
1669690,75,710,552,0.863636363636364,2020,-0.5648503,95.0,-0.5202609,94.0,0.0445894
1669691,75,710,553,0.693251533742331,2020,-0.5648503,95.0,-0.1181002,87.0,0.4467501
1669692,75,710,560,0.751412429378531,2020,-0.5648503,95.0,-0.3969271,96.0,0.1679232
1669693,75,710,565,0.756983240223464,2020,-0.5648503,95.0,-0.5975578,95.0,0.0327075
1669694,75,710,570,0.742331288343558,2020,-0.5648503,95.0,-0.2954866,90.0,0.2693637
1669695,75,710,571,0.728571428571429,2020,-0.5648503,95.0,-0.2955301,95.0,0.2693202
1669696,75,710,572,0.6875,2020,-0.5648503,95.0,-0.399699,59.0,0.1651513
1669697,75,710,580,0.690340909090909,2020,-0.5648503,95.0,-0.07099072,96.0,0.49385958
1669698,75,710,581,0.783185840707965,2020,-0.5648503,95.0,-0.3500688,53.0,0.2147815
1669699,75,710,590,0.769461077844311,2020,-0.5648503,95.0,-0.5164203,95.0,0.04843
1669700,75,710,591,0.78,2020,-0.5648503,95.0,-0.3455338,25.0,0.2193165
1669701,75,710,600,0.754385964912281,2020,-0.5648503,95.0,-0.6389681,94.0,0.0741178
1669702,75,710,615,0.803867403314917,2020,-0.5648503,95.0,-1.025361,97.0,0.4605107
1669703,75,710,616,0.771186440677966,2020,-0.5648503,95.0,-0.7424289,95.0,0.1775786
1669704,75,710,620,0.740331491712707,2020,-0.5648503,95.0,-0.5503829,96.0,0.0144674
1669705,75,710,625,0.775280898876405,2020,-0.5648503,95.0,-1.216366,96.0,0.6515157
1669706,75,710,626,0.89,2020,-0.5648503,95.0,-0.3291212,38.0,0.2357291
1669707,75,710,630,0.835227272727273,2020,-0.5648503,95.0,-1.520706,94.0,0.9558557
1669708,75,710,640,0.669444444444444,2020,-0.5648503,95.0,0.5559854,96.0,1.1208357
1669709,75,710,645,0.774011299435028,2020,-0.5648503,95.0,-0.7785233,96.0,0.213673
1669710,75,710,651,0.784530386740331,2020,-0.5648503,95.0,-1.033208,97.0,0.4683577
1669711,75,710,652,0.907284768211921,2020,-0.5648503,95.0,-1.510059,93.0,0.9452087
1669712,75,710,660,0.789772727272727,2020,-0.5648503,95.0,-0.9601424,96.0,0.3952921
1669713,75,710,663,0.76123595505618,2020,-0.5648503,95.0,-0.5561268,97.0,0.0087235
1669714,75,710,666,0.331460674157303,2020,-0.5648503,95.0,2.355888,96.0,2.9207383
1669715,75,710,670,0.759668508287293,2020,-0.5648503,95.0,-0.6492791,97.0,0.0844288
1669716,75,710,679,0.735795454545455,2020,-0.5648503,95.0,-0.5733287,95.0,0.0084784
1669717,75,710,690,0.748618784530387,2020,-0.5648503,95.0,-0.6727953,97.0,0.107945
1669718,75,710,692,0.759668508287293,2020,-0.5648503,95.0,-0.5868388,97.0,0.0219885
1669719,75,710,694,0.748618784530387,2020,-0.5648503,95.0,-0.6666831,97.0,0.1018328
1669720,75,710,696,0.761111111111111,2020,-0.5648503,95.0,-0.6703225,96.0,0.1054722
1669721,75,710,698,0.754237288135593,2020,-0.5648503,95.0,-0.8168249,97.0,0.2519746
1669722,75,710,700,0.80718954248366,2020,-0.5648503,95.0,-0.500294,89.0,0.0645563
1669723,75,710,701,0.776785714285714,2020,-0.5648503,95.0,-0.7026688,70.0,0.1378185
1669724,75,710,702,0.839160839160839,2020,-0.5648503,95.0,-0.5318515,88.0,0.0329988
1669725,75,710,703,0.825657894736842,2020,-0.5648503,95.0,-0.7012675,91.0,0.1364172
1669726,75,710,704,0.790849673202614,2020,-0.5648503,95.0,-0.7734538,90.0,0.2086035
1669727,75,710,705,0.781976744186046,2020,-0.5648503,95.0,-0.4908845,97.0,0.0739658
1669728,75,710,712,0.759776536312849,2020,-0.5648503,95.0,-0.57489,95.0,0.0100397
1669729,75,710,731,0.927586206896552,2020,-0.5648503,95.0,-0.2957216,89.0,0.2691287
1669730,75,710,732,0.616022099447514,2020,-0.5648503,95.0,0.7992325,97.0,1.3640828
1669731,75,710,740,0.607734806629834,2020,-0.5648503,95.0,0.6730446,97.0,1.2378949
1669732,75,710,750,0.737569060773481,2020,-0.5648503,95.0,-0.1348467,97.0,0.4300036
1669733,75,710,760,0.73463687150838,2020,-0.5648503,95.0,-0.4989907,97.0,0.0658596
1669734,75,710,770,0.806179775280899,2020,-0.5648503,95.0,-0.1797687,95.0,0.3850816
1669735,75,710,771,0.767955801104972,2020,-0.5648503,95.0,-0.6896831,97.0,0.1248328
1669736,75,710,775,0.809677419354839,2020,-0.5648503,95.0,-0.9372341,79.0,0.3723838
1669737,75,710,780,0.770718232044199,2020,-0.5648503,95.0,-0.7092376,97.0,0.1443873
1669738,75,710,781,0.743093922651934,2020,-0.5648503,95.0,-0.4575909,97.0,0.1072594
1669739,75,710,790,0.748603351955307,2020,-0.5648503,95.0,-0.564978,96.0,0.0001276999999999
1669740,75,710,800,0.75414364640884,2020,-0.5648503,95.0,-0.3329179,97.0,0.2319324
1669741,75,710,811,0.815625,2020,-0.5648503,95.0,-1.020377,94.0,0.4555267
1669742,75,710,812,0.792613636363636,2020,-0.5648503,95.0,-0.9467738,97.0,0.3819235
1669743,75,710,816,0.78,2020,-0.5648503,95.0,-0.8026328,96.0,0.2377825
1669744,75,710,820,0.756906077348066,2020,-0.5648503,95.0,-0.693884,97.0,0.1290337
1669745,75,710,830,0.765193370165746,2020,-0.5648503,95.0,-0.3235845,97.0,0.2412658
1669746,75,710,835,0.768156424581006,2020,-0.5648503,95.0,-0.7583699,97.0,0.1935196
1669747,75,710,840,0.767955801104972,2020,-0.5648503,95.0,-0.4259377,97.0,0.1389126
1669748,75,710,850,0.767955801104972,2020,-0.5648503,95.0,-0.8731853,97.0,0.308335
1669749,75,710,860,0.739520958083832,2020,-0.5648503,95.0,-0.3972842,90.0,0.1675661
1669750,75,710,900,0.522099447513812,2020,-0.5648503,95.0,1.329447,97.0,1.8942973
1669751,75,710,910,0.641242937853107,2020,-0.5648503,95.0,0.275068,96.0,0.8399183
1669752,75,710,920,0.560773480662983,2020,-0.5648503,95.0,0.7670345,97.0,1.3318848
1669753,75,710,935,0.707142857142857,2020,-0.5648503,95.0,-0.1309304,77.0,0.4339199
1669754,75,710,940,0.709821428571429,2020,-0.5648503,95.0,0.08018647,68.0,0.64503677
1669755,75,710,946,0.679012345679012,2020,-0.5648503,95.0,-0.07462956,88.0,0.49022074
1669756,75,710,947,0.622448979591837,2020,-0.5648503,95.0,0.09354894,59.0,0.65839924
1669757,75,710,950,0.717261904761905,2020,-0.5648503,95.0,-0.03419179,89.0,0.53065851
1669758,75,710,955,0.752747252747253,2020,-0.5648503,95.0,0.1165714,76.0,0.6814217
1669759,75,710,970,0.552631578947368,2020,-0.5648503,95.0,0.3953543,56.0,0.9602046
1669760,75,710,983,0.483193277310924,2020,-0.5648503,95.0,0.867026,74.0,1.4318763
1669761,75,710,986,0.684210526315789,2020,-0.5648503,95.0,0.200263,73.0,0.7651133
1669762,75,710,987,0.485436893203884,2020,-0.5648503,95.0,1.203886,61.0,1.7687363
1669763,75,710,990,0.685897435897436,2020,-0.5648503,95.0,0.01291151,90.0,0.57776181
1669764,75,712,2,0.334254143646409,2020,-0.57489,95.0,2.529641,97.0,3.104531
1669920,75,712,710,0.759776536312849,2020,-0.57489,95.0,-0.5648503,95.0,0.0100397
1669956,75,731,2,0.205479452054795,2020,-0.2957216,89.0,2.529641,97.0,2.8253626
1670112,75,731,710,0.927586206896552,2020,-0.2957216,89.0,-0.5648503,95.0,0.2691287
1670148,75,732,2,0.598360655737705,2020,0.7992325,97.0,2.529641,97.0,1.7304085
1670304,75,732,710,0.616022099447514,2020,0.7992325,97.0,-0.5648503,95.0,1.3640828
1670340,75,740,2,0.57103825136612,2020,0.6730446,97.0,2.529641,97.0,1.8565964
1670496,75,740,710,0.607734806629834,2020,0.6730446,97.0,-0.5648503,95.0,1.2378949
1670532,75,750,2,0.371584699453552,2020,-0.1348467,97.0,2.529641,97.0,2.6644877
1670688,75,750,710,0.737569060773481,2020,-0.1348467,97.0,-0.5648503,95.0,0.4300036
1670724,75,760,2,0.345303867403315,2020,-0.4989907,97.0,2.529641,97.0,3.0286317
1670880,75,760,710,0.73463687150838,2020,-0.4989907,97.0,-0.5648503,95.0,0.0658596
1670916,75,770,2,0.332402234636872,2020,-0.1797687,95.0,2.529641,97.0,2.7094097
1671072,75,770,710,0.806179775280899,2020,-0.1797687,95.0,-0.5648503,95.0,0.3850816
1671108,75,771,2,0.325136612021858,2020,-0.6896831,97.0,2.529641,97.0,3.2193241
1671264,75,771,710,0.767955801104972,2020,-0.6896831,97.0,-0.5648503,95.0,0.1248328
1671300,75,775,2,0.286624203821656,2020,-0.9372341,79.0,2.529641,97.0,3.4668751
1671456,75,775,710,0.809677419354839,2020,-0.9372341,79.0,-0.5648503,95.0,0.3723838
1671492,75,780,2,0.306010928961749,2020,-0.7092376,97.0,2.529641,97.0,3.2388786
1671648,75,780,710,0.770718232044199,2020,-0.7092376,97.0,-0.5648503,95.0,0.1443873
1671684,75,781,2,0.355191256830601,2020,-0.4575909,97.0,2.529641,97.0,2.9872319
1671840,75,781,710,0.743093922651934,2020,-0.4575909,97.0,-0.5648503,95.0,0.1072594
1671876,75,790,2,0.345303867403315,2020,-0.564978,96.0,2.529641,97.0,3.094619
1672032,75,790,710,0.748603351955307,2020,-0.564978,96.0,-0.5648503,95.0,0.0001276999999999
1672068,75,800,2,0.333333333333333,2020,-0.3329179,97.0,2.529641,97.0,2.8625589
1672224,75,800,710,0.75414364640884,2020,-0.3329179,97.0,-0.5648503,95.0,0.2319324
1672260,75,811,2,0.274691358024691,2020,-1.020377,94.0,2.529641,97.0,3.550018
1672416,75,811,710,0.815625,2020,-1.020377,94.0,-0.5648503,95.0,0.4555267
1672452,75,812,2,0.289325842696629,2020,-0.9467738,97.0,2.529641,97.0,3.4764148
1672608,75,812,710,0.792613636363636,2020,-0.9467738,97.0,-0.5648503,95.0,0.3819235
1672644,75,816,2,0.307909604519774,2020,-0.8026328,96.0,2.529641,97.0,3.3322738
1672800,75,816,710,0.78,2020,-0.8026328,96.0,-0.5648503,95.0,0.2377825
1672836,75,820,2,0.30327868852459,2020,-0.693884,97.0,2.529641,97.0,3.223525
1672992,75,820,710,0.756906077348066,2020,-0.693884,97.0,-0.5648503,95.0,0.1290337
1673028,75,830,2,0.355191256830601,2020,-0.3235845,97.0,2.529641,97.0,2.8532255
1673184,75,830,710,0.765193370165746,2020,-0.3235845,97.0,-0.5648503,95.0,0.2412658
1673220,75,835,2,0.325966850828729,2020,-0.7583699,97.0,2.529641,97.0,3.2880109
1673376,75,835,710,0.768156424581006,2020,-0.7583699,97.0,-0.5648503,95.0,0.1935196
1673412,75,840,2,0.308743169398907,2020,-0.4259377,97.0,2.529641,97.0,2.9555787
1673568,75,840,710,0.767955801104972,2020,-0.4259377,97.0,-0.5648503,95.0,0.1389126
1673604,75,850,2,0.286885245901639,2020,-0.8731853,97.0,2.529641,97.0,3.4028263
1673760,75,850,710,0.767955801104972,2020,-0.8731853,97.0,-0.5648503,95.0,0.308335
1673796,75,860,2,0.349112426035503,2020,-0.3972842,90.0,2.529641,97.0,2.9269252
1673952,75,860,710,0.739520958083832,2020,-0.3972842,90.0,-0.5648503,95.0,0.1675661
1673988,75,900,2,0.680327868852459,2020,1.329447,97.0,2.529641,97.0,1.200194
1674144,75,900,710,0.522099447513812,2020,1.329447,97.0,-0.5648503,95.0,1.8942973
1674180,75,910,2,0.460893854748603,2020,0.275068,96.0,2.529641,97.0,2.254573
1674336,75,910,710,0.641242937853107,2020,0.275068,96.0,-0.5648503,95.0,0.8399183
1674372,75,920,2,0.502732240437158,2020,0.7670345,97.0,2.529641,97.0,1.7626065
1674528,75,920,710,0.560773480662983,2020,0.7670345,97.0,-0.5648503,95.0,1.3318848
1674564,75,935,2,0.379432624113475,2020,-0.1309304,77.0,2.529641,97.0,2.6605714
1674720,75,935,710,0.707142857142857,2020,-0.1309304,77.0,-0.5648503,95.0,0.4339199
1674756,75,940,2,0.359649122807018,2020,0.08018647,68.0,2.529641,97.0,2.44945453
1674912,75,940,710,0.709821428571429,2020,0.08018647,68.0,-0.5648503,95.0,0.64503677
1674948,75,946,2,0.411585365853659,2020,-0.07462956,88.0,2.529641,97.0,2.60427056
1675104,75,946,710,0.679012345679012,2020,-0.07462956,88.0,-0.5648503,95.0,0.49022074
1675140,75,947,2,0.475,2020,0.09354894,59.0,2.529641,97.0,2.43609206
1675296,75,947,710,0.622448979591837,2020,0.09354894,59.0,-0.5648503,95.0,0.65839924
1675332,75,950,2,0.373529411764706,2020,-0.03419179,89.0,2.529641,97.0,2.56383279
1675488,75,950,710,0.717261904761905,2020,-0.03419179,89.0,-0.5648503,95.0,0.53065851
1675524,75,955,2,0.413978494623656,2020,0.1165714,76.0,2.529641,97.0,2.4130696
1675679,75,955,710,0.752747252747253,2020,0.1165714,76.0,-0.5648503,95.0,0.6814217
1675715,75,970,2,0.482758620689655,2020,0.3953543,56.0,2.529641,97.0,2.1342867
1675871,75,970,710,0.552631578947368,2020,0.3953543,56.0,-0.5648503,95.0,0.9602046
1675907,75,983,2,0.65702479338843,2020,0.867026,74.0,2.529641,97.0,1.662615
1676063,75,983,710,0.483193277310924,2020,0.867026,74.0,-0.5648503,95.0,1.4318763
1676099,75,986,2,0.383116883116883,2020,0.200263,73.0,2.529641,97.0,2.329378
1676255,75,986,710,0.684210526315789,2020,0.200263,73.0,-0.5648503,95.0,0.7651133
1676291,75,987,2,0.728571428571429,2020,1.203886,61.0,2.529641,97.0,1.325755
1676447,75,987,710,0.485436893203884,2020,1.203886,61.0,-0.5648503,95.0,1.7687363
1676483,75,990,2,0.395569620253165,2020,0.01291151,90.0,2.529641,97.0,2.51672949
1676639,75,990,710,0.685897435897436,2020,0.01291151,90.0,-0.5648503,95.0,0.57776181
1676675,76,2,20,0.805232558139535,2021,2.512135,85.0,1.284781,85.0,1.227354
1676676,76,2,31,0.397887323943662,2021,2.512135,85.0,-0.3834556,71.0,2.8955906
1676677,76,2,40,0.23780487804878,2021,2.512135,85.0,-1.67238,86.0,4.184515
1676678,76,2,41,0.493150684931507,2021,2.512135,85.0,-0.0629284,76.0,2.5750634
1676679,76,2,42,0.508771929824561,2021,2.512135,85.0,-0.1561237,86.0,2.6682587
1676680,76,2,51,0.445121951219512,2021,2.512135,85.0,-0.2888475,86.0,2.8009825
1676681,76,2,52,0.378048780487805,2021,2.512135,85.0,-0.3898489,85.0,2.9019839
1676682,76,2,53,0.466049382716049,2021,2.512135,85.0,-0.2762045,83.0,2.7883395
1676683,76,2,54,0.329545454545455,2021,2.512135,85.0,-0.5021182,42.0,3.0142532
1676684,76,2,55,0.317796610169492,2021,2.512135,85.0,-0.5616818,74.0,3.0738168
1676685,76,2,56,0.432692307692308,2021,2.512135,85.0,-0.4210331,78.0,2.9331681
1676686,76,2,57,0.42156862745098,2021,2.512135,85.0,-0.4385557,77.0,2.9506907
1676687,76,2,58,0.415384615384615,2021,2.512135,85.0,-0.3608628,69.0,2.8729978
1676688,76,2,60,0.266666666666667,2021,2.512135,85.0,-0.5118075,65.0,3.0239425
1676689,76,2,70,0.485380116959064,2021,2.512135,85.0,-0.02295689,86.0,2.53509189
1676690,76,2,80,0.409774436090226,2021,2.512135,85.0,-0.3205925,71.0,2.8327275
1676691,76,2,90,0.537790697674419,2021,2.512135,85.0,-0.03404852,86.0,2.54618352
1676692,76,2,91,0.527777777777778,2021,2.512135,85.0,0.007896807,85.0,2.504238193
1676693,76,2,92,0.485380116959064,2021,2.512135,85.0,-0.4453485,85.0,2.9574835
1676694,76,2,93,0.260355029585799,2021,2.512135,85.0,-1.65679,85.0,4.168925
1676695,76,2,94,0.482558139534884,2021,2.512135,85.0,-0.1202817,86.0,2.6324167
1676696,76,2,95,0.526162790697674,2021,2.512135,85.0,-0.1038953,86.0,2.6160303
1676697,76,2,100,0.523255813953488,2021,2.512135,85.0,-0.01677413,86.0,2.52890913
1676698,76,2,101,0.230538922155689,2021,2.512135,85.0,-1.74273,86.0,4.254865
1676699,76,2,110,0.466257668711656,2021,2.512135,85.0,-0.2035273,85.0,2.7156623
1676700,76,2,115,0.407051282051282,2021,2.512135,85.0,-0.4893576,81.0,3.0014926
1676701,76,2,130,0.491279069767442,2021,2.512135,85.0,-0.2276726,86.0,2.7398076
1676702,76,2,135,0.491279069767442,2021,2.512135,85.0,-0.2947436,86.0,2.8068786
1676703,76,2,140,0.52046783625731,2021,2.512135,85.0,0.1424592,85.0,2.3696758
1676704,76,2,145,0.364705882352941,2021,2.512135,85.0,-1.176489,86.0,3.688624
1676705,76,2,150,0.491176470588235,2021,2.512135,85.0,-0.2849654,86.0,2.7971004
1676706,76,2,155,0.491228070175439,2021,2.512135,85.0,-0.1524853,86.0,2.6646203
1676707,76,2,160,0.511627906976744,2021,2.512135,85.0,-0.08759649,86.0,2.59973149
1676708,76,2,165,0.520348837209302,2021,2.512135,85.0,-0.06504307,86.0,2.57717807
1676709,76,2,200,0.831395348837209,2021,2.512135,85.0,1.850862,86.0,0.661273
1676710,76,2,205,0.633720930232558,2021,2.512135,85.0,0.702153,86.0,1.809982
1676711,76,2,210,0.761627906976744,2021,2.512135,85.0,1.100358,86.0,1.411777
1676712,76,2,211,0.747093023255814,2021,2.512135,85.0,1.040234,86.0,1.471901
1676713,76,2,212,0.767441860465116,2021,2.512135,85.0,1.079039,86.0,1.433096
1676714,76,2,220,0.797058823529412,2021,2.512135,85.0,1.489614,84.0,1.022521
1676715,76,2,221,0.779069767441861,2021,2.512135,85.0,1.086146,86.0,1.425989
1676716,76,2,223,0.630813953488372,2021,2.512135,85.0,0.6807819,86.0,1.8313531
1676717,76,2,225,0.662790697674419,2021,2.512135,85.0,0.7274416,86.0,1.7846934
1676718,76,2,230,0.738372093023256,2021,2.512135,85.0,0.9218977,86.0,1.5902373
1676719,76,2,232,0.654069767441861,2021,2.512135,85.0,0.6799288,86.0,1.8322062
1676720,76,2,235,0.752906976744186,2021,2.512135,85.0,0.9723899,86.0,1.5397451
1676721,76,2,255,0.767441860465116,2021,2.512135,85.0,1.167116,86.0,1.345019
1676722,76,2,290,0.781976744186046,2021,2.512135,85.0,1.170494,86.0,1.341641
1676723,76,2,305,0.642441860465116,2021,2.512135,85.0,0.76397,86.0,1.748165
1676724,76,2,310,0.779069767441861,2021,2.512135,85.0,1.182833,86.0,1.329302
1676725,76,2,316,0.793604651162791,2021,2.512135,85.0,1.290894,86.0,1.221241
1676726,76,2,317,0.773255813953488,2021,2.512135,85.0,1.173037,86.0,1.339098
1676727,76,2,325,0.780120481927711,2021,2.512135,85.0,1.070355,81.0,1.44178
1676728,76,2,331,0.645833333333333,2021,2.512135,85.0,0.6887075,85.0,1.8234275
1676729,76,2,338,0.648255813953488,2021,2.512135,85.0,0.7007932,86.0,1.8113418
1676730,76,2,339,0.776162790697674,2021,2.512135,85.0,1.102321,86.0,1.409814
1676731,76,2,341,0.76453488372093,2021,2.512135,85.0,1.061162,86.0,1.450973
1676732,76,2,343,0.758823529411765,2021,2.512135,85.0,1.034405,85.0,1.47773
1676733,76,2,344,0.773255813953488,2021,2.512135,85.0,1.160478,86.0,1.351657
1676734,76,2,345,0.530769230769231,2021,2.512135,85.0,0.3558754,79.0,2.1562596
1676735,76,2,346,0.668639053254438,2021,2.512135,85.0,0.6415969,85.0,1.8705381
1676736,76,2,349,0.773255813953488,2021,2.512135,85.0,1.131341,86.0,1.380794
1676737,76,2,350,0.744186046511628,2021,2.512135,85.0,0.9122084,86.0,1.5999266
1676738,76,2,352,0.657894736842105,2021,2.512135,85.0,0.6746777,85.0,1.8374573
1676739,76,2,355,0.76453488372093,2021,2.512135,85.0,1.098236,86.0,1.413899
1676740,76,2,359,0.64792899408284,2021,2.512135,85.0,0.710054,84.0,1.802081
1676741,76,2,360,0.773255813953488,2021,2.512135,85.0,1.083126,86.0,1.429009
1676742,76,2,365,0.33625730994152,2021,2.512135,85.0,-0.02596656,86.0,2.53810156
1676743,76,2,366,0.783625730994152,2021,2.512135,85.0,1.166763,85.0,1.345372
1676744,76,2,367,0.779069767441861,2021,2.512135,85.0,1.166055,86.0,1.34608
1676745,76,2,368,0.784883720930233,2021,2.512135,85.0,1.192519,86.0,1.319616
1676746,76,2,369,0.766081871345029,2021,2.512135,85.0,1.18246,84.0,1.329675
1676747,76,2,370,0.321637426900585,2021,2.512135,85.0,-0.478723,85.0,2.990858
1676748,76,2,371,0.486111111111111,2021,2.512135,85.0,0.1542414,83.0,2.3578936
1676749,76,2,372,0.736686390532544,2021,2.512135,85.0,0.80269,84.0,1.709445
1676750,76,2,373,0.376923076923077,2021,2.512135,85.0,-0.5141686,77.0,3.0263036
1676751,76,2,375,0.715116279069767,2021,2.512135,85.0,0.9195163,86.0,1.5926187
1676752,76,2,380,0.694767441860465,2021,2.512135,85.0,0.8511608,86.0,1.6609742
1676753,76,2,385,0.744186046511628,2021,2.512135,85.0,1.040798,86.0,1.471337
1676754,76,2,390,0.773255813953488,2021,2.512135,85.0,1.154057,86.0,1.358078
1676755,76,2,395,0.738372093023256,2021,2.512135,85.0,0.9787185,86.0,1.5334165
1676756,76,2,402,0.381147540983607,2021,2.512135,85.0,-0.465059,71.0,2.977194
1676757,76,2,403,0.480769230769231,2021,2.512135,85.0,-0.4067604,46.0,2.9188954
1676758,76,2,404,0.407142857142857,2021,2.512135,85.0,-0.5264698,78.0,3.0386048
1676759,76,2,411,0.232394366197183,2021,2.512135,85.0,-0.7656603,54.0,3.2777953
1676760,76,2,420,0.398601398601399,2021,2.512135,85.0,-0.4077031,79.0,2.9198381
1676761,76,2,432,0.383233532934132,2021,2.512135,85.0,-0.8586382,83.0,3.3707732
1676762,76,2,433,0.403030303030303,2021,2.512135,85.0,-0.4540939,84.0,2.9662289
1676763,76,2,434,0.285714285714286,2021,2.512135,85.0,-0.5237344,30.0,3.0358694
1676764,76,2,435,0.379746835443038,2021,2.512135,85.0,-0.6503753,81.0,3.1625103
1676765,76,2,436,0.446902654867257,2021,2.512135,85.0,-0.5221405,54.0,3.0342755
1676766,76,2,437,0.479411764705882,2021,2.512135,85.0,-0.1482758,85.0,2.6604108
1676767,76,2,438,0.403225806451613,2021,2.512135,85.0,-0.5302863,75.0,3.0424213
1676768,76,2,439,0.399305555555556,2021,2.512135,85.0,-0.629746,73.0,3.141881
1676769,76,2,450,0.685840707964602,2021,2.512135,85.0,0.3408145,50.0,2.1713205
1676770,76,2,451,0.484375,2021,2.512135,85.0,-0.5352503,73.0,3.0473853
1676771,76,2,452,0.410493827160494,2021,2.512135,85.0,-0.3906326,81.0,2.9027676
1676772,76,2,461,0.474522292993631,2021,2.512135,85.0,-0.08104731,78.0,2.59318231
1676773,76,2,471,0.320388349514563,2021,2.512135,85.0,-0.06247519,80.0,2.57461019
1676774,76,2,475,0.391304347826087,2021,2.512135,85.0,-0.525921,84.0,3.038056
1676775,76,2,481,0.313559322033898,2021,2.512135,85.0,-0.1896111,57.0,2.7017461
1676776,76,2,482,0.271929824561404,2021,2.512135,85.0,-0.5688396,45.0,3.0809746
1676777,76,2,483,0.429936305732484,2021,2.512135,85.0,-0.6081261,81.0,3.1202611
1676778,76,2,484,0.246031746031746,2021,2.512135,85.0,-0.6034408,54.0,3.1155758
1676779,76,2,490,0.642857142857143,2021,2.512135,85.0,-0.1073566,3.0,2.6194916
1676780,76,2,500,0.370629370629371,2021,2.512135,85.0,-0.8054153,80.0,3.3175503
1676781,76,2,501,0.411764705882353,2021,2.512135,85.0,-0.3375573,78.0,2.8496923
1676782,76,2,510,0.420863309352518,2021,2.512135,85.0,-0.4547055,72.0,2.9668405
1676783,76,2,516,0.397540983606557,2021,2.512135,85.0,-0.6472785,59.0,3.1594135
1676784,76,2,517,0.491525423728814,2021,2.512135,85.0,-0.1059647,72.0,2.6180997
1676785,76,2,520,0.287671232876712,2021,2.512135,85.0,-0.6741836,56.0,3.1863186
1676786,76,2,522,0.449101796407186,2021,2.512135,85.0,-0.5529759,85.0,3.0651109
1676787,76,2,530,0.407738095238095,2021,2.512135,85.0,-0.7573602,85.0,3.2694952
1676788,76,2,531,0.325153374233129,2021,2.512135,85.0,-1.068596,81.0,3.580731
1676789,76,2,540,0.425925925925926,2021,2.512135,85.0,-0.6320022,83.0,3.1441372
1676790,76,2,541,0.358108108108108,2021,2.512135,85.0,-0.5627762,74.0,3.0749112
1676791,76,2,551,0.461038961038961,2021,2.512135,85.0,-0.2605425,76.0,2.7726775
1676792,76,2,552,0.246478873239437,2021,2.512135,85.0,-0.9409777,84.0,3.4531127
1676793,76,2,553,0.436,2021,2.512135,85.0,-0.2340985,64.0,2.7462335
1676794,76,2,560,0.388235294117647,2021,2.512135,85.0,-0.426889,84.0,2.939024
1676795,76,2,565,0.40625,2021,2.512135,85.0,-0.5179648,83.0,3.0300998
1676796,76,2,570,0.439102564102564,2021,2.512135,85.0,-0.304847,78.0,2.816982
1676797,76,2,571,0.490196078431373,2021,2.512135,85.0,-0.3137645,73.0,2.8258995
1676798,76,2,572,0.470833333333333,2021,2.512135,85.0,-0.5243604,54.0,3.0364954
1676799,76,2,580,0.452380952380952,2021,2.512135,85.0,-0.2744499,82.0,2.7865849
1676800,76,2,581,0.257425742574257,2021,2.512135,85.0,-1.111018,71.0,3.623153
1676801,76,2,590,0.400684931506849,2021,2.512135,85.0,-0.4871268,82.0,2.9992618
1676802,76,2,591,0.442708333333333,2021,2.512135,85.0,-0.4783758,52.0,2.9905108
1676803,76,2,600,0.45859872611465,2021,2.512135,85.0,-0.3771085,83.0,2.8892435
1676804,76,2,615,0.322674418604651,2021,2.512135,85.0,-1.026526,86.0,3.538661
1676805,76,2,616,0.439759036144578,2021,2.512135,85.0,-0.5505571,84.0,3.0626921
1676806,76,2,620,0.396969696969697,2021,2.512135,85.0,-0.7189388,84.0,3.2310738
1676807,76,2,625,0.363354037267081,2021,2.512135,85.0,-0.9668245,80.0,3.4789595
1676808,76,2,626,0.32183908045977,2021,2.512135,85.0,-0.2330823,56.0,2.7452173
1676809,76,2,630,0.222972972972973,2021,2.512135,85.0,-1.866258,77.0,4.378393
1676810,76,2,640,0.699404761904762,2021,2.512135,85.0,0.6718215,85.0,1.8403135
1676811,76,2,645,0.395833333333333,2021,2.512135,85.0,-0.6944454,83.0,3.2065804
1676812,76,2,651,0.316860465116279,2021,2.512135,85.0,-1.073554,86.0,3.585689
1676813,76,2,652,0.148275862068966,2021,2.512135,85.0,-2.004125,84.0,4.51626
1676814,76,2,660,0.429878048780488,2021,2.512135,85.0,-0.5893051,84.0,3.1014401
1676815,76,2,663,0.416149068322981,2021,2.512135,85.0,-0.5737114,81.0,3.0858464
1676816,76,2,666,0.879411764705882,2021,2.512135,85.0,2.211296,84.0,0.300839
1676817,76,2,670,0.438953488372093,2021,2.512135,85.0,-0.3140749,86.0,2.8262099
1676818,76,2,679,0.421511627906977,2021,2.512135,85.0,-0.5819836,86.0,3.0941186
1676819,76,2,690,0.432748538011696,2021,2.512135,85.0,-0.5286158,85.0,3.0407508
1676820,76,2,692,0.427325581395349,2021,2.512135,85.0,-0.5442703,86.0,3.0564053
1676821,76,2,694,0.447368421052632,2021,2.512135,85.0,-0.5553142,86.0,3.0674492
1676822,76,2,696,0.415697674418605,2021,2.512135,85.0,-0.5828803,86.0,3.0950153
1676823,76,2,698,0.419642857142857,2021,2.512135,85.0,-0.674051,85.0,3.186186
1676824,76,2,700,0.384,2021,2.512135,85.0,-0.5496823,72.0,3.0618173
1676825,76,2,701,0.331818181818182,2021,2.512135,85.0,-0.7751347,62.0,3.2872697
1676826,76,2,702,0.341880341880342,2021,2.512135,85.0,-0.5930311,74.0,3.1051661
1676827,76,2,703,0.364661654135338,2021,2.512135,85.0,-0.7872359,77.0,3.2993709
1676828,76,2,704,0.39453125,2021,2.512135,85.0,-0.7876645,75.0,3.2997995
1676829,76,2,705,0.394904458598726,2021,2.512135,85.0,-0.4747567,84.0,2.9868917
1676830,76,2,710,0.307017543859649,2021,2.512135,85.0,-0.3813829,86.0,2.8935179
1676831,76,2,712,0.444767441860465,2021,2.512135,85.0,-0.5906194,86.0,3.1027544
1676832,76,2,731,0.151260504201681,2021,2.512135,85.0,-0.3129159,74.0,2.8250509
1676833,76,2,732,0.73546511627907,2021,2.512135,85.0,0.9071573,86.0,1.6049777
1676834,76,2,740,0.702941176470588,2021,2.512135,85.0,0.7313652,85.0,1.7807698
1676835,76,2,750,0.418604651162791,2021,2.512135,85.0,-0.1170656,86.0,2.6292006
1676836,76,2,760,0.463855421686747,2021,2.512135,85.0,-0.3977037,85.0,2.9098387
1676837,76,2,770,0.38622754491018,2021,2.512135,85.0,-0.1147068,85.0,2.6268418
1676838,76,2,771,0.424698795180723,2021,2.512135,85.0,-0.6335485,84.0,3.1456835
1676839,76,2,775,0.436567164179104,2021,2.512135,85.0,-0.5053034,66.0,3.0174384
1676840,76,2,780,0.375,2021,2.512135,85.0,-0.9697391,86.0,3.4818741
1676841,76,2,781,0.472222222222222,2021,2.512135,85.0,-0.3602307,86.0,2.8723657
1676842,76,2,790,0.438235294117647,2021,2.512135,85.0,-0.6398461,85.0,3.1519811
1676843,76,2,800,0.436046511627907,2021,2.512135,85.0,-0.3329556,86.0,2.8450906
1676844,76,2,811,0.34375,2021,2.512135,85.0,-1.138657,82.0,3.650792
1676845,76,2,812,0.354938271604938,2021,2.512135,85.0,-0.8555515,85.0,3.3676865
1676846,76,2,816,0.381987577639752,2021,2.512135,85.0,-0.717334,85.0,3.229469
1676847,76,2,820,0.406976744186047,2021,2.512135,85.0,-0.6058812,86.0,3.1180162
1676848,76,2,830,0.453488372093023,2021,2.512135,85.0,-0.3510364,86.0,2.8631714
1676849,76,2,835,0.40406976744186,2021,2.512135,85.0,-0.7547364,86.0,3.2668714
1676850,76,2,840,0.43859649122807,2021,2.512135,85.0,-0.3214963,86.0,2.8336313
1676851,76,2,850,0.363372093023256,2021,2.512135,85.0,-0.7863013,86.0,3.2984363
1676852,76,2,860,0.478658536585366,2021,2.512135,85.0,-0.329488,83.0,2.841623
1676853,76,2,900,0.805232558139535,2021,2.512135,85.0,1.349447,86.0,1.162688
1676854,76,2,910,0.567114093959732,2021,2.512135,85.0,-0.03612233,67.0,2.54825733
1676855,76,2,920,0.626470588235294,2021,2.512135,85.0,0.7199447,86.0,1.7921903
1676856,76,2,935,0.4375,2021,2.512135,85.0,-0.1218244,72.0,2.6339594
1676857,76,2,940,0.402985074626866,2021,2.512135,85.0,-0.318728,58.0,2.830863
1676858,76,2,946,0.480916030534351,2021,2.512135,85.0,-0.2189988,74.0,2.7311338
1676859,76,2,947,0.558823529411765,2021,2.512135,85.0,-0.06784097,30.0,2.57997597
1676860,76,2,950,0.5,2021,2.512135,85.0,-0.2200102,83.0,2.7321452
1676861,76,2,955,0.382352941176471,2021,2.512135,85.0,0.1478137,66.0,2.3643213
1676862,76,2,970,0.47,2021,2.512135,85.0,0.2273678,46.0,2.2847672
1676863,76,2,983,0.792592592592593,2021,2.512135,85.0,0.8226821,73.0,1.6894529
1676864,76,2,986,0.622093023255814,2021,2.512135,85.0,0.354336,66.0,2.157799
1676865,76,2,987,0.877272727272727,2021,2.512135,85.0,1.614188,63.0,0.897947
1676866,76,2,990,0.491735537190083,2021,2.512135,85.0,-0.0189918,61.0,2.5311268
1676867,76,20,2,0.805232558139535,2021,1.284781,85.0,2.512135,85.0,1.227354
1677022,76,20,710,0.482456140350877,2021,1.284781,85.0,-0.3813829,86.0,1.6661639
1677059,76,31,2,0.397887323943662,2021,-0.3834556,71.0,2.512135,85.0,2.8955906
1677214,76,31,710,0.71830985915493,2021,-0.3834556,71.0,-0.3813829,86.0,0.0020726999999999
1677251,76,40,2,0.23780487804878,2021,-1.67238,86.0,2.512135,85.0,4.184515
1677406,76,40,710,0.850609756097561,2021,-1.67238,86.0,-0.3813829,86.0,1.2909971
1677443,76,41,2,0.493150684931507,2021,-0.0629284,76.0,2.512135,85.0,2.5750634
1677598,76,41,710,0.708904109589041,2021,-0.0629284,76.0,-0.3813829,86.0,0.3184545
1677635,76,42,2,0.508771929824561,2021,-0.1561237,86.0,2.512135,85.0,2.6682587
1677790,76,42,710,0.652046783625731,2021,-0.1561237,86.0,-0.3813829,86.0,0.2252592
1677827,76,51,2,0.445121951219512,2021,-0.2888475,86.0,2.512135,85.0,2.8009825
1677982,76,51,710,0.692073170731707,2021,-0.2888475,86.0,-0.3813829,86.0,0.0925354
1678019,76,52,2,0.378048780487805,2021,-0.3898489,85.0,2.512135,85.0,2.9019839
1678174,76,52,710,0.746951219512195,2021,-0.3898489,85.0,-0.3813829,86.0,0.0084659999999999
1678211,76,53,2,0.466049382716049,2021,-0.2762045,83.0,2.512135,85.0,2.7883395
1678366,76,53,710,0.700617283950617,2021,-0.2762045,83.0,-0.3813829,86.0,0.1051784
1678403,76,54,2,0.329545454545455,2021,-0.5021182,42.0,2.512135,85.0,3.0142532
1678558,76,54,710,0.767045454545455,2021,-0.5021182,42.0,-0.3813829,86.0,0.1207353
1678595,76,55,2,0.317796610169492,2021,-0.5616818,74.0,2.512135,85.0,3.0738168
1678750,76,55,710,0.792372881355932,2021,-0.5616818,74.0,-0.3813829,86.0,0.1802989
1678787,76,56,2,0.432692307692308,2021,-0.4210331,78.0,2.512135,85.0,2.9331681
1678942,76,56,710,0.724358974358974,2021,-0.4210331,78.0,-0.3813829,86.0,0.0396502
1678979,76,57,2,0.42156862745098,2021,-0.4385557,77.0,2.512135,85.0,2.9506907
1679134,76,57,710,0.738562091503268,2021,-0.4385557,77.0,-0.3813829,86.0,0.0571728
1679171,76,58,2,0.415384615384615,2021,-0.3608628,69.0,2.512135,85.0,2.8729978
1679326,76,58,710,0.728682170542636,2021,-0.3608628,69.0,-0.3813829,86.0,0.0205201
1679363,76,60,2,0.266666666666667,2021,-0.5118075,65.0,2.512135,85.0,3.0239425
1679518,76,60,710,0.853333333333333,2021,-0.5118075,65.0,-0.3813829,86.0,0.1304246
1679555,76,70,2,0.485380116959064,2021,-0.02295689,86.0,2.512135,85.0,2.53509189
1679710,76,70,710,0.64327485380117,2021,-0.02295689,86.0,-0.3813829,86.0,0.35842601
1679747,76,80,2,0.409774436090226,2021,-0.3205925,71.0,2.512135,85.0,2.8327275
1679902,76,80,710,0.731060606060606,2021,-0.3205925,71.0,-0.3813829,86.0,0.0607904
1679939,76,90,2,0.537790697674419,2021,-0.03404852,86.0,2.512135,85.0,2.54618352
1680094,76,90,710,0.625,2021,-0.03404852,86.0,-0.3813829,86.0,0.34733438
1680131,76,91,2,0.527777777777778,2021,0.007896807,85.0,2.512135,85.0,2.504238193
1680286,76,91,710,0.623456790123457,2021,0.007896807,85.0,-0.3813829,86.0,0.389279707
1680323,76,92,2,0.485380116959064,2021,-0.4453485,85.0,2.512135,85.0,2.9574835
1680478,76,92,710,0.666666666666667,2021,-0.4453485,85.0,-0.3813829,86.0,0.0639656
1680515,76,93,2,0.260355029585799,2021,-1.65679,85.0,2.512135,85.0,4.168925
1680670,76,93,710,0.831360946745562,2021,-1.65679,85.0,-0.3813829,86.0,1.2754071
1680707,76,94,2,0.482558139534884,2021,-0.1202817,86.0,2.512135,85.0,2.6324167
1680862,76,94,710,0.651162790697674,2021,-0.1202817,86.0,-0.3813829,86.0,0.2611012
1680899,76,95,2,0.526162790697674,2021,-0.1038953,86.0,2.512135,85.0,2.6160303
1681054,76,95,710,0.636627906976744,2021,-0.1038953,86.0,-0.3813829,86.0,0.2774876
1681091,76,100,2,0.523255813953488,2021,-0.01677413,86.0,2.512135,85.0,2.52890913
1681246,76,100,710,0.633720930232558,2021,-0.01677413,86.0,-0.3813829,86.0,0.36460877
1681283,76,101,2,0.230538922155689,2021,-1.74273,86.0,2.512135,85.0,4.254865
1681438,76,101,710,0.844311377245509,2021,-1.74273,86.0,-0.3813829,86.0,1.3613471
1681475,76,110,2,0.466257668711656,2021,-0.2035273,85.0,2.512135,85.0,2.7156623
1681630,76,110,710,0.696319018404908,2021,-0.2035273,85.0,-0.3813829,86.0,0.1778556
1681667,76,115,2,0.407051282051282,2021,-0.4893576,81.0,2.512135,85.0,3.0014926
1681822,76,115,710,0.756410256410256,2021,-0.4893576,81.0,-0.3813829,86.0,0.1079747
1681859,76,130,2,0.491279069767442,2021,-0.2276726,86.0,2.512135,85.0,2.7398076
1682014,76,130,710,0.654069767441861,2021,-0.2276726,86.0,-0.3813829,86.0,0.1537103
1682051,76,135,2,0.491279069767442,2021,-0.2947436,86.0,2.512135,85.0,2.8068786
1682206,76,135,710,0.665697674418605,2021,-0.2947436,86.0,-0.3813829,86.0,0.0866393
1682243,76,140,2,0.52046783625731,2021,0.1424592,85.0,2.512135,85.0,2.3696758
1682398,76,140,710,0.619883040935672,2021,0.1424592,85.0,-0.3813829,86.0,0.5238421
1682435,76,145,2,0.364705882352941,2021,-1.176489,86.0,2.512135,85.0,3.688624
1682590,76,145,710,0.752941176470588,2021,-1.176489,86.0,-0.3813829,86.0,0.7951061
1682627,76,150,2,0.491176470588235,2021,-0.2849654,86.0,2.512135,85.0,2.7971004
1682782,76,150,710,0.673529411764706,2021,-0.2849654,86.0,-0.3813829,86.0,0.0964175
1682819,76,155,2,0.491228070175439,2021,-0.1524853,86.0,2.512135,85.0,2.6646203
1682974,76,155,710,0.666666666666667,2021,-0.1524853,86.0,-0.3813829,86.0,0.2288976
1683011,76,160,2,0.511627906976744,2021,-0.08759649,86.0,2.512135,85.0,2.59973149
1683166,76,160,710,0.656976744186046,2021,-0.08759649,86.0,-0.3813829,86.0,0.29378641
1683203,76,165,2,0.520348837209302,2021,-0.06504307,86.0,2.512135,85.0,2.57717807
1683358,76,165,710,0.642441860465116,2021,-0.06504307,86.0,-0.3813829,86.0,0.31633983
1683395,76,200,2,0.831395348837209,2021,1.850862,86.0,2.512135,85.0,0.661273
1683550,76,200,710,0.468023255813953,2021,1.850862,86.0,-0.3813829,86.0,2.2322449
1683587,76,205,2,0.633720930232558,2021,0.702153,86.0,2.512135,85.0,1.809982
1683742,76,205,710,0.511627906976744,2021,0.702153,86.0,-0.3813829,86.0,1.0835359
1683779,76,210,2,0.761627906976744,2021,1.100358,86.0,2.512135,85.0,1.411777
1683934,76,210,710,0.531976744186046,2021,1.100358,86.0,-0.3813829,86.0,1.4817409
1683971,76,211,2,0.747093023255814,2021,1.040234,86.0,2.512135,85.0,1.471901
1684126,76,211,710,0.549418604651163,2021,1.040234,86.0,-0.3813829,86.0,1.4216169
1684163,76,212,2,0.767441860465116,2021,1.079039,86.0,2.512135,85.0,1.433096
1684318,76,212,710,0.534883720930233,2021,1.079039,86.0,-0.3813829,86.0,1.4604219
1684355,76,220,2,0.797058823529412,2021,1.489614,84.0,2.512135,85.0,1.022521
1684510,76,220,710,0.488235294117647,2021,1.489614,84.0,-0.3813829,86.0,1.8709969
1684547,76,221,2,0.779069767441861,2021,1.086146,86.0,2.512135,85.0,1.425989
1684702,76,221,710,0.523255813953488,2021,1.086146,86.0,-0.3813829,86.0,1.4675289
1684739,76,223,2,0.630813953488372,2021,0.6807819,86.0,2.512135,85.0,1.8313531
1684894,76,223,710,0.51453488372093,2021,0.6807819,86.0,-0.3813829,86.0,1.0621648
1684931,76,225,2,0.662790697674419,2021,0.7274416,86.0,2.512135,85.0,1.7846934
1685086,76,225,710,0.549418604651163,2021,0.7274416,86.0,-0.3813829,86.0,1.1088245
1685123,76,230,2,0.738372093023256,2021,0.9218977,86.0,2.512135,85.0,1.5902373
1685278,76,230,710,0.555232558139535,2021,0.9218977,86.0,-0.3813829,86.0,1.3032806
1685315,76,232,2,0.654069767441861,2021,0.6799288,86.0,2.512135,85.0,1.8322062
1685470,76,232,710,0.51453488372093,2021,0.6799288,86.0,-0.3813829,86.0,1.0613117
1685507,76,235,2,0.752906976744186,2021,0.9723899,86.0,2.512135,85.0,1.5397451
1685662,76,235,710,0.543604651162791,2021,0.9723899,86.0,-0.3813829,86.0,1.3537728
1685699,76,255,2,0.767441860465116,2021,1.167116,86.0,2.512135,85.0,1.345019
1685854,76,255,710,0.531976744186046,2021,1.167116,86.0,-0.3813829,86.0,1.5484989
1685891,76,290,2,0.781976744186046,2021,1.170494,86.0,2.512135,85.0,1.341641
1686046,76,290,710,0.520348837209302,2021,1.170494,86.0,-0.3813829,86.0,1.5518769
1686083,76,305,2,0.642441860465116,2021,0.76397,86.0,2.512135,85.0,1.748165
1686238,76,305,710,0.5,2021,0.76397,86.0,-0.3813829,86.0,1.1453529
1686275,76,310,2,0.779069767441861,2021,1.182833,86.0,2.512135,85.0,1.329302
1686430,76,310,710,0.502906976744186,2021,1.182833,86.0,-0.3813829,86.0,1.5642159
1686467,76,316,2,0.793604651162791,2021,1.290894,86.0,2.512135,85.0,1.221241
1686622,76,316,710,0.505813953488372,2021,1.290894,86.0,-0.3813829,86.0,1.6722769
1686659,76,317,2,0.773255813953488,2021,1.173037,86.0,2.512135,85.0,1.339098
1686814,76,317,710,0.526162790697674,2021,1.173037,86.0,-0.3813829,86.0,1.5544199
1686851,76,325,2,0.780120481927711,2021,1.070355,81.0,2.512135,85.0,1.44178
1687006,76,325,710,0.530120481927711,2021,1.070355,81.0,-0.3813829,86.0,1.4517379
1687043,76,331,2,0.645833333333333,2021,0.6887075,85.0,2.512135,85.0,1.8234275
1687198,76,331,710,0.508928571428571,2021,0.6887075,85.0,-0.3813829,86.0,1.0700904
1687235,76,338,2,0.648255813953488,2021,0.7007932,86.0,2.512135,85.0,1.8113418
1687390,76,338,710,0.520348837209302,2021,0.7007932,86.0,-0.3813829,86.0,1.0821761
1687427,76,339,2,0.776162790697674,2021,1.102321,86.0,2.512135,85.0,1.409814
1687582,76,339,710,0.526162790697674,2021,1.102321,86.0,-0.3813829,86.0,1.4837039
1687619,76,341,2,0.76453488372093,2021,1.061162,86.0,2.512135,85.0,1.450973
1687774,76,341,710,0.537790697674419,2021,1.061162,86.0,-0.3813829,86.0,1.4425449
1687811,76,343,2,0.758823529411765,2021,1.034405,85.0,2.512135,85.0,1.47773
1687966,76,343,710,0.538235294117647,2021,1.034405,85.0,-0.3813829,86.0,1.4157879
1688003,76,344,2,0.773255813953488,2021,1.160478,86.0,2.512135,85.0,1.351657
1688158,76,344,710,0.526162790697674,2021,1.160478,86.0,-0.3813829,86.0,1.5418609
1688195,76,345,2,0.530769230769231,2021,0.3558754,79.0,2.512135,85.0,2.1562596
1688350,76,345,710,0.765384615384615,2021,0.3558754,79.0,-0.3813829,86.0,0.7372583
1688387,76,346,2,0.668639053254438,2021,0.6415969,85.0,2.512135,85.0,1.8705381
1688542,76,346,710,0.606508875739645,2021,0.6415969,85.0,-0.3813829,86.0,1.0229798
1688579,76,349,2,0.773255813953488,2021,1.131341,86.0,2.512135,85.0,1.380794
1688734,76,349,710,0.526162790697674,2021,1.131341,86.0,-0.3813829,86.0,1.5127239
1688771,76,350,2,0.744186046511628,2021,0.9122084,86.0,2.512135,85.0,1.5999266
1688926,76,350,710,0.546511627906977,2021,0.9122084,86.0,-0.3813829,86.0,1.2935913
1688963,76,352,2,0.657894736842105,2021,0.6746777,85.0,2.512135,85.0,1.8374573
1689118,76,352,710,0.517543859649123,2021,0.6746777,85.0,-0.3813829,86.0,1.0560606
1689155,76,355,2,0.76453488372093,2021,1.098236,86.0,2.512135,85.0,1.413899
1689310,76,355,710,0.531976744186046,2021,1.098236,86.0,-0.3813829,86.0,1.4796189
1689347,76,359,2,0.64792899408284,2021,0.710054,84.0,2.512135,85.0,1.802081
1689502,76,359,710,0.511834319526627,2021,0.710054,84.0,-0.3813829,86.0,1.0914369
1689539,76,360,2,0.773255813953488,2021,1.083126,86.0,2.512135,85.0,1.429009
1689694,76,360,710,0.529069767441861,2021,1.083126,86.0,-0.3813829,86.0,1.4645089
1689731,76,365,2,0.33625730994152,2021,-0.02596656,86.0,2.512135,85.0,2.53810156
1689886,76,365,710,0.845029239766082,2021,-0.02596656,86.0,-0.3813829,86.0,0.35541634
1689923,76,366,2,0.783625730994152,2021,1.166763,85.0,2.512135,85.0,1.345372
1690078,76,366,710,0.52046783625731,2021,1.166763,85.0,-0.3813829,86.0,1.5481459
1690115,76,367,2,0.779069767441861,2021,1.166055,86.0,2.512135,85.0,1.34608
1690270,76,367,710,0.523255813953488,2021,1.166055,86.0,-0.3813829,86.0,1.5474379
1690307,76,368,2,0.784883720930233,2021,1.192519,86.0,2.512135,85.0,1.319616
1690462,76,368,710,0.517441860465116,2021,1.192519,86.0,-0.3813829,86.0,1.5739019
1690499,76,369,2,0.766081871345029,2021,1.18246,84.0,2.512135,85.0,1.329675
1690654,76,369,710,0.494117647058824,2021,1.18246,84.0,-0.3813829,86.0,1.5638429
1690691,76,370,2,0.321637426900585,2021,-0.478723,85.0,2.512135,85.0,2.990858
1690846,76,370,710,0.824561403508772,2021,-0.478723,85.0,-0.3813829,86.0,0.0973401
1690883,76,371,2,0.486111111111111,2021,0.1542414,83.0,2.512135,85.0,2.3578936
1691038,76,371,710,0.760416666666667,2021,0.1542414,83.0,-0.3813829,86.0,0.5356243
1691075,76,372,2,0.736686390532544,2021,0.80269,84.0,2.512135,85.0,1.709445
1691230,76,372,710,0.523668639053254,2021,0.80269,84.0,-0.3813829,86.0,1.1840729
1691267,76,373,2,0.376923076923077,2021,-0.5141686,77.0,2.512135,85.0,3.0263036
1691422,76,373,710,0.782945736434108,2021,-0.5141686,77.0,-0.3813829,86.0,0.1327857
1691459,76,375,2,0.715116279069767,2021,0.9195163,86.0,2.512135,85.0,1.5926187
1691614,76,375,710,0.523255813953488,2021,0.9195163,86.0,-0.3813829,86.0,1.3008992
1691651,76,380,2,0.694767441860465,2021,0.8511608,86.0,2.512135,85.0,1.6609742
1691806,76,380,710,0.531976744186046,2021,0.8511608,86.0,-0.3813829,86.0,1.2325437
1691843,76,385,2,0.744186046511628,2021,1.040798,86.0,2.512135,85.0,1.471337
1691998,76,385,710,0.552325581395349,2021,1.040798,86.0,-0.3813829,86.0,1.4221809
1692035,76,390,2,0.773255813953488,2021,1.154057,86.0,2.512135,85.0,1.358078
1692190,76,390,710,0.529069767441861,2021,1.154057,86.0,-0.3813829,86.0,1.5354399
1692227,76,395,2,0.738372093023256,2021,0.9787185,86.0,2.512135,85.0,1.5334165
1692382,76,395,710,0.552325581395349,2021,0.9787185,86.0,-0.3813829,86.0,1.3601014
1692419,76,402,2,0.381147540983607,2021,-0.465059,71.0,2.512135,85.0,2.977194
1692574,76,402,710,0.762295081967213,2021,-0.465059,71.0,-0.3813829,86.0,0.0836761
1692611,76,403,2,0.480769230769231,2021,-0.4067604,46.0,2.512135,85.0,2.9188954
1692766,76,403,710,0.674757281553398,2021,-0.4067604,46.0,-0.3813829,86.0,0.0253775
1692803,76,404,2,0.407142857142857,2021,-0.5264698,78.0,2.512135,85.0,3.0386048
1692958,76,404,710,0.764285714285714,2021,-0.5264698,78.0,-0.3813829,86.0,0.1450869
1692995,76,411,2,0.232394366197183,2021,-0.7656603,54.0,2.512135,85.0,3.2777953
1693150,76,411,710,0.845070422535211,2021,-0.7656603,54.0,-0.3813829,86.0,0.3842774
1693187,76,420,2,0.398601398601399,2021,-0.4077031,79.0,2.512135,85.0,2.9198381
1693342,76,420,710,0.762237762237762,2021,-0.4077031,79.0,-0.3813829,86.0,0.0263202
1693379,76,432,2,0.383233532934132,2021,-0.8586382,83.0,2.512135,85.0,3.3707732
1693534,76,432,710,0.772455089820359,2021,-0.8586382,83.0,-0.3813829,86.0,0.4772553
1693571,76,433,2,0.403030303030303,2021,-0.4540939,84.0,2.512135,85.0,2.9662289
1693726,76,433,710,0.748484848484849,2021,-0.4540939,84.0,-0.3813829,86.0,0.072711
1693763,76,434,2,0.285714285714286,2021,-0.5237344,30.0,2.512135,85.0,3.0358694
1693918,76,434,710,0.885714285714286,2021,-0.5237344,30.0,-0.3813829,86.0,0.1423515
1693955,76,435,2,0.379746835443038,2021,-0.6503753,81.0,2.512135,85.0,3.1625103
1694110,76,435,710,0.753164556962025,2021,-0.6503753,81.0,-0.3813829,86.0,0.2689924
1694147,76,436,2,0.446902654867257,2021,-0.5221405,54.0,2.512135,85.0,3.0342755
1694302,76,436,710,0.71875,2021,-0.5221405,54.0,-0.3813829,86.0,0.1407576
1694339,76,437,2,0.479411764705882,2021,-0.1482758,85.0,2.512135,85.0,2.6604108
1694494,76,437,710,0.685294117647059,2021,-0.1482758,85.0,-0.3813829,86.0,0.2331071
1694531,76,438,2,0.403225806451613,2021,-0.5302863,75.0,2.512135,85.0,3.0424213
1694686,76,438,710,0.780645161290323,2021,-0.5302863,75.0,-0.3813829,86.0,0.1489034
1694723,76,439,2,0.399305555555556,2021,-0.629746,73.0,2.512135,85.0,3.141881
1694878,76,439,710,0.777777777777778,2021,-0.629746,73.0,-0.3813829,86.0,0.2483631
1694915,76,450,2,0.685840707964602,2021,0.3408145,50.0,2.512135,85.0,2.1713205
1695070,76,450,710,0.588495575221239,2021,0.3408145,50.0,-0.3813829,86.0,0.7221974
1695107,76,451,2,0.484375,2021,-0.5352503,73.0,2.512135,85.0,3.0473853
1695262,76,451,710,0.76171875,2021,-0.5352503,73.0,-0.3813829,86.0,0.1538674
1695299,76,452,2,0.410493827160494,2021,-0.3906326,81.0,2.512135,85.0,2.9027676
1695454,76,452,710,0.732919254658385,2021,-0.3906326,81.0,-0.3813829,86.0,0.0092496999999999
1695491,76,461,2,0.474522292993631,2021,-0.08104731,78.0,2.512135,85.0,2.59318231
1695646,76,461,710,0.684713375796178,2021,-0.08104731,78.0,-0.3813829,86.0,0.30033559
1695683,76,471,2,0.320388349514563,2021,-0.06247519,80.0,2.512135,85.0,2.57461019
1695838,76,471,710,0.815533980582524,2021,-0.06247519,80.0,-0.3813829,86.0,0.31890771
1695875,76,475,2,0.391304347826087,2021,-0.525921,84.0,2.512135,85.0,3.038056
1696030,76,475,710,0.736024844720497,2021,-0.525921,84.0,-0.3813829,86.0,0.1445381
1696067,76,481,2,0.313559322033898,2021,-0.1896111,57.0,2.512135,85.0,2.7017461
1696222,76,481,710,0.836206896551724,2021,-0.1896111,57.0,-0.3813829,86.0,0.1917718
1696259,76,482,2,0.271929824561404,2021,-0.5688396,45.0,2.512135,85.0,3.0809746
1696413,76,482,710,0.827586206896552,2021,-0.5688396,45.0,-0.3813829,86.0,0.1874567
1696450,76,483,2,0.429936305732484,2021,-0.6081261,81.0,2.512135,85.0,3.1202611
1696605,76,483,710,0.735668789808917,2021,-0.6081261,81.0,-0.3813829,86.0,0.2267432
1696642,76,484,2,0.246031746031746,2021,-0.6034408,54.0,2.512135,85.0,3.1155758
1696797,76,484,710,0.8671875,2021,-0.6034408,54.0,-0.3813829,86.0,0.2220579
1696834,76,490,2,0.642857142857143,2021,-0.1073566,3.0,2.512135,85.0,2.6194916
1696987,76,490,710,0.714285714285714,2021,-0.1073566,3.0,-0.3813829,86.0,0.2740263
1697023,76,500,2,0.370629370629371,2021,-0.8054153,80.0,2.512135,85.0,3.3175503
1697178,76,500,710,0.776223776223776,2021,-0.8054153,80.0,-0.3813829,86.0,0.4240324
1697215,76,501,2,0.411764705882353,2021,-0.3375573,78.0,2.512135,85.0,2.8496923
1697370,76,501,710,0.754901960784314,2021,-0.3375573,78.0,-0.3813829,86.0,0.0438256
1697407,76,510,2,0.420863309352518,2021,-0.4547055,72.0,2.512135,85.0,2.9668405
1697562,76,510,710,0.751798561151079,2021,-0.4547055,72.0,-0.3813829,86.0,0.0733226
1697599,76,516,2,0.397540983606557,2021,-0.6472785,59.0,2.512135,85.0,3.1594135
1697754,76,516,710,0.786885245901639,2021,-0.6472785,59.0,-0.3813829,86.0,0.2658956
1697791,76,517,2,0.491525423728814,2021,-0.1059647,72.0,2.512135,85.0,2.6180997
1697946,76,517,710,0.730769230769231,2021,-0.1059647,72.0,-0.3813829,86.0,0.2754182
1697983,76,520,2,0.287671232876712,2021,-0.6741836,56.0,2.512135,85.0,3.1863186
1698137,76,520,710,0.891891891891892,2021,-0.6741836,56.0,-0.3813829,86.0,0.2928007
1698174,76,522,2,0.449101796407186,2021,-0.5529759,85.0,2.512135,85.0,3.0651109
1698329,76,522,710,0.74251497005988,2021,-0.5529759,85.0,-0.3813829,86.0,0.171593
1698366,76,530,2,0.407738095238095,2021,-0.7573602,85.0,2.512135,85.0,3.2694952
1698521,76,530,710,0.758928571428571,2021,-0.7573602,85.0,-0.3813829,86.0,0.3759773
1698558,76,531,2,0.325153374233129,2021,-1.068596,81.0,2.512135,85.0,3.580731
1698713,76,531,710,0.797546012269939,2021,-1.068596,81.0,-0.3813829,86.0,0.6872131
1698750,76,540,2,0.425925925925926,2021,-0.6320022,83.0,2.512135,85.0,3.1441372
1698905,76,540,710,0.734567901234568,2021,-0.6320022,83.0,-0.3813829,86.0,0.2506193
1698942,76,541,2,0.358108108108108,2021,-0.5627762,74.0,2.512135,85.0,3.0749112
1699097,76,541,710,0.756756756756757,2021,-0.5627762,74.0,-0.3813829,86.0,0.1813933
1699134,76,551,2,0.461038961038961,2021,-0.2605425,76.0,2.512135,85.0,2.7726775
1699289,76,551,710,0.711038961038961,2021,-0.2605425,76.0,-0.3813829,86.0,0.1208404
1699326,76,552,2,0.246478873239437,2021,-0.9409777,84.0,2.512135,85.0,3.4531127
1699481,76,552,710,0.852112676056338,2021,-0.9409777,84.0,-0.3813829,86.0,0.5595948
1699518,76,553,2,0.436,2021,-0.2340985,64.0,2.512135,85.0,2.7462335
1699673,76,553,710,0.733870967741935,2021,-0.2340985,64.0,-0.3813829,86.0,0.1472844
1699710,76,560,2,0.388235294117647,2021,-0.426889,84.0,2.512135,85.0,2.939024
1699865,76,560,710,0.729411764705882,2021,-0.426889,84.0,-0.3813829,86.0,0.0455061
1699902,76,565,2,0.40625,2021,-0.5179648,83.0,2.512135,85.0,3.0300998
1700057,76,565,710,0.740625,2021,-0.5179648,83.0,-0.3813829,86.0,0.1365819
1700094,76,570,2,0.439102564102564,2021,-0.304847,78.0,2.512135,85.0,2.816982
1700249,76,570,710,0.721153846153846,2021,-0.304847,78.0,-0.3813829,86.0,0.0765359
1700286,76,571,2,0.490196078431373,2021,-0.3137645,73.0,2.512135,85.0,2.8258995
1700441,76,571,710,0.689542483660131,2021,-0.3137645,73.0,-0.3813829,86.0,0.0676184
1700478,76,572,2,0.470833333333333,2021,-0.5243604,54.0,2.512135,85.0,3.0364954
1700633,76,572,710,0.710084033613445,2021,-0.5243604,54.0,-0.3813829,86.0,0.1429775
1700670,76,580,2,0.452380952380952,2021,-0.2744499,82.0,2.512135,85.0,2.7865849
1700825,76,580,710,0.711309523809524,2021,-0.2744499,82.0,-0.3813829,86.0,0.106933
1700862,76,581,2,0.257425742574257,2021,-1.111018,71.0,2.512135,85.0,3.623153
1701017,76,581,710,0.882352941176471,2021,-1.111018,71.0,-0.3813829,86.0,0.7296351
1701054,76,590,2,0.400684931506849,2021,-0.4871268,82.0,2.512135,85.0,2.9992618
1701209,76,590,710,0.746575342465753,2021,-0.4871268,82.0,-0.3813829,86.0,0.1057439
1701246,76,591,2,0.442708333333333,2021,-0.4783758,52.0,2.512135,85.0,2.9905108
1701401,76,591,710,0.739583333333333,2021,-0.4783758,52.0,-0.3813829,86.0,0.0969929
1701438,76,600,2,0.45859872611465,2021,-0.3771085,83.0,2.512135,85.0,2.8892435
1701593,76,600,710,0.710191082802548,2021,-0.3771085,83.0,-0.3813829,86.0,0.0042744
1701630,76,615,2,0.322674418604651,2021,-1.026526,86.0,2.512135,85.0,3.538661
1701785,76,615,710,0.781976744186046,2021,-1.026526,86.0,-0.3813829,86.0,0.6451431
1701822,76,616,2,0.439759036144578,2021,-0.5505571,84.0,2.512135,85.0,3.0626921
1701977,76,616,710,0.716867469879518,2021,-0.5505571,84.0,-0.3813829,86.0,0.1691742
1702014,76,620,2,0.396969696969697,2021,-0.7189388,84.0,2.512135,85.0,3.2310738
1702169,76,620,710,0.739393939393939,2021,-0.7189388,84.0,-0.3813829,86.0,0.3375559
1702206,76,625,2,0.363354037267081,2021,-0.9668245,80.0,2.512135,85.0,3.4789595
1702361,76,625,710,0.773291925465838,2021,-0.9668245,80.0,-0.3813829,86.0,0.5854416
1702398,76,626,2,0.32183908045977,2021,-0.2330823,56.0,2.512135,85.0,2.7452173
1702553,76,626,710,0.744186046511628,2021,-0.2330823,56.0,-0.3813829,86.0,0.1483006
1702590,76,630,2,0.222972972972973,2021,-1.866258,77.0,2.512135,85.0,4.378393
1702745,76,630,710,0.810810810810811,2021,-1.866258,77.0,-0.3813829,86.0,1.4848751
1702782,76,640,2,0.699404761904762,2021,0.6718215,85.0,2.512135,85.0,1.8403135
1702937,76,640,710,0.604166666666667,2021,0.6718215,85.0,-0.3813829,86.0,1.0532044
1702974,76,645,2,0.395833333333333,2021,-0.6944454,83.0,2.512135,85.0,3.2065804
1703129,76,645,710,0.75297619047619,2021,-0.6944454,83.0,-0.3813829,86.0,0.3130625
1703166,76,651,2,0.316860465116279,2021,-1.073554,86.0,2.512135,85.0,3.585689
1703321,76,651,710,0.76453488372093,2021,-1.073554,86.0,-0.3813829,86.0,0.6921711
1703358,76,652,2,0.148275862068966,2021,-2.004125,84.0,2.512135,85.0,4.51626
1703513,76,652,710,0.858620689655172,2021,-2.004125,84.0,-0.3813829,86.0,1.6227421
1703550,76,660,2,0.429878048780488,2021,-0.5893051,84.0,2.512135,85.0,3.1014401
1703705,76,660,710,0.725609756097561,2021,-0.5893051,84.0,-0.3813829,86.0,0.2079222
1703742,76,663,2,0.416149068322981,2021,-0.5737114,81.0,2.512135,85.0,3.0858464
1703897,76,663,710,0.726708074534162,2021,-0.5737114,81.0,-0.3813829,86.0,0.1923285
1703934,76,666,2,0.879411764705882,2021,2.211296,84.0,2.512135,85.0,0.300839
1704089,76,666,710,0.326470588235294,2021,2.211296,84.0,-0.3813829,86.0,2.5926789
1704126,76,670,2,0.438953488372093,2021,-0.3140749,86.0,2.512135,85.0,2.8262099
1704281,76,670,710,0.718023255813954,2021,-0.3140749,86.0,-0.3813829,86.0,0.067308
1704318,76,679,2,0.421511627906977,2021,-0.5819836,86.0,2.512135,85.0,3.0941186
1704473,76,679,710,0.706395348837209,2021,-0.5819836,86.0,-0.3813829,86.0,0.2006007
1704510,76,690,2,0.432748538011696,2021,-0.5286158,85.0,2.512135,85.0,3.0407508
1704665,76,690,710,0.698830409356725,2021,-0.5286158,85.0,-0.3813829,86.0,0.1472329
1704702,76,692,2,0.427325581395349,2021,-0.5442703,86.0,2.512135,85.0,3.0564053
1704857,76,692,710,0.718023255813954,2021,-0.5442703,86.0,-0.3813829,86.0,0.1628874
1704894,76,694,2,0.447368421052632,2021,-0.5553142,86.0,2.512135,85.0,3.0674492
1705049,76,694,710,0.680232558139535,2021,-0.5553142,86.0,-0.3813829,86.0,0.1739313
1705086,76,696,2,0.415697674418605,2021,-0.5828803,86.0,2.512135,85.0,3.0950153
1705241,76,696,710,0.729651162790698,2021,-0.5828803,86.0,-0.3813829,86.0,0.2014974
1705278,76,698,2,0.419642857142857,2021,-0.674051,85.0,2.512135,85.0,3.186186
1705433,76,698,710,0.714285714285714,2021,-0.674051,85.0,-0.3813829,86.0,0.2926681
1705470,76,700,2,0.384,2021,-0.5496823,72.0,2.512135,85.0,3.0618173
1705625,76,700,710,0.770161290322581,2021,-0.5496823,72.0,-0.3813829,86.0,0.1682994
1705662,76,701,2,0.331818181818182,2021,-0.7751347,62.0,2.512135,85.0,3.2872697
1705817,76,701,710,0.809090909090909,2021,-0.7751347,62.0,-0.3813829,86.0,0.3937518
1705854,76,702,2,0.341880341880342,2021,-0.5930311,74.0,2.512135,85.0,3.1051661
1706009,76,702,710,0.841880341880342,2021,-0.5930311,74.0,-0.3813829,86.0,0.2116482
1706046,76,703,2,0.364661654135338,2021,-0.7872359,77.0,2.512135,85.0,3.2993709
1706201,76,703,710,0.838345864661654,2021,-0.7872359,77.0,-0.3813829,86.0,0.405853
1706238,76,704,2,0.39453125,2021,-0.7876645,75.0,2.512135,85.0,3.2997995
1706393,76,704,710,0.80078125,2021,-0.7876645,75.0,-0.3813829,86.0,0.4062816
1706430,76,705,2,0.394904458598726,2021,-0.4747567,84.0,2.512135,85.0,2.9868917
1706585,76,705,710,0.770700636942675,2021,-0.4747567,84.0,-0.3813829,86.0,0.0933738
1706622,76,710,2,0.307017543859649,2021,-0.3813829,86.0,2.512135,85.0,2.8935179
1706623,76,710,20,0.482456140350877,2021,-0.3813829,86.0,1.284781,85.0,1.6661639
1706624,76,710,31,0.71830985915493,2021,-0.3813829,86.0,-0.3834556,71.0,0.0020726999999999
1706625,76,710,40,0.850609756097561,2021,-0.3813829,86.0,-1.67238,86.0,1.2909971
1706626,76,710,41,0.708904109589041,2021,-0.3813829,86.0,-0.0629284,76.0,0.3184545
1706627,76,710,42,0.652046783625731,2021,-0.3813829,86.0,-0.1561237,86.0,0.2252592
1706628,76,710,51,0.692073170731707,2021,-0.3813829,86.0,-0.2888475,86.0,0.0925354
1706629,76,710,52,0.746951219512195,2021,-0.3813829,86.0,-0.3898489,85.0,0.0084659999999999
1706630,76,710,53,0.700617283950617,2021,-0.3813829,86.0,-0.2762045,83.0,0.1051784
1706631,76,710,54,0.767045454545455,2021,-0.3813829,86.0,-0.5021182,42.0,0.1207353
1706632,76,710,55,0.792372881355932,2021,-0.3813829,86.0,-0.5616818,74.0,0.1802989
1706633,76,710,56,0.724358974358974,2021,-0.3813829,86.0,-0.4210331,78.0,0.0396502
1706634,76,710,57,0.738562091503268,2021,-0.3813829,86.0,-0.4385557,77.0,0.0571728
1706635,76,710,58,0.728682170542636,2021,-0.3813829,86.0,-0.3608628,69.0,0.0205201
1706636,76,710,60,0.853333333333333,2021,-0.3813829,86.0,-0.5118075,65.0,0.1304246
1706637,76,710,70,0.64327485380117,2021,-0.3813829,86.0,-0.02295689,86.0,0.35842601
1706638,76,710,80,0.731060606060606,2021,-0.3813829,86.0,-0.3205925,71.0,0.0607904
1706639,76,710,90,0.625,2021,-0.3813829,86.0,-0.03404852,86.0,0.34733438
1706640,76,710,91,0.623456790123457,2021,-0.3813829,86.0,0.007896807,85.0,0.389279707
1706641,76,710,92,0.666666666666667,2021,-0.3813829,86.0,-0.4453485,85.0,0.0639656
1706642,76,710,93,0.831360946745562,2021,-0.3813829,86.0,-1.65679,85.0,1.2754071
1706643,76,710,94,0.651162790697674,2021,-0.3813829,86.0,-0.1202817,86.0,0.2611012
1706644,76,710,95,0.636627906976744,2021,-0.3813829,86.0,-0.1038953,86.0,0.2774876
1706645,76,710,100,0.633720930232558,2021,-0.3813829,86.0,-0.01677413,86.0,0.36460877
1706646,76,710,101,0.844311377245509,2021,-0.3813829,86.0,-1.74273,86.0,1.3613471
1706647,76,710,110,0.696319018404908,2021,-0.3813829,86.0,-0.2035273,85.0,0.1778556
1706648,76,710,115,0.756410256410256,2021,-0.3813829,86.0,-0.4893576,81.0,0.1079747
1706649,76,710,130,0.654069767441861,2021,-0.3813829,86.0,-0.2276726,86.0,0.1537103
1706650,76,710,135,0.665697674418605,2021,-0.3813829,86.0,-0.2947436,86.0,0.0866393
1706651,76,710,140,0.619883040935672,2021,-0.3813829,86.0,0.1424592,85.0,0.5238421
1706652,76,710,145,0.752941176470588,2021,-0.3813829,86.0,-1.176489,86.0,0.7951061
1706653,76,710,150,0.673529411764706,2021,-0.3813829,86.0,-0.2849654,86.0,0.0964175
1706654,76,710,155,0.666666666666667,2021,-0.3813829,86.0,-0.1524853,86.0,0.2288976
1706655,76,710,160,0.656976744186046,2021,-0.3813829,86.0,-0.08759649,86.0,0.29378641
1706656,76,710,165,0.642441860465116,2021,-0.3813829,86.0,-0.06504307,86.0,0.31633983
1706657,76,710,200,0.468023255813953,2021,-0.3813829,86.0,1.850862,86.0,2.2322449
1706658,76,710,205,0.511627906976744,2021,-0.3813829,86.0,0.702153,86.0,1.0835359
1706659,76,710,210,0.531976744186046,2021,-0.3813829,86.0,1.100358,86.0,1.4817409
1706660,76,710,211,0.549418604651163,2021,-0.3813829,86.0,1.040234,86.0,1.4216169
1706661,76,710,212,0.534883720930233,2021,-0.3813829,86.0,1.079039,86.0,1.4604219
1706662,76,710,220,0.488235294117647,2021,-0.3813829,86.0,1.489614,84.0,1.8709969
1706663,76,710,221,0.523255813953488,2021,-0.3813829,86.0,1.086146,86.0,1.4675289
1706664,76,710,223,0.51453488372093,2021,-0.3813829,86.0,0.6807819,86.0,1.0621648
1706665,76,710,225,0.549418604651163,2021,-0.3813829,86.0,0.7274416,86.0,1.1088245
1706666,76,710,230,0.555232558139535,2021,-0.3813829,86.0,0.9218977,86.0,1.3032806
1706667,76,710,232,0.51453488372093,2021,-0.3813829,86.0,0.6799288,86.0,1.0613117
1706668,76,710,235,0.543604651162791,2021,-0.3813829,86.0,0.9723899,86.0,1.3537728
1706669,76,710,255,0.531976744186046,2021,-0.3813829,86.0,1.167116,86.0,1.5484989
1706670,76,710,290,0.520348837209302,2021,-0.3813829,86.0,1.170494,86.0,1.5518769
1706671,76,710,305,0.5,2021,-0.3813829,86.0,0.76397,86.0,1.1453529
1706672,76,710,310,0.502906976744186,2021,-0.3813829,86.0,1.182833,86.0,1.5642159
1706673,76,710,316,0.505813953488372,2021,-0.3813829,86.0,1.290894,86.0,1.6722769
1706674,76,710,317,0.526162790697674,2021,-0.3813829,86.0,1.173037,86.0,1.5544199
1706675,76,710,325,0.530120481927711,2021,-0.3813829,86.0,1.070355,81.0,1.4517379
1706676,76,710,331,0.508928571428571,2021,-0.3813829,86.0,0.6887075,85.0,1.0700904
1706677,76,710,338,0.520348837209302,2021,-0.3813829,86.0,0.7007932,86.0,1.0821761
1706678,76,710,339,0.526162790697674,2021,-0.3813829,86.0,1.102321,86.0,1.4837039
1706679,76,710,341,0.537790697674419,2021,-0.3813829,86.0,1.061162,86.0,1.4425449
1706680,76,710,343,0.538235294117647,2021,-0.3813829,86.0,1.034405,85.0,1.4157879
1706681,76,710,344,0.526162790697674,2021,-0.3813829,86.0,1.160478,86.0,1.5418609
1706682,76,710,345,0.765384615384615,2021,-0.3813829,86.0,0.3558754,79.0,0.7372583
1706683,76,710,346,0.606508875739645,2021,-0.3813829,86.0,0.6415969,85.0,1.0229798
1706684,76,710,349,0.526162790697674,2021,-0.3813829,86.0,1.131341,86.0,1.5127239
1706685,76,710,350,0.546511627906977,2021,-0.3813829,86.0,0.9122084,86.0,1.2935913
1706686,76,710,352,0.517543859649123,2021,-0.3813829,86.0,0.6746777,85.0,1.0560606
1706687,76,710,355,0.531976744186046,2021,-0.3813829,86.0,1.098236,86.0,1.4796189
1706688,76,710,359,0.511834319526627,2021,-0.3813829,86.0,0.710054,84.0,1.0914369
1706689,76,710,360,0.529069767441861,2021,-0.3813829,86.0,1.083126,86.0,1.4645089
1706690,76,710,365,0.845029239766082,2021,-0.3813829,86.0,-0.02596656,86.0,0.35541634
1706691,76,710,366,0.52046783625731,2021,-0.3813829,86.0,1.166763,85.0,1.5481459
1706692,76,710,367,0.523255813953488,2021,-0.3813829,86.0,1.166055,86.0,1.5474379
1706693,76,710,368,0.517441860465116,2021,-0.3813829,86.0,1.192519,86.0,1.5739019
1706694,76,710,369,0.494117647058824,2021,-0.3813829,86.0,1.18246,84.0,1.5638429
1706695,76,710,370,0.824561403508772,2021,-0.3813829,86.0,-0.478723,85.0,0.0973401
1706696,76,710,371,0.760416666666667,2021,-0.3813829,86.0,0.1542414,83.0,0.5356243
1706697,76,710,372,0.523668639053254,2021,-0.3813829,86.0,0.80269,84.0,1.1840729
1706698,76,710,373,0.782945736434108,2021,-0.3813829,86.0,-0.5141686,77.0,0.1327857
1706699,76,710,375,0.523255813953488,2021,-0.3813829,86.0,0.9195163,86.0,1.3008992
1706700,76,710,380,0.531976744186046,2021,-0.3813829,86.0,0.8511608,86.0,1.2325437
1706701,76,710,385,0.552325581395349,2021,-0.3813829,86.0,1.040798,86.0,1.4221809
1706702,76,710,390,0.529069767441861,2021,-0.3813829,86.0,1.154057,86.0,1.5354399
1706703,76,710,395,0.552325581395349,2021,-0.3813829,86.0,0.9787185,86.0,1.3601014
1706704,76,710,402,0.762295081967213,2021,-0.3813829,86.0,-0.465059,71.0,0.0836761
1706705,76,710,403,0.674757281553398,2021,-0.3813829,86.0,-0.4067604,46.0,0.0253775
1706706,76,710,404,0.764285714285714,2021,-0.3813829,86.0,-0.5264698,78.0,0.1450869
1706707,76,710,411,0.845070422535211,2021,-0.3813829,86.0,-0.7656603,54.0,0.3842774
1706708,76,710,420,0.762237762237762,2021,-0.3813829,86.0,-0.4077031,79.0,0.0263202
1706709,76,710,432,0.772455089820359,2021,-0.3813829,86.0,-0.8586382,83.0,0.4772553
1706710,76,710,433,0.748484848484849,2021,-0.3813829,86.0,-0.4540939,84.0,0.072711
1706711,76,710,434,0.885714285714286,2021,-0.3813829,86.0,-0.5237344,30.0,0.1423515
1706712,76,710,435,0.753164556962025,2021,-0.3813829,86.0,-0.6503753,81.0,0.2689924
1706713,76,710,436,0.71875,2021,-0.3813829,86.0,-0.5221405,54.0,0.1407576
1706714,76,710,437,0.685294117647059,2021,-0.3813829,86.0,-0.1482758,85.0,0.2331071
1706715,76,710,438,0.780645161290323,2021,-0.3813829,86.0,-0.5302863,75.0,0.1489034
1706716,76,710,439,0.777777777777778,2021,-0.3813829,86.0,-0.629746,73.0,0.2483631
1706717,76,710,450,0.588495575221239,2021,-0.3813829,86.0,0.3408145,50.0,0.7221974
1706718,76,710,451,0.76171875,2021,-0.3813829,86.0,-0.5352503,73.0,0.1538674
1706719,76,710,452,0.732919254658385,2021,-0.3813829,86.0,-0.3906326,81.0,0.0092496999999999
1706720,76,710,461,0.684713375796178,2021,-0.3813829,86.0,-0.08104731,78.0,0.30033559
1706721,76,710,471,0.815533980582524,2021,-0.3813829,86.0,-0.06247519,80.0,0.31890771
1706722,76,710,475,0.736024844720497,2021,-0.3813829,86.0,-0.525921,84.0,0.1445381
1706723,76,710,481,0.836206896551724,2021,-0.3813829,86.0,-0.1896111,57.0,0.1917718
1706724,76,710,482,0.827586206896552,2021,-0.3813829,86.0,-0.5688396,45.0,0.1874567
1706725,76,710,483,0.735668789808917,2021,-0.3813829,86.0,-0.6081261,81.0,0.2267432
1706726,76,710,484,0.8671875,2021,-0.3813829,86.0,-0.6034408,54.0,0.2220579
1706727,76,710,490,0.714285714285714,2021,-0.3813829,86.0,-0.1073566,3.0,0.2740263
1706728,76,710,500,0.776223776223776,2021,-0.3813829,86.0,-0.8054153,80.0,0.4240324
1706729,76,710,501,0.754901960784314,2021,-0.3813829,86.0,-0.3375573,78.0,0.0438256
1706730,76,710,510,0.751798561151079,2021,-0.3813829,86.0,-0.4547055,72.0,0.0733226
1706731,76,710,516,0.786885245901639,2021,-0.3813829,86.0,-0.6472785,59.0,0.2658956
1706732,76,710,517,0.730769230769231,2021,-0.3813829,86.0,-0.1059647,72.0,0.2754182
1706733,76,710,520,0.891891891891892,2021,-0.3813829,86.0,-0.6741836,56.0,0.2928007
1706734,76,710,522,0.74251497005988,2021,-0.3813829,86.0,-0.5529759,85.0,0.171593
1706735,76,710,530,0.758928571428571,2021,-0.3813829,86.0,-0.7573602,85.0,0.3759773
1706736,76,710,531,0.797546012269939,2021,-0.3813829,86.0,-1.068596,81.0,0.6872131
1706737,76,710,540,0.734567901234568,2021,-0.3813829,86.0,-0.6320022,83.0,0.2506193
1706738,76,710,541,0.756756756756757,2021,-0.3813829,86.0,-0.5627762,74.0,0.1813933
1706739,76,710,551,0.711038961038961,2021,-0.3813829,86.0,-0.2605425,76.0,0.1208404
1706740,76,710,552,0.852112676056338,2021,-0.3813829,86.0,-0.9409777,84.0,0.5595948
1706741,76,710,553,0.733870967741935,2021,-0.3813829,86.0,-0.2340985,64.0,0.1472844
1706742,76,710,560,0.729411764705882,2021,-0.3813829,86.0,-0.426889,84.0,0.0455061
1706743,76,710,565,0.740625,2021,-0.3813829,86.0,-0.5179648,83.0,0.1365819
1706744,76,710,570,0.721153846153846,2021,-0.3813829,86.0,-0.304847,78.0,0.0765359
1706745,76,710,571,0.689542483660131,2021,-0.3813829,86.0,-0.3137645,73.0,0.0676184
1706746,76,710,572,0.710084033613445,2021,-0.3813829,86.0,-0.5243604,54.0,0.1429775
1706747,76,710,580,0.711309523809524,2021,-0.3813829,86.0,-0.2744499,82.0,0.106933
1706748,76,710,581,0.882352941176471,2021,-0.3813829,86.0,-1.111018,71.0,0.7296351
1706749,76,710,590,0.746575342465753,2021,-0.3813829,86.0,-0.4871268,82.0,0.1057439
1706750,76,710,591,0.739583333333333,2021,-0.3813829,86.0,-0.4783758,52.0,0.0969929
1706751,76,710,600,0.710191082802548,2021,-0.3813829,86.0,-0.3771085,83.0,0.0042744
1706752,76,710,615,0.781976744186046,2021,-0.3813829,86.0,-1.026526,86.0,0.6451431
1706753,76,710,616,0.716867469879518,2021,-0.3813829,86.0,-0.5505571,84.0,0.1691742
1706754,76,710,620,0.739393939393939,2021,-0.3813829,86.0,-0.7189388,84.0,0.3375559
1706755,76,710,625,0.773291925465838,2021,-0.3813829,86.0,-0.9668245,80.0,0.5854416
1706756,76,710,626,0.744186046511628,2021,-0.3813829,86.0,-0.2330823,56.0,0.1483006
1706757,76,710,630,0.810810810810811,2021,-0.3813829,86.0,-1.866258,77.0,1.4848751
1706758,76,710,640,0.604166666666667,2021,-0.3813829,86.0,0.6718215,85.0,1.0532044
1706759,76,710,645,0.75297619047619,2021,-0.3813829,86.0,-0.6944454,83.0,0.3130625
1706760,76,710,651,0.76453488372093,2021,-0.3813829,86.0,-1.073554,86.0,0.6921711
1706761,76,710,652,0.858620689655172,2021,-0.3813829,86.0,-2.004125,84.0,1.6227421
1706762,76,710,660,0.725609756097561,2021,-0.3813829,86.0,-0.5893051,84.0,0.2079222
1706763,76,710,663,0.726708074534162,2021,-0.3813829,86.0,-0.5737114,81.0,0.1923285
1706764,76,710,666,0.326470588235294,2021,-0.3813829,86.0,2.211296,84.0,2.5926789
1706765,76,710,670,0.718023255813954,2021,-0.3813829,86.0,-0.3140749,86.0,0.067308
1706766,76,710,679,0.706395348837209,2021,-0.3813829,86.0,-0.5819836,86.0,0.2006007
1706767,76,710,690,0.698830409356725,2021,-0.3813829,86.0,-0.5286158,85.0,0.1472329
1706768,76,710,692,0.718023255813954,2021,-0.3813829,86.0,-0.5442703,86.0,0.1628874
1706769,76,710,694,0.680232558139535,2021,-0.3813829,86.0,-0.5553142,86.0,0.1739313
1706770,76,710,696,0.729651162790698,2021,-0.3813829,86.0,-0.5828803,86.0,0.2014974
1706771,76,710,698,0.714285714285714,2021,-0.3813829,86.0,-0.674051,85.0,0.2926681
1706772,76,710,700,0.770161290322581,2021,-0.3813829,86.0,-0.5496823,72.0,0.1682994
1706773,76,710,701,0.809090909090909,2021,-0.3813829,86.0,-0.7751347,62.0,0.3937518
1706774,76,710,702,0.841880341880342,2021,-0.3813829,86.0,-0.5930311,74.0,0.2116482
1706775,76,710,703,0.838345864661654,2021,-0.3813829,86.0,-0.7872359,77.0,0.405853
1706776,76,710,704,0.80078125,2021,-0.3813829,86.0,-0.7876645,75.0,0.4062816
1706777,76,710,705,0.770700636942675,2021,-0.3813829,86.0,-0.4747567,84.0,0.0933738
1706778,76,710,712,0.718023255813954,2021,-0.3813829,86.0,-0.5906194,86.0,0.2092365
1706779,76,710,731,0.9375,2021,-0.3813829,86.0,-0.3129159,74.0,0.068467
1706780,76,710,732,0.561046511627907,2021,-0.3813829,86.0,0.9071573,86.0,1.2885402
1706781,76,710,740,0.547058823529412,2021,-0.3813829,86.0,0.7313652,85.0,1.1127481
1706782,76,710,750,0.697674418604651,2021,-0.3813829,86.0,-0.1170656,86.0,0.2643173
1706783,76,710,760,0.689759036144578,2021,-0.3813829,86.0,-0.3977037,85.0,0.0163208
1706784,76,710,770,0.796407185628742,2021,-0.3813829,86.0,-0.1147068,85.0,0.2666761
1706785,76,710,771,0.743975903614458,2021,-0.3813829,86.0,-0.6335485,84.0,0.2521656
1706786,76,710,775,0.727611940298508,2021,-0.3813829,86.0,-0.5053034,66.0,0.1239205
1706787,76,710,780,0.767857142857143,2021,-0.3813829,86.0,-0.9697391,86.0,0.5883562
1706788,76,710,781,0.679012345679012,2021,-0.3813829,86.0,-0.3602307,86.0,0.0211522
1706789,76,710,790,0.726470588235294,2021,-0.3813829,86.0,-0.6398461,85.0,0.2584632
1706790,76,710,800,0.715116279069767,2021,-0.3813829,86.0,-0.3329556,86.0,0.0484273
1706791,76,710,811,0.829861111111111,2021,-0.3813829,86.0,-1.138657,82.0,0.7572741
1706792,76,710,812,0.777777777777778,2021,-0.3813829,86.0,-0.8555515,85.0,0.4741686
1706793,76,710,816,0.745341614906832,2021,-0.3813829,86.0,-0.717334,85.0,0.3359511
1706794,76,710,820,0.732558139534884,2021,-0.3813829,86.0,-0.6058812,86.0,0.2244983
1706795,76,710,830,0.715116279069767,2021,-0.3813829,86.0,-0.3510364,86.0,0.0303465
1706796,76,710,835,0.747093023255814,2021,-0.3813829,86.0,-0.7547364,86.0,0.3733535
1706797,76,710,840,0.710526315789474,2021,-0.3813829,86.0,-0.3214963,86.0,0.0598866
1706798,76,710,850,0.741279069767442,2021,-0.3813829,86.0,-0.7863013,86.0,0.4049184
1706799,76,710,860,0.689024390243902,2021,-0.3813829,86.0,-0.329488,83.0,0.0518949
1706800,76,710,900,0.488372093023256,2021,-0.3813829,86.0,1.349447,86.0,1.7308299
1706801,76,710,910,0.597315436241611,2021,-0.3813829,86.0,-0.03612233,67.0,0.34526057
1706802,76,710,920,0.526470588235294,2021,-0.3813829,86.0,0.7199447,86.0,1.1013276
1706803,76,710,935,0.71484375,2021,-0.3813829,86.0,-0.1218244,72.0,0.2595585
1706804,76,710,940,0.779411764705882,2021,-0.3813829,86.0,-0.318728,58.0,0.0626549
1706805,76,710,946,0.689393939393939,2021,-0.3813829,86.0,-0.2189988,74.0,0.1623841
1706806,76,710,947,0.580882352941177,2021,-0.3813829,86.0,-0.06784097,30.0,0.31354193
1706807,76,710,950,0.662721893491124,2021,-0.3813829,86.0,-0.2200102,83.0,0.1613727
1706808,76,710,955,0.753623188405797,2021,-0.3813829,86.0,0.1478137,66.0,0.5291966
1706809,76,710,970,0.568627450980392,2021,-0.3813829,86.0,0.2273678,46.0,0.6087507
1706810,76,710,983,0.448529411764706,2021,-0.3813829,86.0,0.8226821,73.0,1.204065
1706811,76,710,986,0.534883720930233,2021,-0.3813829,86.0,0.354336,66.0,0.7357189
1706812,76,710,987,0.431192660550459,2021,-0.3813829,86.0,1.614188,63.0,1.9955709
1706813,76,710,990,0.679166666666667,2021,-0.3813829,86.0,-0.0189918,61.0,0.3623911
1706814,76,712,2,0.444767441860465,2021,-0.5906194,86.0,2.512135,85.0,3.1027544
1706970,76,712,710,0.718023255813954,2021,-0.5906194,86.0,-0.3813829,86.0,0.2092365
1707006,76,731,2,0.151260504201681,2021,-0.3129159,74.0,2.512135,85.0,2.8250509
1707162,76,731,710,0.9375,2021,-0.3129159,74.0,-0.3813829,86.0,0.068467
1707198,76,732,2,0.73546511627907,2021,0.9071573,86.0,2.512135,85.0,1.6049777
1707354,76,732,710,0.561046511627907,2021,0.9071573,86.0,-0.3813829,86.0,1.2885402
1707390,76,740,2,0.702941176470588,2021,0.7313652,85.0,2.512135,85.0,1.7807698
1707546,76,740,710,0.547058823529412,2021,0.7313652,85.0,-0.3813829,86.0,1.1127481
1707582,76,750,2,0.418604651162791,2021,-0.1170656,86.0,2.512135,85.0,2.6292006
1707738,76,750,710,0.697674418604651,2021,-0.1170656,86.0,-0.3813829,86.0,0.2643173
1707774,76,760,2,0.463855421686747,2021,-0.3977037,85.0,2.512135,85.0,2.9098387
1707930,76,760,710,0.689759036144578,2021,-0.3977037,85.0,-0.3813829,86.0,0.0163208
1707966,76,770,2,0.38622754491018,2021,-0.1147068,85.0,2.512135,85.0,2.6268418
1708122,76,770,710,0.796407185628742,2021,-0.1147068,85.0,-0.3813829,86.0,0.2666761
1708158,76,771,2,0.424698795180723,2021,-0.6335485,84.0,2.512135,85.0,3.1456835
1708314,76,771,710,0.743975903614458,2021,-0.6335485,84.0,-0.3813829,86.0,0.2521656
1708350,76,775,2,0.436567164179104,2021,-0.5053034,66.0,2.512135,85.0,3.0174384
1708505,76,775,710,0.727611940298508,2021,-0.5053034,66.0,-0.3813829,86.0,0.1239205
1708541,76,780,2,0.375,2021,-0.9697391,86.0,2.512135,85.0,3.4818741
1708697,76,780,710,0.767857142857143,2021,-0.9697391,86.0,-0.3813829,86.0,0.5883562
1708733,76,781,2,0.472222222222222,2021,-0.3602307,86.0,2.512135,85.0,2.8723657
1708889,76,781,710,0.679012345679012,2021,-0.3602307,86.0,-0.3813829,86.0,0.0211522
1708925,76,790,2,0.438235294117647,2021,-0.6398461,85.0,2.512135,85.0,3.1519811
1709081,76,790,710,0.726470588235294,2021,-0.6398461,85.0,-0.3813829,86.0,0.2584632
1709117,76,800,2,0.436046511627907,2021,-0.3329556,86.0,2.512135,85.0,2.8450906
1709273,76,800,710,0.715116279069767,2021,-0.3329556,86.0,-0.3813829,86.0,0.0484273
1709309,76,811,2,0.34375,2021,-1.138657,82.0,2.512135,85.0,3.650792
1709465,76,811,710,0.829861111111111,2021,-1.138657,82.0,-0.3813829,86.0,0.7572741
1709501,76,812,2,0.354938271604938,2021,-0.8555515,85.0,2.512135,85.0,3.3676865
1709657,76,812,710,0.777777777777778,2021,-0.8555515,85.0,-0.3813829,86.0,0.4741686
1709693,76,816,2,0.381987577639752,2021,-0.717334,85.0,2.512135,85.0,3.229469
1709849,76,816,710,0.745341614906832,2021,-0.717334,85.0,-0.3813829,86.0,0.3359511
1709885,76,820,2,0.406976744186047,2021,-0.6058812,86.0,2.512135,85.0,3.1180162
1710041,76,820,710,0.732558139534884,2021,-0.6058812,86.0,-0.3813829,86.0,0.2244983
1710077,76,830,2,0.453488372093023,2021,-0.3510364,86.0,2.512135,85.0,2.8631714
1710233,76,830,710,0.715116279069767,2021,-0.3510364,86.0,-0.3813829,86.0,0.0303465
1710269,76,835,2,0.40406976744186,2021,-0.7547364,86.0,2.512135,85.0,3.2668714
1710425,76,835,710,0.747093023255814,2021,-0.7547364,86.0,-0.3813829,86.0,0.3733535
1710461,76,840,2,0.43859649122807,2021,-0.3214963,86.0,2.512135,85.0,2.8336313
1710617,76,840,710,0.710526315789474,2021,-0.3214963,86.0,-0.3813829,86.0,0.0598866
1710653,76,850,2,0.363372093023256,2021,-0.7863013,86.0,2.512135,85.0,3.2984363
1710809,76,850,710,0.741279069767442,2021,-0.7863013,86.0,-0.3813829,86.0,0.4049184
1710845,76,860,2,0.478658536585366,2021,-0.329488,83.0,2.512135,85.0,2.841623
1711001,76,860,710,0.689024390243902,2021,-0.329488,83.0,-0.3813829,86.0,0.0518949
1711037,76,900,2,0.805232558139535,2021,1.349447,86.0,2.512135,85.0,1.162688
1711193,76,900,710,0.488372093023256,2021,1.349447,86.0,-0.3813829,86.0,1.7308299
1711229,76,910,2,0.567114093959732,2021,-0.03612233,67.0,2.512135,85.0,2.54825733
1711385,76,910,710,0.597315436241611,2021,-0.03612233,67.0,-0.3813829,86.0,0.34526057
1711421,76,920,2,0.626470588235294,2021,0.7199447,86.0,2.512135,85.0,1.7921903
1711577,76,920,710,0.526470588235294,2021,0.7199447,86.0,-0.3813829,86.0,1.1013276
1711613,76,935,2,0.4375,2021,-0.1218244,72.0,2.512135,85.0,2.6339594
1711769,76,935,710,0.71484375,2021,-0.1218244,72.0,-0.3813829,86.0,0.2595585
1711805,76,940,2,0.402985074626866,2021,-0.318728,58.0,2.512135,85.0,2.830863
1711961,76,940,710,0.779411764705882,2021,-0.318728,58.0,-0.3813829,86.0,0.0626549
1711997,76,946,2,0.480916030534351,2021,-0.2189988,74.0,2.512135,85.0,2.7311338
1712153,76,946,710,0.689393939393939,2021,-0.2189988,74.0,-0.3813829,86.0,0.1623841
1712189,76,947,2,0.558823529411765,2021,-0.06784097,30.0,2.512135,85.0,2.57997597
1712345,76,947,710,0.580882352941177,2021,-0.06784097,30.0,-0.3813829,86.0,0.31354193
1712381,76,950,2,0.5,2021,-0.2200102,83.0,2.512135,85.0,2.7321452
1712537,76,950,710,0.662721893491124,2021,-0.2200102,83.0,-0.3813829,86.0,0.1613727
1712573,76,955,2,0.382352941176471,2021,0.1478137,66.0,2.512135,85.0,2.3643213
1712729,76,955,710,0.753623188405797,2021,0.1478137,66.0,-0.3813829,86.0,0.5291966
1712765,76,970,2,0.47,2021,0.2273678,46.0,2.512135,85.0,2.2847672
1712921,76,970,710,0.568627450980392,2021,0.2273678,46.0,-0.3813829,86.0,0.6087507
1712957,76,983,2,0.792592592592593,2021,0.8226821,73.0,2.512135,85.0,1.6894529
1713113,76,983,710,0.448529411764706,2021,0.8226821,73.0,-0.3813829,86.0,1.204065
1713149,76,986,2,0.622093023255814,2021,0.354336,66.0,2.512135,85.0,2.157799
1713305,76,986,710,0.534883720930233,2021,0.354336,66.0,-0.3813829,86.0,0.7357189
1713341,76,987,2,0.877272727272727,2021,1.614188,63.0,2.512135,85.0,0.897947
1713497,76,987,710,0.431192660550459,2021,1.614188,63.0,-0.3813829,86.0,1.9955709
1713533,76,990,2,0.491735537190083,2021,-0.0189918,61.0,2.512135,85.0,2.5311268
1713689,76,990,710,0.679166666666667,2021,-0.0189918,61.0,-0.3813829,86.0,0.3623911
1713725,77,2,20,0.882051282051282,2022,2.146105,88.0,1.279706,88.0,0.866399
1713726,77,2,31,0.544378698224852,2022,2.146105,88.0,-0.2530753,79.0,2.3991803
1713727,77,2,40,0.328947368421053,2022,2.146105,88.0,-1.313454,88.0,3.459559
1713728,77,2,41,0.579881656804734,2022,2.146105,88.0,-0.1213585,77.0,2.2674635
1713729,77,2,42,0.59020618556701,2022,2.146105,88.0,-0.03977751,88.0,2.18588251
1713730,77,2,51,0.523684210526316,2022,2.146105,88.0,-0.2660528,85.0,2.4121578
1713731,77,2,52,0.5234375,2022,2.146105,88.0,-0.4607878,87.0,2.6068928
1713732,77,2,53,0.548128342245989,2022,2.146105,88.0,-0.2561154,84.0,2.4022204
1713733,77,2,54,0.3125,2022,2.146105,88.0,-0.2815575,11.0,2.4276625
1713734,77,2,55,0.484756097560976,2022,2.146105,88.0,-0.4020552,80.0,2.5481602
1713735,77,2,56,0.486301369863014,2022,2.146105,88.0,-0.3156039,81.0,2.4617089
1713736,77,2,57,0.503030303030303,2022,2.146105,88.0,-0.3771622,85.0,2.5232672
1713737,77,2,58,0.559748427672956,2022,2.146105,88.0,-0.333384,77.0,2.479489
1713738,77,2,60,0.463815789473684,2022,2.146105,88.0,-0.4230073,81.0,2.5691123
1713739,77,2,70,0.566666666666667,2022,2.146105,88.0,-0.01043363,88.0,2.15653863
1713740,77,2,80,0.522988505747126,2022,2.146105,88.0,-0.3134132,82.0,2.4595182
1713741,77,2,90,0.615384615384615,2022,2.146105,88.0,0.1998161,88.0,1.9462889
1713742,77,2,91,0.577127659574468,2022,2.146105,88.0,-0.06058763,88.0,2.20669263
1713743,77,2,92,0.525906735751295,2022,2.146105,88.0,-0.5693073,87.0,2.7154123
1713744,77,2,93,0.290575916230366,2022,2.146105,88.0,-1.439318,88.0,3.585423
1713745,77,2,94,0.564432989690722,2022,2.146105,88.0,-0.01745778,88.0,2.16356278
1713746,77,2,95,0.602564102564103,2022,2.146105,88.0,0.09121261,88.0,2.05489239
1713747,77,2,100,0.585051546391753,2022,2.146105,88.0,-0.02559454,88.0,2.17169954
1713748,77,2,110,0.546632124352332,2022,2.146105,88.0,-0.2360956,87.0,2.3822006
1713749,77,2,115,0.580128205128205,2022,2.146105,88.0,-0.2374237,69.0,2.3835287
1713750,77,2,130,0.560846560846561,2022,2.146105,88.0,-0.04347676,88.0,2.18958176
1713751,77,2,135,0.546153846153846,2022,2.146105,88.0,-0.1631471,88.0,2.3092521
1713752,77,2,140,0.574742268041237,2022,2.146105,88.0,0.1097969,87.0,2.0363081
1713753,77,2,145,0.401595744680851,2022,2.146105,88.0,-0.9738206,85.0,3.1199256
1713754,77,2,150,0.556701030927835,2022,2.146105,88.0,-0.1629858,88.0,2.3090908
1713755,77,2,155,0.594871794871795,2022,2.146105,88.0,0.04200812,88.0,2.10409688
1713756,77,2,160,0.574742268041237,2022,2.146105,88.0,-0.04531572,88.0,2.19142072
1713757,77,2,165,0.585492227979275,2022,2.146105,88.0,0.06843257,88.0,2.07767243
1713758,77,2,200,0.866666666666667,2022,2.146105,88.0,1.507086,88.0,0.639019
1713759,77,2,205,0.746153846153846,2022,2.146105,88.0,0.771811,88.0,1.374294
1713760,77,2,210,0.825641025641026,2022,2.146105,88.0,1.086022,88.0,1.060083
1713761,77,2,211,0.824742268041237,2022,2.146105,88.0,0.9776565,88.0,1.1684485
1713762,77,2,212,0.823076923076923,2022,2.146105,88.0,0.9343435,88.0,1.2117615
1713763,77,2,220,0.841025641025641,2022,2.146105,88.0,1.230966,88.0,0.915139
1713764,77,2,221,0.830769230769231,2022,2.146105,88.0,0.9742138,88.0,1.1718912
1713765,77,2,223,0.751282051282051,2022,2.146105,88.0,0.7880741,88.0,1.3580309
1713766,77,2,225,0.756410256410256,2022,2.146105,88.0,0.7413666,88.0,1.4047384
1713767,77,2,230,0.81701030927835,2022,2.146105,88.0,0.9039734,87.0,1.2421316
1713768,77,2,232,0.769230769230769,2022,2.146105,88.0,0.7832057,88.0,1.3628993
1713769,77,2,235,0.82051282051282,2022,2.146105,88.0,0.9348446,88.0,1.2112604
1713770,77,2,255,0.848717948717949,2022,2.146105,88.0,1.183294,88.0,0.962811
1713771,77,2,290,0.82010582010582,2022,2.146105,88.0,1.056779,87.0,1.089326
1713772,77,2,305,0.762886597938144,2022,2.146105,88.0,0.9551424,88.0,1.1909626
1713773,77,2,310,0.861538461538462,2022,2.146105,88.0,1.229648,88.0,0.916457
1713774,77,2,316,0.853846153846154,2022,2.146105,88.0,1.214771,88.0,0.931334
1713775,77,2,317,0.830769230769231,2022,2.146105,88.0,1.133247,88.0,1.012858
1713776,77,2,325,0.829015544041451,2022,2.146105,88.0,1.056893,88.0,1.089212
1713777,77,2,331,0.762886597938144,2022,2.146105,88.0,0.815252,88.0,1.330853
1713778,77,2,338,0.758974358974359,2022,2.146105,88.0,0.7228174,88.0,1.4232876
1713779,77,2,339,0.838461538461538,2022,2.146105,88.0,1.054039,88.0,1.092066
1713780,77,2,341,0.819587628865979,2022,2.146105,88.0,0.9257972,88.0,1.2203078
1713781,77,2,343,0.809859154929577,2022,2.146105,88.0,0.9734319,42.0,1.1726731
1713782,77,2,344,0.844559585492228,2022,2.146105,88.0,1.15012,87.0,0.995985
1713783,77,2,345,0.682119205298013,2022,2.146105,88.0,0.3625463,83.0,1.7835587
1713784,77,2,346,0.784615384615385,2022,2.146105,88.0,0.7192414,88.0,1.4268636
1713785,77,2,349,0.817948717948718,2022,2.146105,88.0,0.90769,88.0,1.238415
1713786,77,2,350,0.825641025641026,2022,2.146105,88.0,0.8963355,88.0,1.2497695
1713787,77,2,352,0.766666666666667,2022,2.146105,88.0,0.710641,88.0,1.435464
1713788,77,2,355,0.828205128205128,2022,2.146105,88.0,1.064311,88.0,1.081794
1713789,77,2,359,0.776041666666667,2022,2.146105,88.0,0.8021365,86.0,1.3439685
1713790,77,2,360,0.833333333333333,2022,2.146105,88.0,1.047885,88.0,1.09822
1713791,77,2,365,0.304123711340206,2022,2.146105,88.0,-0.8089999,88.0,2.9551049
1713792,77,2,366,0.835897435897436,2022,2.146105,88.0,1.102643,88.0,1.043462
1713793,77,2,367,0.833333333333333,2022,2.146105,88.0,1.046684,88.0,1.099421
1713794,77,2,368,0.839378238341969,2022,2.146105,88.0,1.140508,87.0,1.005597
1713795,77,2,369,0.831550802139037,2022,2.146105,88.0,1.107824,82.0,1.038281
1713796,77,2,370,0.360103626943005,2022,2.146105,88.0,-1.053571,87.0,3.199676
1713797,77,2,371,0.54093567251462,2022,2.146105,88.0,-0.06105919,84.0,2.20716419
1713798,77,2,372,0.78804347826087,2022,2.146105,88.0,0.8662052,86.0,1.2798998
1713799,77,2,373,0.415322580645161,2022,2.146105,88.0,-0.5381619,72.0,2.6842669
1713800,77,2,375,0.823076923076923,2022,2.146105,88.0,0.9571533,88.0,1.1889517
1713801,77,2,380,0.825641025641026,2022,2.146105,88.0,0.9972321,88.0,1.1488729
1713802,77,2,385,0.812820512820513,2022,2.146105,88.0,0.8942364,88.0,1.2518686
1713803,77,2,390,0.833333333333333,2022,2.146105,88.0,1.057155,88.0,1.08895
1713804,77,2,395,0.82051282051282,2022,2.146105,88.0,0.9060248,88.0,1.2400802
1713805,77,2,402,0.550387596899225,2022,2.146105,88.0,-0.2330609,68.0,2.3791659
1713806,77,2,403,0.625,2022,2.146105,88.0,-0.3304651,3.0,2.4765701
1713807,77,2,404,0.478787878787879,2022,2.146105,88.0,-0.6074382,79.0,2.7535432
1713808,77,2,411,0.402777777777778,2022,2.146105,88.0,-0.7645303,61.0,2.9106353
1713809,77,2,420,0.466666666666667,2022,2.146105,88.0,-0.4151079,80.0,2.5612129
1713810,77,2,432,0.453804347826087,2022,2.146105,88.0,-1.014024,83.0,3.160129
1713811,77,2,433,0.472527472527473,2022,2.146105,88.0,-0.5222626,84.0,2.6683676
1713812,77,2,434,0.397058823529412,2022,2.146105,88.0,-0.2942353,63.0,2.4403403
1713813,77,2,435,0.437158469945355,2022,2.146105,88.0,-0.6347847,82.0,2.7808897
1713814,77,2,436,0.552816901408451,2022,2.146105,88.0,-0.4447062,63.0,2.5908112
1713815,77,2,437,0.551630434782609,2022,2.146105,88.0,-0.09602756,86.0,2.24213256
1713816,77,2,438,0.530534351145038,2022,2.146105,88.0,-0.4989126,61.0,2.6450176
1713817,77,2,439,0.34453781512605,2022,2.146105,88.0,-0.4992386,66.0,2.6453436
1713818,77,2,450,0.948630136986301,2022,2.146105,88.0,0.9497295,61.0,1.1963755
1713819,77,2,451,0.537790697674419,2022,2.146105,88.0,-0.3366516,80.0,2.4827566
1713820,77,2,452,0.505405405405405,2022,2.146105,88.0,-0.3369496,83.0,2.4830546
1713821,77,2,461,0.510362694300518,2022,2.146105,88.0,-0.3817442,87.0,2.5278492
1713822,77,2,471,0.385321100917431,2022,2.146105,88.0,-0.183903,78.0,2.330008
1713823,77,2,475,0.445652173913043,2022,2.146105,88.0,-0.5989834,77.0,2.7450884
1713824,77,2,481,0.329896907216495,2022,2.146105,88.0,-0.6333597,80.0,2.7794647
1713825,77,2,482,0.466666666666667,2022,2.146105,88.0,-0.9502909,66.0,3.0963959
1713826,77,2,483,0.509493670886076,2022,2.146105,88.0,-0.2642495,80.0,2.4103545
1713827,77,2,484,0.364130434782609,2022,2.146105,88.0,-0.7979803,68.0,2.9440853
1713828,77,2,490,0.615702479338843,2022,2.146105,88.0,-0.2405027,51.0,2.3866077
1713829,77,2,500,0.365131578947368,2022,2.146105,88.0,-0.7707603,87.0,2.9168653
1713830,77,2,501,0.451871657754011,2022,2.146105,88.0,-0.3914872,83.0,2.5375922
1713831,77,2,510,0.548701298701299,2022,2.146105,88.0,-0.6673881,64.0,2.8134931
1713832,77,2,516,0.436619718309859,2022,2.146105,88.0,-0.7468948,71.0,2.8929998
1713833,77,2,517,0.581481481481481,2022,2.146105,88.0,-0.0552757,72.0,2.2013807
1713834,77,2,520,0.4,2022,2.146105,88.0,-0.3623398,51.0,2.5084448
1713835,77,2,522,0.47554347826087,2022,2.146105,88.0,-0.5681317,78.0,2.7142367
1713836,77,2,530,0.373015873015873,2022,2.146105,88.0,-1.071803,85.0,3.217908
1713837,77,2,531,0.388020833333333,2022,2.146105,88.0,-1.096095,85.0,3.2422
1713838,77,2,540,0.48936170212766,2022,2.146105,88.0,-0.6247996,88.0,2.7709046
1713839,77,2,541,0.5,2022,2.146105,88.0,-0.6634682,86.0,2.8095732
1713840,77,2,551,0.514792899408284,2022,2.146105,88.0,-0.3914307,78.0,2.5375357
1713841,77,2,552,0.307086614173228,2022,2.146105,88.0,-1.226005,78.0,3.37211
1713842,77,2,553,0.628415300546448,2022,2.146105,88.0,0.142333,83.0,2.003772
1713843,77,2,560,0.428947368421053,2022,2.146105,88.0,-0.6300601,87.0,2.7761651
1713844,77,2,565,0.447916666666667,2022,2.146105,88.0,-0.6859742,86.0,2.8320792
1713845,77,2,570,0.478142076502732,2022,2.146105,88.0,-0.394468,80.0,2.540573
1713846,77,2,571,0.550531914893617,2022,2.146105,88.0,-0.4413722,84.0,2.5874772
1713847,77,2,572,0.568027210884354,2022,2.146105,88.0,-0.4494816,69.0,2.5955866
1713848,77,2,580,0.527027027027027,2022,2.146105,88.0,-0.5237584,83.0,2.6698634
1713849,77,2,581,0.6,2022,2.146105,88.0,-0.3242653,12.0,2.4703703
1713850,77,2,590,0.491758241758242,2022,2.146105,88.0,-0.3773843,88.0,2.5234893
1713851,77,2,591,0.657894736842105,2022,2.146105,88.0,-0.0003679279,30.0,2.1464729279
1713852,77,2,600,0.497076023391813,2022,2.146105,88.0,-0.527594,80.0,2.673699
1713853,77,2,615,0.384615384615385,2022,2.146105,88.0,-1.13155,88.0,3.277655
1713854,77,2,616,0.5,2022,2.146105,88.0,-0.5959181,86.0,2.7420231
1713855,77,2,620,0.460526315789474,2022,2.146105,88.0,-0.6255826,87.0,2.7716876
1713856,77,2,625,0.408602150537634,2022,2.146105,88.0,-0.8677935,80.0,3.0138985
1713857,77,2,626,0.398648648648649,2022,2.146105,88.0,-0.141436,39.0,2.287541
1713858,77,2,630,0.275132275132275,2022,2.146105,88.0,-1.530086,83.0,3.676191
1713859,77,2,640,0.760989010989011,2022,2.146105,88.0,0.4891023,85.0,1.6570027
1713860,77,2,645,0.443298969072165,2022,2.146105,88.0,-0.7839982,87.0,2.9301032
1713861,77,2,651,0.373711340206186,2022,2.146105,88.0,-0.7737565,88.0,2.9198615
1713862,77,2,652,0.213483146067416,2022,2.146105,88.0,-1.853832,86.0,3.999937
1713863,77,2,660,0.441176470588235,2022,2.146105,88.0,-0.7607086,85.0,2.9068136
1713864,77,2,663,0.45,2022,2.146105,88.0,-0.5310358,88.0,2.6771408
1713865,77,2,666,0.875,2022,2.146105,88.0,1.666526,86.0,0.479579
1713866,77,2,670,0.463541666666667,2022,2.146105,88.0,-0.5423742,86.0,2.6884792
1713867,77,2,679,0.476923076923077,2022,2.146105,88.0,-0.5169503,88.0,2.6630553
1713868,77,2,690,0.484536082474227,2022,2.146105,88.0,-0.4525973,87.0,2.5987023
1713869,77,2,692,0.471649484536082,2022,2.146105,88.0,-0.6390049,87.0,2.7851099
1713870,77,2,694,0.482051282051282,2022,2.146105,88.0,-0.4523837,88.0,2.5984887
1713871,77,2,696,0.456185567010309,2022,2.146105,88.0,-0.6846271,88.0,2.8307321
1713872,77,2,698,0.471052631578947,2022,2.146105,88.0,-0.6324113,88.0,2.7785163
1713873,77,2,700,0.509090909090909,2022,2.146105,88.0,-0.2003146,66.0,2.3464196
1713874,77,2,701,0.233333333333333,2022,2.146105,88.0,-0.7016767,61.0,2.8477817
1713875,77,2,702,0.370503597122302,2022,2.146105,88.0,-0.7203259,84.0,2.8664309
1713876,77,2,703,0.423566878980892,2022,2.146105,88.0,-0.9387289,84.0,3.0848339
1713877,77,2,704,0.444444444444444,2022,2.146105,88.0,-0.8987411,82.0,3.0448461
1713878,77,2,705,0.441988950276243,2022,2.146105,88.0,-0.9163718,86.0,3.0624768
1713879,77,2,710,0.338541666666667,2022,2.146105,88.0,-1.35095,87.0,3.497055
1713880,77,2,712,0.5,2022,2.146105,88.0,-0.678439,86.0,2.824544
1713881,77,2,731,0.222222222222222,2022,2.146105,88.0,-1.010828,78.0,3.156933
1713882,77,2,732,0.812820512820513,2022,2.146105,88.0,0.8123537,88.0,1.3337513
1713883,77,2,740,0.792307692307692,2022,2.146105,88.0,0.7615553,88.0,1.3845497
1713884,77,2,750,0.458974358974359,2022,2.146105,88.0,-0.3928893,88.0,2.5389943
1713885,77,2,760,0.515706806282722,2022,2.146105,88.0,-0.3397889,85.0,2.4858939
1713886,77,2,770,0.407692307692308,2022,2.146105,88.0,-0.7474607,88.0,2.8935657
1713887,77,2,771,0.469072164948454,2022,2.146105,88.0,-0.6155064,88.0,2.7616114
1713888,77,2,775,0.535326086956522,2022,2.146105,88.0,-0.1378865,85.0,2.2839915
1713889,77,2,780,0.407216494845361,2022,2.146105,88.0,-0.8145433,87.0,2.9606483
1713890,77,2,781,0.541884816753927,2022,2.146105,88.0,-0.3104777,87.0,2.4565827
1713891,77,2,790,0.50259067357513,2022,2.146105,88.0,-0.4794519,87.0,2.6255569
1713892,77,2,800,0.51025641025641,2022,2.146105,88.0,-0.3999506,88.0,2.5460556
1713893,77,2,811,0.470760233918129,2022,2.146105,88.0,-0.5410606,86.0,2.6871656
1713894,77,2,812,0.419444444444444,2022,2.146105,88.0,-0.902967,87.0,3.049072
1713895,77,2,816,0.441520467836257,2022,2.146105,88.0,-0.9052707,84.0,3.0513757
1713896,77,2,820,0.453846153846154,2022,2.146105,88.0,-0.5801756,88.0,2.7262806
1713897,77,2,830,0.546153846153846,2022,2.146105,88.0,-0.2837036,88.0,2.4298086
1713898,77,2,835,0.469230769230769,2022,2.146105,88.0,-0.6547591,88.0,2.8008641
1713899,77,2,840,0.518134715025907,2022,2.146105,88.0,-0.1931788,87.0,2.3392838
1713900,77,2,850,0.417948717948718,2022,2.146105,88.0,-0.6670024,88.0,2.8131074
1713901,77,2,860,0.5,2022,2.146105,88.0,-0.1611306,59.0,2.3072356
1713902,77,2,900,0.841025641025641,2022,2.146105,88.0,1.1608,88.0,0.985305
1713903,77,2,910,0.652849740932642,2022,2.146105,88.0,0.1421291,86.0,2.0039759
1713904,77,2,920,0.751282051282051,2022,2.146105,88.0,0.7485849,88.0,1.3975201
1713905,77,2,935,0.591194968553459,2022,2.146105,88.0,-0.1929346,79.0,2.3390396
1713906,77,2,940,0.525252525252525,2022,2.146105,88.0,-0.2941255,60.0,2.4402305
1713907,77,2,946,0.56875,2022,2.146105,88.0,-0.05073451,70.0,2.19683951
1713908,77,2,947,0.644444444444444,2022,2.146105,88.0,-0.02023921,58.0,2.16634421
1713909,77,2,950,0.597058823529412,2022,2.146105,88.0,-0.12167,81.0,2.267775
1713910,77,2,955,0.772727272727273,2022,2.146105,88.0,-0.07693664,11.0,2.22304164
1713911,77,2,970,0.605263157894737,2022,2.146105,88.0,0.4198497,52.0,1.7262553
1713912,77,2,983,0.877483443708609,2022,2.146105,88.0,1.006107,77.0,1.139998
1713913,77,2,986,0.780373831775701,2022,2.146105,88.0,0.5768141,71.0,1.5692909
1713914,77,2,987,0.906015037593985,2022,2.146105,88.0,1.266749,67.0,0.879356
1713915,77,2,990,0.640287769784173,2022,2.146105,88.0,0.05189717,67.0,2.09420783
1713916,77,20,2,0.882051282051282,2022,1.279706,88.0,2.146105,88.0,0.866399
1714070,77,20,710,0.434895833333333,2022,1.279706,88.0,-1.35095,87.0,2.630656
1714107,77,31,2,0.544378698224852,2022,-0.2530753,79.0,2.146105,88.0,2.3991803
1714261,77,31,710,0.74251497005988,2022,-0.2530753,79.0,-1.35095,87.0,1.0978747
1714298,77,40,2,0.328947368421053,2022,-1.313454,88.0,2.146105,88.0,3.459559
1714452,77,40,710,0.842245989304813,2022,-1.313454,88.0,-1.35095,87.0,0.0374960000000002
1714489,77,41,2,0.579881656804734,2022,-0.1213585,77.0,2.146105,88.0,2.2674635
1714643,77,41,710,0.704819277108434,2022,-0.1213585,77.0,-1.35095,87.0,1.2295915
1714680,77,42,2,0.59020618556701,2022,-0.03977751,88.0,2.146105,88.0,2.18588251
1714834,77,42,710,0.670157068062827,2022,-0.03977751,88.0,-1.35095,87.0,1.31117249
1714871,77,51,2,0.523684210526316,2022,-0.2660528,85.0,2.146105,88.0,2.4121578
1715025,77,51,710,0.716577540106952,2022,-0.2660528,85.0,-1.35095,87.0,1.0848972
1715062,77,52,2,0.5234375,2022,-0.4607878,87.0,2.146105,88.0,2.6068928
1715216,77,52,710,0.746031746031746,2022,-0.4607878,87.0,-1.35095,87.0,0.8901622
1715253,77,53,2,0.548128342245989,2022,-0.2561154,84.0,2.146105,88.0,2.4022204
1715407,77,53,710,0.717391304347826,2022,-0.2561154,84.0,-1.35095,87.0,1.0948346
1715444,77,54,2,0.3125,2022,-0.2815575,11.0,2.146105,88.0,2.4276625
1715598,77,54,710,0.875,2022,-0.2815575,11.0,-1.35095,87.0,1.0693925
1715635,77,55,2,0.484756097560976,2022,-0.4020552,80.0,2.146105,88.0,2.5481602
1715789,77,55,710,0.777777777777778,2022,-0.4020552,80.0,-1.35095,87.0,0.9488948
1715826,77,56,2,0.486301369863014,2022,-0.3156039,81.0,2.146105,88.0,2.4617089
1715980,77,56,710,0.768965517241379,2022,-0.3156039,81.0,-1.35095,87.0,1.0353461
1716017,77,57,2,0.503030303030303,2022,-0.3771622,85.0,2.146105,88.0,2.5232672
1716171,77,57,710,0.753086419753086,2022,-0.3771622,85.0,-1.35095,87.0,0.9737878
1716208,77,58,2,0.559748427672956,2022,-0.333384,77.0,2.146105,88.0,2.479489
1716362,77,58,710,0.748407643312102,2022,-0.333384,77.0,-1.35095,87.0,1.017566
1716399,77,60,2,0.463815789473684,2022,-0.4230073,81.0,2.146105,88.0,2.5691123
1716553,77,60,710,0.78476821192053,2022,-0.4230073,81.0,-1.35095,87.0,0.9279427
1716590,77,70,2,0.566666666666667,2022,-0.01043363,88.0,2.146105,88.0,2.15653863
1716744,77,70,710,0.65625,2022,-0.01043363,88.0,-1.35095,87.0,1.34051637
1716781,77,80,2,0.522988505747126,2022,-0.3134132,82.0,2.146105,88.0,2.4595182
1716935,77,80,710,0.747093023255814,2022,-0.3134132,82.0,-1.35095,87.0,1.0375368
1716972,77,90,2,0.615384615384615,2022,0.1998161,88.0,2.146105,88.0,1.9462889
1717126,77,90,710,0.614583333333333,2022,0.1998161,88.0,-1.35095,87.0,1.5507661
1717163,77,91,2,0.577127659574468,2022,-0.06058763,88.0,2.146105,88.0,2.20669263
1717317,77,91,710,0.667567567567568,2022,-0.06058763,88.0,-1.35095,87.0,1.29036237
1717354,77,92,2,0.525906735751295,2022,-0.5693073,87.0,2.146105,88.0,2.7154123
1717508,77,92,710,0.726315789473684,2022,-0.5693073,87.0,-1.35095,87.0,0.7816427
1717545,77,93,2,0.290575916230366,2022,-1.439318,88.0,2.146105,88.0,3.585423
1717699,77,93,710,0.837765957446808,2022,-1.439318,88.0,-1.35095,87.0,0.088368
1717736,77,94,2,0.564432989690722,2022,-0.01745778,88.0,2.146105,88.0,2.16356278
1717890,77,94,710,0.678010471204188,2022,-0.01745778,88.0,-1.35095,87.0,1.33349222
1717927,77,95,2,0.602564102564103,2022,0.09121261,88.0,2.146105,88.0,2.05489239
1718081,77,95,710,0.6640625,2022,0.09121261,88.0,-1.35095,87.0,1.44216261
1718118,77,100,2,0.585051546391753,2022,-0.02559454,88.0,2.146105,88.0,2.17169954
1718272,77,100,710,0.651832460732984,2022,-0.02559454,88.0,-1.35095,87.0,1.32535546
1718309,77,110,2,0.546632124352332,2022,-0.2360956,87.0,2.146105,88.0,2.3822006
1718463,77,110,710,0.715789473684211,2022,-0.2360956,87.0,-1.35095,87.0,1.1148544
1718500,77,115,2,0.580128205128205,2022,-0.2374237,69.0,2.146105,88.0,2.3835287
1718654,77,115,710,0.722222222222222,2022,-0.2374237,69.0,-1.35095,87.0,1.1135263
1718691,77,130,2,0.560846560846561,2022,-0.04347676,88.0,2.146105,88.0,2.18958176
1718845,77,130,710,0.685483870967742,2022,-0.04347676,88.0,-1.35095,87.0,1.30747324
1718882,77,135,2,0.546153846153846,2022,-0.1631471,88.0,2.146105,88.0,2.3092521
1719036,77,135,710,0.705729166666667,2022,-0.1631471,88.0,-1.35095,87.0,1.1878029
1719073,77,140,2,0.574742268041237,2022,0.1097969,87.0,2.146105,88.0,2.0363081
1719227,77,140,710,0.662303664921466,2022,0.1097969,87.0,-1.35095,87.0,1.4607469
1719264,77,145,2,0.401595744680851,2022,-0.9738206,85.0,2.146105,88.0,3.1199256
1719418,77,145,710,0.793010752688172,2022,-0.9738206,85.0,-1.35095,87.0,0.3771294
1719455,77,150,2,0.556701030927835,2022,-0.1629858,88.0,2.146105,88.0,2.3090908
1719609,77,150,710,0.709424083769634,2022,-0.1629858,88.0,-1.35095,87.0,1.1879642
1719646,77,155,2,0.594871794871795,2022,0.04200812,88.0,2.146105,88.0,2.10409688
1719800,77,155,710,0.661458333333333,2022,0.04200812,88.0,-1.35095,87.0,1.39295812
1719837,77,160,2,0.574742268041237,2022,-0.04531572,88.0,2.146105,88.0,2.19142072
1719991,77,160,710,0.691099476439791,2022,-0.04531572,88.0,-1.35095,87.0,1.30563428
1720028,77,165,2,0.585492227979275,2022,0.06843257,88.0,2.146105,88.0,2.07767243
1720182,77,165,710,0.678947368421053,2022,0.06843257,88.0,-1.35095,87.0,1.41938257
1720219,77,200,2,0.866666666666667,2022,1.507086,88.0,2.146105,88.0,0.639019
1720373,77,200,710,0.458333333333333,2022,1.507086,88.0,-1.35095,87.0,2.858036
1720410,77,205,2,0.746153846153846,2022,0.771811,88.0,2.146105,88.0,1.374294
1720564,77,205,710,0.486979166666667,2022,0.771811,88.0,-1.35095,87.0,2.122761
1720601,77,210,2,0.825641025641026,2022,1.086022,88.0,2.146105,88.0,1.060083
1720755,77,210,710,0.484375,2022,1.086022,88.0,-1.35095,87.0,2.436972
1720792,77,211,2,0.824742268041237,2022,0.9776565,88.0,2.146105,88.0,1.1684485
1720946,77,211,710,0.49738219895288,2022,0.9776565,88.0,-1.35095,87.0,2.3286065
1720983,77,212,2,0.823076923076923,2022,0.9343435,88.0,2.146105,88.0,1.2117615
1721137,77,212,710,0.497395833333333,2022,0.9343435,88.0,-1.35095,87.0,2.2852935
1721174,77,220,2,0.841025641025641,2022,1.230966,88.0,2.146105,88.0,0.915139
1721328,77,220,710,0.479166666666667,2022,1.230966,88.0,-1.35095,87.0,2.581916
1721365,77,221,2,0.830769230769231,2022,0.9742138,88.0,2.146105,88.0,1.1718912
1721519,77,221,710,0.486979166666667,2022,0.9742138,88.0,-1.35095,87.0,2.3251638
1721556,77,223,2,0.751282051282051,2022,0.7880741,88.0,2.146105,88.0,1.3580309
1721710,77,223,710,0.486979166666667,2022,0.7880741,88.0,-1.35095,87.0,2.1390241
1721747,77,225,2,0.756410256410256,2022,0.7413666,88.0,2.146105,88.0,1.4047384
1721901,77,225,710,0.528645833333333,2022,0.7413666,88.0,-1.35095,87.0,2.0923166
1721938,77,230,2,0.81701030927835,2022,0.9039734,87.0,2.146105,88.0,1.2421316
1722092,77,230,710,0.5,2022,0.9039734,87.0,-1.35095,87.0,2.2549234
1722129,77,232,2,0.769230769230769,2022,0.7832057,88.0,2.146105,88.0,1.3628993
1722283,77,232,710,0.494791666666667,2022,0.7832057,88.0,-1.35095,87.0,2.1341557
1722320,77,235,2,0.82051282051282,2022,0.9348446,88.0,2.146105,88.0,1.2112604
1722474,77,235,710,0.497395833333333,2022,0.9348446,88.0,-1.35095,87.0,2.2857946
1722511,77,255,2,0.848717948717949,2022,1.183294,88.0,2.146105,88.0,0.962811
1722665,77,255,710,0.473958333333333,2022,1.183294,88.0,-1.35095,87.0,2.534244
1722702,77,290,2,0.82010582010582,2022,1.056779,87.0,2.146105,88.0,1.089326
1722856,77,290,710,0.483870967741935,2022,1.056779,87.0,-1.35095,87.0,2.407729
1722893,77,305,2,0.762886597938144,2022,0.9551424,88.0,2.146105,88.0,1.1909626
1723047,77,305,710,0.476439790575916,2022,0.9551424,88.0,-1.35095,87.0,2.3060924
1723084,77,310,2,0.861538461538462,2022,1.229648,88.0,2.146105,88.0,0.916457
1723238,77,310,710,0.4609375,2022,1.229648,88.0,-1.35095,87.0,2.580598
1723275,77,316,2,0.853846153846154,2022,1.214771,88.0,2.146105,88.0,0.931334
1723429,77,316,710,0.46875,2022,1.214771,88.0,-1.35095,87.0,2.565721
1723466,77,317,2,0.830769230769231,2022,1.133247,88.0,2.146105,88.0,1.012858
1723620,77,317,710,0.486979166666667,2022,1.133247,88.0,-1.35095,87.0,2.484197
1723657,77,325,2,0.829015544041451,2022,1.056893,88.0,2.146105,88.0,1.089212
1723811,77,325,710,0.494736842105263,2022,1.056893,88.0,-1.35095,87.0,2.407843
1723848,77,331,2,0.762886597938144,2022,0.815252,88.0,2.146105,88.0,1.330853
1724002,77,331,710,0.492146596858639,2022,0.815252,88.0,-1.35095,87.0,2.166202
1724039,77,338,2,0.758974358974359,2022,0.7228174,88.0,2.146105,88.0,1.4232876
1724193,77,338,710,0.5,2022,0.7228174,88.0,-1.35095,87.0,2.0737674
1724230,77,339,2,0.838461538461538,2022,1.054039,88.0,2.146105,88.0,1.092066
1724384,77,339,710,0.484375,2022,1.054039,88.0,-1.35095,87.0,2.404989
1724421,77,341,2,0.819587628865979,2022,0.9257972,88.0,2.146105,88.0,1.2203078
1724575,77,341,710,0.494764397905759,2022,0.9257972,88.0,-1.35095,87.0,2.2767472
1724612,77,343,2,0.809859154929577,2022,0.9734319,42.0,2.146105,88.0,1.1726731
1724766,77,343,710,0.314285714285714,2022,0.9734319,42.0,-1.35095,87.0,2.3243819
1724803,77,344,2,0.844559585492228,2022,1.15012,87.0,2.146105,88.0,0.995985
1724957,77,344,710,0.476315789473684,2022,1.15012,87.0,-1.35095,87.0,2.50107
1724994,77,345,2,0.682119205298013,2022,0.3625463,83.0,2.146105,88.0,1.7835587
1725148,77,345,710,0.691275167785235,2022,0.3625463,83.0,-1.35095,87.0,1.7134963
1725185,77,346,2,0.784615384615385,2022,0.7192414,88.0,2.146105,88.0,1.4268636
1725339,77,346,710,0.526041666666667,2022,0.7192414,88.0,-1.35095,87.0,2.0701914
1725376,77,349,2,0.817948717948718,2022,0.90769,88.0,2.146105,88.0,1.238415
1725530,77,349,710,0.502604166666667,2022,0.90769,88.0,-1.35095,87.0,2.25864
1725567,77,350,2,0.825641025641026,2022,0.8963355,88.0,2.146105,88.0,1.2497695
1725721,77,350,710,0.489583333333333,2022,0.8963355,88.0,-1.35095,87.0,2.2472855
1725758,77,352,2,0.766666666666667,2022,0.710641,88.0,2.146105,88.0,1.435464
1725912,77,352,710,0.497395833333333,2022,0.710641,88.0,-1.35095,87.0,2.061591
1725949,77,355,2,0.828205128205128,2022,1.064311,88.0,2.146105,88.0,1.081794
1726103,77,355,710,0.486979166666667,2022,1.064311,88.0,-1.35095,87.0,2.415261
1726140,77,359,2,0.776041666666667,2022,0.8021365,86.0,2.146105,88.0,1.3439685
1726294,77,359,710,0.486772486772487,2022,0.8021365,86.0,-1.35095,87.0,2.1530865
1726331,77,360,2,0.833333333333333,2022,1.047885,88.0,2.146105,88.0,1.09822
1726485,77,360,710,0.479166666666667,2022,1.047885,88.0,-1.35095,87.0,2.398835
1726522,77,365,2,0.304123711340206,2022,-0.8089999,88.0,2.146105,88.0,2.9551049
1726676,77,365,710,0.815104166666667,2022,-0.8089999,88.0,-1.35095,87.0,0.5419501
1726713,77,366,2,0.835897435897436,2022,1.102643,88.0,2.146105,88.0,1.043462
1726867,77,366,710,0.4765625,2022,1.102643,88.0,-1.35095,87.0,2.453593
1726904,77,367,2,0.833333333333333,2022,1.046684,88.0,2.146105,88.0,1.099421
1727058,77,367,710,0.484375,2022,1.046684,88.0,-1.35095,87.0,2.397634
1727095,77,368,2,0.839378238341969,2022,1.140508,87.0,2.146105,88.0,1.005597
1727249,77,368,710,0.471052631578947,2022,1.140508,87.0,-1.35095,87.0,2.491458
1727286,77,369,2,0.831550802139037,2022,1.107824,82.0,2.146105,88.0,1.038281
1727440,77,369,710,0.46195652173913,2022,1.107824,82.0,-1.35095,87.0,2.458774
1727477,77,370,2,0.360103626943005,2022,-1.053571,87.0,2.146105,88.0,3.199676
1727631,77,370,710,0.813157894736842,2022,-1.053571,87.0,-1.35095,87.0,0.297379
1727668,77,371,2,0.54093567251462,2022,-0.06105919,84.0,2.146105,88.0,2.20716419
1727822,77,371,710,0.741176470588235,2022,-0.06105919,84.0,-1.35095,87.0,1.28989081
1727859,77,372,2,0.78804347826087,2022,0.8662052,86.0,2.146105,88.0,1.2798998
1728013,77,372,710,0.524861878453039,2022,0.8662052,86.0,-1.35095,87.0,2.2171552
1728050,77,373,2,0.415322580645161,2022,-0.5381619,72.0,2.146105,88.0,2.6842669
1728204,77,373,710,0.848360655737705,2022,-0.5381619,72.0,-1.35095,87.0,0.8127881
1728241,77,375,2,0.823076923076923,2022,0.9571533,88.0,2.146105,88.0,1.1889517
1728395,77,375,710,0.4921875,2022,0.9571533,88.0,-1.35095,87.0,2.3081033
1728432,77,380,2,0.825641025641026,2022,0.9972321,88.0,2.146105,88.0,1.1488729
1728586,77,380,710,0.494791666666667,2022,0.9972321,88.0,-1.35095,87.0,2.3481821
1728623,77,385,2,0.812820512820513,2022,0.8942364,88.0,2.146105,88.0,1.2518686
1728777,77,385,710,0.502604166666667,2022,0.8942364,88.0,-1.35095,87.0,2.2451864
1728814,77,390,2,0.833333333333333,2022,1.057155,88.0,2.146105,88.0,1.08895
1728968,77,390,710,0.489583333333333,2022,1.057155,88.0,-1.35095,87.0,2.408105
1729005,77,395,2,0.82051282051282,2022,0.9060248,88.0,2.146105,88.0,1.2400802
1729159,77,395,710,0.5,2022,0.9060248,88.0,-1.35095,87.0,2.2569748
1729196,77,402,2,0.550387596899225,2022,-0.2330609,68.0,2.146105,88.0,2.3791659
1729350,77,402,710,0.738095238095238,2022,-0.2330609,68.0,-1.35095,87.0,1.1178891
1729387,77,403,2,0.625,2022,-0.3304651,3.0,2.146105,88.0,2.4765701
1729541,77,403,710,0.625,2022,-0.3304651,3.0,-1.35095,87.0,1.0204849
1729578,77,404,2,0.478787878787879,2022,-0.6074382,79.0,2.146105,88.0,2.7535432
1729732,77,404,710,0.806748466257669,2022,-0.6074382,79.0,-1.35095,87.0,0.7435118
1729769,77,411,2,0.402777777777778,2022,-0.7645303,61.0,2.146105,88.0,2.9106353
1729923,77,411,710,0.873831775700935,2022,-0.7645303,61.0,-1.35095,87.0,0.5864197
1729960,77,420,2,0.466666666666667,2022,-0.4151079,80.0,2.146105,88.0,2.5612129
1730114,77,420,710,0.785234899328859,2022,-0.4151079,80.0,-1.35095,87.0,0.9358421
1730151,77,432,2,0.453804347826087,2022,-1.014024,83.0,2.146105,88.0,3.160129
1730305,77,432,710,0.814917127071823,2022,-1.014024,83.0,-1.35095,87.0,0.336926
1730342,77,433,2,0.472527472527473,2022,-0.5222626,84.0,2.146105,88.0,2.6683676
1730496,77,433,710,0.794444444444444,2022,-0.5222626,84.0,-1.35095,87.0,0.8286874
1730533,77,434,2,0.397058823529412,2022,-0.2942353,63.0,2.146105,88.0,2.4403403
1730687,77,434,710,0.776119402985075,2022,-0.2942353,63.0,-1.35095,87.0,1.0567147
1730724,77,435,2,0.437158469945355,2022,-0.6347847,82.0,2.146105,88.0,2.7808897
1730878,77,435,710,0.802777777777778,2022,-0.6347847,82.0,-1.35095,87.0,0.7161653
1730915,77,436,2,0.552816901408451,2022,-0.4447062,63.0,2.146105,88.0,2.5908112
1731069,77,436,710,0.739285714285714,2022,-0.4447062,63.0,-1.35095,87.0,0.9062438
1731106,77,437,2,0.551630434782609,2022,-0.09602756,86.0,2.146105,88.0,2.24213256
1731260,77,437,710,0.707182320441989,2022,-0.09602756,86.0,-1.35095,87.0,1.25492244
1731297,77,438,2,0.530534351145038,2022,-0.4989126,61.0,2.146105,88.0,2.6450176
1731451,77,438,710,0.767441860465116,2022,-0.4989126,61.0,-1.35095,87.0,0.8520374
1731488,77,439,2,0.34453781512605,2022,-0.4992386,66.0,2.146105,88.0,2.6453436
1731642,77,439,710,0.855932203389831,2022,-0.4992386,66.0,-1.35095,87.0,0.8517114
1731679,77,450,2,0.948630136986301,2022,0.9497295,61.0,2.146105,88.0,1.1963755
1731833,77,450,710,0.447552447552448,2022,0.9497295,61.0,-1.35095,87.0,2.3006795
1731870,77,451,2,0.537790697674419,2022,-0.3366516,80.0,2.146105,88.0,2.4827566
1732024,77,451,710,0.722222222222222,2022,-0.3366516,80.0,-1.35095,87.0,1.0142984
1732061,77,452,2,0.505405405405405,2022,-0.3369496,83.0,2.146105,88.0,2.4830546
1732215,77,452,710,0.755494505494505,2022,-0.3369496,83.0,-1.35095,87.0,1.0140004
1732252,77,461,2,0.510362694300518,2022,-0.3817442,87.0,2.146105,88.0,2.5278492
1732406,77,461,710,0.742105263157895,2022,-0.3817442,87.0,-1.35095,87.0,0.9692058
1732443,77,471,2,0.385321100917431,2022,-0.183903,78.0,2.146105,88.0,2.330008
1732597,77,471,710,0.800925925925926,2022,-0.183903,78.0,-1.35095,87.0,1.167047
1732634,77,475,2,0.445652173913043,2022,-0.5989834,77.0,2.146105,88.0,2.7450884
1732788,77,475,710,0.792817679558011,2022,-0.5989834,77.0,-1.35095,87.0,0.7519666
1732825,77,481,2,0.329896907216495,2022,-0.6333597,80.0,2.146105,88.0,2.7794647
1732979,77,481,710,0.842105263157895,2022,-0.6333597,80.0,-1.35095,87.0,0.7175903
1733016,77,482,2,0.466666666666667,2022,-0.9502909,66.0,2.146105,88.0,3.0963959
1733170,77,482,710,0.879194630872483,2022,-0.9502909,66.0,-1.35095,87.0,0.4006591
1733207,77,483,2,0.509493670886076,2022,-0.2642495,80.0,2.146105,88.0,2.4103545
1733361,77,483,710,0.791666666666667,2022,-0.2642495,80.0,-1.35095,87.0,1.0867005
1733398,77,484,2,0.364130434782609,2022,-0.7979803,68.0,2.146105,88.0,2.9440853
1733552,77,484,710,0.833333333333333,2022,-0.7979803,68.0,-1.35095,87.0,0.5529697
1733589,77,490,2,0.615702479338843,2022,-0.2405027,51.0,2.146105,88.0,2.3866077
1733743,77,490,710,0.758474576271186,2022,-0.2405027,51.0,-1.35095,87.0,1.1104473
1733780,77,500,2,0.365131578947368,2022,-0.7707603,87.0,2.146105,88.0,2.9168653
1733934,77,500,710,0.855704697986577,2022,-0.7707603,87.0,-1.35095,87.0,0.5801897
1733971,77,501,2,0.451871657754011,2022,-0.3914872,83.0,2.146105,88.0,2.5375922
1734125,77,501,710,0.78804347826087,2022,-0.3914872,83.0,-1.35095,87.0,0.9594628
1734162,77,510,2,0.548701298701299,2022,-0.6673881,64.0,2.146105,88.0,2.8134931
1734316,77,510,710,0.75,2022,-0.6673881,64.0,-1.35095,87.0,0.6835619
1734353,77,516,2,0.436619718309859,2022,-0.7468948,71.0,2.146105,88.0,2.8929998
1734507,77,516,710,0.842857142857143,2022,-0.7468948,71.0,-1.35095,87.0,0.6040552
1734544,77,517,2,0.581481481481481,2022,-0.0552757,72.0,2.146105,88.0,2.2013807
1734698,77,517,710,0.695488721804511,2022,-0.0552757,72.0,-1.35095,87.0,1.2956743
1734735,77,520,2,0.4,2022,-0.3623398,51.0,2.146105,88.0,2.5084448
1734889,77,520,710,0.865671641791045,2022,-0.3623398,51.0,-1.35095,87.0,0.9886102
1734926,77,522,2,0.47554347826087,2022,-0.5681317,78.0,2.146105,88.0,2.7142367
1735080,77,522,710,0.776243093922652,2022,-0.5681317,78.0,-1.35095,87.0,0.7828183
1735117,77,530,2,0.373015873015873,2022,-1.071803,85.0,2.146105,88.0,3.217908
1735271,77,530,710,0.830645161290323,2022,-1.071803,85.0,-1.35095,87.0,0.279147
1735308,77,531,2,0.388020833333333,2022,-1.096095,85.0,2.146105,88.0,3.2422
1735462,77,531,710,0.817460317460317,2022,-1.096095,85.0,-1.35095,87.0,0.254855
1735499,77,540,2,0.48936170212766,2022,-0.6247996,88.0,2.146105,88.0,2.7709046
1735653,77,540,710,0.781081081081081,2022,-0.6247996,88.0,-1.35095,87.0,0.7261504
1735690,77,541,2,0.5,2022,-0.6634682,86.0,2.146105,88.0,2.8095732
1735844,77,541,710,0.781609195402299,2022,-0.6634682,86.0,-1.35095,87.0,0.6874818
1735881,77,551,2,0.514792899408284,2022,-0.3914307,78.0,2.146105,88.0,2.5375357
1736035,77,551,710,0.769461077844311,2022,-0.3914307,78.0,-1.35095,87.0,0.9595193
1736072,77,552,2,0.307086614173228,2022,-1.226005,78.0,2.146105,88.0,3.37211
1736226,77,552,710,0.883064516129032,2022,-1.226005,78.0,-1.35095,87.0,0.124945
1736263,77,553,2,0.628415300546448,2022,0.142333,83.0,2.146105,88.0,2.003772
1736417,77,553,710,0.652777777777778,2022,0.142333,83.0,-1.35095,87.0,1.493283
1736454,77,560,2,0.428947368421053,2022,-0.6300601,87.0,2.146105,88.0,2.7761651
1736608,77,560,710,0.765957446808511,2022,-0.6300601,87.0,-1.35095,87.0,0.7208899
1736645,77,565,2,0.447916666666667,2022,-0.6859742,86.0,2.146105,88.0,2.8320792
1736799,77,565,710,0.775132275132275,2022,-0.6859742,86.0,-1.35095,87.0,0.6649758
1736836,77,570,2,0.478142076502732,2022,-0.394468,80.0,2.146105,88.0,2.540573
1736990,77,570,710,0.765193370165746,2022,-0.394468,80.0,-1.35095,87.0,0.956482
1737027,77,571,2,0.550531914893617,2022,-0.4413722,84.0,2.146105,88.0,2.5874772
1737181,77,571,710,0.724324324324324,2022,-0.4413722,84.0,-1.35095,87.0,0.9095778
1737218,77,572,2,0.568027210884354,2022,-0.4494816,69.0,2.146105,88.0,2.5955866
1737372,77,572,710,0.737931034482759,2022,-0.4494816,69.0,-1.35095,87.0,0.9014684
1737409,77,580,2,0.527027027027027,2022,-0.5237584,83.0,2.146105,88.0,2.6698634
1737563,77,580,710,0.737704918032787,2022,-0.5237584,83.0,-1.35095,87.0,0.8271916
1737600,77,581,2,0.6,2022,-0.3242653,12.0,2.146105,88.0,2.4703703
1737754,77,581,710,0.607142857142857,2022,-0.3242653,12.0,-1.35095,87.0,1.0266847
1737791,77,590,2,0.491758241758242,2022,-0.3773843,88.0,2.146105,88.0,2.5234893
1737945,77,590,710,0.751396648044693,2022,-0.3773843,88.0,-1.35095,87.0,0.9735657
1737982,77,591,2,0.657894736842105,2022,-0.0003679279,30.0,2.146105,88.0,2.1464729279
1738136,77,591,710,0.662162162162162,2022,-0.0003679279,30.0,-1.35095,87.0,1.3505820721
1738173,77,600,2,0.497076023391813,2022,-0.527594,80.0,2.146105,88.0,2.673699
1738327,77,600,710,0.781065088757396,2022,-0.527594,80.0,-1.35095,87.0,0.823356
1738364,77,615,2,0.384615384615385,2022,-1.13155,88.0,2.146105,88.0,3.277655
1738518,77,615,710,0.8046875,2022,-1.13155,88.0,-1.35095,87.0,0.2194
1738555,77,616,2,0.5,2022,-0.5959181,86.0,2.146105,88.0,2.7420231
1738709,77,616,710,0.753968253968254,2022,-0.5959181,86.0,-1.35095,87.0,0.7550319
1738746,77,620,2,0.460526315789474,2022,-0.6255826,87.0,2.146105,88.0,2.7716876
1738900,77,620,710,0.780748663101604,2022,-0.6255826,87.0,-1.35095,87.0,0.7253674
1738937,77,625,2,0.408602150537634,2022,-0.8677935,80.0,2.146105,88.0,3.0138985
1739091,77,625,710,0.814207650273224,2022,-0.8677935,80.0,-1.35095,87.0,0.4831565
1739128,77,626,2,0.398648648648649,2022,-0.141436,39.0,2.146105,88.0,2.287541
1739282,77,626,710,0.767123287671233,2022,-0.141436,39.0,-1.35095,87.0,1.209514
1739319,77,630,2,0.275132275132275,2022,-1.530086,83.0,2.146105,88.0,3.676191
1739473,77,630,710,0.828877005347594,2022,-1.530086,83.0,-1.35095,87.0,0.179136
1739510,77,640,2,0.760989010989011,2022,0.4891023,85.0,2.146105,88.0,1.6570027
1739664,77,640,710,0.558659217877095,2022,0.4891023,85.0,-1.35095,87.0,1.8400523
1739701,77,645,2,0.443298969072165,2022,-0.7839982,87.0,2.146105,88.0,2.9301032
1739855,77,645,710,0.793193717277487,2022,-0.7839982,87.0,-1.35095,87.0,0.5669518
1739892,77,651,2,0.373711340206186,2022,-0.7737565,88.0,2.146105,88.0,2.9198615
1740046,77,651,710,0.790575916230366,2022,-0.7737565,88.0,-1.35095,87.0,0.5771935
1740083,77,652,2,0.213483146067416,2022,-1.853832,86.0,2.146105,88.0,3.999937
1740237,77,652,710,0.84,2022,-1.853832,86.0,-1.35095,87.0,0.502882
1740274,77,660,2,0.441176470588235,2022,-0.7607086,85.0,2.146105,88.0,2.9068136
1740428,77,660,710,0.783783783783784,2022,-0.7607086,85.0,-1.35095,87.0,0.5902414
1740465,77,663,2,0.45,2022,-0.5310358,88.0,2.146105,88.0,2.6771408
1740619,77,663,710,0.786096256684492,2022,-0.5310358,88.0,-1.35095,87.0,0.8199142
1740656,77,666,2,0.875,2022,1.666526,86.0,2.146105,88.0,0.479579
1740810,77,666,710,0.361581920903955,2022,1.666526,86.0,-1.35095,87.0,3.017476
1740847,77,670,2,0.463541666666667,2022,-0.5423742,86.0,2.146105,88.0,2.6884792
1741001,77,670,710,0.761904761904762,2022,-0.5423742,86.0,-1.35095,87.0,0.8085758
1741038,77,679,2,0.476923076923077,2022,-0.5169503,88.0,2.146105,88.0,2.6630553
1741192,77,679,710,0.760416666666667,2022,-0.5169503,88.0,-1.35095,87.0,0.8339997
1741229,77,690,2,0.484536082474227,2022,-0.4525973,87.0,2.146105,88.0,2.5987023
1741383,77,690,710,0.753926701570681,2022,-0.4525973,87.0,-1.35095,87.0,0.8983527
1741420,77,692,2,0.471649484536082,2022,-0.6390049,87.0,2.146105,88.0,2.7851099
1741574,77,692,710,0.787958115183246,2022,-0.6390049,87.0,-1.35095,87.0,0.7119451
1741611,77,694,2,0.482051282051282,2022,-0.4523837,88.0,2.146105,88.0,2.5984887
1741765,77,694,710,0.75,2022,-0.4523837,88.0,-1.35095,87.0,0.8985663
1741802,77,696,2,0.456185567010309,2022,-0.6846271,88.0,2.146105,88.0,2.8307321
1741956,77,696,710,0.798429319371728,2022,-0.6846271,88.0,-1.35095,87.0,0.6663229
1741993,77,698,2,0.471052631578947,2022,-0.6324113,88.0,2.146105,88.0,2.7785163
1742147,77,698,710,0.764705882352941,2022,-0.6324113,88.0,-1.35095,87.0,0.7185387
1742184,77,700,2,0.509090909090909,2022,-0.2003146,66.0,2.146105,88.0,2.3464196
1742338,77,700,710,0.808411214953271,2022,-0.2003146,66.0,-1.35095,87.0,1.1506354
1742375,77,701,2,0.233333333333333,2022,-0.7016767,61.0,2.146105,88.0,2.8477817
1742529,77,701,710,0.938202247191011,2022,-0.7016767,61.0,-1.35095,87.0,0.6492733
1742566,77,702,2,0.370503597122302,2022,-0.7203259,84.0,2.146105,88.0,2.8664309
1742720,77,702,710,0.85036496350365,2022,-0.7203259,84.0,-1.35095,87.0,0.6306241
1742757,77,703,2,0.423566878980892,2022,-0.9387289,84.0,2.146105,88.0,3.0848339
1742911,77,703,710,0.832258064516129,2022,-0.9387289,84.0,-1.35095,87.0,0.4122211
1742948,77,704,2,0.444444444444444,2022,-0.8987411,82.0,2.146105,88.0,3.0448461
1743102,77,704,710,0.821192052980132,2022,-0.8987411,82.0,-1.35095,87.0,0.4522089
1743139,77,705,2,0.441988950276243,2022,-0.9163718,86.0,2.146105,88.0,3.0624768
1743293,77,705,710,0.825842696629214,2022,-0.9163718,86.0,-1.35095,87.0,0.4345782
1743330,77,710,2,0.338541666666667,2022,-1.35095,87.0,2.146105,88.0,3.497055
1743331,77,710,20,0.434895833333333,2022,-1.35095,87.0,1.279706,88.0,2.630656
1743332,77,710,31,0.74251497005988,2022,-1.35095,87.0,-0.2530753,79.0,1.0978747
1743333,77,710,40,0.842245989304813,2022,-1.35095,87.0,-1.313454,88.0,0.0374960000000002
1743334,77,710,41,0.704819277108434,2022,-1.35095,87.0,-0.1213585,77.0,1.2295915
1743335,77,710,42,0.670157068062827,2022,-1.35095,87.0,-0.03977751,88.0,1.31117249
1743336,77,710,51,0.716577540106952,2022,-1.35095,87.0,-0.2660528,85.0,1.0848972
1743337,77,710,52,0.746031746031746,2022,-1.35095,87.0,-0.4607878,87.0,0.8901622
1743338,77,710,53,0.717391304347826,2022,-1.35095,87.0,-0.2561154,84.0,1.0948346
1743339,77,710,54,0.875,2022,-1.35095,87.0,-0.2815575,11.0,1.0693925
1743340,77,710,55,0.777777777777778,2022,-1.35095,87.0,-0.4020552,80.0,0.9488948
1743341,77,710,56,0.768965517241379,2022,-1.35095,87.0,-0.3156039,81.0,1.0353461
1743342,77,710,57,0.753086419753086,2022,-1.35095,87.0,-0.3771622,85.0,0.9737878
1743343,77,710,58,0.748407643312102,2022,-1.35095,87.0,-0.333384,77.0,1.017566
1743344,77,710,60,0.78476821192053,2022,-1.35095,87.0,-0.4230073,81.0,0.9279427
1743345,77,710,70,0.65625,2022,-1.35095,87.0,-0.01043363,88.0,1.34051637
1743346,77,710,80,0.747093023255814,2022,-1.35095,87.0,-0.3134132,82.0,1.0375368
1743347,77,710,90,0.614583333333333,2022,-1.35095,87.0,0.1998161,88.0,1.5507661
1743348,77,710,91,0.667567567567568,2022,-1.35095,87.0,-0.06058763,88.0,1.29036237
1743349,77,710,92,0.726315789473684,2022,-1.35095,87.0,-0.5693073,87.0,0.7816427
1743350,77,710,93,0.837765957446808,2022,-1.35095,87.0,-1.439318,88.0,0.088368
1743351,77,710,94,0.678010471204188,2022,-1.35095,87.0,-0.01745778,88.0,1.33349222
1743352,77,710,95,0.6640625,2022,-1.35095,87.0,0.09121261,88.0,1.44216261
1743353,77,710,100,0.651832460732984,2022,-1.35095,87.0,-0.02559454,88.0,1.32535546
1743354,77,710,110,0.715789473684211,2022,-1.35095,87.0,-0.2360956,87.0,1.1148544
1743355,77,710,115,0.722222222222222,2022,-1.35095,87.0,-0.2374237,69.0,1.1135263
1743356,77,710,130,0.685483870967742,2022,-1.35095,87.0,-0.04347676,88.0,1.30747324
1743357,77,710,135,0.705729166666667,2022,-1.35095,87.0,-0.1631471,88.0,1.1878029
1743358,77,710,140,0.662303664921466,2022,-1.35095,87.0,0.1097969,87.0,1.4607469
1743359,77,710,145,0.793010752688172,2022,-1.35095,87.0,-0.9738206,85.0,0.3771294
1743360,77,710,150,0.709424083769634,2022,-1.35095,87.0,-0.1629858,88.0,1.1879642
1743361,77,710,155,0.661458333333333,2022,-1.35095,87.0,0.04200812,88.0,1.39295812
1743362,77,710,160,0.691099476439791,2022,-1.35095,87.0,-0.04531572,88.0,1.30563428
1743363,77,710,165,0.678947368421053,2022,-1.35095,87.0,0.06843257,88.0,1.41938257
1743364,77,710,200,0.458333333333333,2022,-1.35095,87.0,1.507086,88.0,2.858036
1743365,77,710,205,0.486979166666667,2022,-1.35095,87.0,0.771811,88.0,2.122761
1743366,77,710,210,0.484375,2022,-1.35095,87.0,1.086022,88.0,2.436972
1743367,77,710,211,0.49738219895288,2022,-1.35095,87.0,0.9776565,88.0,2.3286065
1743368,77,710,212,0.497395833333333,2022,-1.35095,87.0,0.9343435,88.0,2.2852935
1743369,77,710,220,0.479166666666667,2022,-1.35095,87.0,1.230966,88.0,2.581916
1743370,77,710,221,0.486979166666667,2022,-1.35095,87.0,0.9742138,88.0,2.3251638
1743371,77,710,223,0.486979166666667,2022,-1.35095,87.0,0.7880741,88.0,2.1390241
1743372,77,710,225,0.528645833333333,2022,-1.35095,87.0,0.7413666,88.0,2.0923166
1743373,77,710,230,0.5,2022,-1.35095,87.0,0.9039734,87.0,2.2549234
1743374,77,710,232,0.494791666666667,2022,-1.35095,87.0,0.7832057,88.0,2.1341557
1743375,77,710,235,0.497395833333333,2022,-1.35095,87.0,0.9348446,88.0,2.2857946
1743376,77,710,255,0.473958333333333,2022,-1.35095,87.0,1.183294,88.0,2.534244
1743377,77,710,290,0.483870967741935,2022,-1.35095,87.0,1.056779,87.0,2.407729
1743378,77,710,305,0.476439790575916,2022,-1.35095,87.0,0.9551424,88.0,2.3060924
1743379,77,710,310,0.4609375,2022,-1.35095,87.0,1.229648,88.0,2.580598
1743380,77,710,316,0.46875,2022,-1.35095,87.0,1.214771,88.0,2.565721
1743381,77,710,317,0.486979166666667,2022,-1.35095,87.0,1.133247,88.0,2.484197
1743382,77,710,325,0.494736842105263,2022,-1.35095,87.0,1.056893,88.0,2.407843
1743383,77,710,331,0.492146596858639,2022,-1.35095,87.0,0.815252,88.0,2.166202
1743384,77,710,338,0.5,2022,-1.35095,87.0,0.7228174,88.0,2.0737674
1743385,77,710,339,0.484375,2022,-1.35095,87.0,1.054039,88.0,2.404989
1743386,77,710,341,0.494764397905759,2022,-1.35095,87.0,0.9257972,88.0,2.2767472
1743387,77,710,343,0.314285714285714,2022,-1.35095,87.0,0.9734319,42.0,2.3243819
1743388,77,710,344,0.476315789473684,2022,-1.35095,87.0,1.15012,87.0,2.50107
1743389,77,710,345,0.691275167785235,2022,-1.35095,87.0,0.3625463,83.0,1.7134963
1743390,77,710,346,0.526041666666667,2022,-1.35095,87.0,0.7192414,88.0,2.0701914
1743391,77,710,349,0.502604166666667,2022,-1.35095,87.0,0.90769,88.0,2.25864
1743392,77,710,350,0.489583333333333,2022,-1.35095,87.0,0.8963355,88.0,2.2472855
1743393,77,710,352,0.497395833333333,2022,-1.35095,87.0,0.710641,88.0,2.061591
1743394,77,710,355,0.486979166666667,2022,-1.35095,87.0,1.064311,88.0,2.415261
1743395,77,710,359,0.486772486772487,2022,-1.35095,87.0,0.8021365,86.0,2.1530865
1743396,77,710,360,0.479166666666667,2022,-1.35095,87.0,1.047885,88.0,2.398835
1743397,77,710,365,0.815104166666667,2022,-1.35095,87.0,-0.8089999,88.0,0.5419501
1743398,77,710,366,0.4765625,2022,-1.35095,87.0,1.102643,88.0,2.453593
1743399,77,710,367,0.484375,2022,-1.35095,87.0,1.046684,88.0,2.397634
1743400,77,710,368,0.471052631578947,2022,-1.35095,87.0,1.140508,87.0,2.491458
1743401,77,710,369,0.46195652173913,2022,-1.35095,87.0,1.107824,82.0,2.458774
1743402,77,710,370,0.813157894736842,2022,-1.35095,87.0,-1.053571,87.0,0.297379
1743403,77,710,371,0.741176470588235,2022,-1.35095,87.0,-0.06105919,84.0,1.28989081
1743404,77,710,372,0.524861878453039,2022,-1.35095,87.0,0.8662052,86.0,2.2171552
1743405,77,710,373,0.848360655737705,2022,-1.35095,87.0,-0.5381619,72.0,0.8127881
1743406,77,710,375,0.4921875,2022,-1.35095,87.0,0.9571533,88.0,2.3081033
1743407,77,710,380,0.494791666666667,2022,-1.35095,87.0,0.9972321,88.0,2.3481821
1743408,77,710,385,0.502604166666667,2022,-1.35095,87.0,0.8942364,88.0,2.2451864
1743409,77,710,390,0.489583333333333,2022,-1.35095,87.0,1.057155,88.0,2.408105
1743410,77,710,395,0.5,2022,-1.35095,87.0,0.9060248,88.0,2.2569748
1743411,77,710,402,0.738095238095238,2022,-1.35095,87.0,-0.2330609,68.0,1.1178891
1743412,77,710,403,0.625,2022,-1.35095,87.0,-0.3304651,3.0,1.0204849
1743413,77,710,404,0.806748466257669,2022,-1.35095,87.0,-0.6074382,79.0,0.7435118
1743414,77,710,411,0.873831775700935,2022,-1.35095,87.0,-0.7645303,61.0,0.5864197
1743415,77,710,420,0.785234899328859,2022,-1.35095,87.0,-0.4151079,80.0,0.9358421
1743416,77,710,432,0.814917127071823,2022,-1.35095,87.0,-1.014024,83.0,0.336926
1743417,77,710,433,0.794444444444444,2022,-1.35095,87.0,-0.5222626,84.0,0.8286874
1743418,77,710,434,0.776119402985075,2022,-1.35095,87.0,-0.2942353,63.0,1.0567147
1743419,77,710,435,0.802777777777778,2022,-1.35095,87.0,-0.6347847,82.0,0.7161653
1743420,77,710,436,0.739285714285714,2022,-1.35095,87.0,-0.4447062,63.0,0.9062438
1743421,77,710,437,0.707182320441989,2022,-1.35095,87.0,-0.09602756,86.0,1.25492244
1743422,77,710,438,0.767441860465116,2022,-1.35095,87.0,-0.4989126,61.0,0.8520374
1743423,77,710,439,0.855932203389831,2022,-1.35095,87.0,-0.4992386,66.0,0.8517114
1743424,77,710,450,0.447552447552448,2022,-1.35095,87.0,0.9497295,61.0,2.3006795
1743425,77,710,451,0.722222222222222,2022,-1.35095,87.0,-0.3366516,80.0,1.0142984
1743426,77,710,452,0.755494505494505,2022,-1.35095,87.0,-0.3369496,83.0,1.0140004
1743427,77,710,461,0.742105263157895,2022,-1.35095,87.0,-0.3817442,87.0,0.9692058
1743428,77,710,471,0.800925925925926,2022,-1.35095,87.0,-0.183903,78.0,1.167047
1743429,77,710,475,0.792817679558011,2022,-1.35095,87.0,-0.5989834,77.0,0.7519666
1743430,77,710,481,0.842105263157895,2022,-1.35095,87.0,-0.6333597,80.0,0.7175903
1743431,77,710,482,0.879194630872483,2022,-1.35095,87.0,-0.9502909,66.0,0.4006591
1743432,77,710,483,0.791666666666667,2022,-1.35095,87.0,-0.2642495,80.0,1.0867005
1743433,77,710,484,0.833333333333333,2022,-1.35095,87.0,-0.7979803,68.0,0.5529697
1743434,77,710,490,0.758474576271186,2022,-1.35095,87.0,-0.2405027,51.0,1.1104473
1743435,77,710,500,0.855704697986577,2022,-1.35095,87.0,-0.7707603,87.0,0.5801897
1743436,77,710,501,0.78804347826087,2022,-1.35095,87.0,-0.3914872,83.0,0.9594628
1743437,77,710,510,0.75,2022,-1.35095,87.0,-0.6673881,64.0,0.6835619
1743438,77,710,516,0.842857142857143,2022,-1.35095,87.0,-0.7468948,71.0,0.6040552
1743439,77,710,517,0.695488721804511,2022,-1.35095,87.0,-0.0552757,72.0,1.2956743
1743440,77,710,520,0.865671641791045,2022,-1.35095,87.0,-0.3623398,51.0,0.9886102
1743441,77,710,522,0.776243093922652,2022,-1.35095,87.0,-0.5681317,78.0,0.7828183
1743442,77,710,530,0.830645161290323,2022,-1.35095,87.0,-1.071803,85.0,0.279147
1743443,77,710,531,0.817460317460317,2022,-1.35095,87.0,-1.096095,85.0,0.254855
1743444,77,710,540,0.781081081081081,2022,-1.35095,87.0,-0.6247996,88.0,0.7261504
1743445,77,710,541,0.781609195402299,2022,-1.35095,87.0,-0.6634682,86.0,0.6874818
1743446,77,710,551,0.769461077844311,2022,-1.35095,87.0,-0.3914307,78.0,0.9595193
1743447,77,710,552,0.883064516129032,2022,-1.35095,87.0,-1.226005,78.0,0.124945
1743448,77,710,553,0.652777777777778,2022,-1.35095,87.0,0.142333,83.0,1.493283
1743449,77,710,560,0.765957446808511,2022,-1.35095,87.0,-0.6300601,87.0,0.7208899
1743450,77,710,565,0.775132275132275,2022,-1.35095,87.0,-0.6859742,86.0,0.6649758
1743451,77,710,570,0.765193370165746,2022,-1.35095,87.0,-0.394468,80.0,0.956482
1743452,77,710,571,0.724324324324324,2022,-1.35095,87.0,-0.4413722,84.0,0.9095778
1743453,77,710,572,0.737931034482759,2022,-1.35095,87.0,-0.4494816,69.0,0.9014684
1743454,77,710,580,0.737704918032787,2022,-1.35095,87.0,-0.5237584,83.0,0.8271916
1743455,77,710,581,0.607142857142857,2022,-1.35095,87.0,-0.3242653,12.0,1.0266847
1743456,77,710,590,0.751396648044693,2022,-1.35095,87.0,-0.3773843,88.0,0.9735657
1743457,77,710,591,0.662162162162162,2022,-1.35095,87.0,-0.0003679279,30.0,1.3505820721
1743458,77,710,600,0.781065088757396,2022,-1.35095,87.0,-0.527594,80.0,0.823356
1743459,77,710,615,0.8046875,2022,-1.35095,87.0,-1.13155,88.0,0.2194
1743460,77,710,616,0.753968253968254,2022,-1.35095,87.0,-0.5959181,86.0,0.7550319
1743461,77,710,620,0.780748663101604,2022,-1.35095,87.0,-0.6255826,87.0,0.7253674
1743462,77,710,625,0.814207650273224,2022,-1.35095,87.0,-0.8677935,80.0,0.4831565
1743463,77,710,626,0.767123287671233,2022,-1.35095,87.0,-0.141436,39.0,1.209514
1743464,77,710,630,0.828877005347594,2022,-1.35095,87.0,-1.530086,83.0,0.179136
1743465,77,710,640,0.558659217877095,2022,-1.35095,87.0,0.4891023,85.0,1.8400523
1743466,77,710,645,0.793193717277487,2022,-1.35095,87.0,-0.7839982,87.0,0.5669518
1743467,77,710,651,0.790575916230366,2022,-1.35095,87.0,-0.7737565,88.0,0.5771935
1743468,77,710,652,0.84,2022,-1.35095,87.0,-1.853832,86.0,0.502882
1743469,77,710,660,0.783783783783784,2022,-1.35095,87.0,-0.7607086,85.0,0.5902414
1743470,77,710,663,0.786096256684492,2022,-1.35095,87.0,-0.5310358,88.0,0.8199142
1743471,77,710,666,0.361581920903955,2022,-1.35095,87.0,1.666526,86.0,3.017476
1743472,77,710,670,0.761904761904762,2022,-1.35095,87.0,-0.5423742,86.0,0.8085758
1743473,77,710,679,0.760416666666667,2022,-1.35095,87.0,-0.5169503,88.0,0.8339997
1743474,77,710,690,0.753926701570681,2022,-1.35095,87.0,-0.4525973,87.0,0.8983527
1743475,77,710,692,0.787958115183246,2022,-1.35095,87.0,-0.6390049,87.0,0.7119451
1743476,77,710,694,0.75,2022,-1.35095,87.0,-0.4523837,88.0,0.8985663
1743477,77,710,696,0.798429319371728,2022,-1.35095,87.0,-0.6846271,88.0,0.6663229
1743478,77,710,698,0.764705882352941,2022,-1.35095,87.0,-0.6324113,88.0,0.7185387
1743479,77,710,700,0.808411214953271,2022,-1.35095,87.0,-0.2003146,66.0,1.1506354
1743480,77,710,701,0.938202247191011,2022,-1.35095,87.0,-0.7016767,61.0,0.6492733
1743481,77,710,702,0.85036496350365,2022,-1.35095,87.0,-0.7203259,84.0,0.6306241
1743482,77,710,703,0.832258064516129,2022,-1.35095,87.0,-0.9387289,84.0,0.4122211
1743483,77,710,704,0.821192052980132,2022,-1.35095,87.0,-0.8987411,82.0,0.4522089
1743484,77,710,705,0.825842696629214,2022,-1.35095,87.0,-0.9163718,86.0,0.4345782
1743485,77,710,712,0.763157894736842,2022,-1.35095,87.0,-0.678439,86.0,0.672511
1743486,77,710,731,0.850993377483444,2022,-1.35095,87.0,-1.010828,78.0,0.340122
1743487,77,710,732,0.505208333333333,2022,-1.35095,87.0,0.8123537,88.0,2.1633037
1743488,77,710,740,0.513020833333333,2022,-1.35095,87.0,0.7615553,88.0,2.1125053
1743489,77,710,750,0.692708333333333,2022,-1.35095,87.0,-0.3928893,88.0,0.9580607
1743490,77,710,760,0.704787234042553,2022,-1.35095,87.0,-0.3397889,85.0,1.0111611
1743491,77,710,770,0.841145833333333,2022,-1.35095,87.0,-0.7474607,88.0,0.6034893
1743492,77,710,771,0.785340314136126,2022,-1.35095,87.0,-0.6155064,88.0,0.7354436
1743493,77,710,775,0.720994475138122,2022,-1.35095,87.0,-0.1378865,85.0,1.2130635
1743494,77,710,780,0.793193717277487,2022,-1.35095,87.0,-0.8145433,87.0,0.5364067
1743495,77,710,781,0.736702127659574,2022,-1.35095,87.0,-0.3104777,87.0,1.0404723
1743496,77,710,790,0.757894736842105,2022,-1.35095,87.0,-0.4794519,87.0,0.8714981
1743497,77,710,800,0.752604166666667,2022,-1.35095,87.0,-0.3999506,88.0,0.9509994
1743498,77,710,811,0.808823529411765,2022,-1.35095,87.0,-0.5410606,86.0,0.8098894
1743499,77,710,812,0.822033898305085,2022,-1.35095,87.0,-0.902967,87.0,0.447983
1743500,77,710,816,0.805882352941176,2022,-1.35095,87.0,-0.9052707,84.0,0.4456793
1743501,77,710,820,0.7734375,2022,-1.35095,87.0,-0.5801756,88.0,0.7707744
1743502,77,710,830,0.734375,2022,-1.35095,87.0,-0.2837036,88.0,1.0672464
1743503,77,710,835,0.799479166666667,2022,-1.35095,87.0,-0.6547591,88.0,0.6961909
1743504,77,710,840,0.731578947368421,2022,-1.35095,87.0,-0.1931788,87.0,1.1577712
1743505,77,710,850,0.7890625,2022,-1.35095,87.0,-0.6670024,88.0,0.6839476
1743506,77,710,860,0.735849056603774,2022,-1.35095,87.0,-0.1611306,59.0,1.1898194
1743507,77,710,900,0.455729166666667,2022,-1.35095,87.0,1.1608,88.0,2.51175
1743508,77,710,910,0.615789473684211,2022,-1.35095,87.0,0.1421291,86.0,1.4930791
1743509,77,710,920,0.489583333333333,2022,-1.35095,87.0,0.7485849,88.0,2.0995349
1743510,77,710,935,0.721153846153846,2022,-1.35095,87.0,-0.1929346,79.0,1.1580154
1743511,77,710,940,0.76530612244898,2022,-1.35095,87.0,-0.2941255,60.0,1.0568245
1743512,77,710,946,0.715189873417722,2022,-1.35095,87.0,-0.05073451,70.0,1.30021549
1743513,77,710,947,0.691011235955056,2022,-1.35095,87.0,-0.02023921,58.0,1.33071079
1743514,77,710,950,0.682634730538922,2022,-1.35095,87.0,-0.12167,81.0,1.22928
1743515,77,710,955,0.545454545454545,2022,-1.35095,87.0,-0.07693664,11.0,1.27401336
1743516,77,710,970,0.491071428571429,2022,-1.35095,87.0,0.4198497,52.0,1.7707997
1743517,77,710,983,0.462837837837838,2022,-1.35095,87.0,1.006107,77.0,2.357057
1743518,77,710,986,0.481132075471698,2022,-1.35095,87.0,0.5768141,71.0,1.9277641
1743519,77,710,987,0.442748091603053,2022,-1.35095,87.0,1.266749,67.0,2.617699
1743520,77,710,990,0.648550724637681,2022,-1.35095,87.0,0.05189717,67.0,1.40284717
1743521,77,712,2,0.5,2022,-0.678439,86.0,2.146105,88.0,2.824544
1743676,77,712,710,0.763157894736842,2022,-0.678439,86.0,-1.35095,87.0,0.672511
1743712,77,731,2,0.222222222222222,2022,-1.010828,78.0,2.146105,88.0,3.156933
1743867,77,731,710,0.850993377483444,2022,-1.010828,78.0,-1.35095,87.0,0.340122
1743903,77,732,2,0.812820512820513,2022,0.8123537,88.0,2.146105,88.0,1.3337513
1744058,77,732,710,0.505208333333333,2022,0.8123537,88.0,-1.35095,87.0,2.1633037
1744094,77,740,2,0.792307692307692,2022,0.7615553,88.0,2.146105,88.0,1.3845497
1744249,77,740,710,0.513020833333333,2022,0.7615553,88.0,-1.35095,87.0,2.1125053
1744285,77,750,2,0.458974358974359,2022,-0.3928893,88.0,2.146105,88.0,2.5389943
1744440,77,750,710,0.692708333333333,2022,-0.3928893,88.0,-1.35095,87.0,0.9580607
1744476,77,760,2,0.515706806282722,2022,-0.3397889,85.0,2.146105,88.0,2.4858939
1744631,77,760,710,0.704787234042553,2022,-0.3397889,85.0,-1.35095,87.0,1.0111611
1744667,77,770,2,0.407692307692308,2022,-0.7474607,88.0,2.146105,88.0,2.8935657
1744822,77,770,710,0.841145833333333,2022,-0.7474607,88.0,-1.35095,87.0,0.6034893
1744858,77,771,2,0.469072164948454,2022,-0.6155064,88.0,2.146105,88.0,2.7616114
1745013,77,771,710,0.785340314136126,2022,-0.6155064,88.0,-1.35095,87.0,0.7354436
1745049,77,775,2,0.535326086956522,2022,-0.1378865,85.0,2.146105,88.0,2.2839915
1745204,77,775,710,0.720994475138122,2022,-0.1378865,85.0,-1.35095,87.0,1.2130635
1745240,77,780,2,0.407216494845361,2022,-0.8145433,87.0,2.146105,88.0,2.9606483
1745395,77,780,710,0.793193717277487,2022,-0.8145433,87.0,-1.35095,87.0,0.5364067
1745431,77,781,2,0.541884816753927,2022,-0.3104777,87.0,2.146105,88.0,2.4565827
1745586,77,781,710,0.736702127659574,2022,-0.3104777,87.0,-1.35095,87.0,1.0404723
1745622,77,790,2,0.50259067357513,2022,-0.4794519,87.0,2.146105,88.0,2.6255569
1745777,77,790,710,0.757894736842105,2022,-0.4794519,87.0,-1.35095,87.0,0.8714981
1745813,77,800,2,0.51025641025641,2022,-0.3999506,88.0,2.146105,88.0,2.5460556
1745968,77,800,710,0.752604166666667,2022,-0.3999506,88.0,-1.35095,87.0,0.9509994
1746004,77,811,2,0.470760233918129,2022,-0.5410606,86.0,2.146105,88.0,2.6871656
1746159,77,811,710,0.808823529411765,2022,-0.5410606,86.0,-1.35095,87.0,0.8098894
1746195,77,812,2,0.419444444444444,2022,-0.902967,87.0,2.146105,88.0,3.049072
1746350,77,812,710,0.822033898305085,2022,-0.902967,87.0,-1.35095,87.0,0.447983
1746386,77,816,2,0.441520467836257,2022,-0.9052707,84.0,2.146105,88.0,3.0513757
1746541,77,816,710,0.805882352941176,2022,-0.9052707,84.0,-1.35095,87.0,0.4456793
1746577,77,820,2,0.453846153846154,2022,-0.5801756,88.0,2.146105,88.0,2.7262806
1746732,77,820,710,0.7734375,2022,-0.5801756,88.0,-1.35095,87.0,0.7707744
1746768,77,830,2,0.546153846153846,2022,-0.2837036,88.0,2.146105,88.0,2.4298086
1746923,77,830,710,0.734375,2022,-0.2837036,88.0,-1.35095,87.0,1.0672464
1746959,77,835,2,0.469230769230769,2022,-0.6547591,88.0,2.146105,88.0,2.8008641
1747114,77,835,710,0.799479166666667,2022,-0.6547591,88.0,-1.35095,87.0,0.6961909
1747150,77,840,2,0.518134715025907,2022,-0.1931788,87.0,2.146105,88.0,2.3392838
1747305,77,840,710,0.731578947368421,2022,-0.1931788,87.0,-1.35095,87.0,1.1577712
1747341,77,850,2,0.417948717948718,2022,-0.6670024,88.0,2.146105,88.0,2.8131074
1747496,77,850,710,0.7890625,2022,-0.6670024,88.0,-1.35095,87.0,0.6839476
1747532,77,860,2,0.5,2022,-0.1611306,59.0,2.146105,88.0,2.3072356
1747687,77,860,710,0.735849056603774,2022,-0.1611306,59.0,-1.35095,87.0,1.1898194
1747723,77,900,2,0.841025641025641,2022,1.1608,88.0,2.146105,88.0,0.985305
1747878,77,900,710,0.455729166666667,2022,1.1608,88.0,-1.35095,87.0,2.51175
1747914,77,910,2,0.652849740932642,2022,0.1421291,86.0,2.146105,88.0,2.0039759
1748069,77,910,710,0.615789473684211,2022,0.1421291,86.0,-1.35095,87.0,1.4930791
1748105,77,920,2,0.751282051282051,2022,0.7485849,88.0,2.146105,88.0,1.3975201
1748260,77,920,710,0.489583333333333,2022,0.7485849,88.0,-1.35095,87.0,2.0995349
1748296,77,935,2,0.591194968553459,2022,-0.1929346,79.0,2.146105,88.0,2.3390396
1748451,77,935,710,0.721153846153846,2022,-0.1929346,79.0,-1.35095,87.0,1.1580154
1748487,77,940,2,0.525252525252525,2022,-0.2941255,60.0,2.146105,88.0,2.4402305
1748642,77,940,710,0.76530612244898,2022,-0.2941255,60.0,-1.35095,87.0,1.0568245
1748678,77,946,2,0.56875,2022,-0.05073451,70.0,2.146105,88.0,2.19683951
1748833,77,946,710,0.715189873417722,2022,-0.05073451,70.0,-1.35095,87.0,1.30021549
1748869,77,947,2,0.644444444444444,2022,-0.02023921,58.0,2.146105,88.0,2.16634421
1749024,77,947,710,0.691011235955056,2022,-0.02023921,58.0,-1.35095,87.0,1.33071079
1749060,77,950,2,0.597058823529412,2022,-0.12167,81.0,2.146105,88.0,2.267775
1749215,77,950,710,0.682634730538922,2022,-0.12167,81.0,-1.35095,87.0,1.22928
1749251,77,955,2,0.772727272727273,2022,-0.07693664,11.0,2.146105,88.0,2.22304164
1749406,77,955,710,0.545454545454545,2022,-0.07693664,11.0,-1.35095,87.0,1.27401336
1749442,77,970,2,0.605263157894737,2022,0.4198497,52.0,2.146105,88.0,1.7262553
1749597,77,970,710,0.491071428571429,2022,0.4198497,52.0,-1.35095,87.0,1.7707997
1749633,77,983,2,0.877483443708609,2022,1.006107,77.0,2.146105,88.0,1.139998
1749788,77,983,710,0.462837837837838,2022,1.006107,77.0,-1.35095,87.0,2.357057
1749824,77,986,2,0.780373831775701,2022,0.5768141,71.0,2.146105,88.0,1.5692909
1749979,77,986,710,0.481132075471698,2022,0.5768141,71.0,-1.35095,87.0,1.9277641
1750015,77,987,2,0.906015037593985,2022,1.266749,67.0,2.146105,88.0,0.879356
1750170,77,987,710,0.442748091603053,2022,1.266749,67.0,-1.35095,87.0,2.617699
1750206,77,990,2,0.640287769784173,2022,0.05189717,67.0,2.146105,88.0,2.09420783
1750361,77,990,710,0.648550724637681,2022,0.05189717,67.0,-1.35095,87.0,1.40284717
1750397,78,2,20,0.84698275862069,2023,2.21769,88.0,1.203079,88.0,1.014611
1750398,78,2,31,0.596491228070175,2023,2.21769,88.0,-0.08943802,70.0,2.30712802
1750399,78,2,40,0.300865800865801,2023,2.21769,88.0,-1.045583,88.0,3.263273
1750400,78,2,41,0.5675,2023,2.21769,88.0,-0.1740378,77.0,2.3917278
1750401,78,2,42,0.588362068965517,2023,2.21769,88.0,-0.103293,88.0,2.320983
1750402,78,2,51,0.576923076923077,2023,2.21769,88.0,-0.2285294,83.0,2.4462194
1750403,78,2,52,0.547826086956522,2023,2.21769,88.0,-0.417761,87.0,2.635451
1750404,78,2,53,0.563084112149533,2023,2.21769,88.0,-0.1977758,84.0,2.4154658
1750405,78,2,54,0.641732283464567,2023,2.21769,88.0,-0.2984307,41.0,2.5161207
1750406,78,2,55,0.536269430051813,2023,2.21769,88.0,-0.3916124,78.0,2.6093024
1750407,78,2,56,0.486559139784946,2023,2.21769,88.0,-0.409301,81.0,2.626991
1750408,78,2,57,0.537790697674419,2023,2.21769,88.0,-0.4225462,81.0,2.6402362
1750409,78,2,58,0.556547619047619,2023,2.21769,88.0,-0.3945366,71.0,2.6122266
1750410,78,2,60,0.561349693251534,2023,2.21769,88.0,-0.3776802,72.0,2.5953702
1750411,78,2,70,0.558189655172414,2023,2.21769,88.0,-0.004913904,88.0,2.222603904
1750412,78,2,80,0.557142857142857,2023,2.21769,88.0,-0.3318282,76.0,2.5495182
1750413,78,2,90,0.634782608695652,2023,2.21769,88.0,0.1077127,87.0,2.1099773
1750414,78,2,91,0.548245614035088,2023,2.21769,88.0,-0.1896967,87.0,2.4073867
1750415,78,2,92,0.549568965517241,2023,2.21769,88.0,-0.2426145,88.0,2.4603045
1750416,78,2,93,0.264192139737991,2023,2.21769,88.0,-1.437103,85.0,3.654793
1750417,78,2,94,0.581896551724138,2023,2.21769,88.0,-0.05203278,88.0,2.26972278
1750418,78,2,95,0.59698275862069,2023,2.21769,88.0,0.01784699,88.0,2.19984301
1750419,78,2,100,0.573275862068966,2023,2.21769,88.0,-0.1643681,88.0,2.3820581
1750420,78,2,110,0.566810344827586,2023,2.21769,88.0,-0.278025,88.0,2.495715
1750421,78,2,115,0.558695652173913,2023,2.21769,88.0,-0.1447352,87.0,2.3624252
1750422,78,2,130,0.589912280701754,2023,2.21769,88.0,-0.1022079,86.0,2.3198979
1750423,78,2,135,0.575431034482759,2023,2.21769,88.0,-0.1092488,88.0,2.3269388
1750424,78,2,140,0.526086956521739,2023,2.21769,88.0,-0.304158,86.0,2.521848
1750425,78,2,145,0.447488584474886,2023,2.21769,88.0,-0.905602,77.0,3.123292
1750426,78,2,150,0.605603448275862,2023,2.21769,88.0,-0.09246515,88.0,2.31015515
1750427,78,2,155,0.594827586206897,2023,2.21769,88.0,0.01178314,88.0,2.20590686
1750428,78,2,160,0.59051724137931,2023,2.21769,88.0,-0.02938624,88.0,2.24707624
1750429,78,2,165,0.599137931034483,2023,2.21769,88.0,0.04631094,88.0,2.17137906
1750430,78,2,200,0.894396551724138,2023,2.21769,88.0,1.66217,88.0,0.55552
1750431,78,2,205,0.72198275862069,2023,2.21769,88.0,0.6987509,88.0,1.5189391
1750432,78,2,210,0.811688311688312,2023,2.21769,88.0,0.9859316,88.0,1.2317584
1750433,78,2,211,0.82034632034632,2023,2.21769,88.0,0.9990382,88.0,1.2186518
1750434,78,2,212,0.825431034482759,2023,2.21769,88.0,1.016745,88.0,1.200945
1750435,78,2,220,0.864224137931034,2023,2.21769,88.0,1.361035,88.0,0.856655
1750436,78,2,221,0.849775784753363,2023,2.21769,88.0,1.039678,87.0,1.178012
1750437,78,2,223,0.719827586206897,2023,2.21769,88.0,0.6774605,88.0,1.5402295
1750438,78,2,225,0.732758620689655,2023,2.21769,88.0,0.6349255,88.0,1.5827645
1750439,78,2,230,0.814655172413793,2023,2.21769,88.0,0.9355122,88.0,1.2821778
1750440,78,2,232,0.739224137931034,2023,2.21769,88.0,0.7004569,88.0,1.5172331
1750441,78,2,235,0.810344827586207,2023,2.21769,88.0,0.9749886,88.0,1.2427014
1750442,78,2,255,0.818965517241379,2023,2.21769,88.0,1.140122,88.0,1.077568
1750443,78,2,290,0.831896551724138,2023,2.21769,88.0,1.120056,88.0,1.097634
1750444,78,2,305,0.732758620689655,2023,2.21769,88.0,0.8508278,88.0,1.3668622
1750445,78,2,310,0.851293103448276,2023,2.21769,88.0,1.305108,88.0,0.912582
1750446,78,2,316,0.844827586206897,2023,2.21769,88.0,1.306408,88.0,0.911282
1750447,78,2,317,0.829741379310345,2023,2.21769,88.0,1.136241,88.0,1.081449
1750448,78,2,325,0.831896551724138,2023,2.21769,88.0,1.10539,88.0,1.1123
1750449,78,2,331,0.718468468468468,2023,2.21769,88.0,0.6953455,87.0,1.5223445
1750450,78,2,338,0.739224137931034,2023,2.21769,88.0,0.7052475,88.0,1.5124425
1750451,78,2,339,0.823275862068966,2023,2.21769,88.0,1.04548,88.0,1.17221
1750452,78,2,341,0.819565217391304,2023,2.21769,88.0,0.9744827,87.0,1.2432073
1750453,78,2,343,0.804444444444444,2023,2.21769,88.0,0.8750786,86.0,1.3426114
1750454,78,2,344,0.829741379310345,2023,2.21769,88.0,1.178894,88.0,1.038796
1750455,78,2,345,0.647590361445783,2023,2.21769,88.0,0.3838773,77.0,1.8338127
1750456,78,2,346,0.793859649122807,2023,2.21769,88.0,0.7784461,86.0,1.4392439
1750457,78,2,349,0.814655172413793,2023,2.21769,88.0,0.962699,88.0,1.254991
1750458,78,2,350,0.816017316017316,2023,2.21769,88.0,0.9190849,88.0,1.2986051
1750459,78,2,352,0.743534482758621,2023,2.21769,88.0,0.6753868,88.0,1.5423032
1750460,78,2,355,0.829741379310345,2023,2.21769,88.0,1.030023,88.0,1.187667
1750461,78,2,359,0.764069264069264,2023,2.21769,88.0,0.7259214,87.0,1.4917686
1750462,78,2,360,0.834051724137931,2023,2.21769,88.0,1.129039,88.0,1.088651
1750463,78,2,365,0.252293577981651,2023,2.21769,88.0,-0.4113089,88.0,2.6289989
1750464,78,2,366,0.834051724137931,2023,2.21769,88.0,1.12222,88.0,1.09547
1750465,78,2,367,0.833333333333333,2023,2.21769,88.0,1.092867,87.0,1.124823
1750466,78,2,368,0.836206896551724,2023,2.21769,88.0,1.196719,88.0,1.020971
1750467,78,2,369,0.849557522123894,2023,2.21769,88.0,1.240867,87.0,0.976823
1750468,78,2,370,0.326086956521739,2023,2.21769,88.0,-0.7191141,87.0,2.9368041
1750469,78,2,371,0.511976047904192,2023,2.21769,88.0,0.05614386,81.0,2.16154614
1750470,78,2,372,0.790393013100437,2023,2.21769,88.0,0.8017353,85.0,1.4159547
1750471,78,2,373,0.216216216216216,2023,2.21769,88.0,-0.4456874,60.0,2.6633774
1750472,78,2,375,0.814655172413793,2023,2.21769,88.0,1.019858,88.0,1.197832
1750473,78,2,380,0.823275862068966,2023,2.21769,88.0,1.05163,88.0,1.16606
1750474,78,2,385,0.786637931034483,2023,2.21769,88.0,0.8225142,88.0,1.3951758
1750475,78,2,390,0.825431034482759,2023,2.21769,88.0,1.09667,88.0,1.12102
1750476,78,2,395,0.800438596491228,2023,2.21769,88.0,0.9096193,87.0,1.3080707
1750477,78,2,402,0.474576271186441,2023,2.21769,88.0,-0.08500335,78.0,2.30269335
1750478,78,2,403,0.75,2023,2.21769,88.0,-0.1372067,2.0,2.3548967
1750479,78,2,404,0.289473684210526,2023,2.21769,88.0,-0.6566898,68.0,2.8743798
1750480,78,2,411,0.32520325203252,2023,2.21769,88.0,-0.7154808,65.0,2.9331708
1750481,78,2,420,0.472560975609756,2023,2.21769,88.0,-0.3962381,81.0,2.6139281
1750482,78,2,432,0.353211009174312,2023,2.21769,88.0,-0.4049051,82.0,2.6225951
1750483,78,2,433,0.497737556561086,2023,2.21769,88.0,-0.5471527,85.0,2.7648427
1750484,78,2,434,0.364406779661017,2023,2.21769,88.0,-0.2782882,53.0,2.4959782
1750485,78,2,435,0.472361809045226,2023,2.21769,88.0,-0.7203713,80.0,2.9380613
1750486,78,2,436,0.426229508196721,2023,2.21769,88.0,-0.6481595,78.0,2.8658495
1750487,78,2,437,0.666666666666667,2023,2.21769,88.0,0.03026269,7.0,2.18742731
1750488,78,2,438,0.496794871794872,2023,2.21769,88.0,-0.4098648,72.0,2.6275548
1750489,78,2,439,0.41726618705036,2023,2.21769,88.0,-0.5777796,62.0,2.7954696
1750490,78,2,450,0.908045977011494,2023,2.21769,88.0,0.4218828,21.0,1.7958072
1750491,78,2,451,0.562893081761006,2023,2.21769,88.0,-0.2598061,76.0,2.4774961
1750492,78,2,452,0.520179372197309,2023,2.21769,88.0,-0.4224641,84.0,2.6401541
1750493,78,2,461,0.504385964912281,2023,2.21769,88.0,-0.3864891,86.0,2.6041791
1750494,78,2,471,0.534090909090909,2023,2.21769,88.0,-0.2266537,81.0,2.4443437
1750495,78,2,475,0.497584541062802,2023,2.21769,88.0,-0.5575964,74.0,2.7752864
1750496,78,2,481,0.343373493975904,2023,2.21769,88.0,-0.480018,76.0,2.697708
1750497,78,2,482,0.454198473282443,2023,2.21769,88.0,-0.4087866,68.0,2.6264766
1750498,78,2,483,0.517766497461929,2023,2.21769,88.0,-0.4532488,76.0,2.6709388
1750499,78,2,484,0.525,2023,2.21769,88.0,-0.5380074,71.0,2.7556974
1750500,78,2,490,0.571942446043165,2023,2.21769,88.0,-0.04643418,60.0,2.26412418
1750501,78,2,500,0.449404761904762,2023,2.21769,88.0,-0.561689,83.0,2.779379
1750502,78,2,501,0.517777777777778,2023,2.21769,88.0,-0.3524878,87.0,2.5701778
1750503,78,2,510,0.523923444976077,2023,2.21769,88.0,-0.3930587,81.0,2.6107487
1750504,78,2,516,0.37696335078534,2023,2.21769,88.0,-1.033223,76.0,3.250913
1750505,78,2,517,0.535031847133758,2023,2.21769,88.0,-0.3730561,67.0,2.5907461
1750506,78,2,520,0.362595419847328,2023,2.21769,88.0,-0.6533558,66.0,2.8710458
1750507,78,2,522,0.471491228070175,2023,2.21769,88.0,-0.5985761,85.0,2.8162661
1750508,78,2,530,0.457345971563981,2023,2.21769,88.0,-0.4259937,84.0,2.6436837
1750509,78,2,531,0.417410714285714,2023,2.21769,88.0,-1.041967,86.0,3.259657
1750510,78,2,540,0.539301310043668,2023,2.21769,88.0,-0.4815935,85.0,2.6992835
1750511,78,2,541,0.488938053097345,2023,2.21769,88.0,-0.5739984,85.0,2.7916884
1750512,78,2,551,0.577160493827161,2023,2.21769,88.0,-0.2996248,72.0,2.5173148
1750513,78,2,552,0.306122448979592,2023,2.21769,88.0,-0.8241063,85.0,3.0417963
1750514,78,2,553,0.604430379746835,2023,2.21769,88.0,-0.0779578,68.0,2.2956478
1750515,78,2,560,0.456140350877193,2023,2.21769,88.0,-0.5554582,85.0,2.7731482
1750516,78,2,565,0.46875,2023,2.21769,88.0,-0.5953117,82.0,2.8130017
1750517,78,2,570,0.514705882352941,2023,2.21769,88.0,-0.5212991,78.0,2.7389891
1750518,78,2,571,0.533175355450237,2023,2.21769,88.0,-0.3932137,85.0,2.6109037
1750519,78,2,572,0.346153846153846,2023,2.21769,88.0,-0.3695901,13.0,2.5872801
1750520,78,2,580,0.513089005235602,2023,2.21769,88.0,-0.4801922,78.0,2.6978822
1750521,78,2,581,0.49438202247191,2023,2.21769,88.0,-0.5619664,70.0,2.7796564
1750522,78,2,590,0.445086705202312,2023,2.21769,88.0,-0.3443248,80.0,2.5620148
1750523,78,2,591,0.41875,2023,2.21769,88.0,-0.1889312,75.0,2.4066212
1750524,78,2,600,0.510152284263959,2023,2.21769,88.0,-0.3507112,83.0,2.5684012
1750525,78,2,615,0.439130434782609,2023,2.21769,88.0,-0.9147307,88.0,3.1324207
1750526,78,2,616,0.490610328638498,2023,2.21769,88.0,-0.5233449,85.0,2.7410349
1750527,78,2,620,0.465116279069767,2023,2.21769,88.0,-0.6950896,82.0,2.9127796
1750528,78,2,625,0.40952380952381,2023,2.21769,88.0,-0.968121,70.0,3.185811
1750529,78,2,626,0.634803921568627,2023,2.21769,88.0,0.3432384,79.0,1.8744516
1750530,78,2,630,0.241150442477876,2023,2.21769,88.0,-1.39043,84.0,3.60812
1750531,78,2,640,0.721238938053097,2023,2.21769,88.0,0.6019458,85.0,1.6157442
1750532,78,2,645,0.464601769911504,2023,2.21769,88.0,-0.7634655,86.0,2.9811555
1750533,78,2,651,0.407327586206897,2023,2.21769,88.0,-0.7546136,88.0,2.9723036
1750534,78,2,652,0.208520179372197,2023,2.21769,88.0,-1.581047,87.0,3.798737
1750535,78,2,660,0.431279620853081,2023,2.21769,88.0,-0.7435457,86.0,2.9612357
1750536,78,2,663,0.462882096069869,2023,2.21769,88.0,-0.6292286,86.0,2.8469186
1750537,78,2,666,0.865217391304348,2023,2.21769,88.0,1.768603,88.0,0.449087
1750538,78,2,670,0.430735930735931,2023,2.21769,88.0,-0.5158403,87.0,2.7335303
1750539,78,2,679,0.465367965367965,2023,2.21769,88.0,-0.5853987,87.0,2.8030887
1750540,78,2,690,0.495652173913044,2023,2.21769,88.0,-0.5335823,88.0,2.7512723
1750541,78,2,692,0.478448275862069,2023,2.21769,88.0,-0.6823356,88.0,2.9000256
1750542,78,2,694,0.517241379310345,2023,2.21769,88.0,-0.4932843,88.0,2.7109743
1750543,78,2,696,0.482758620689655,2023,2.21769,88.0,-0.5558516,88.0,2.7735416
1750544,78,2,698,0.466960352422908,2023,2.21769,88.0,-0.7987714,87.0,3.0164614
1750545,78,2,700,0.565789473684211,2023,2.21769,88.0,-0.4616858,47.0,2.6793758
1750546,78,2,701,0.219178082191781,2023,2.21769,88.0,-0.8177194,62.0,3.0354094
1750547,78,2,702,0.430939226519337,2023,2.21769,88.0,-0.5973167,80.0,2.8150067
1750548,78,2,703,0.404624277456647,2023,2.21769,88.0,-0.5238555,83.0,2.7415455
1750549,78,2,704,0.470108695652174,2023,2.21769,88.0,-0.7473162,80.0,2.9650062
1750550,78,2,705,0.5,2023,2.21769,88.0,-0.3582828,81.0,2.5759728
1750551,78,2,710,0.323913043478261,2023,2.21769,88.0,-0.7348417,87.0,2.9525317
1750552,78,2,712,0.511013215859031,2023,2.21769,88.0,-0.5132986,88.0,2.7309886
1750553,78,2,731,0.219444444444444,2023,2.21769,88.0,-0.6038933,79.0,2.8215833
1750554,78,2,732,0.806034482758621,2023,2.21769,88.0,0.8508942,88.0,1.3667958
1750555,78,2,740,0.767241379310345,2023,2.21769,88.0,0.7306719,88.0,1.4870181
1750556,78,2,750,0.454545454545455,2023,2.21769,88.0,-0.194673,87.0,2.412363
1750557,78,2,760,0.508771929824561,2023,2.21769,88.0,-0.3412255,84.0,2.5589155
1750558,78,2,770,0.474137931034483,2023,2.21769,88.0,-0.3718898,88.0,2.5895798
1750559,78,2,771,0.50219298245614,2023,2.21769,88.0,-0.5379736,86.0,2.7556636
1750560,78,2,775,0.54739336492891,2023,2.21769,88.0,-0.09610827,86.0,2.31379827
1750561,78,2,780,0.440789473684211,2023,2.21769,88.0,-0.679227,86.0,2.896917
1750562,78,2,781,0.556053811659193,2023,2.21769,88.0,-0.4751664,87.0,2.6928564
1750563,78,2,790,0.51528384279476,2023,2.21769,88.0,-0.4107635,86.0,2.6284535
1750564,78,2,800,0.52801724137931,2023,2.21769,88.0,-0.3447716,88.0,2.5624616
1750565,78,2,811,0.491803278688525,2023,2.21769,88.0,-0.5098836,86.0,2.7275736
1750566,78,2,812,0.458139534883721,2023,2.21769,88.0,-0.602164,87.0,2.819854
1750567,78,2,816,0.480487804878049,2023,2.21769,88.0,-0.6427224,86.0,2.8604124
1750568,78,2,820,0.487068965517241,2023,2.21769,88.0,-0.5896829,88.0,2.8073729
1750569,78,2,830,0.568965517241379,2023,2.21769,88.0,-0.2808472,88.0,2.4985372
1750570,78,2,835,0.484913793103448,2023,2.21769,88.0,-0.6871243,88.0,2.9048143
1750571,78,2,840,0.538961038961039,2023,2.21769,88.0,-0.3661749,87.0,2.5838649
1750572,78,2,850,0.463362068965517,2023,2.21769,88.0,-0.6173454,88.0,2.8350354
1750573,78,2,860,0.550724637681159,2023,2.21769,88.0,-0.1522493,77.0,2.3699393
1750574,78,2,900,0.806034482758621,2023,2.21769,88.0,1.103794,88.0,1.113896
1750575,78,2,910,0.675799086757991,2023,2.21769,88.0,0.2269858,84.0,1.9907042
1750576,78,2,920,0.720779220779221,2023,2.21769,88.0,0.6937647,87.0,1.5239253
1750577,78,2,935,0.462765957446808,2023,2.21769,88.0,-0.05346275,79.0,2.27115275
1750578,78,2,940,0.393258426966292,2023,2.21769,88.0,-0.3196208,72.0,2.5373108
1750579,78,2,946,0.616666666666667,2023,2.21769,88.0,0.03238982,81.0,2.18530018
1750580,78,2,947,0.592783505154639,2023,2.21769,88.0,0.04867003,58.0,2.16901997
1750581,78,2,950,0.882352941176471,2023,2.21769,88.0,0.287415,9.0,1.930275
1750582,78,2,955,0.480263157894737,2023,2.21769,88.0,0.03849949,67.0,2.17919051
1750583,78,2,970,0.644067796610169,2023,2.21769,88.0,0.3111117,49.0,1.9065783
1750584,78,2,983,0.809815950920245,2023,2.21769,88.0,0.7456675,65.0,1.4720225
1750585,78,2,986,0.751552795031056,2023,2.21769,88.0,0.4483619,83.0,1.7693281
1750586,78,2,987,0.91970802919708,2023,2.21769,88.0,1.339536,67.0,0.878154
1750587,78,2,990,0.672413793103448,2023,2.21769,88.0,0.1266534,24.0,2.0910366
1750588,78,20,2,0.84698275862069,2023,1.203079,88.0,2.21769,88.0,1.014611
1750742,78,20,710,0.439130434782609,2023,1.203079,88.0,-0.7348417,87.0,1.9379207
1750779,78,31,2,0.596491228070175,2023,-0.08943802,70.0,2.21769,88.0,2.30712802
1750933,78,31,710,0.606508875739645,2023,-0.08943802,70.0,-0.7348417,87.0,0.64540368
1750970,78,40,2,0.300865800865801,2023,-1.045583,88.0,2.21769,88.0,3.263273
1751124,78,40,710,0.810043668122271,2023,-1.045583,88.0,-0.7348417,87.0,0.3107413
1751161,78,41,2,0.5675,2023,-0.1740378,77.0,2.21769,88.0,2.3917278
1751315,78,41,710,0.628787878787879,2023,-0.1740378,77.0,-0.7348417,87.0,0.5608039
1751352,78,42,2,0.588362068965517,2023,-0.103293,88.0,2.21769,88.0,2.320983
1751506,78,42,710,0.58695652173913,2023,-0.103293,88.0,-0.7348417,87.0,0.6315487
1751543,78,51,2,0.576923076923077,2023,-0.2285294,83.0,2.21769,88.0,2.4462194
1751697,78,51,710,0.616504854368932,2023,-0.2285294,83.0,-0.7348417,87.0,0.5063123
1751734,78,52,2,0.547826086956522,2023,-0.417761,87.0,2.21769,88.0,2.635451
1751888,78,52,710,0.620614035087719,2023,-0.417761,87.0,-0.7348417,87.0,0.3170807
1751925,78,53,2,0.563084112149533,2023,-0.1977758,84.0,2.21769,88.0,2.4154658
1752079,78,53,710,0.627358490566038,2023,-0.1977758,84.0,-0.7348417,87.0,0.5370659
1752116,78,54,2,0.641732283464567,2023,-0.2984307,41.0,2.21769,88.0,2.5161207
1752270,78,54,710,0.567460317460317,2023,-0.2984307,41.0,-0.7348417,87.0,0.436411
1752307,78,55,2,0.536269430051813,2023,-0.3916124,78.0,2.21769,88.0,2.6093024
1752461,78,55,710,0.654450261780105,2023,-0.3916124,78.0,-0.7348417,87.0,0.3432293
1752498,78,56,2,0.486559139784946,2023,-0.409301,81.0,2.21769,88.0,2.626991
1752652,78,56,710,0.673913043478261,2023,-0.409301,81.0,-0.7348417,87.0,0.3255407
1752689,78,57,2,0.537790697674419,2023,-0.4225462,81.0,2.21769,88.0,2.6402362
1752843,78,57,710,0.669590643274854,2023,-0.4225462,81.0,-0.7348417,87.0,0.3122955
1752880,78,58,2,0.556547619047619,2023,-0.3945366,71.0,2.21769,88.0,2.6122266
1753034,78,58,710,0.634730538922156,2023,-0.3945366,71.0,-0.7348417,87.0,0.3403051
1753071,78,60,2,0.561349693251534,2023,-0.3776802,72.0,2.21769,88.0,2.5953702
1753225,78,60,710,0.645061728395062,2023,-0.3776802,72.0,-0.7348417,87.0,0.3571615
1753262,78,70,2,0.558189655172414,2023,-0.004913904,88.0,2.21769,88.0,2.222603904
1753416,78,70,710,0.6,2023,-0.004913904,88.0,-0.7348417,87.0,0.729927796
1753453,78,80,2,0.557142857142857,2023,-0.3318282,76.0,2.21769,88.0,2.5495182
1753607,78,80,710,0.632183908045977,2023,-0.3318282,76.0,-0.7348417,87.0,0.4030135
1753644,78,90,2,0.634782608695652,2023,0.1077127,87.0,2.21769,88.0,2.1099773
1753798,78,90,710,0.528508771929825,2023,0.1077127,87.0,-0.7348417,87.0,0.8425544
1753835,78,91,2,0.548245614035088,2023,-0.1896967,87.0,2.21769,88.0,2.4073867
1753989,78,91,710,0.608407079646018,2023,-0.1896967,87.0,-0.7348417,87.0,0.545145
1754026,78,92,2,0.549568965517241,2023,-0.2426145,88.0,2.21769,88.0,2.4603045
1754180,78,92,710,0.630434782608696,2023,-0.2426145,88.0,-0.7348417,87.0,0.4922272
1754217,78,93,2,0.264192139737991,2023,-1.437103,85.0,2.21769,88.0,3.654793
1754371,78,93,710,0.814977973568282,2023,-1.437103,85.0,-0.7348417,87.0,0.7022613
1754408,78,94,2,0.581896551724138,2023,-0.05203278,88.0,2.21769,88.0,2.26972278
1754562,78,94,710,0.584782608695652,2023,-0.05203278,88.0,-0.7348417,87.0,0.68280892
1754599,78,95,2,0.59698275862069,2023,0.01784699,88.0,2.21769,88.0,2.19984301
1754753,78,95,710,0.578260869565217,2023,0.01784699,88.0,-0.7348417,87.0,0.75268869
1754790,78,100,2,0.573275862068966,2023,-0.1643681,88.0,2.21769,88.0,2.3820581
1754944,78,100,710,0.589130434782609,2023,-0.1643681,88.0,-0.7348417,87.0,0.5704736
1754981,78,110,2,0.566810344827586,2023,-0.278025,88.0,2.21769,88.0,2.495715
1755135,78,110,710,0.617391304347826,2023,-0.278025,88.0,-0.7348417,87.0,0.4568167
1755172,78,115,2,0.558695652173913,2023,-0.1447352,87.0,2.21769,88.0,2.3624252
1755326,78,115,710,0.618421052631579,2023,-0.1447352,87.0,-0.7348417,87.0,0.5901065
1755363,78,130,2,0.589912280701754,2023,-0.1022079,86.0,2.21769,88.0,2.3198979
1755517,78,130,710,0.581858407079646,2023,-0.1022079,86.0,-0.7348417,87.0,0.6326338
1755554,78,135,2,0.575431034482759,2023,-0.1092488,88.0,2.21769,88.0,2.3269388
1755708,78,135,710,0.604347826086956,2023,-0.1092488,88.0,-0.7348417,87.0,0.6255929
1755745,78,140,2,0.526086956521739,2023,-0.304158,86.0,2.21769,88.0,2.521848
1755899,78,140,710,0.633771929824561,2023,-0.304158,86.0,-0.7348417,87.0,0.4306837
1755936,78,145,2,0.447488584474886,2023,-0.905602,77.0,2.21769,88.0,3.123292
1756090,78,145,710,0.688073394495413,2023,-0.905602,77.0,-0.7348417,87.0,0.1707603
1756127,78,150,2,0.605603448275862,2023,-0.09246515,88.0,2.21769,88.0,2.31015515
1756281,78,150,710,0.569565217391304,2023,-0.09246515,88.0,-0.7348417,87.0,0.64237655
1756318,78,155,2,0.594827586206897,2023,0.01178314,88.0,2.21769,88.0,2.20590686
1756472,78,155,710,0.571739130434783,2023,0.01178314,88.0,-0.7348417,87.0,0.74662484
1756509,78,160,2,0.59051724137931,2023,-0.02938624,88.0,2.21769,88.0,2.24707624
1756663,78,160,710,0.602173913043478,2023,-0.02938624,88.0,-0.7348417,87.0,0.70545546
1756700,78,165,2,0.599137931034483,2023,0.04631094,88.0,2.21769,88.0,2.17137906
1756854,78,165,710,0.576086956521739,2023,0.04631094,88.0,-0.7348417,87.0,0.78115264
1756891,78,200,2,0.894396551724138,2023,1.66217,88.0,2.21769,88.0,0.55552
1757045,78,200,710,0.417391304347826,2023,1.66217,88.0,-0.7348417,87.0,2.3970117
1757082,78,205,2,0.72198275862069,2023,0.6987509,88.0,2.21769,88.0,1.5189391
1757236,78,205,710,0.454347826086957,2023,0.6987509,88.0,-0.7348417,87.0,1.4335926
1757273,78,210,2,0.811688311688312,2023,0.9859316,88.0,2.21769,88.0,1.2317584
1757427,78,210,710,0.467248908296943,2023,0.9859316,88.0,-0.7348417,87.0,1.7207733
1757464,78,211,2,0.82034632034632,2023,0.9990382,88.0,2.21769,88.0,1.2186518
1757618,78,211,710,0.471615720524017,2023,0.9990382,88.0,-0.7348417,87.0,1.7338799
1757655,78,212,2,0.825431034482759,2023,1.016745,88.0,2.21769,88.0,1.200945
1757809,78,212,710,0.46304347826087,2023,1.016745,88.0,-0.7348417,87.0,1.7515867
1757846,78,220,2,0.864224137931034,2023,1.361035,88.0,2.21769,88.0,0.856655
1758000,78,220,710,0.439130434782609,2023,1.361035,88.0,-0.7348417,87.0,2.0958767
1758037,78,221,2,0.849775784753363,2023,1.039678,87.0,2.21769,88.0,1.178012
1758191,78,221,710,0.443438914027149,2023,1.039678,87.0,-0.7348417,87.0,1.7745197
1758228,78,223,2,0.719827586206897,2023,0.6774605,88.0,2.21769,88.0,1.5402295
1758382,78,223,710,0.456521739130435,2023,0.6774605,88.0,-0.7348417,87.0,1.4123022
1758419,78,225,2,0.732758620689655,2023,0.6349255,88.0,2.21769,88.0,1.5827645
1758573,78,225,710,0.478260869565217,2023,0.6349255,88.0,-0.7348417,87.0,1.3697672
1758610,78,230,2,0.814655172413793,2023,0.9355122,88.0,2.21769,88.0,1.2821778
1758764,78,230,710,0.46304347826087,2023,0.9355122,88.0,-0.7348417,87.0,1.6703539
1758801,78,232,2,0.739224137931034,2023,0.7004569,88.0,2.21769,88.0,1.5172331
1758955,78,232,710,0.445652173913043,2023,0.7004569,88.0,-0.7348417,87.0,1.4352986
1758992,78,235,2,0.810344827586207,2023,0.9749886,88.0,2.21769,88.0,1.2427014
1759146,78,235,710,0.460869565217391,2023,0.9749886,88.0,-0.7348417,87.0,1.7098303
1759183,78,255,2,0.818965517241379,2023,1.140122,88.0,2.21769,88.0,1.077568
1759337,78,255,710,0.454347826086957,2023,1.140122,88.0,-0.7348417,87.0,1.8749637
1759374,78,290,2,0.831896551724138,2023,1.120056,88.0,2.21769,88.0,1.097634
1759528,78,290,710,0.452173913043478,2023,1.120056,88.0,-0.7348417,87.0,1.8548977
1759565,78,305,2,0.732758620689655,2023,0.8508278,88.0,2.21769,88.0,1.3668622
1759719,78,305,710,0.445652173913043,2023,0.8508278,88.0,-0.7348417,87.0,1.5856695
1759756,78,310,2,0.851293103448276,2023,1.305108,88.0,2.21769,88.0,0.912582
1759910,78,310,710,0.439130434782609,2023,1.305108,88.0,-0.7348417,87.0,2.0399497
1759947,78,316,2,0.844827586206897,2023,1.306408,88.0,2.21769,88.0,0.911282
1760101,78,316,710,0.432608695652174,2023,1.306408,88.0,-0.7348417,87.0,2.0412497
1760138,78,317,2,0.829741379310345,2023,1.136241,88.0,2.21769,88.0,1.081449
1760292,78,317,710,0.452173913043478,2023,1.136241,88.0,-0.7348417,87.0,1.8710827
1760329,78,325,2,0.831896551724138,2023,1.10539,88.0,2.21769,88.0,1.1123
1760483,78,325,710,0.458695652173913,2023,1.10539,88.0,-0.7348417,87.0,1.8402317
1760520,78,331,2,0.718468468468468,2023,0.6953455,87.0,2.21769,88.0,1.5223445
1760674,78,331,710,0.468181818181818,2023,0.6953455,87.0,-0.7348417,87.0,1.4301872
1760711,78,338,2,0.739224137931034,2023,0.7052475,88.0,2.21769,88.0,1.5124425
1760865,78,338,710,0.445652173913043,2023,0.7052475,88.0,-0.7348417,87.0,1.4400892
1760902,78,339,2,0.823275862068966,2023,1.04548,88.0,2.21769,88.0,1.17221
1761056,78,339,710,0.456521739130435,2023,1.04548,88.0,-0.7348417,87.0,1.7803217
1761093,78,341,2,0.819565217391304,2023,0.9744827,87.0,2.21769,88.0,1.2432073
1761247,78,341,710,0.453947368421053,2023,0.9744827,87.0,-0.7348417,87.0,1.7093244
1761284,78,343,2,0.804444444444444,2023,0.8750786,86.0,2.21769,88.0,1.3426114
1761438,78,343,710,0.46875,2023,0.8750786,86.0,-0.7348417,87.0,1.6099203
1761475,78,344,2,0.829741379310345,2023,1.178894,88.0,2.21769,88.0,1.038796
1761629,78,344,710,0.456521739130435,2023,1.178894,88.0,-0.7348417,87.0,1.9137357
1761666,78,345,2,0.647590361445783,2023,0.3838773,77.0,2.21769,88.0,1.8338127
1761820,78,345,710,0.648484848484848,2023,0.3838773,77.0,-0.7348417,87.0,1.118719
1761857,78,346,2,0.793859649122807,2023,0.7784461,86.0,2.21769,88.0,1.4392439
1762011,78,346,710,0.458149779735683,2023,0.7784461,86.0,-0.7348417,87.0,1.5132878
1762048,78,349,2,0.814655172413793,2023,0.962699,88.0,2.21769,88.0,1.254991
1762202,78,349,710,0.469565217391304,2023,0.962699,88.0,-0.7348417,87.0,1.6975407
1762239,78,350,2,0.816017316017316,2023,0.9190849,88.0,2.21769,88.0,1.2986051
1762393,78,350,710,0.46943231441048,2023,0.9190849,88.0,-0.7348417,87.0,1.6539266
1762430,78,352,2,0.743534482758621,2023,0.6753868,88.0,2.21769,88.0,1.5423032
1762584,78,352,710,0.441304347826087,2023,0.6753868,88.0,-0.7348417,87.0,1.4102285
1762621,78,355,2,0.829741379310345,2023,1.030023,88.0,2.21769,88.0,1.187667
1762775,78,355,710,0.458695652173913,2023,1.030023,88.0,-0.7348417,87.0,1.7648647
1762812,78,359,2,0.764069264069264,2023,0.7259214,87.0,2.21769,88.0,1.4917686
1762966,78,359,710,0.451965065502183,2023,0.7259214,87.0,-0.7348417,87.0,1.4607631
1763003,78,360,2,0.834051724137931,2023,1.129039,88.0,2.21769,88.0,1.088651
1763157,78,360,710,0.445652173913043,2023,1.129039,88.0,-0.7348417,87.0,1.8638807
1763194,78,365,2,0.252293577981651,2023,-0.4113089,88.0,2.21769,88.0,2.6289989
1763348,78,365,710,0.819444444444444,2023,-0.4113089,88.0,-0.7348417,87.0,0.3235328
1763385,78,366,2,0.834051724137931,2023,1.12222,88.0,2.21769,88.0,1.09547
1763539,78,366,710,0.45,2023,1.12222,88.0,-0.7348417,87.0,1.8570617
1763576,78,367,2,0.833333333333333,2023,1.092867,87.0,2.21769,88.0,1.124823
1763730,78,367,710,0.449781659388646,2023,1.092867,87.0,-0.7348417,87.0,1.8277087
1763767,78,368,2,0.836206896551724,2023,1.196719,88.0,2.21769,88.0,1.020971
1763921,78,368,710,0.447826086956522,2023,1.196719,88.0,-0.7348417,87.0,1.9315607
1763958,78,369,2,0.849557522123894,2023,1.240867,87.0,2.21769,88.0,0.976823
1764112,78,369,710,0.441964285714286,2023,1.240867,87.0,-0.7348417,87.0,1.9757087
1764149,78,370,2,0.326086956521739,2023,-0.7191141,87.0,2.21769,88.0,2.9368041
1764303,78,370,710,0.782894736842105,2023,-0.7191141,87.0,-0.7348417,87.0,0.0157276000000001
1764340,78,371,2,0.511976047904192,2023,0.05614386,81.0,2.21769,88.0,2.16154614
1764494,78,371,710,0.719879518072289,2023,0.05614386,81.0,-0.7348417,87.0,0.79098556
1764531,78,372,2,0.790393013100437,2023,0.8017353,85.0,2.21769,88.0,1.4159547
1764685,78,372,710,0.462555066079295,2023,0.8017353,85.0,-0.7348417,87.0,1.536577
1764722,78,373,2,0.216216216216216,2023,-0.4456874,60.0,2.21769,88.0,2.6633774
1764876,78,373,710,0.854545454545454,2023,-0.4456874,60.0,-0.7348417,87.0,0.2891543
1764913,78,375,2,0.814655172413793,2023,1.019858,88.0,2.21769,88.0,1.197832
1765067,78,375,710,0.460869565217391,2023,1.019858,88.0,-0.7348417,87.0,1.7546997
1765104,78,380,2,0.823275862068966,2023,1.05163,88.0,2.21769,88.0,1.16606
1765258,78,380,710,0.469565217391304,2023,1.05163,88.0,-0.7348417,87.0,1.7864717
1765295,78,385,2,0.786637931034483,2023,0.8225142,88.0,2.21769,88.0,1.3951758
1765449,78,385,710,0.471739130434783,2023,0.8225142,88.0,-0.7348417,87.0,1.5573559
1765486,78,390,2,0.825431034482759,2023,1.09667,88.0,2.21769,88.0,1.12102
1765640,78,390,710,0.454347826086957,2023,1.09667,88.0,-0.7348417,87.0,1.8315117
1765677,78,395,2,0.800438596491228,2023,0.9096193,87.0,2.21769,88.0,1.3080707
1765831,78,395,710,0.466814159292035,2023,0.9096193,87.0,-0.7348417,87.0,1.644461
1765868,78,402,2,0.474576271186441,2023,-0.08500335,78.0,2.21769,88.0,2.30269335
1766022,78,402,710,0.760683760683761,2023,-0.08500335,78.0,-0.7348417,87.0,0.64983835
1766059,78,403,2,0.75,2023,-0.1372067,2.0,2.21769,88.0,2.3548967
1766213,78,403,710,0.5,2023,-0.1372067,2.0,-0.7348417,87.0,0.597635
1766250,78,404,2,0.289473684210526,2023,-0.6566898,68.0,2.21769,88.0,2.8743798
1766403,78,404,710,0.815789473684211,2023,-0.6566898,68.0,-0.7348417,87.0,0.0781519000000001
1766440,78,411,2,0.32520325203252,2023,-0.7154808,65.0,2.21769,88.0,2.9331708
1766594,78,411,710,0.760330578512397,2023,-0.7154808,65.0,-0.7348417,87.0,0.0193609
1766631,78,420,2,0.472560975609756,2023,-0.3962381,81.0,2.21769,88.0,2.6139281
1766785,78,420,710,0.712962962962963,2023,-0.3962381,81.0,-0.7348417,87.0,0.3386036
1766822,78,432,2,0.353211009174312,2023,-0.4049051,82.0,2.21769,88.0,2.6225951
1766976,78,432,710,0.831018518518518,2023,-0.4049051,82.0,-0.7348417,87.0,0.3299366
1767013,78,433,2,0.497737556561086,2023,-0.5471527,85.0,2.21769,88.0,2.7648427
1767167,78,433,710,0.659817351598174,2023,-0.5471527,85.0,-0.7348417,87.0,0.187689
1767204,78,434,2,0.364406779661017,2023,-0.2782882,53.0,2.21769,88.0,2.4959782
1767358,78,434,710,0.771186440677966,2023,-0.2782882,53.0,-0.7348417,87.0,0.4565535
1767395,78,435,2,0.472361809045226,2023,-0.7203713,80.0,2.21769,88.0,2.9380613
1767549,78,435,710,0.6751269035533,2023,-0.7203713,80.0,-0.7348417,87.0,0.0144704
1767586,78,436,2,0.426229508196721,2023,-0.6481595,78.0,2.21769,88.0,2.8658495
1767740,78,436,710,0.744505494505495,2023,-0.6481595,78.0,-0.7348417,87.0,0.0866822
1767777,78,437,2,0.666666666666667,2023,0.03026269,7.0,2.21769,88.0,2.18742731
1767929,78,437,710,0.521739130434783,2023,0.03026269,7.0,-0.7348417,87.0,0.76510439
1767966,78,438,2,0.496794871794872,2023,-0.4098648,72.0,2.21769,88.0,2.6275548
1768120,78,438,710,0.673076923076923,2023,-0.4098648,72.0,-0.7348417,87.0,0.3249769
1768157,78,439,2,0.41726618705036,2023,-0.5777796,62.0,2.21769,88.0,2.7954696
1768311,78,439,710,0.739130434782609,2023,-0.5777796,62.0,-0.7348417,87.0,0.1570621
1768348,78,450,2,0.908045977011494,2023,0.4218828,21.0,2.21769,88.0,1.7958072
1768502,78,450,710,0.454022988505747,2023,0.4218828,21.0,-0.7348417,87.0,1.1567245
1768539,78,451,2,0.562893081761006,2023,-0.2598061,76.0,2.21769,88.0,2.4774961
1768693,78,451,710,0.640127388535032,2023,-0.2598061,76.0,-0.7348417,87.0,0.4750356
1768730,78,452,2,0.520179372197309,2023,-0.4224641,84.0,2.21769,88.0,2.6401541
1768884,78,452,710,0.644796380090498,2023,-0.4224641,84.0,-0.7348417,87.0,0.3123776
1768921,78,461,2,0.504385964912281,2023,-0.3864891,86.0,2.21769,88.0,2.6041791
1769075,78,461,710,0.663716814159292,2023,-0.3864891,86.0,-0.7348417,87.0,0.3483526
1769112,78,471,2,0.534090909090909,2023,-0.2266537,81.0,2.21769,88.0,2.4443437
1769266,78,471,710,0.713740458015267,2023,-0.2266537,81.0,-0.7348417,87.0,0.508188
1769303,78,475,2,0.497584541062802,2023,-0.5575964,74.0,2.21769,88.0,2.7752864
1769457,78,475,710,0.65609756097561,2023,-0.5575964,74.0,-0.7348417,87.0,0.1772453
1769494,78,481,2,0.343373493975904,2023,-0.480018,76.0,2.21769,88.0,2.697708
1769648,78,481,710,0.817073170731707,2023,-0.480018,76.0,-0.7348417,87.0,0.2548237
1769685,78,482,2,0.454198473282443,2023,-0.4087866,68.0,2.21769,88.0,2.6264766
1769839,78,482,710,0.744274809160305,2023,-0.4087866,68.0,-0.7348417,87.0,0.3260551
1769876,78,483,2,0.517766497461929,2023,-0.4532488,76.0,2.21769,88.0,2.6709388
1770030,78,483,710,0.653061224489796,2023,-0.4532488,76.0,-0.7348417,87.0,0.2815929
1770067,78,484,2,0.525,2023,-0.5380074,71.0,2.21769,88.0,2.7556974
1770221,78,484,710,0.663522012578616,2023,-0.5380074,71.0,-0.7348417,87.0,0.1968343
1770258,78,490,2,0.571942446043165,2023,-0.04643418,60.0,2.21769,88.0,2.26412418
1770412,78,490,710,0.62589928057554,2023,-0.04643418,60.0,-0.7348417,87.0,0.68840752
1770449,78,500,2,0.449404761904762,2023,-0.561689,83.0,2.21769,88.0,2.779379
1770603,78,500,710,0.731927710843373,2023,-0.561689,83.0,-0.7348417,87.0,0.1731527
1770640,78,501,2,0.517777777777778,2023,-0.3524878,87.0,2.21769,88.0,2.5701778
1770794,78,501,710,0.661434977578475,2023,-0.3524878,87.0,-0.7348417,87.0,0.3823539
1770831,78,510,2,0.523923444976077,2023,-0.3930587,81.0,2.21769,88.0,2.6107487
1770985,78,510,710,0.647342995169082,2023,-0.3930587,81.0,-0.7348417,87.0,0.341783
1771022,78,516,2,0.37696335078534,2023,-1.033223,76.0,2.21769,88.0,3.250913
1771176,78,516,710,0.755263157894737,2023,-1.033223,76.0,-0.7348417,87.0,0.2983813
1771213,78,517,2,0.535031847133758,2023,-0.3730561,67.0,2.21769,88.0,2.5907461
1771367,78,517,710,0.64968152866242,2023,-0.3730561,67.0,-0.7348417,87.0,0.3617856
1771404,78,520,2,0.362595419847328,2023,-0.6533558,66.0,2.21769,88.0,2.8710458
1771558,78,520,710,0.784615384615385,2023,-0.6533558,66.0,-0.7348417,87.0,0.0814859
1771595,78,522,2,0.471491228070175,2023,-0.5985761,85.0,2.21769,88.0,2.8162661
1771749,78,522,710,0.674778761061947,2023,-0.5985761,85.0,-0.7348417,87.0,0.1362656
1771786,78,530,2,0.457345971563981,2023,-0.4259937,84.0,2.21769,88.0,2.6436837
1771940,78,530,710,0.671428571428571,2023,-0.4259937,84.0,-0.7348417,87.0,0.308848
1771977,78,531,2,0.417410714285714,2023,-1.041967,86.0,2.21769,88.0,3.259657
1772131,78,531,710,0.717488789237668,2023,-1.041967,86.0,-0.7348417,87.0,0.3071253
1772168,78,540,2,0.539301310043668,2023,-0.4815935,85.0,2.21769,88.0,2.6992835
1772322,78,540,710,0.634361233480176,2023,-0.4815935,85.0,-0.7348417,87.0,0.2532482
1772359,78,541,2,0.488938053097345,2023,-0.5739984,85.0,2.21769,88.0,2.7916884
1772513,78,541,710,0.683035714285714,2023,-0.5739984,85.0,-0.7348417,87.0,0.1608433
1772550,78,551,2,0.577160493827161,2023,-0.2996248,72.0,2.21769,88.0,2.5173148
1772704,78,551,710,0.62037037037037,2023,-0.2996248,72.0,-0.7348417,87.0,0.4352169
1772741,78,552,2,0.306122448979592,2023,-0.8241063,85.0,2.21769,88.0,3.0417963
1772895,78,552,710,0.811643835616438,2023,-0.8241063,85.0,-0.7348417,87.0,0.0892645999999999
1772932,78,553,2,0.604430379746835,2023,-0.0779578,68.0,2.21769,88.0,2.2956478
1773086,78,553,710,0.579113924050633,2023,-0.0779578,68.0,-0.7348417,87.0,0.6568839
1773123,78,560,2,0.456140350877193,2023,-0.5554582,85.0,2.21769,88.0,2.7731482
1773277,78,560,710,0.66079295154185,2023,-0.5554582,85.0,-0.7348417,87.0,0.1793835
1773314,78,565,2,0.46875,2023,-0.5953117,82.0,2.21769,88.0,2.8130017
1773468,78,565,710,0.662162162162162,2023,-0.5953117,82.0,-0.7348417,87.0,0.13953
1773505,78,570,2,0.514705882352941,2023,-0.5212991,78.0,2.21769,88.0,2.7389891
1773659,78,570,710,0.645320197044335,2023,-0.5212991,78.0,-0.7348417,87.0,0.2135426
1773696,78,571,2,0.533175355450237,2023,-0.3932137,85.0,2.21769,88.0,2.6109037
1773850,78,571,710,0.638095238095238,2023,-0.3932137,85.0,-0.7348417,87.0,0.341628
1773887,78,572,2,0.346153846153846,2023,-0.3695901,13.0,2.21769,88.0,2.5872801
1774040,78,572,710,0.807692307692308,2023,-0.3695901,13.0,-0.7348417,87.0,0.3652516
1774077,78,580,2,0.513089005235602,2023,-0.4801922,78.0,2.21769,88.0,2.6978822
1774231,78,580,710,0.650793650793651,2023,-0.4801922,78.0,-0.7348417,87.0,0.2546495
1774268,78,581,2,0.49438202247191,2023,-0.5619664,70.0,2.21769,88.0,2.7796564
1774422,78,581,710,0.666666666666667,2023,-0.5619664,70.0,-0.7348417,87.0,0.1728753
1774459,78,590,2,0.445086705202312,2023,-0.3443248,80.0,2.21769,88.0,2.5620148
1774613,78,590,710,0.725146198830409,2023,-0.3443248,80.0,-0.7348417,87.0,0.3905169
1774650,78,591,2,0.41875,2023,-0.1889312,75.0,2.21769,88.0,2.4066212
1774804,78,591,710,0.737179487179487,2023,-0.1889312,75.0,-0.7348417,87.0,0.5459105
1774841,78,600,2,0.510152284263959,2023,-0.3507112,83.0,2.21769,88.0,2.5684012
1774995,78,600,710,0.676923076923077,2023,-0.3507112,83.0,-0.7348417,87.0,0.3841305
1775032,78,615,2,0.439130434782609,2023,-0.9147307,88.0,2.21769,88.0,3.1324207
1775186,78,615,710,0.706140350877193,2023,-0.9147307,88.0,-0.7348417,87.0,0.179889
1775223,78,616,2,0.490610328638498,2023,-0.5233449,85.0,2.21769,88.0,2.7410349
1775377,78,616,710,0.679245283018868,2023,-0.5233449,85.0,-0.7348417,87.0,0.2114968
1775414,78,620,2,0.465116279069767,2023,-0.6950896,82.0,2.21769,88.0,2.9127796
1775568,78,620,710,0.682242990654206,2023,-0.6950896,82.0,-0.7348417,87.0,0.0397521000000001
1775605,78,625,2,0.40952380952381,2023,-0.968121,70.0,2.21769,88.0,3.185811
1775759,78,625,710,0.688995215311005,2023,-0.968121,70.0,-0.7348417,87.0,0.2332793
1775796,78,626,2,0.634803921568627,2023,0.3432384,79.0,2.21769,88.0,1.8744516
1775950,78,626,710,0.620689655172414,2023,0.3432384,79.0,-0.7348417,87.0,1.0780801
1775987,78,630,2,0.241150442477876,2023,-1.39043,84.0,2.21769,88.0,3.60812
1776141,78,630,710,0.821428571428571,2023,-1.39043,84.0,-0.7348417,87.0,0.6555883
1776178,78,640,2,0.721238938053097,2023,0.6019458,85.0,2.21769,88.0,1.6157442
1776332,78,640,710,0.553571428571429,2023,0.6019458,85.0,-0.7348417,87.0,1.3367875
1776369,78,645,2,0.464601769911504,2023,-0.7634655,86.0,2.21769,88.0,2.9811555
1776523,78,645,710,0.682222222222222,2023,-0.7634655,86.0,-0.7348417,87.0,0.0286238
1776560,78,651,2,0.407327586206897,2023,-0.7546136,88.0,2.21769,88.0,2.9723036
1776714,78,651,710,0.684782608695652,2023,-0.7546136,88.0,-0.7348417,87.0,0.0197719
1776751,78,652,2,0.208520179372197,2023,-1.581047,87.0,2.21769,88.0,3.798737
1776905,78,652,710,0.816742081447964,2023,-1.581047,87.0,-0.7348417,87.0,0.8462053
1776942,78,660,2,0.431279620853081,2023,-0.7435457,86.0,2.21769,88.0,2.9612357
1777096,78,660,710,0.714285714285714,2023,-0.7435457,86.0,-0.7348417,87.0,0.0087039999999999
1777133,78,663,2,0.462882096069869,2023,-0.6292286,86.0,2.21769,88.0,2.8469186
1777287,78,663,710,0.687224669603524,2023,-0.6292286,86.0,-0.7348417,87.0,0.1056131
1777324,78,666,2,0.865217391304348,2023,1.768603,88.0,2.21769,88.0,0.449087
1777478,78,666,710,0.361842105263158,2023,1.768603,88.0,-0.7348417,87.0,2.5034447
1777515,78,670,2,0.430735930735931,2023,-0.5158403,87.0,2.21769,88.0,2.7335303
1777669,78,670,710,0.705240174672489,2023,-0.5158403,87.0,-0.7348417,87.0,0.2190014
1777706,78,679,2,0.465367965367965,2023,-0.5853987,87.0,2.21769,88.0,2.8030887
1777860,78,679,710,0.665938864628821,2023,-0.5853987,87.0,-0.7348417,87.0,0.149443
1777897,78,690,2,0.495652173913044,2023,-0.5335823,88.0,2.21769,88.0,2.7512723
1778051,78,690,710,0.640350877192982,2023,-0.5335823,88.0,-0.7348417,87.0,0.2012594
1778088,78,692,2,0.478448275862069,2023,-0.6823356,88.0,2.21769,88.0,2.9000256
1778242,78,692,710,0.678260869565217,2023,-0.6823356,88.0,-0.7348417,87.0,0.0525061
1778279,78,694,2,0.517241379310345,2023,-0.4932843,88.0,2.21769,88.0,2.7109743
1778433,78,694,710,0.632608695652174,2023,-0.4932843,88.0,-0.7348417,87.0,0.2415574
1778470,78,696,2,0.482758620689655,2023,-0.5558516,88.0,2.21769,88.0,2.7735416
1778624,78,696,710,0.673913043478261,2023,-0.5558516,88.0,-0.7348417,87.0,0.1789901
1778661,78,698,2,0.466960352422908,2023,-0.7987714,87.0,2.21769,88.0,3.0164614
1778815,78,698,710,0.673333333333333,2023,-0.7987714,87.0,-0.7348417,87.0,0.0639297
1778852,78,700,2,0.565789473684211,2023,-0.4616858,47.0,2.21769,88.0,2.6793758
1779006,78,700,710,0.666666666666667,2023,-0.4616858,47.0,-0.7348417,87.0,0.2731559
1779043,78,701,2,0.219178082191781,2023,-0.8177194,62.0,2.21769,88.0,3.0354094
1779197,78,701,710,0.881944444444444,2023,-0.8177194,62.0,-0.7348417,87.0,0.0828776999999999
1779234,78,702,2,0.430939226519337,2023,-0.5973167,80.0,2.21769,88.0,2.8150067
1779388,78,702,710,0.75,2023,-0.5973167,80.0,-0.7348417,87.0,0.137525
1779425,78,703,2,0.404624277456647,2023,-0.5238555,83.0,2.21769,88.0,2.7415455
1779579,78,703,710,0.787790697674419,2023,-0.5238555,83.0,-0.7348417,87.0,0.2109862
1779616,78,704,2,0.470108695652174,2023,-0.7473162,80.0,2.21769,88.0,2.9650062
1779770,78,704,710,0.702185792349727,2023,-0.7473162,80.0,-0.7348417,87.0,0.0124744999999999
1779807,78,705,2,0.5,2023,-0.3582828,81.0,2.21769,88.0,2.5759728
1779961,78,705,710,0.685990338164251,2023,-0.3582828,81.0,-0.7348417,87.0,0.3765589
1779998,78,710,2,0.323913043478261,2023,-0.7348417,87.0,2.21769,88.0,2.9525317
1779999,78,710,20,0.439130434782609,2023,-0.7348417,87.0,1.203079,88.0,1.9379207
1780000,78,710,31,0.606508875739645,2023,-0.7348417,87.0,-0.08943802,70.0,0.64540368
1780001,78,710,40,0.810043668122271,2023,-0.7348417,87.0,-1.045583,88.0,0.3107413
1780002,78,710,41,0.628787878787879,2023,-0.7348417,87.0,-0.1740378,77.0,0.5608039
1780003,78,710,42,0.58695652173913,2023,-0.7348417,87.0,-0.103293,88.0,0.6315487
1780004,78,710,51,0.616504854368932,2023,-0.7348417,87.0,-0.2285294,83.0,0.5063123
1780005,78,710,52,0.620614035087719,2023,-0.7348417,87.0,-0.417761,87.0,0.3170807
1780006,78,710,53,0.627358490566038,2023,-0.7348417,87.0,-0.1977758,84.0,0.5370659
1780007,78,710,54,0.567460317460317,2023,-0.7348417,87.0,-0.2984307,41.0,0.436411
1780008,78,710,55,0.654450261780105,2023,-0.7348417,87.0,-0.3916124,78.0,0.3432293
1780009,78,710,56,0.673913043478261,2023,-0.7348417,87.0,-0.409301,81.0,0.3255407
1780010,78,710,57,0.669590643274854,2023,-0.7348417,87.0,-0.4225462,81.0,0.3122955
1780011,78,710,58,0.634730538922156,2023,-0.7348417,87.0,-0.3945366,71.0,0.3403051
1780012,78,710,60,0.645061728395062,2023,-0.7348417,87.0,-0.3776802,72.0,0.3571615
1780013,78,710,70,0.6,2023,-0.7348417,87.0,-0.004913904,88.0,0.729927796
1780014,78,710,80,0.632183908045977,2023,-0.7348417,87.0,-0.3318282,76.0,0.4030135
1780015,78,710,90,0.528508771929825,2023,-0.7348417,87.0,0.1077127,87.0,0.8425544
1780016,78,710,91,0.608407079646018,2023,-0.7348417,87.0,-0.1896967,87.0,0.545145
1780017,78,710,92,0.630434782608696,2023,-0.7348417,87.0,-0.2426145,88.0,0.4922272
1780018,78,710,93,0.814977973568282,2023,-0.7348417,87.0,-1.437103,85.0,0.7022613
1780019,78,710,94,0.584782608695652,2023,-0.7348417,87.0,-0.05203278,88.0,0.68280892
1780020,78,710,95,0.578260869565217,2023,-0.7348417,87.0,0.01784699,88.0,0.75268869
1780021,78,710,100,0.589130434782609,2023,-0.7348417,87.0,-0.1643681,88.0,0.5704736
1780022,78,710,110,0.617391304347826,2023,-0.7348417,87.0,-0.278025,88.0,0.4568167
1780023,78,710,115,0.618421052631579,2023,-0.7348417,87.0,-0.1447352,87.0,0.5901065
1780024,78,710,130,0.581858407079646,2023,-0.7348417,87.0,-0.1022079,86.0,0.6326338
1780025,78,710,135,0.604347826086956,2023,-0.7348417,87.0,-0.1092488,88.0,0.6255929
1780026,78,710,140,0.633771929824561,2023,-0.7348417,87.0,-0.304158,86.0,0.4306837
1780027,78,710,145,0.688073394495413,2023,-0.7348417,87.0,-0.905602,77.0,0.1707603
1780028,78,710,150,0.569565217391304,2023,-0.7348417,87.0,-0.09246515,88.0,0.64237655
1780029,78,710,155,0.571739130434783,2023,-0.7348417,87.0,0.01178314,88.0,0.74662484
1780030,78,710,160,0.602173913043478,2023,-0.7348417,87.0,-0.02938624,88.0,0.70545546
1780031,78,710,165,0.576086956521739,2023,-0.7348417,87.0,0.04631094,88.0,0.78115264
1780032,78,710,200,0.417391304347826,2023,-0.7348417,87.0,1.66217,88.0,2.3970117
1780033,78,710,205,0.454347826086957,2023,-0.7348417,87.0,0.6987509,88.0,1.4335926
1780034,78,710,210,0.467248908296943,2023,-0.7348417,87.0,0.9859316,88.0,1.7207733
1780035,78,710,211,0.471615720524017,2023,-0.7348417,87.0,0.9990382,88.0,1.7338799
1780036,78,710,212,0.46304347826087,2023,-0.7348417,87.0,1.016745,88.0,1.7515867
1780037,78,710,220,0.439130434782609,2023,-0.7348417,87.0,1.361035,88.0,2.0958767
1780038,78,710,221,0.443438914027149,2023,-0.7348417,87.0,1.039678,87.0,1.7745197
1780039,78,710,223,0.456521739130435,2023,-0.7348417,87.0,0.6774605,88.0,1.4123022
1780040,78,710,225,0.478260869565217,2023,-0.7348417,87.0,0.6349255,88.0,1.3697672
1780041,78,710,230,0.46304347826087,2023,-0.7348417,87.0,0.9355122,88.0,1.6703539
1780042,78,710,232,0.445652173913043,2023,-0.7348417,87.0,0.7004569,88.0,1.4352986
1780043,78,710,235,0.460869565217391,2023,-0.7348417,87.0,0.9749886,88.0,1.7098303
1780044,78,710,255,0.454347826086957,2023,-0.7348417,87.0,1.140122,88.0,1.8749637
1780045,78,710,290,0.452173913043478,2023,-0.7348417,87.0,1.120056,88.0,1.8548977
1780046,78,710,305,0.445652173913043,2023,-0.7348417,87.0,0.8508278,88.0,1.5856695
1780047,78,710,310,0.439130434782609,2023,-0.7348417,87.0,1.305108,88.0,2.0399497
1780048,78,710,316,0.432608695652174,2023,-0.7348417,87.0,1.306408,88.0,2.0412497
1780049,78,710,317,0.452173913043478,2023,-0.7348417,87.0,1.136241,88.0,1.8710827
1780050,78,710,325,0.458695652173913,2023,-0.7348417,87.0,1.10539,88.0,1.8402317
1780051,78,710,331,0.468181818181818,2023,-0.7348417,87.0,0.6953455,87.0,1.4301872
1780052,78,710,338,0.445652173913043,2023,-0.7348417,87.0,0.7052475,88.0,1.4400892
1780053,78,710,339,0.456521739130435,2023,-0.7348417,87.0,1.04548,88.0,1.7803217
1780054,78,710,341,0.453947368421053,2023,-0.7348417,87.0,0.9744827,87.0,1.7093244
1780055,78,710,343,0.46875,2023,-0.7348417,87.0,0.8750786,86.0,1.6099203
1780056,78,710,344,0.456521739130435,2023,-0.7348417,87.0,1.178894,88.0,1.9137357
1780057,78,710,345,0.648484848484848,2023,-0.7348417,87.0,0.3838773,77.0,1.118719
1780058,78,710,346,0.458149779735683,2023,-0.7348417,87.0,0.7784461,86.0,1.5132878
1780059,78,710,349,0.469565217391304,2023,-0.7348417,87.0,0.962699,88.0,1.6975407
1780060,78,710,350,0.46943231441048,2023,-0.7348417,87.0,0.9190849,88.0,1.6539266
1780061,78,710,352,0.441304347826087,2023,-0.7348417,87.0,0.6753868,88.0,1.4102285
1780062,78,710,355,0.458695652173913,2023,-0.7348417,87.0,1.030023,88.0,1.7648647
1780063,78,710,359,0.451965065502183,2023,-0.7348417,87.0,0.7259214,87.0,1.4607631
1780064,78,710,360,0.445652173913043,2023,-0.7348417,87.0,1.129039,88.0,1.8638807
1780065,78,710,365,0.819444444444444,2023,-0.7348417,87.0,-0.4113089,88.0,0.3235328
1780066,78,710,366,0.45,2023,-0.7348417,87.0,1.12222,88.0,1.8570617
1780067,78,710,367,0.449781659388646,2023,-0.7348417,87.0,1.092867,87.0,1.8277087
1780068,78,710,368,0.447826086956522,2023,-0.7348417,87.0,1.196719,88.0,1.9315607
1780069,78,710,369,0.441964285714286,2023,-0.7348417,87.0,1.240867,87.0,1.9757087
1780070,78,710,370,0.782894736842105,2023,-0.7348417,87.0,-0.7191141,87.0,0.0157276000000001
1780071,78,710,371,0.719879518072289,2023,-0.7348417,87.0,0.05614386,81.0,0.79098556
1780072,78,710,372,0.462555066079295,2023,-0.7348417,87.0,0.8017353,85.0,1.536577
1780073,78,710,373,0.854545454545454,2023,-0.7348417,87.0,-0.4456874,60.0,0.2891543
1780074,78,710,375,0.460869565217391,2023,-0.7348417,87.0,1.019858,88.0,1.7546997
1780075,78,710,380,0.469565217391304,2023,-0.7348417,87.0,1.05163,88.0,1.7864717
1780076,78,710,385,0.471739130434783,2023,-0.7348417,87.0,0.8225142,88.0,1.5573559
1780077,78,710,390,0.454347826086957,2023,-0.7348417,87.0,1.09667,88.0,1.8315117
1780078,78,710,395,0.466814159292035,2023,-0.7348417,87.0,0.9096193,87.0,1.644461
1780079,78,710,402,0.760683760683761,2023,-0.7348417,87.0,-0.08500335,78.0,0.64983835
1780080,78,710,403,0.5,2023,-0.7348417,87.0,-0.1372067,2.0,0.597635
1780081,78,710,404,0.815789473684211,2023,-0.7348417,87.0,-0.6566898,68.0,0.0781519000000001
1780082,78,710,411,0.760330578512397,2023,-0.7348417,87.0,-0.7154808,65.0,0.0193609
1780083,78,710,420,0.712962962962963,2023,-0.7348417,87.0,-0.3962381,81.0,0.3386036
1780084,78,710,432,0.831018518518518,2023,-0.7348417,87.0,-0.4049051,82.0,0.3299366
1780085,78,710,433,0.659817351598174,2023,-0.7348417,87.0,-0.5471527,85.0,0.187689
1780086,78,710,434,0.771186440677966,2023,-0.7348417,87.0,-0.2782882,53.0,0.4565535
1780087,78,710,435,0.6751269035533,2023,-0.7348417,87.0,-0.7203713,80.0,0.0144704
1780088,78,710,436,0.744505494505495,2023,-0.7348417,87.0,-0.6481595,78.0,0.0866822
1780089,78,710,437,0.521739130434783,2023,-0.7348417,87.0,0.03026269,7.0,0.76510439
1780090,78,710,438,0.673076923076923,2023,-0.7348417,87.0,-0.4098648,72.0,0.3249769
1780091,78,710,439,0.739130434782609,2023,-0.7348417,87.0,-0.5777796,62.0,0.1570621
1780092,78,710,450,0.454022988505747,2023,-0.7348417,87.0,0.4218828,21.0,1.1567245
1780093,78,710,451,0.640127388535032,2023,-0.7348417,87.0,-0.2598061,76.0,0.4750356
1780094,78,710,452,0.644796380090498,2023,-0.7348417,87.0,-0.4224641,84.0,0.3123776
1780095,78,710,461,0.663716814159292,2023,-0.7348417,87.0,-0.3864891,86.0,0.3483526
1780096,78,710,471,0.713740458015267,2023,-0.7348417,87.0,-0.2266537,81.0,0.508188
1780097,78,710,475,0.65609756097561,2023,-0.7348417,87.0,-0.5575964,74.0,0.1772453
1780098,78,710,481,0.817073170731707,2023,-0.7348417,87.0,-0.480018,76.0,0.2548237
1780099,78,710,482,0.744274809160305,2023,-0.7348417,87.0,-0.4087866,68.0,0.3260551
1780100,78,710,483,0.653061224489796,2023,-0.7348417,87.0,-0.4532488,76.0,0.2815929
1780101,78,710,484,0.663522012578616,2023,-0.7348417,87.0,-0.5380074,71.0,0.1968343
1780102,78,710,490,0.62589928057554,2023,-0.7348417,87.0,-0.04643418,60.0,0.68840752
1780103,78,710,500,0.731927710843373,2023,-0.7348417,87.0,-0.561689,83.0,0.1731527
1780104,78,710,501,0.661434977578475,2023,-0.7348417,87.0,-0.3524878,87.0,0.3823539
1780105,78,710,510,0.647342995169082,2023,-0.7348417,87.0,-0.3930587,81.0,0.341783
1780106,78,710,516,0.755263157894737,2023,-0.7348417,87.0,-1.033223,76.0,0.2983813
1780107,78,710,517,0.64968152866242,2023,-0.7348417,87.0,-0.3730561,67.0,0.3617856
1780108,78,710,520,0.784615384615385,2023,-0.7348417,87.0,-0.6533558,66.0,0.0814859
1780109,78,710,522,0.674778761061947,2023,-0.7348417,87.0,-0.5985761,85.0,0.1362656
1780110,78,710,530,0.671428571428571,2023,-0.7348417,87.0,-0.4259937,84.0,0.308848
1780111,78,710,531,0.717488789237668,2023,-0.7348417,87.0,-1.041967,86.0,0.3071253
1780112,78,710,540,0.634361233480176,2023,-0.7348417,87.0,-0.4815935,85.0,0.2532482
1780113,78,710,541,0.683035714285714,2023,-0.7348417,87.0,-0.5739984,85.0,0.1608433
1780114,78,710,551,0.62037037037037,2023,-0.7348417,87.0,-0.2996248,72.0,0.4352169
1780115,78,710,552,0.811643835616438,2023,-0.7348417,87.0,-0.8241063,85.0,0.0892645999999999
1780116,78,710,553,0.579113924050633,2023,-0.7348417,87.0,-0.0779578,68.0,0.6568839
1780117,78,710,560,0.66079295154185,2023,-0.7348417,87.0,-0.5554582,85.0,0.1793835
1780118,78,710,565,0.662162162162162,2023,-0.7348417,87.0,-0.5953117,82.0,0.13953
1780119,78,710,570,0.645320197044335,2023,-0.7348417,87.0,-0.5212991,78.0,0.2135426
1780120,78,710,571,0.638095238095238,2023,-0.7348417,87.0,-0.3932137,85.0,0.341628
1780121,78,710,572,0.807692307692308,2023,-0.7348417,87.0,-0.3695901,13.0,0.3652516
1780122,78,710,580,0.650793650793651,2023,-0.7348417,87.0,-0.4801922,78.0,0.2546495
1780123,78,710,581,0.666666666666667,2023,-0.7348417,87.0,-0.5619664,70.0,0.1728753
1780124,78,710,590,0.725146198830409,2023,-0.7348417,87.0,-0.3443248,80.0,0.3905169
1780125,78,710,591,0.737179487179487,2023,-0.7348417,87.0,-0.1889312,75.0,0.5459105
1780126,78,710,600,0.676923076923077,2023,-0.7348417,87.0,-0.3507112,83.0,0.3841305
1780127,78,710,615,0.706140350877193,2023,-0.7348417,87.0,-0.9147307,88.0,0.179889
1780128,78,710,616,0.679245283018868,2023,-0.7348417,87.0,-0.5233449,85.0,0.2114968
1780129,78,710,620,0.682242990654206,2023,-0.7348417,87.0,-0.6950896,82.0,0.0397521000000001
1780130,78,710,625,0.688995215311005,2023,-0.7348417,87.0,-0.968121,70.0,0.2332793
1780131,78,710,626,0.620689655172414,2023,-0.7348417,87.0,0.3432384,79.0,1.0780801
1780132,78,710,630,0.821428571428571,2023,-0.7348417,87.0,-1.39043,84.0,0.6555883
1780133,78,710,640,0.553571428571429,2023,-0.7348417,87.0,0.6019458,85.0,1.3367875
1780134,78,710,645,0.682222222222222,2023,-0.7348417,87.0,-0.7634655,86.0,0.0286238
1780135,78,710,651,0.684782608695652,2023,-0.7348417,87.0,-0.7546136,88.0,0.0197719
1780136,78,710,652,0.816742081447964,2023,-0.7348417,87.0,-1.581047,87.0,0.8462053
1780137,78,710,660,0.714285714285714,2023,-0.7348417,87.0,-0.7435457,86.0,0.0087039999999999
1780138,78,710,663,0.687224669603524,2023,-0.7348417,87.0,-0.6292286,86.0,0.1056131
1780139,78,710,666,0.361842105263158,2023,-0.7348417,87.0,1.768603,88.0,2.5034447
1780140,78,710,670,0.705240174672489,2023,-0.7348417,87.0,-0.5158403,87.0,0.2190014
1780141,78,710,679,0.665938864628821,2023,-0.7348417,87.0,-0.5853987,87.0,0.149443
1780142,78,710,690,0.640350877192982,2023,-0.7348417,87.0,-0.5335823,88.0,0.2012594
1780143,78,710,692,0.678260869565217,2023,-0.7348417,87.0,-0.6823356,88.0,0.0525061
1780144,78,710,694,0.632608695652174,2023,-0.7348417,87.0,-0.4932843,88.0,0.2415574
1780145,78,710,696,0.673913043478261,2023,-0.7348417,87.0,-0.5558516,88.0,0.1789901
1780146,78,710,698,0.673333333333333,2023,-0.7348417,87.0,-0.7987714,87.0,0.0639297
1780147,78,710,700,0.666666666666667,2023,-0.7348417,87.0,-0.4616858,47.0,0.2731559
1780148,78,710,701,0.881944444444444,2023,-0.7348417,87.0,-0.8177194,62.0,0.0828776999999999
1780149,78,710,702,0.75,2023,-0.7348417,87.0,-0.5973167,80.0,0.137525
1780150,78,710,703,0.787790697674419,2023,-0.7348417,87.0,-0.5238555,83.0,0.2109862
1780151,78,710,704,0.702185792349727,2023,-0.7348417,87.0,-0.7473162,80.0,0.0124744999999999
1780152,78,710,705,0.685990338164251,2023,-0.7348417,87.0,-0.3582828,81.0,0.3765589
1780153,78,710,712,0.664444444444444,2023,-0.7348417,87.0,-0.5132986,88.0,0.2215431
1780154,78,710,731,0.860335195530726,2023,-0.7348417,87.0,-0.6038933,79.0,0.1309484
1780155,78,710,732,0.473913043478261,2023,-0.7348417,87.0,0.8508942,88.0,1.5857359
1780156,78,710,740,0.478260869565217,2023,-0.7348417,87.0,0.7306719,88.0,1.4655136
1780157,78,710,750,0.692139737991266,2023,-0.7348417,87.0,-0.194673,87.0,0.5401687
1780158,78,710,760,0.632743362831858,2023,-0.7348417,87.0,-0.3412255,84.0,0.3936162
1780159,78,710,770,0.758695652173913,2023,-0.7348417,87.0,-0.3718898,88.0,0.3629519
1780160,78,710,771,0.674778761061947,2023,-0.7348417,87.0,-0.5379736,86.0,0.1968681
1780161,78,710,775,0.641148325358852,2023,-0.7348417,87.0,-0.09610827,86.0,0.63873343
1780162,78,710,780,0.712389380530973,2023,-0.7348417,87.0,-0.679227,86.0,0.0556147
1780163,78,710,781,0.622171945701357,2023,-0.7348417,87.0,-0.4751664,87.0,0.2596753
1780164,78,710,790,0.665198237885463,2023,-0.7348417,87.0,-0.4107635,86.0,0.3240782
1780165,78,710,800,0.647826086956522,2023,-0.7348417,87.0,-0.3447716,88.0,0.3900701
1780166,78,710,811,0.714285714285714,2023,-0.7348417,87.0,-0.5098836,86.0,0.2249581
1780167,78,710,812,0.706572769953052,2023,-0.7348417,87.0,-0.602164,87.0,0.1326777
1780168,78,710,816,0.686274509803922,2023,-0.7348417,87.0,-0.6427224,86.0,0.0921193
1780169,78,710,820,0.667391304347826,2023,-0.7348417,87.0,-0.5896829,88.0,0.1451588
1780170,78,710,830,0.619565217391304,2023,-0.7348417,87.0,-0.2808472,88.0,0.4539945
1780171,78,710,835,0.68695652173913,2023,-0.7348417,87.0,-0.6871243,88.0,0.0477174
1780172,78,710,840,0.641921397379913,2023,-0.7348417,87.0,-0.3661749,87.0,0.3686668
1780173,78,710,850,0.678260869565217,2023,-0.7348417,87.0,-0.6173454,88.0,0.1174963
1780174,78,710,860,0.628640776699029,2023,-0.7348417,87.0,-0.1522493,77.0,0.5825924
1780175,78,710,900,0.441304347826087,2023,-0.7348417,87.0,1.103794,88.0,1.8386357
1780176,78,710,910,0.52073732718894,2023,-0.7348417,87.0,0.2269858,84.0,0.9618275
1780177,78,710,920,0.458515283842795,2023,-0.7348417,87.0,0.6937647,87.0,1.4286064
1780178,78,710,935,0.67741935483871,2023,-0.7348417,87.0,-0.05346275,79.0,0.68137895
1780179,78,710,940,0.770114942528736,2023,-0.7348417,87.0,-0.3196208,72.0,0.4152209
1780180,78,710,946,0.557692307692308,2023,-0.7348417,87.0,0.03238982,81.0,0.76723152
1780181,78,710,947,0.615789473684211,2023,-0.7348417,87.0,0.04867003,58.0,0.78351173
1780182,78,710,950,0.375,2023,-0.7348417,87.0,0.287415,9.0,1.0222567
1780183,78,710,955,0.709459459459459,2023,-0.7348417,87.0,0.03849949,67.0,0.77334119
1780184,78,710,970,0.491228070175439,2023,-0.7348417,87.0,0.3111117,49.0,1.0459534
1780185,78,710,983,0.425925925925926,2023,-0.7348417,87.0,0.7456675,65.0,1.4805092
1780186,78,710,986,0.474842767295597,2023,-0.7348417,87.0,0.4483619,83.0,1.1832036
1780187,78,710,987,0.371323529411765,2023,-0.7348417,87.0,1.339536,67.0,2.0743777
1780188,78,710,990,0.589285714285714,2023,-0.7348417,87.0,0.1266534,24.0,0.8614951
1780189,78,712,2,0.511013215859031,2023,-0.5132986,88.0,2.21769,88.0,2.7309886
1780344,78,712,710,0.664444444444444,2023,-0.5132986,88.0,-0.7348417,87.0,0.2215431
1780380,78,731,2,0.219444444444444,2023,-0.6038933,79.0,2.21769,88.0,2.8215833
1780535,78,731,710,0.860335195530726,2023,-0.6038933,79.0,-0.7348417,87.0,0.1309484
1780571,78,732,2,0.806034482758621,2023,0.8508942,88.0,2.21769,88.0,1.3667958
1780726,78,732,710,0.473913043478261,2023,0.8508942,88.0,-0.7348417,87.0,1.5857359
1780762,78,740,2,0.767241379310345,2023,0.7306719,88.0,2.21769,88.0,1.4870181
1780917,78,740,710,0.478260869565217,2023,0.7306719,88.0,-0.7348417,87.0,1.4655136
1780953,78,750,2,0.454545454545455,2023,-0.194673,87.0,2.21769,88.0,2.412363
1781108,78,750,710,0.692139737991266,2023,-0.194673,87.0,-0.7348417,87.0,0.5401687
1781144,78,760,2,0.508771929824561,2023,-0.3412255,84.0,2.21769,88.0,2.5589155
1781299,78,760,710,0.632743362831858,2023,-0.3412255,84.0,-0.7348417,87.0,0.3936162
1781335,78,770,2,0.474137931034483,2023,-0.3718898,88.0,2.21769,88.0,2.5895798
1781490,78,770,710,0.758695652173913,2023,-0.3718898,88.0,-0.7348417,87.0,0.3629519
1781526,78,771,2,0.50219298245614,2023,-0.5379736,86.0,2.21769,88.0,2.7556636
1781681,78,771,710,0.674778761061947,2023,-0.5379736,86.0,-0.7348417,87.0,0.1968681
1781717,78,775,2,0.54739336492891,2023,-0.09610827,86.0,2.21769,88.0,2.31379827
1781872,78,775,710,0.641148325358852,2023,-0.09610827,86.0,-0.7348417,87.0,0.63873343
1781908,78,780,2,0.440789473684211,2023,-0.679227,86.0,2.21769,88.0,2.896917
1782063,78,780,710,0.712389380530973,2023,-0.679227,86.0,-0.7348417,87.0,0.0556147
1782099,78,781,2,0.556053811659193,2023,-0.4751664,87.0,2.21769,88.0,2.6928564
1782254,78,781,710,0.622171945701357,2023,-0.4751664,87.0,-0.7348417,87.0,0.2596753
1782290,78,790,2,0.51528384279476,2023,-0.4107635,86.0,2.21769,88.0,2.6284535
1782445,78,790,710,0.665198237885463,2023,-0.4107635,86.0,-0.7348417,87.0,0.3240782
1782481,78,800,2,0.52801724137931,2023,-0.3447716,88.0,2.21769,88.0,2.5624616
1782636,78,800,710,0.647826086956522,2023,-0.3447716,88.0,-0.7348417,87.0,0.3900701
1782672,78,811,2,0.491803278688525,2023,-0.5098836,86.0,2.21769,88.0,2.7275736
1782827,78,811,710,0.714285714285714,2023,-0.5098836,86.0,-0.7348417,87.0,0.2249581
1782863,78,812,2,0.458139534883721,2023,-0.602164,87.0,2.21769,88.0,2.819854
1783018,78,812,710,0.706572769953052,2023,-0.602164,87.0,-0.7348417,87.0,0.1326777
1783054,78,816,2,0.480487804878049,2023,-0.6427224,86.0,2.21769,88.0,2.8604124
1783209,78,816,710,0.686274509803922,2023,-0.6427224,86.0,-0.7348417,87.0,0.0921193
1783245,78,820,2,0.487068965517241,2023,-0.5896829,88.0,2.21769,88.0,2.8073729
1783400,78,820,710,0.667391304347826,2023,-0.5896829,88.0,-0.7348417,87.0,0.1451588
1783436,78,830,2,0.568965517241379,2023,-0.2808472,88.0,2.21769,88.0,2.4985372
1783591,78,830,710,0.619565217391304,2023,-0.2808472,88.0,-0.7348417,87.0,0.4539945
1783627,78,835,2,0.484913793103448,2023,-0.6871243,88.0,2.21769,88.0,2.9048143
1783782,78,835,710,0.68695652173913,2023,-0.6871243,88.0,-0.7348417,87.0,0.0477174
1783818,78,840,2,0.538961038961039,2023,-0.3661749,87.0,2.21769,88.0,2.5838649
1783973,78,840,710,0.641921397379913,2023,-0.3661749,87.0,-0.7348417,87.0,0.3686668
1784009,78,850,2,0.463362068965517,2023,-0.6173454,88.0,2.21769,88.0,2.8350354
1784164,78,850,710,0.678260869565217,2023,-0.6173454,88.0,-0.7348417,87.0,0.1174963
1784200,78,860,2,0.550724637681159,2023,-0.1522493,77.0,2.21769,88.0,2.3699393
1784355,78,860,710,0.628640776699029,2023,-0.1522493,77.0,-0.7348417,87.0,0.5825924
1784391,78,900,2,0.806034482758621,2023,1.103794,88.0,2.21769,88.0,1.113896
1784546,78,900,710,0.441304347826087,2023,1.103794,88.0,-0.7348417,87.0,1.8386357
1784582,78,910,2,0.675799086757991,2023,0.2269858,84.0,2.21769,88.0,1.9907042
1784737,78,910,710,0.52073732718894,2023,0.2269858,84.0,-0.7348417,87.0,0.9618275
1784773,78,920,2,0.720779220779221,2023,0.6937647,87.0,2.21769,88.0,1.5239253
1784928,78,920,710,0.458515283842795,2023,0.6937647,87.0,-0.7348417,87.0,1.4286064
1784964,78,935,2,0.462765957446808,2023,-0.05346275,79.0,2.21769,88.0,2.27115275
1785119,78,935,710,0.67741935483871,2023,-0.05346275,79.0,-0.7348417,87.0,0.68137895
1785155,78,940,2,0.393258426966292,2023,-0.3196208,72.0,2.21769,88.0,2.5373108
1785310,78,940,710,0.770114942528736,2023,-0.3196208,72.0,-0.7348417,87.0,0.4152209
1785346,78,946,2,0.616666666666667,2023,0.03238982,81.0,2.21769,88.0,2.18530018
1785501,78,946,710,0.557692307692308,2023,0.03238982,81.0,-0.7348417,87.0,0.76723152
1785537,78,947,2,0.592783505154639,2023,0.04867003,58.0,2.21769,88.0,2.16901997
1785692,78,947,710,0.615789473684211,2023,0.04867003,58.0,-0.7348417,87.0,0.78351173
1785728,78,950,2,0.882352941176471,2023,0.287415,9.0,2.21769,88.0,1.930275
1785883,78,950,710,0.375,2023,0.287415,9.0,-0.7348417,87.0,1.0222567
1785919,78,955,2,0.480263157894737,2023,0.03849949,67.0,2.21769,88.0,2.17919051
1786074,78,955,710,0.709459459459459,2023,0.03849949,67.0,-0.7348417,87.0,0.77334119
1786110,78,970,2,0.644067796610169,2023,0.3111117,49.0,2.21769,88.0,1.9065783
1786265,78,970,710,0.491228070175439,2023,0.3111117,49.0,-0.7348417,87.0,1.0459534
1786301,78,983,2,0.809815950920245,2023,0.7456675,65.0,2.21769,88.0,1.4720225
1786456,78,983,710,0.425925925925926,2023,0.7456675,65.0,-0.7348417,87.0,1.4805092
1786492,78,986,2,0.751552795031056,2023,0.4483619,83.0,2.21769,88.0,1.7693281
1786647,78,986,710,0.474842767295597,2023,0.4483619,83.0,-0.7348417,87.0,1.1832036
1786683,78,987,2,0.91970802919708,2023,1.339536,67.0,2.21769,88.0,0.878154
1786838,78,987,710,0.371323529411765,2023,1.339536,67.0,-0.7348417,87.0,2.0743777
1786874,78,990,2,0.672413793103448,2023,0.1266534,24.0,2.21769,88.0,2.0910366
1787029,78,990,710,0.589285714285714,2023,0.1266534,24.0,-0.7348417,87.0,0.8614951
1787065,79,2,20,0.761061946902655,2024,2.206202,100.0,1.210571,101.0,0.995631
1787066,79,2,31,0.412621359223301,2024,2.206202,100.0,-0.1377822,96.0,2.3439842
1787067,79,2,40,0.236607142857143,2024,2.206202,100.0,-1.419518,101.0,3.62572
1787068,79,2,41,0.401098901098901,2024,2.206202,100.0,-0.2332521,85.0,2.4394541
1787069,79,2,42,0.424778761061947,2024,2.206202,100.0,-0.04398494,101.0,2.25018694
1787070,79,2,51,0.402777777777778,2024,2.206202,100.0,-0.2271352,96.0,2.4333372
1787071,79,2,52,0.393805309734513,2024,2.206202,100.0,-0.4215306,101.0,2.6277326
1787072,79,2,53,0.381188118811881,2024,2.206202,100.0,-0.1815099,95.0,2.3877119
1787073,79,2,54,0.367647058823529,2024,2.206202,100.0,-0.7470202,32.0,2.9532222
1787074,79,2,55,0.383116883116883,2024,2.206202,100.0,-0.4344022,75.0,2.6406042
1787075,79,2,56,0.376190476190476,2024,2.206202,100.0,-0.4563766,98.0,2.6625786
1787076,79,2,57,0.351648351648352,2024,2.206202,100.0,-0.4420857,85.0,2.6482877
1787077,79,2,58,0.4,2024,2.206202,100.0,-0.2852173,92.0,2.4914193
1787078,79,2,60,0.35,2024,2.206202,100.0,-0.4557498,84.0,2.6619518
1787079,79,2,70,0.431818181818182,2024,2.206202,100.0,-0.1332369,99.0,2.3394389
1787080,79,2,80,0.396739130434783,2024,2.206202,100.0,-0.277559,90.0,2.483761
1787081,79,2,90,0.429203539823009,2024,2.206202,100.0,-0.06453821,101.0,2.27074021
1787082,79,2,91,0.422018348623853,2024,2.206202,100.0,-0.1922105,99.0,2.3984125
1787083,79,2,92,0.378378378378378,2024,2.206202,100.0,-0.3171698,99.0,2.5233718
1787084,79,2,93,0.175675675675676,2024,2.206202,100.0,-1.438191,99.0,3.644393
1787085,79,2,94,0.4375,2024,2.206202,100.0,-0.0153615,101.0,2.2215635
1787086,79,2,95,0.504545454545455,2024,2.206202,100.0,0.1637529,99.0,2.0424491
1787087,79,2,100,0.393805309734513,2024,2.206202,100.0,-0.3198223,101.0,2.5260243
1787088,79,2,110,0.415929203539823,2024,2.206202,100.0,-0.1655326,101.0,2.3717346
1787089,79,2,115,0.399082568807339,2024,2.206202,100.0,-0.1595856,98.0,2.3657876
1787090,79,2,130,0.432291666666667,2024,2.206202,100.0,-0.00905623,93.0,2.21525823
1787091,79,2,135,0.407079646017699,2024,2.206202,100.0,-0.1684504,101.0,2.3746524
1787092,79,2,140,0.366071428571429,2024,2.206202,100.0,-0.3608275,100.0,2.5670295
1787093,79,2,145,0.271844660194175,2024,2.206202,100.0,-0.9131767,94.0,3.1193787
1787094,79,2,150,0.553571428571429,2024,2.206202,100.0,0.3566435,100.0,1.8495585
1787095,79,2,155,0.433628318584071,2024,2.206202,100.0,0.01993069,101.0,2.18627131
1787096,79,2,160,0.783185840707965,2024,2.206202,100.0,1.375991,101.0,0.830211
1787097,79,2,165,0.460176991150442,2024,2.206202,100.0,0.02256382,101.0,2.18363818
1787098,79,2,200,0.787610619469027,2024,2.206202,100.0,1.743606,101.0,0.462596
1787099,79,2,205,0.63716814159292,2024,2.206202,100.0,0.7281257,101.0,1.4780763
1787100,79,2,210,0.727678571428571,2024,2.206202,100.0,1.129303,100.0,1.076899
1787101,79,2,211,0.707964601769911,2024,2.206202,100.0,1.122319,101.0,1.083883
1787102,79,2,212,0.70353982300885,2024,2.206202,100.0,1.086612,101.0,1.11959
1787103,79,2,220,0.724770642201835,2024,2.206202,100.0,1.433021,101.0,0.773181
1787104,79,2,221,0.713636363636364,2024,2.206202,100.0,1.154609,97.0,1.051593
1787105,79,2,223,0.641592920353982,2024,2.206202,100.0,0.7369779,101.0,1.4692241
1787106,79,2,225,0.65929203539823,2024,2.206202,100.0,0.8461399,101.0,1.3600621
1787107,79,2,230,0.699115044247788,2024,2.206202,100.0,1.039578,101.0,1.166624
1787108,79,2,232,0.636363636363636,2024,2.206202,100.0,0.7197167,99.0,1.4864853
1787109,79,2,235,0.691964285714286,2024,2.206202,100.0,1.0503,100.0,1.155902
1787110,79,2,255,0.741071428571429,2024,2.206202,100.0,1.240641,100.0,0.965561
1787111,79,2,290,0.725663716814159,2024,2.206202,100.0,1.250567,101.0,0.955635
1787112,79,2,305,0.672566371681416,2024,2.206202,100.0,0.8832987,101.0,1.3229033
1787113,79,2,310,0.778761061946903,2024,2.206202,100.0,1.423041,101.0,0.783161
1787114,79,2,316,0.783185840707965,2024,2.206202,100.0,1.453365,101.0,0.752837
1787115,79,2,317,0.725663716814159,2024,2.206202,100.0,1.235252,101.0,0.97095
1787116,79,2,325,0.725663716814159,2024,2.206202,100.0,1.159644,101.0,1.046558
1787117,79,2,331,0.63716814159292,2024,2.206202,100.0,0.7284591,101.0,1.4777429
1787118,79,2,338,0.63716814159292,2024,2.206202,100.0,0.7023855,101.0,1.5038165
1787119,79,2,339,0.747787610619469,2024,2.206202,100.0,1.196381,101.0,1.009821
1787120,79,2,341,0.70353982300885,2024,2.206202,100.0,1.064492,101.0,1.14171
1787121,79,2,343,0.745283018867924,2024,2.206202,100.0,1.091302,96.0,1.1149
1787122,79,2,344,0.734513274336283,2024,2.206202,100.0,1.271553,101.0,0.934649
1787123,79,2,345,0.51123595505618,2024,2.206202,100.0,0.3420373,87.0,1.8641647
1787124,79,2,346,0.676991150442478,2024,2.206202,100.0,0.8401376,101.0,1.3660644
1787125,79,2,349,0.699115044247788,2024,2.206202,100.0,1.03171,101.0,1.174492
1787126,79,2,350,0.685840707964602,2024,2.206202,100.0,0.9368121,101.0,1.2693899
1787127,79,2,352,0.615044247787611,2024,2.206202,100.0,0.6143545,101.0,1.5918475
1787128,79,2,355,0.730088495575221,2024,2.206202,100.0,1.195546,101.0,1.010656
1787129,79,2,359,0.668141592920354,2024,2.206202,100.0,0.8571509,101.0,1.3490511
1787130,79,2,360,0.734513274336283,2024,2.206202,100.0,1.308732,101.0,0.89747
1787131,79,2,365,0.238938053097345,2024,2.206202,100.0,-0.5984852,101.0,2.8046872
1787132,79,2,366,0.725663716814159,2024,2.206202,100.0,1.286741,101.0,0.919461
1787133,79,2,367,0.725663716814159,2024,2.206202,100.0,1.275077,101.0,0.931125
1787134,79,2,368,0.743362831858407,2024,2.206202,100.0,1.354849,101.0,0.851353
1787135,79,2,369,0.738738738738739,2024,2.206202,100.0,1.281565,100.0,0.924637
1787136,79,2,370,0.245454545454545,2024,2.206202,100.0,-0.8500192,99.0,3.0562212
1787137,79,2,371,0.443877551020408,2024,2.206202,100.0,0.07433161,95.0,2.13187039
1787138,79,2,372,0.693693693693694,2024,2.206202,100.0,0.8912814,99.0,1.3149206
1787139,79,2,373,0.253333333333333,2024,2.206202,100.0,-0.6604451,74.0,2.8666471
1787140,79,2,375,0.721238938053097,2024,2.206202,100.0,1.174992,101.0,1.03121
1787141,79,2,380,0.725663716814159,2024,2.206202,100.0,1.210744,101.0,0.995458
1787142,79,2,385,0.65929203539823,2024,2.206202,100.0,0.8624467,101.0,1.3437553
1787143,79,2,390,0.725663716814159,2024,2.206202,100.0,1.217543,101.0,0.988659
1787144,79,2,395,0.712962962962963,2024,2.206202,100.0,0.9412038,99.0,1.2649982
1787145,79,2,402,0.410526315789474,2024,2.206202,100.0,-0.176959,86.0,2.383161
1787146,79,2,403,0.337837837837838,2024,2.206202,100.0,-0.2115414,37.0,2.4177434
1787147,79,2,404,0.304597701149425,2024,2.206202,100.0,-0.5218724,82.0,2.7280744
1787148,79,2,411,0.325,2024,2.206202,100.0,-0.6054447,76.0,2.8116467
1787149,79,2,420,0.352631578947368,2024,2.206202,100.0,-0.3638283,88.0,2.5700303
1787150,79,2,432,0.231818181818182,2024,2.206202,100.0,-1.253995,99.0,3.460197
1787151,79,2,433,0.327102803738318,2024,2.206202,100.0,-0.6153059,94.0,2.8215079
1787152,79,2,434,0.303030303030303,2024,2.206202,100.0,-0.3095678,66.0,2.5157698
1787153,79,2,435,0.348039215686274,2024,2.206202,100.0,-0.6444713,93.0,2.8506733
1787154,79,2,436,0.260204081632653,2024,2.206202,100.0,-0.981607,91.0,3.187809
1787155,79,2,437,0.386363636363636,2024,2.206202,100.0,-0.1365825,89.0,2.3427845
1787156,79,2,438,0.350515463917526,2024,2.206202,100.0,-0.6415094,94.0,2.8477114
1787157,79,2,439,0.261627906976744,2024,2.206202,100.0,-1.050954,81.0,3.257156
1787158,79,2,450,0.432926829268293,2024,2.206202,100.0,0.1458184,77.0,2.0603836
1787159,79,2,451,0.355,2024,2.206202,100.0,-0.3714771,93.0,2.5776791
1787160,79,2,452,0.371428571428571,2024,2.206202,100.0,-0.4211428,96.0,2.6273448
1787161,79,2,461,0.402912621359223,2024,2.206202,100.0,-0.4316078,95.0,2.6378098
1787162,79,2,471,0.408163265306122,2024,2.206202,100.0,-0.1971506,88.0,2.4033526
1787163,79,2,475,0.323809523809524,2024,2.206202,100.0,-0.602329,93.0,2.808531
1787164,79,2,481,0.357142857142857,2024,2.206202,100.0,-0.512997,88.0,2.719199
1787165,79,2,482,0.330985915492958,2024,2.206202,100.0,-0.5192261,71.0,2.7254281
1787166,79,2,483,0.346938775510204,2024,2.206202,100.0,-0.4742734,91.0,2.6804754
1787167,79,2,484,0.372340425531915,2024,2.206202,100.0,-0.5598402,90.0,2.7660422
1787168,79,2,490,0.417647058823529,2024,2.206202,100.0,-0.3034749,77.0,2.5096769
1787169,79,2,500,0.323529411764706,2024,2.206202,100.0,-0.5591191,92.0,2.7653211
1787170,79,2,501,0.344036697247706,2024,2.206202,100.0,-0.4087249,99.0,2.6149269
1787171,79,2,510,0.352631578947368,2024,2.206202,100.0,-0.548647,89.0,2.754849
1787172,79,2,516,0.27319587628866,2024,2.206202,100.0,-1.212861,93.0,3.419063
1787173,79,2,517,0.349462365591398,2024,2.206202,100.0,-0.3064119,88.0,2.5126139
1787174,79,2,520,0.242857142857143,2024,2.206202,100.0,-0.7290661,69.0,2.9352681
1787175,79,2,522,0.328571428571429,2024,2.206202,100.0,-0.5625053,94.0,2.7687073
1787176,79,2,530,0.318627450980392,2024,2.206202,100.0,-0.6844039,97.0,2.8906059
1787177,79,2,531,0.274336283185841,2024,2.206202,100.0,-1.20566,101.0,3.411862
1787178,79,2,540,0.306603773584906,2024,2.206202,100.0,-0.6448403,96.0,2.8510423
1787179,79,2,541,0.357142857142857,2024,2.206202,100.0,-0.5293191,93.0,2.7355211
1787180,79,2,551,0.379746835443038,2024,2.206202,100.0,-0.2665681,72.0,2.4727701
1787181,79,2,552,0.288461538461538,2024,2.206202,100.0,-0.8973251,96.0,3.1035271
1787182,79,2,553,0.455056179775281,2024,2.206202,100.0,0.06134246,83.0,2.14485954
1787183,79,2,560,0.36283185840708,2024,2.206202,100.0,-0.4572625,101.0,2.6634645
1787184,79,2,565,0.333333333333333,2024,2.206202,100.0,-0.5844356,95.0,2.7906376
1787185,79,2,570,0.345,2024,2.206202,100.0,-0.3937148,92.0,2.5999168
1787186,79,2,571,0.375,2024,2.206202,100.0,-0.3941296,81.0,2.6003316
1787187,79,2,572,0.360294117647059,2024,2.206202,100.0,-0.5649884,61.0,2.7711904
1787188,79,2,580,0.367021276595745,2024,2.206202,100.0,-0.5034805,87.0,2.7096825
1787189,79,2,581,0.395061728395062,2024,2.206202,100.0,-0.3499147,75.0,2.5561167
1787190,79,2,590,0.378640776699029,2024,2.206202,100.0,-0.3300443,94.0,2.5362463
1787191,79,2,591,0.382022471910112,2024,2.206202,100.0,-0.1991231,88.0,2.4053251
1787192,79,2,600,0.331730769230769,2024,2.206202,100.0,-0.4704262,93.0,2.6766282
1787193,79,2,615,0.287610619469027,2024,2.206202,100.0,-0.8163993,101.0,3.0226013
1787194,79,2,616,0.327272727272727,2024,2.206202,100.0,-0.6518508,98.0,2.8580528
1787195,79,2,620,0.31,2024,2.206202,100.0,-0.752476,95.0,2.958678
1787196,79,2,625,0.270642201834862,2024,2.206202,100.0,-1.057903,98.0,3.264105
1787197,79,2,626,0.52,2024,2.206202,100.0,-0.1564993,22.0,2.3627013
1787198,79,2,630,0.23394495412844,2024,2.206202,100.0,-1.27529,97.0,3.481492
1787199,79,2,640,0.529411764705882,2024,2.206202,100.0,0.5284673,7.0,1.6777347
1787200,79,2,645,0.322727272727273,2024,2.206202,100.0,-0.718215,101.0,2.924417
1787201,79,2,651,0.323008849557522,2024,2.206202,100.0,-0.7120237,101.0,2.9182257
1787202,79,2,652,0.150537634408602,2024,2.206202,100.0,-1.823355,80.0,4.029557
1787203,79,2,660,0.3,2024,2.206202,100.0,-0.7640876,99.0,2.9702896
1787204,79,2,663,0.330357142857143,2024,2.206202,100.0,-0.5768339,100.0,2.7830359
1787205,79,2,666,0.920560747663551,2024,2.206202,100.0,2.152297,97.0,0.0539050000000003
1787206,79,2,670,0.339285714285714,2024,2.206202,100.0,-0.5479085,100.0,2.7541105
1787207,79,2,679,0.34070796460177,2024,2.206202,100.0,-0.5704379,101.0,2.7766399
1787208,79,2,690,0.368181818181818,2024,2.206202,100.0,-0.4373739,99.0,2.6435759
1787209,79,2,692,0.345132743362832,2024,2.206202,100.0,-0.627407,101.0,2.833609
1787210,79,2,694,0.376106194690265,2024,2.206202,100.0,-0.3307965,101.0,2.5369985
1787211,79,2,696,0.325892857142857,2024,2.206202,100.0,-0.5992376,100.0,2.8054396
1787212,79,2,698,0.308035714285714,2024,2.206202,100.0,-0.8065016,100.0,3.0127036
1787213,79,2,701,0.180327868852459,2024,2.206202,100.0,-0.8968979,61.0,3.1030999
1787214,79,2,702,0.296703296703297,2024,2.206202,100.0,-0.7801549,85.0,2.9863569
1787215,79,2,703,0.28494623655914,2024,2.206202,100.0,-0.6705979,89.0,2.8767999
1787216,79,2,704,0.304597701149425,2024,2.206202,100.0,-0.7020743,86.0,2.9082763
1787217,79,2,705,0.328125,2024,2.206202,100.0,-0.5057548,93.0,2.7119568
1787218,79,2,710,0.290178571428571,2024,2.206202,100.0,-0.8535267,100.0,3.0597287
1787219,79,2,712,0.356481481481481,2024,2.206202,100.0,-0.5385177,100.0,2.7447197
1787220,79,2,731,0.178217821782178,2024,2.206202,100.0,-0.7940289,91.0,3.0002309
1787221,79,2,732,0.709821428571429,2024,2.206202,100.0,1.070458,101.0,1.135744
1787222,79,2,740,0.68141592920354,2024,2.206202,100.0,0.795598,101.0,1.410604
1787223,79,2,750,0.407079646017699,2024,2.206202,100.0,-0.2012434,101.0,2.4074454
1787224,79,2,760,0.35377358490566,2024,2.206202,100.0,-0.4143932,97.0,2.6205952
1787225,79,2,770,0.388392857142857,2024,2.206202,100.0,-0.3371112,100.0,2.5433132
1787226,79,2,771,0.357142857142857,2024,2.206202,100.0,-0.572668,100.0,2.77887
1787227,79,2,775,0.41747572815534,2024,2.206202,100.0,-0.1119318,98.0,2.3181338
1787228,79,2,780,0.323008849557522,2024,2.206202,100.0,-0.6976453,101.0,2.9038473
1787229,79,2,781,0.365740740740741,2024,2.206202,100.0,-0.4166818,99.0,2.6228838
1787230,79,2,790,0.388888888888889,2024,2.206202,100.0,-0.5449047,97.0,2.7511067
1787231,79,2,800,0.376106194690265,2024,2.206202,100.0,-0.3871827,101.0,2.5933847
1787232,79,2,811,0.344660194174757,2024,2.206202,100.0,-0.5854558,97.0,2.7916578
1787233,79,2,812,0.339622641509434,2024,2.206202,100.0,-0.7862508,98.0,2.9924528
1787234,79,2,816,0.330097087378641,2024,2.206202,100.0,-0.5954855,97.0,2.8016875
1787235,79,2,820,0.336283185840708,2024,2.206202,100.0,-0.5940813,101.0,2.8002833
1787236,79,2,830,0.415929203539823,2024,2.206202,100.0,-0.285567,101.0,2.491769
1787237,79,2,835,0.34070796460177,2024,2.206202,100.0,-0.6901002,101.0,2.8963022
1787238,79,2,840,0.393805309734513,2024,2.206202,100.0,-0.2535095,101.0,2.4597115
1787239,79,2,850,0.325892857142857,2024,2.206202,100.0,-0.7024212,101.0,2.9086232
1787240,79,2,860,0.38,2024,2.206202,100.0,-0.2753402,92.0,2.4815422
1787241,79,2,900,0.732142857142857,2024,2.206202,100.0,1.15984,101.0,1.046362
1787242,79,2,910,0.615740740740741,2024,2.206202,100.0,0.4046493,97.0,1.8015527
1787243,79,2,920,0.651785714285714,2024,2.206202,100.0,0.7666732,101.0,1.4395288
1787244,79,2,935,0.43010752688172,2024,2.206202,100.0,-0.1018832,92.0,2.3080852
1787245,79,2,940,0.333333333333333,2024,2.206202,100.0,-0.5728412,75.0,2.7790432
1787246,79,2,946,0.4625,2024,2.206202,100.0,-0.01856533,80.0,2.22476733
1787247,79,2,947,0.5,2024,2.206202,100.0,-0.08964783,68.0,2.29584983
1787248,79,2,950,0.473684210526316,2024,2.206202,100.0,0.05805643,87.0,2.14814557
1787249,79,2,955,0.544871794871795,2024,2.206202,100.0,0.1621425,79.0,2.0440595
1787250,79,2,970,0.584905660377358,2024,2.206202,100.0,0.3385643,52.0,1.8676377
1787251,79,2,983,0.585106382978723,2024,2.206202,100.0,0.4778999,91.0,1.7283021
1787252,79,2,986,0.666666666666667,2024,2.206202,100.0,0.6370342,94.0,1.5691678
1787253,79,2,987,0.858823529411765,2024,2.206202,100.0,1.114128,82.0,1.092074
1787254,79,2,990,0.5,2024,2.206202,100.0,-0.05321489,69.0,2.25941689
1787255,79,20,2,0.761061946902655,2024,1.210571,101.0,2.206202,100.0,0.995631
1787408,79,20,710,0.495575221238938,2024,1.210571,101.0,-0.8535267,100.0,2.0640977
1787445,79,31,2,0.412621359223301,2024,-0.1377822,96.0,2.206202,100.0,2.3439842
1787598,79,31,710,0.796116504854369,2024,-0.1377822,96.0,-0.8535267,100.0,0.7157445
1787635,79,40,2,0.236607142857143,2024,-1.419518,101.0,2.206202,100.0,3.62572
1787788,79,40,710,0.897321428571429,2024,-1.419518,101.0,-0.8535267,100.0,0.5659913
1787825,79,41,2,0.401098901098901,2024,-0.2332521,85.0,2.206202,100.0,2.4394541
1787978,79,41,710,0.791208791208791,2024,-0.2332521,85.0,-0.8535267,100.0,0.6202746
1788015,79,42,2,0.424778761061947,2024,-0.04398494,101.0,2.206202,100.0,2.25018694
1788168,79,42,710,0.756637168141593,2024,-0.04398494,101.0,-0.8535267,100.0,0.80954176
1788205,79,51,2,0.402777777777778,2024,-0.2271352,96.0,2.206202,100.0,2.4333372
1788358,79,51,710,0.791666666666667,2024,-0.2271352,96.0,-0.8535267,100.0,0.6263915
1788395,79,52,2,0.393805309734513,2024,-0.4215306,101.0,2.206202,100.0,2.6277326
1788548,79,52,710,0.814159292035398,2024,-0.4215306,101.0,-0.8535267,100.0,0.4319961
1788585,79,53,2,0.381188118811881,2024,-0.1815099,95.0,2.206202,100.0,2.3877119
1788738,79,53,710,0.816831683168317,2024,-0.1815099,95.0,-0.8535267,100.0,0.6720168
1788775,79,54,2,0.367647058823529,2024,-0.7470202,32.0,2.206202,100.0,2.9532222
1788928,79,54,710,0.897058823529412,2024,-0.7470202,32.0,-0.8535267,100.0,0.1065065
1788965,79,55,2,0.383116883116883,2024,-0.4344022,75.0,2.206202,100.0,2.6406042
1789118,79,55,710,0.802631578947368,2024,-0.4344022,75.0,-0.8535267,100.0,0.4191245
1789155,79,56,2,0.376190476190476,2024,-0.4563766,98.0,2.206202,100.0,2.6625786
1789308,79,56,710,0.828571428571429,2024,-0.4563766,98.0,-0.8535267,100.0,0.3971501
1789345,79,57,2,0.351648351648352,2024,-0.4420857,85.0,2.206202,100.0,2.6482877
1789498,79,57,710,0.827777777777778,2024,-0.4420857,85.0,-0.8535267,100.0,0.411441
1789535,79,58,2,0.4,2024,-0.2852173,92.0,2.206202,100.0,2.4914193
1789688,79,58,710,0.794736842105263,2024,-0.2852173,92.0,-0.8535267,100.0,0.5683094
1789725,79,60,2,0.35,2024,-0.4557498,84.0,2.206202,100.0,2.6619518
1789878,79,60,710,0.808988764044944,2024,-0.4557498,84.0,-0.8535267,100.0,0.3977769
1789915,79,70,2,0.431818181818182,2024,-0.1332369,99.0,2.206202,100.0,2.3394389
1790068,79,70,710,0.754545454545455,2024,-0.1332369,99.0,-0.8535267,100.0,0.7202898
1790105,79,80,2,0.396739130434783,2024,-0.277559,90.0,2.206202,100.0,2.483761
1790258,79,80,710,0.826086956521739,2024,-0.277559,90.0,-0.8535267,100.0,0.5759677
1790295,79,90,2,0.429203539823009,2024,-0.06453821,101.0,2.206202,100.0,2.27074021
1790448,79,90,710,0.752212389380531,2024,-0.06453821,101.0,-0.8535267,100.0,0.78898849
1790485,79,91,2,0.422018348623853,2024,-0.1922105,99.0,2.206202,100.0,2.3984125
1790638,79,91,710,0.756880733944954,2024,-0.1922105,99.0,-0.8535267,100.0,0.6613162
1790675,79,92,2,0.378378378378378,2024,-0.3171698,99.0,2.206202,100.0,2.5233718
1790828,79,92,710,0.792792792792793,2024,-0.3171698,99.0,-0.8535267,100.0,0.5363569
1790865,79,93,2,0.175675675675676,2024,-1.438191,99.0,2.206202,100.0,3.644393
1791018,79,93,710,0.869369369369369,2024,-1.438191,99.0,-0.8535267,100.0,0.5846643
1791055,79,94,2,0.4375,2024,-0.0153615,101.0,2.206202,100.0,2.2215635
1791208,79,94,710,0.745535714285714,2024,-0.0153615,101.0,-0.8535267,100.0,0.8381652
1791245,79,95,2,0.504545454545455,2024,0.1637529,99.0,2.206202,100.0,2.0424491
1791398,79,95,710,0.681818181818182,2024,0.1637529,99.0,-0.8535267,100.0,1.0172796
1791435,79,100,2,0.393805309734513,2024,-0.3198223,101.0,2.206202,100.0,2.5260243
1791588,79,100,710,0.778761061946903,2024,-0.3198223,101.0,-0.8535267,100.0,0.5337044
1791625,79,110,2,0.415929203539823,2024,-0.1655326,101.0,2.206202,100.0,2.3717346
1791778,79,110,710,0.783185840707965,2024,-0.1655326,101.0,-0.8535267,100.0,0.6879941
1791815,79,115,2,0.399082568807339,2024,-0.1595856,98.0,2.206202,100.0,2.3657876
1791968,79,115,710,0.788990825688073,2024,-0.1595856,98.0,-0.8535267,100.0,0.6939411
1792005,79,130,2,0.432291666666667,2024,-0.00905623,93.0,2.206202,100.0,2.21525823
1792158,79,130,710,0.729166666666667,2024,-0.00905623,93.0,-0.8535267,100.0,0.84447047
1792195,79,135,2,0.407079646017699,2024,-0.1684504,101.0,2.206202,100.0,2.3746524
1792348,79,135,710,0.774336283185841,2024,-0.1684504,101.0,-0.8535267,100.0,0.6850763
1792385,79,140,2,0.366071428571429,2024,-0.3608275,100.0,2.206202,100.0,2.5670295
1792538,79,140,710,0.794642857142857,2024,-0.3608275,100.0,-0.8535267,100.0,0.4926992
1792575,79,145,2,0.271844660194175,2024,-0.9131767,94.0,2.206202,100.0,3.1193787
1792728,79,145,710,0.888349514563107,2024,-0.9131767,94.0,-0.8535267,100.0,0.05965
1792765,79,150,2,0.553571428571429,2024,0.3566435,100.0,2.206202,100.0,1.8495585
1792918,79,150,710,0.607142857142857,2024,0.3566435,100.0,-0.8535267,100.0,1.2101702
1792955,79,155,2,0.433628318584071,2024,0.01993069,101.0,2.206202,100.0,2.18627131
1793108,79,155,710,0.747787610619469,2024,0.01993069,101.0,-0.8535267,100.0,0.87345739
1793145,79,160,2,0.783185840707965,2024,1.375991,101.0,2.206202,100.0,0.830211
1793298,79,160,710,0.429203539823009,2024,1.375991,101.0,-0.8535267,100.0,2.2295177
1793335,79,165,2,0.460176991150442,2024,0.02256382,101.0,2.206202,100.0,2.18363818
1793488,79,165,710,0.721238938053097,2024,0.02256382,101.0,-0.8535267,100.0,0.87609052
1793525,79,200,2,0.787610619469027,2024,1.743606,101.0,2.206202,100.0,0.462596
1793678,79,200,710,0.455752212389381,2024,1.743606,101.0,-0.8535267,100.0,2.5971327
1793715,79,205,2,0.63716814159292,2024,0.7281257,101.0,2.206202,100.0,1.4780763
1793868,79,205,710,0.544247787610619,2024,0.7281257,101.0,-0.8535267,100.0,1.5816524
1793905,79,210,2,0.727678571428571,2024,1.129303,100.0,2.206202,100.0,1.076899
1794058,79,210,710,0.504464285714286,2024,1.129303,100.0,-0.8535267,100.0,1.9828297
1794095,79,211,2,0.707964601769911,2024,1.122319,101.0,2.206202,100.0,1.083883
1794248,79,211,710,0.517699115044248,2024,1.122319,101.0,-0.8535267,100.0,1.9758457
1794285,79,212,2,0.70353982300885,2024,1.086612,101.0,2.206202,100.0,1.11959
1794438,79,212,710,0.517699115044248,2024,1.086612,101.0,-0.8535267,100.0,1.9401387
1794475,79,220,2,0.724770642201835,2024,1.433021,101.0,2.206202,100.0,0.773181
1794628,79,220,710,0.509174311926605,2024,1.433021,101.0,-0.8535267,100.0,2.2865477
1794665,79,221,2,0.713636363636364,2024,1.154609,97.0,2.206202,100.0,1.051593
1794818,79,221,710,0.518348623853211,2024,1.154609,97.0,-0.8535267,100.0,2.0081357
1794855,79,223,2,0.641592920353982,2024,0.7369779,101.0,2.206202,100.0,1.4692241
1795008,79,223,710,0.539823008849557,2024,0.7369779,101.0,-0.8535267,100.0,1.5905046
1795045,79,225,2,0.65929203539823,2024,0.8461399,101.0,2.206202,100.0,1.3600621
1795198,79,225,710,0.548672566371681,2024,0.8461399,101.0,-0.8535267,100.0,1.6996666
1795235,79,230,2,0.699115044247788,2024,1.039578,101.0,2.206202,100.0,1.166624
1795388,79,230,710,0.526548672566372,2024,1.039578,101.0,-0.8535267,100.0,1.8931047
1795425,79,232,2,0.636363636363636,2024,0.7197167,99.0,2.206202,100.0,1.4864853
1795578,79,232,710,0.536363636363636,2024,0.7197167,99.0,-0.8535267,100.0,1.5732434
1795615,79,235,2,0.691964285714286,2024,1.0503,100.0,2.206202,100.0,1.155902
1795768,79,235,710,0.526785714285714,2024,1.0503,100.0,-0.8535267,100.0,1.9038267
1795805,79,255,2,0.741071428571429,2024,1.240641,100.0,2.206202,100.0,0.965561
1795958,79,255,710,0.5,2024,1.240641,100.0,-0.8535267,100.0,2.0941677
1795995,79,290,2,0.725663716814159,2024,1.250567,101.0,2.206202,100.0,0.955635
1796148,79,290,710,0.508849557522124,2024,1.250567,101.0,-0.8535267,100.0,2.1040937
1796185,79,305,2,0.672566371681416,2024,0.8832987,101.0,2.206202,100.0,1.3229033
1796338,79,305,710,0.508849557522124,2024,0.8832987,101.0,-0.8535267,100.0,1.7368254
1796375,79,310,2,0.778761061946903,2024,1.423041,101.0,2.206202,100.0,0.783161
1796528,79,310,710,0.455752212389381,2024,1.423041,101.0,-0.8535267,100.0,2.2765677
1796565,79,316,2,0.783185840707965,2024,1.453365,101.0,2.206202,100.0,0.752837
1796718,79,316,710,0.451327433628319,2024,1.453365,101.0,-0.8535267,100.0,2.3068917
1796755,79,317,2,0.725663716814159,2024,1.235252,101.0,2.206202,100.0,0.97095
1796908,79,317,710,0.508849557522124,2024,1.235252,101.0,-0.8535267,100.0,2.0887787
1796945,79,325,2,0.725663716814159,2024,1.159644,101.0,2.206202,100.0,1.046558
1797098,79,325,710,0.508849557522124,2024,1.159644,101.0,-0.8535267,100.0,2.0131707
1797135,79,331,2,0.63716814159292,2024,0.7284591,101.0,2.206202,100.0,1.4777429
1797288,79,331,710,0.535398230088496,2024,0.7284591,101.0,-0.8535267,100.0,1.5819858
1797325,79,338,2,0.63716814159292,2024,0.7023855,101.0,2.206202,100.0,1.5038165
1797478,79,338,710,0.544247787610619,2024,0.7023855,101.0,-0.8535267,100.0,1.5559122
1797515,79,339,2,0.747787610619469,2024,1.196381,101.0,2.206202,100.0,1.009821
1797668,79,339,710,0.504424778761062,2024,1.196381,101.0,-0.8535267,100.0,2.0499077
1797705,79,341,2,0.70353982300885,2024,1.064492,101.0,2.206202,100.0,1.14171
1797858,79,341,710,0.526548672566372,2024,1.064492,101.0,-0.8535267,100.0,1.9180187
1797895,79,343,2,0.745283018867924,2024,1.091302,96.0,2.206202,100.0,1.1149
1798048,79,343,710,0.509433962264151,2024,1.091302,96.0,-0.8535267,100.0,1.9448287
1798085,79,344,2,0.734513274336283,2024,1.271553,101.0,2.206202,100.0,0.934649
1798238,79,344,710,0.5,2024,1.271553,101.0,-0.8535267,100.0,2.1250797
1798275,79,345,2,0.51123595505618,2024,0.3420373,87.0,2.206202,100.0,1.8641647
1798428,79,345,710,0.741573033707865,2024,0.3420373,87.0,-0.8535267,100.0,1.195564
1798465,79,346,2,0.676991150442478,2024,0.8401376,101.0,2.206202,100.0,1.3660644
1798618,79,346,710,0.566371681415929,2024,0.8401376,101.0,-0.8535267,100.0,1.6936643
1798655,79,349,2,0.699115044247788,2024,1.03171,101.0,2.206202,100.0,1.174492
1798808,79,349,710,0.535398230088496,2024,1.03171,101.0,-0.8535267,100.0,1.8852367
1798845,79,350,2,0.685840707964602,2024,0.9368121,101.0,2.206202,100.0,1.2693899
1798998,79,350,710,0.530973451327434,2024,0.9368121,101.0,-0.8535267,100.0,1.7903388
1799035,79,352,2,0.615044247787611,2024,0.6143545,101.0,2.206202,100.0,1.5918475
1799188,79,352,710,0.557522123893805,2024,0.6143545,101.0,-0.8535267,100.0,1.4678812
1799225,79,355,2,0.730088495575221,2024,1.195546,101.0,2.206202,100.0,1.010656
1799378,79,355,710,0.5,2024,1.195546,101.0,-0.8535267,100.0,2.0490727
1799415,79,359,2,0.668141592920354,2024,0.8571509,101.0,2.206202,100.0,1.3490511
1799568,79,359,710,0.513274336283186,2024,0.8571509,101.0,-0.8535267,100.0,1.7106776
1799605,79,360,2,0.734513274336283,2024,1.308732,101.0,2.206202,100.0,0.89747
1799758,79,360,710,0.491150442477876,2024,1.308732,101.0,-0.8535267,100.0,2.1622587
1799795,79,365,2,0.238938053097345,2024,-0.5984852,101.0,2.206202,100.0,2.8046872
1799948,79,365,710,0.778761061946903,2024,-0.5984852,101.0,-0.8535267,100.0,0.2550415
1799985,79,366,2,0.725663716814159,2024,1.286741,101.0,2.206202,100.0,0.919461
1800138,79,366,710,0.5,2024,1.286741,101.0,-0.8535267,100.0,2.1402677
1800175,79,367,2,0.725663716814159,2024,1.275077,101.0,2.206202,100.0,0.931125
1800328,79,367,710,0.5,2024,1.275077,101.0,-0.8535267,100.0,2.1286037
1800365,79,368,2,0.743362831858407,2024,1.354849,101.0,2.206202,100.0,0.851353
1800518,79,368,710,0.482300884955752,2024,1.354849,101.0,-0.8535267,100.0,2.2083757
1800555,79,369,2,0.738738738738739,2024,1.281565,100.0,2.206202,100.0,0.924637
1800708,79,369,710,0.486486486486487,2024,1.281565,100.0,-0.8535267,100.0,2.1350917
1800745,79,370,2,0.245454545454545,2024,-0.8500192,99.0,2.206202,100.0,3.0562212
1800898,79,370,710,0.845454545454545,2024,-0.8500192,99.0,-0.8535267,100.0,0.0035075
1800935,79,371,2,0.443877551020408,2024,0.07433161,95.0,2.206202,100.0,2.13187039
1801088,79,371,710,0.785714285714286,2024,0.07433161,95.0,-0.8535267,100.0,0.92785831
1801125,79,372,2,0.693693693693694,2024,0.8912814,99.0,2.206202,100.0,1.3149206
1801278,79,372,710,0.536036036036036,2024,0.8912814,99.0,-0.8535267,100.0,1.7448081
1801315,79,373,2,0.253333333333333,2024,-0.6604451,74.0,2.206202,100.0,2.8666471
1801468,79,373,710,0.926666666666667,2024,-0.6604451,74.0,-0.8535267,100.0,0.1930816
1801505,79,375,2,0.721238938053097,2024,1.174992,101.0,2.206202,100.0,1.03121
1801658,79,375,710,0.513274336283186,2024,1.174992,101.0,-0.8535267,100.0,2.0285187
1801695,79,380,2,0.725663716814159,2024,1.210744,101.0,2.206202,100.0,0.995458
1801848,79,380,710,0.508849557522124,2024,1.210744,101.0,-0.8535267,100.0,2.0642707
1801885,79,385,2,0.65929203539823,2024,0.8624467,101.0,2.206202,100.0,1.3437553
1802038,79,385,710,0.592920353982301,2024,0.8624467,101.0,-0.8535267,100.0,1.7159734
1802075,79,390,2,0.725663716814159,2024,1.217543,101.0,2.206202,100.0,0.988659
1802228,79,390,710,0.508849557522124,2024,1.217543,101.0,-0.8535267,100.0,2.0710697
1802265,79,395,2,0.712962962962963,2024,0.9412038,99.0,2.206202,100.0,1.2649982
1802418,79,395,710,0.555555555555556,2024,0.9412038,99.0,-0.8535267,100.0,1.7947305
1802455,79,402,2,0.410526315789474,2024,-0.176959,86.0,2.206202,100.0,2.383161
1802608,79,402,710,0.75531914893617,2024,-0.176959,86.0,-0.8535267,100.0,0.6765677
1802645,79,403,2,0.337837837837838,2024,-0.2115414,37.0,2.206202,100.0,2.4177434
1802798,79,403,710,0.763888888888889,2024,-0.2115414,37.0,-0.8535267,100.0,0.6419853
1802835,79,404,2,0.304597701149425,2024,-0.5218724,82.0,2.206202,100.0,2.7280744
1802988,79,404,710,0.831395348837209,2024,-0.5218724,82.0,-0.8535267,100.0,0.3316543
1803025,79,411,2,0.325,2024,-0.6054447,76.0,2.206202,100.0,2.8116467
1803178,79,411,710,0.89375,2024,-0.6054447,76.0,-0.8535267,100.0,0.248082
1803215,79,420,2,0.352631578947368,2024,-0.3638283,88.0,2.206202,100.0,2.5700303
1803368,79,420,710,0.821052631578947,2024,-0.3638283,88.0,-0.8535267,100.0,0.4896984
1803405,79,432,2,0.231818181818182,2024,-1.253995,99.0,2.206202,100.0,3.460197
1803558,79,432,710,0.868181818181818,2024,-1.253995,99.0,-0.8535267,100.0,0.4004683
1803595,79,433,2,0.327102803738318,2024,-0.6153059,94.0,2.206202,100.0,2.8215079
1803748,79,433,710,0.830188679245283,2024,-0.6153059,94.0,-0.8535267,100.0,0.2382208
1803785,79,434,2,0.303030303030303,2024,-0.3095678,66.0,2.206202,100.0,2.5157698
1803938,79,434,710,0.807692307692308,2024,-0.3095678,66.0,-0.8535267,100.0,0.5439589
1803975,79,435,2,0.348039215686274,2024,-0.6444713,93.0,2.206202,100.0,2.8506733
1804128,79,435,710,0.867647058823529,2024,-0.6444713,93.0,-0.8535267,100.0,0.2090554
1804165,79,436,2,0.260204081632653,2024,-0.981607,91.0,2.206202,100.0,3.187809
1804318,79,436,710,0.877551020408163,2024,-0.981607,91.0,-0.8535267,100.0,0.1280803
1804355,79,437,2,0.386363636363636,2024,-0.1365825,89.0,2.206202,100.0,2.3427845
1804507,79,437,710,0.784090909090909,2024,-0.1365825,89.0,-0.8535267,100.0,0.7169442
1804544,79,438,2,0.350515463917526,2024,-0.6415094,94.0,2.206202,100.0,2.8477114
1804697,79,438,710,0.850515463917526,2024,-0.6415094,94.0,-0.8535267,100.0,0.2120173
1804734,79,439,2,0.261627906976744,2024,-1.050954,81.0,2.206202,100.0,3.257156
1804887,79,439,710,0.877906976744186,2024,-1.050954,81.0,-0.8535267,100.0,0.1974273
1804924,79,450,2,0.432926829268293,2024,0.1458184,77.0,2.206202,100.0,2.0603836
1805077,79,450,710,0.73780487804878,2024,0.1458184,77.0,-0.8535267,100.0,0.9993451
1805114,79,451,2,0.355,2024,-0.3714771,93.0,2.206202,100.0,2.5776791
1805267,79,451,710,0.835,2024,-0.3714771,93.0,-0.8535267,100.0,0.4820496
1805304,79,452,2,0.371428571428571,2024,-0.4211428,96.0,2.206202,100.0,2.6273448
1805457,79,452,710,0.8,2024,-0.4211428,96.0,-0.8535267,100.0,0.4323839
1805494,79,461,2,0.402912621359223,2024,-0.4316078,95.0,2.206202,100.0,2.6378098
1805647,79,461,710,0.781553398058252,2024,-0.4316078,95.0,-0.8535267,100.0,0.4219189
1805684,79,471,2,0.408163265306122,2024,-0.1971506,88.0,2.206202,100.0,2.4033526
1805837,79,471,710,0.780612244897959,2024,-0.1971506,88.0,-0.8535267,100.0,0.6563761
1805874,79,475,2,0.323809523809524,2024,-0.602329,93.0,2.206202,100.0,2.808531
1806027,79,475,710,0.847619047619048,2024,-0.602329,93.0,-0.8535267,100.0,0.2511977
1806064,79,481,2,0.357142857142857,2024,-0.512997,88.0,2.206202,100.0,2.719199
1806217,79,481,710,0.840659340659341,2024,-0.512997,88.0,-0.8535267,100.0,0.3405297
1806254,79,482,2,0.330985915492958,2024,-0.5192261,71.0,2.206202,100.0,2.7254281
1806407,79,482,710,0.814285714285714,2024,-0.5192261,71.0,-0.8535267,100.0,0.3343006
1806444,79,483,2,0.346938775510204,2024,-0.4742734,91.0,2.206202,100.0,2.6804754
1806597,79,483,710,0.841836734693878,2024,-0.4742734,91.0,-0.8535267,100.0,0.3792533
1806634,79,484,2,0.372340425531915,2024,-0.5598402,90.0,2.206202,100.0,2.7660422
1806787,79,484,710,0.797872340425532,2024,-0.5598402,90.0,-0.8535267,100.0,0.2936865
1806824,79,490,2,0.417647058823529,2024,-0.3034749,77.0,2.206202,100.0,2.5096769
1806977,79,490,710,0.811764705882353,2024,-0.3034749,77.0,-0.8535267,100.0,0.5500518
1807014,79,500,2,0.323529411764706,2024,-0.5591191,92.0,2.206202,100.0,2.7653211
1807167,79,500,710,0.852941176470588,2024,-0.5591191,92.0,-0.8535267,100.0,0.2944076
1807204,79,501,2,0.344036697247706,2024,-0.4087249,99.0,2.206202,100.0,2.6149269
1807357,79,501,710,0.81651376146789,2024,-0.4087249,99.0,-0.8535267,100.0,0.4448018
1807394,79,510,2,0.352631578947368,2024,-0.548647,89.0,2.206202,100.0,2.754849
1807547,79,510,710,0.864583333333333,2024,-0.548647,89.0,-0.8535267,100.0,0.3048797
1807584,79,516,2,0.27319587628866,2024,-1.212861,93.0,2.206202,100.0,3.419063
1807737,79,516,710,0.876288659793814,2024,-1.212861,93.0,-0.8535267,100.0,0.3593343
1807774,79,517,2,0.349462365591398,2024,-0.3064119,88.0,2.206202,100.0,2.5126139
1807927,79,517,710,0.801075268817204,2024,-0.3064119,88.0,-0.8535267,100.0,0.5471148
1807964,79,520,2,0.242857142857143,2024,-0.7290661,69.0,2.206202,100.0,2.9352681
1808117,79,520,710,0.885714285714286,2024,-0.7290661,69.0,-0.8535267,100.0,0.1244606
1808154,79,522,2,0.328571428571429,2024,-0.5625053,94.0,2.206202,100.0,2.7687073
1808307,79,522,710,0.838095238095238,2024,-0.5625053,94.0,-0.8535267,100.0,0.2910214
1808344,79,530,2,0.318627450980392,2024,-0.6844039,97.0,2.206202,100.0,2.8906059
1808497,79,530,710,0.867647058823529,2024,-0.6844039,97.0,-0.8535267,100.0,0.1691228
1808534,79,531,2,0.274336283185841,2024,-1.20566,101.0,2.206202,100.0,3.411862
1808687,79,531,710,0.880530973451327,2024,-1.20566,101.0,-0.8535267,100.0,0.3521333
1808724,79,540,2,0.306603773584906,2024,-0.6448403,96.0,2.206202,100.0,2.8510423
1808877,79,540,710,0.834905660377358,2024,-0.6448403,96.0,-0.8535267,100.0,0.2086864
1808914,79,541,2,0.357142857142857,2024,-0.5293191,93.0,2.206202,100.0,2.7355211
1809067,79,541,710,0.807692307692308,2024,-0.5293191,93.0,-0.8535267,100.0,0.3242076
1809104,79,551,2,0.379746835443038,2024,-0.2665681,72.0,2.206202,100.0,2.4727701
1809257,79,551,710,0.794871794871795,2024,-0.2665681,72.0,-0.8535267,100.0,0.5869586
1809294,79,552,2,0.288461538461538,2024,-0.8973251,96.0,2.206202,100.0,3.1035271
1809447,79,552,710,0.908653846153846,2024,-0.8973251,96.0,-0.8535267,100.0,0.0437984
1809484,79,553,2,0.455056179775281,2024,0.06134246,83.0,2.206202,100.0,2.14485954
1809637,79,553,710,0.704545454545455,2024,0.06134246,83.0,-0.8535267,100.0,0.91486916
1809674,79,560,2,0.36283185840708,2024,-0.4572625,101.0,2.206202,100.0,2.6634645
1809827,79,560,710,0.81858407079646,2024,-0.4572625,101.0,-0.8535267,100.0,0.3962642
1809864,79,565,2,0.333333333333333,2024,-0.5844356,95.0,2.206202,100.0,2.7906376
1810017,79,565,710,0.857142857142857,2024,-0.5844356,95.0,-0.8535267,100.0,0.2690911
1810054,79,570,2,0.345,2024,-0.3937148,92.0,2.206202,100.0,2.5999168
1810207,79,570,710,0.825,2024,-0.3937148,92.0,-0.8535267,100.0,0.4598119
1810244,79,571,2,0.375,2024,-0.3941296,81.0,2.206202,100.0,2.6003316
1810397,79,571,710,0.823863636363636,2024,-0.3941296,81.0,-0.8535267,100.0,0.4593971
1810434,79,572,2,0.360294117647059,2024,-0.5649884,61.0,2.206202,100.0,2.7711904
1810587,79,572,710,0.798507462686567,2024,-0.5649884,61.0,-0.8535267,100.0,0.2885383
1810624,79,580,2,0.367021276595745,2024,-0.5034805,87.0,2.206202,100.0,2.7096825
1810777,79,580,710,0.824468085106383,2024,-0.5034805,87.0,-0.8535267,100.0,0.3500462
1810814,79,581,2,0.395061728395062,2024,-0.3499147,75.0,2.206202,100.0,2.5561167
1810967,79,581,710,0.833333333333333,2024,-0.3499147,75.0,-0.8535267,100.0,0.503612
1811004,79,590,2,0.378640776699029,2024,-0.3300443,94.0,2.206202,100.0,2.5362463
1811157,79,590,710,0.786407766990291,2024,-0.3300443,94.0,-0.8535267,100.0,0.5234824
1811194,79,591,2,0.382022471910112,2024,-0.1991231,88.0,2.206202,100.0,2.4053251
1811347,79,591,710,0.797752808988764,2024,-0.1991231,88.0,-0.8535267,100.0,0.6544036
1811384,79,600,2,0.331730769230769,2024,-0.4704262,93.0,2.206202,100.0,2.6766282
1811537,79,600,710,0.850961538461538,2024,-0.4704262,93.0,-0.8535267,100.0,0.3831005
1811574,79,615,2,0.287610619469027,2024,-0.8163993,101.0,2.206202,100.0,3.0226013
1811727,79,615,710,0.876106194690266,2024,-0.8163993,101.0,-0.8535267,100.0,0.0371273999999999
1811764,79,616,2,0.327272727272727,2024,-0.6518508,98.0,2.206202,100.0,2.8580528
1811917,79,616,710,0.840909090909091,2024,-0.6518508,98.0,-0.8535267,100.0,0.2016759
1811954,79,620,2,0.31,2024,-0.752476,95.0,2.206202,100.0,2.958678
1812107,79,620,710,0.865,2024,-0.752476,95.0,-0.8535267,100.0,0.1010507
1812144,79,625,2,0.270642201834862,2024,-1.057903,98.0,2.206202,100.0,3.264105
1812297,79,625,710,0.889908256880734,2024,-1.057903,98.0,-0.8535267,100.0,0.2043763
1812334,79,626,2,0.52,2024,-0.1564993,22.0,2.206202,100.0,2.3627013
1812487,79,626,710,0.64,2024,-0.1564993,22.0,-0.8535267,100.0,0.6970274
1812524,79,630,2,0.23394495412844,2024,-1.27529,97.0,2.206202,100.0,3.481492
1812677,79,630,710,0.880733944954128,2024,-1.27529,97.0,-0.8535267,100.0,0.4217633
1812714,79,640,2,0.529411764705882,2024,0.5284673,7.0,2.206202,100.0,1.6777347
1812866,79,640,710,0.617647058823529,2024,0.5284673,7.0,-0.8535267,100.0,1.381994
1812903,79,645,2,0.322727272727273,2024,-0.718215,101.0,2.206202,100.0,2.924417
1813056,79,645,710,0.872727272727273,2024,-0.718215,101.0,-0.8535267,100.0,0.1353117
1813093,79,651,2,0.323008849557522,2024,-0.7120237,101.0,2.206202,100.0,2.9182257
1813246,79,651,710,0.858407079646018,2024,-0.7120237,101.0,-0.8535267,100.0,0.141503
1813283,79,652,2,0.150537634408602,2024,-1.823355,80.0,2.206202,100.0,4.029557
1813436,79,652,710,0.853260869565217,2024,-1.823355,80.0,-0.8535267,100.0,0.9698283
1813473,79,660,2,0.3,2024,-0.7640876,99.0,2.206202,100.0,2.9702896
1813626,79,660,710,0.877272727272727,2024,-0.7640876,99.0,-0.8535267,100.0,0.0894391
1813663,79,663,2,0.330357142857143,2024,-0.5768339,100.0,2.206202,100.0,2.7830359
1813816,79,663,710,0.839285714285714,2024,-0.5768339,100.0,-0.8535267,100.0,0.2766928
1813853,79,666,2,0.920560747663551,2024,2.152297,97.0,2.206202,100.0,0.0539050000000003
1814006,79,666,710,0.285046728971963,2024,2.152297,97.0,-0.8535267,100.0,3.0058237
1814043,79,670,2,0.339285714285714,2024,-0.5479085,100.0,2.206202,100.0,2.7541105
1814196,79,670,710,0.834821428571429,2024,-0.5479085,100.0,-0.8535267,100.0,0.3056182
1814233,79,679,2,0.34070796460177,2024,-0.5704379,101.0,2.206202,100.0,2.7766399
1814386,79,679,710,0.849557522123894,2024,-0.5704379,101.0,-0.8535267,100.0,0.2830888
1814423,79,690,2,0.368181818181818,2024,-0.4373739,99.0,2.206202,100.0,2.6435759
1814576,79,690,710,0.827272727272727,2024,-0.4373739,99.0,-0.8535267,100.0,0.4161528
1814613,79,692,2,0.345132743362832,2024,-0.627407,101.0,2.206202,100.0,2.833609
1814766,79,692,710,0.86283185840708,2024,-0.627407,101.0,-0.8535267,100.0,0.2261197
1814803,79,694,2,0.376106194690265,2024,-0.3307965,101.0,2.206202,100.0,2.5369985
1814956,79,694,710,0.814159292035398,2024,-0.3307965,101.0,-0.8535267,100.0,0.5227302
1814993,79,696,2,0.325892857142857,2024,-0.5992376,100.0,2.206202,100.0,2.8054396
1815146,79,696,710,0.857142857142857,2024,-0.5992376,100.0,-0.8535267,100.0,0.2542891
1815183,79,698,2,0.308035714285714,2024,-0.8065016,100.0,2.206202,100.0,3.0127036
1815336,79,698,710,0.866071428571429,2024,-0.8065016,100.0,-0.8535267,100.0,0.0470250999999999
1815373,79,701,2,0.180327868852459,2024,-0.8968979,61.0,2.206202,100.0,3.1030999
1815526,79,701,710,0.908333333333333,2024,-0.8968979,61.0,-0.8535267,100.0,0.0433712000000001
1815563,79,702,2,0.296703296703297,2024,-0.7801549,85.0,2.206202,100.0,2.9863569
1815716,79,702,710,0.868131868131868,2024,-0.7801549,85.0,-0.8535267,100.0,0.0733718
1815753,79,703,2,0.28494623655914,2024,-0.6705979,89.0,2.206202,100.0,2.8767999
1815906,79,703,710,0.881720430107527,2024,-0.6705979,89.0,-0.8535267,100.0,0.1829288
1815943,79,704,2,0.304597701149425,2024,-0.7020743,86.0,2.206202,100.0,2.9082763
1816096,79,704,710,0.879310344827586,2024,-0.7020743,86.0,-0.8535267,100.0,0.1514524
1816133,79,705,2,0.328125,2024,-0.5057548,93.0,2.206202,100.0,2.7119568
1816286,79,705,710,0.84375,2024,-0.5057548,93.0,-0.8535267,100.0,0.3477719
1816323,79,710,2,0.290178571428571,2024,-0.8535267,100.0,2.206202,100.0,3.0597287
1816324,79,710,20,0.495575221238938,2024,-0.8535267,100.0,1.210571,101.0,2.0640977
1816325,79,710,31,0.796116504854369,2024,-0.8535267,100.0,-0.1377822,96.0,0.7157445
1816326,79,710,40,0.897321428571429,2024,-0.8535267,100.0,-1.419518,101.0,0.5659913
1816327,79,710,41,0.791208791208791,2024,-0.8535267,100.0,-0.2332521,85.0,0.6202746
1816328,79,710,42,0.756637168141593,2024,-0.8535267,100.0,-0.04398494,101.0,0.80954176
1816329,79,710,51,0.791666666666667,2024,-0.8535267,100.0,-0.2271352,96.0,0.6263915
1816330,79,710,52,0.814159292035398,2024,-0.8535267,100.0,-0.4215306,101.0,0.4319961
1816331,79,710,53,0.816831683168317,2024,-0.8535267,100.0,-0.1815099,95.0,0.6720168
1816332,79,710,54,0.897058823529412,2024,-0.8535267,100.0,-0.7470202,32.0,0.1065065
1816333,79,710,55,0.802631578947368,2024,-0.8535267,100.0,-0.4344022,75.0,0.4191245
1816334,79,710,56,0.828571428571429,2024,-0.8535267,100.0,-0.4563766,98.0,0.3971501
1816335,79,710,57,0.827777777777778,2024,-0.8535267,100.0,-0.4420857,85.0,0.411441
1816336,79,710,58,0.794736842105263,2024,-0.8535267,100.0,-0.2852173,92.0,0.5683094
1816337,79,710,60,0.808988764044944,2024,-0.8535267,100.0,-0.4557498,84.0,0.3977769
1816338,79,710,70,0.754545454545455,2024,-0.8535267,100.0,-0.1332369,99.0,0.7202898
1816339,79,710,80,0.826086956521739,2024,-0.8535267,100.0,-0.277559,90.0,0.5759677
1816340,79,710,90,0.752212389380531,2024,-0.8535267,100.0,-0.06453821,101.0,0.78898849
1816341,79,710,91,0.756880733944954,2024,-0.8535267,100.0,-0.1922105,99.0,0.6613162
1816342,79,710,92,0.792792792792793,2024,-0.8535267,100.0,-0.3171698,99.0,0.5363569
1816343,79,710,93,0.869369369369369,2024,-0.8535267,100.0,-1.438191,99.0,0.5846643
1816344,79,710,94,0.745535714285714,2024,-0.8535267,100.0,-0.0153615,101.0,0.8381652
1816345,79,710,95,0.681818181818182,2024,-0.8535267,100.0,0.1637529,99.0,1.0172796
1816346,79,710,100,0.778761061946903,2024,-0.8535267,100.0,-0.3198223,101.0,0.5337044
1816347,79,710,110,0.783185840707965,2024,-0.8535267,100.0,-0.1655326,101.0,0.6879941
1816348,79,710,115,0.788990825688073,2024,-0.8535267,100.0,-0.1595856,98.0,0.6939411
1816349,79,710,130,0.729166666666667,2024,-0.8535267,100.0,-0.00905623,93.0,0.84447047
1816350,79,710,135,0.774336283185841,2024,-0.8535267,100.0,-0.1684504,101.0,0.6850763
1816351,79,710,140,0.794642857142857,2024,-0.8535267,100.0,-0.3608275,100.0,0.4926992
1816352,79,710,145,0.888349514563107,2024,-0.8535267,100.0,-0.9131767,94.0,0.05965
1816353,79,710,150,0.607142857142857,2024,-0.8535267,100.0,0.3566435,100.0,1.2101702
1816354,79,710,155,0.747787610619469,2024,-0.8535267,100.0,0.01993069,101.0,0.87345739
1816355,79,710,160,0.429203539823009,2024,-0.8535267,100.0,1.375991,101.0,2.2295177
1816356,79,710,165,0.721238938053097,2024,-0.8535267,100.0,0.02256382,101.0,0.87609052
1816357,79,710,200,0.455752212389381,2024,-0.8535267,100.0,1.743606,101.0,2.5971327
1816358,79,710,205,0.544247787610619,2024,-0.8535267,100.0,0.7281257,101.0,1.5816524
1816359,79,710,210,0.504464285714286,2024,-0.8535267,100.0,1.129303,100.0,1.9828297
1816360,79,710,211,0.517699115044248,2024,-0.8535267,100.0,1.122319,101.0,1.9758457
1816361,79,710,212,0.517699115044248,2024,-0.8535267,100.0,1.086612,101.0,1.9401387
1816362,79,710,220,0.509174311926605,2024,-0.8535267,100.0,1.433021,101.0,2.2865477
1816363,79,710,221,0.518348623853211,2024,-0.8535267,100.0,1.154609,97.0,2.0081357
1816364,79,710,223,0.539823008849557,2024,-0.8535267,100.0,0.7369779,101.0,1.5905046
1816365,79,710,225,0.548672566371681,2024,-0.8535267,100.0,0.8461399,101.0,1.6996666
1816366,79,710,230,0.526548672566372,2024,-0.8535267,100.0,1.039578,101.0,1.8931047
1816367,79,710,232,0.536363636363636,2024,-0.8535267,100.0,0.7197167,99.0,1.5732434
1816368,79,710,235,0.526785714285714,2024,-0.8535267,100.0,1.0503,100.0,1.9038267
1816369,79,710,255,0.5,2024,-0.8535267,100.0,1.240641,100.0,2.0941677
1816370,79,710,290,0.508849557522124,2024,-0.8535267,100.0,1.250567,101.0,2.1040937
1816371,79,710,305,0.508849557522124,2024,-0.8535267,100.0,0.8832987,101.0,1.7368254
1816372,79,710,310,0.455752212389381,2024,-0.8535267,100.0,1.423041,101.0,2.2765677
1816373,79,710,316,0.451327433628319,2024,-0.8535267,100.0,1.453365,101.0,2.3068917
1816374,79,710,317,0.508849557522124,2024,-0.8535267,100.0,1.235252,101.0,2.0887787
1816375,79,710,325,0.508849557522124,2024,-0.8535267,100.0,1.159644,101.0,2.0131707
1816376,79,710,331,0.535398230088496,2024,-0.8535267,100.0,0.7284591,101.0,1.5819858
1816377,79,710,338,0.544247787610619,2024,-0.8535267,100.0,0.7023855,101.0,1.5559122
1816378,79,710,339,0.504424778761062,2024,-0.8535267,100.0,1.196381,101.0,2.0499077
1816379,79,710,341,0.526548672566372,2024,-0.8535267,100.0,1.064492,101.0,1.9180187
1816380,79,710,343,0.509433962264151,2024,-0.8535267,100.0,1.091302,96.0,1.9448287
1816381,79,710,344,0.5,2024,-0.8535267,100.0,1.271553,101.0,2.1250797
1816382,79,710,345,0.741573033707865,2024,-0.8535267,100.0,0.3420373,87.0,1.195564
1816383,79,710,346,0.566371681415929,2024,-0.8535267,100.0,0.8401376,101.0,1.6936643
1816384,79,710,349,0.535398230088496,2024,-0.8535267,100.0,1.03171,101.0,1.8852367
1816385,79,710,350,0.530973451327434,2024,-0.8535267,100.0,0.9368121,101.0,1.7903388
1816386,79,710,352,0.557522123893805,2024,-0.8535267,100.0,0.6143545,101.0,1.4678812
1816387,79,710,355,0.5,2024,-0.8535267,100.0,1.195546,101.0,2.0490727
1816388,79,710,359,0.513274336283186,2024,-0.8535267,100.0,0.8571509,101.0,1.7106776
1816389,79,710,360,0.491150442477876,2024,-0.8535267,100.0,1.308732,101.0,2.1622587
1816390,79,710,365,0.778761061946903,2024,-0.8535267,100.0,-0.5984852,101.0,0.2550415
1816391,79,710,366,0.5,2024,-0.8535267,100.0,1.286741,101.0,2.1402677
1816392,79,710,367,0.5,2024,-0.8535267,100.0,1.275077,101.0,2.1286037
1816393,79,710,368,0.482300884955752,2024,-0.8535267,100.0,1.354849,101.0,2.2083757
1816394,79,710,369,0.486486486486487,2024,-0.8535267,100.0,1.281565,100.0,2.1350917
1816395,79,710,370,0.845454545454545,2024,-0.8535267,100.0,-0.8500192,99.0,0.0035075
1816396,79,710,371,0.785714285714286,2024,-0.8535267,100.0,0.07433161,95.0,0.92785831
1816397,79,710,372,0.536036036036036,2024,-0.8535267,100.0,0.8912814,99.0,1.7448081
1816398,79,710,373,0.926666666666667,2024,-0.8535267,100.0,-0.6604451,74.0,0.1930816
1816399,79,710,375,0.513274336283186,2024,-0.8535267,100.0,1.174992,101.0,2.0285187
1816400,79,710,380,0.508849557522124,2024,-0.8535267,100.0,1.210744,101.0,2.0642707
1816401,79,710,385,0.592920353982301,2024,-0.8535267,100.0,0.8624467,101.0,1.7159734
1816402,79,710,390,0.508849557522124,2024,-0.8535267,100.0,1.217543,101.0,2.0710697
1816403,79,710,395,0.555555555555556,2024,-0.8535267,100.0,0.9412038,99.0,1.7947305
1816404,79,710,402,0.75531914893617,2024,-0.8535267,100.0,-0.176959,86.0,0.6765677
1816405,79,710,403,0.763888888888889,2024,-0.8535267,100.0,-0.2115414,37.0,0.6419853
1816406,79,710,404,0.831395348837209,2024,-0.8535267,100.0,-0.5218724,82.0,0.3316543
1816407,79,710,411,0.89375,2024,-0.8535267,100.0,-0.6054447,76.0,0.248082
1816408,79,710,420,0.821052631578947,2024,-0.8535267,100.0,-0.3638283,88.0,0.4896984
1816409,79,710,432,0.868181818181818,2024,-0.8535267,100.0,-1.253995,99.0,0.4004683
1816410,79,710,433,0.830188679245283,2024,-0.8535267,100.0,-0.6153059,94.0,0.2382208
1816411,79,710,434,0.807692307692308,2024,-0.8535267,100.0,-0.3095678,66.0,0.5439589
1816412,79,710,435,0.867647058823529,2024,-0.8535267,100.0,-0.6444713,93.0,0.2090554
1816413,79,710,436,0.877551020408163,2024,-0.8535267,100.0,-0.981607,91.0,0.1280803
1816414,79,710,437,0.784090909090909,2024,-0.8535267,100.0,-0.1365825,89.0,0.7169442
1816415,79,710,438,0.850515463917526,2024,-0.8535267,100.0,-0.6415094,94.0,0.2120173
1816416,79,710,439,0.877906976744186,2024,-0.8535267,100.0,-1.050954,81.0,0.1974273
1816417,79,710,450,0.73780487804878,2024,-0.8535267,100.0,0.1458184,77.0,0.9993451
1816418,79,710,451,0.835,2024,-0.8535267,100.0,-0.3714771,93.0,0.4820496
1816419,79,710,452,0.8,2024,-0.8535267,100.0,-0.4211428,96.0,0.4323839
1816420,79,710,461,0.781553398058252,2024,-0.8535267,100.0,-0.4316078,95.0,0.4219189
1816421,79,710,471,0.780612244897959,2024,-0.8535267,100.0,-0.1971506,88.0,0.6563761
1816422,79,710,475,0.847619047619048,2024,-0.8535267,100.0,-0.602329,93.0,0.2511977
1816423,79,710,481,0.840659340659341,2024,-0.8535267,100.0,-0.512997,88.0,0.3405297
1816424,79,710,482,0.814285714285714,2024,-0.8535267,100.0,-0.5192261,71.0,0.3343006
1816425,79,710,483,0.841836734693878,2024,-0.8535267,100.0,-0.4742734,91.0,0.3792533
1816426,79,710,484,0.797872340425532,2024,-0.8535267,100.0,-0.5598402,90.0,0.2936865
1816427,79,710,490,0.811764705882353,2024,-0.8535267,100.0,-0.3034749,77.0,0.5500518
1816428,79,710,500,0.852941176470588,2024,-0.8535267,100.0,-0.5591191,92.0,0.2944076
1816429,79,710,501,0.81651376146789,2024,-0.8535267,100.0,-0.4087249,99.0,0.4448018
1816430,79,710,510,0.864583333333333,2024,-0.8535267,100.0,-0.548647,89.0,0.3048797
1816431,79,710,516,0.876288659793814,2024,-0.8535267,100.0,-1.212861,93.0,0.3593343
1816432,79,710,517,0.801075268817204,2024,-0.8535267,100.0,-0.3064119,88.0,0.5471148
1816433,79,710,520,0.885714285714286,2024,-0.8535267,100.0,-0.7290661,69.0,0.1244606
1816434,79,710,522,0.838095238095238,2024,-0.8535267,100.0,-0.5625053,94.0,0.2910214
1816435,79,710,530,0.867647058823529,2024,-0.8535267,100.0,-0.6844039,97.0,0.1691228
1816436,79,710,531,0.880530973451327,2024,-0.8535267,100.0,-1.20566,101.0,0.3521333
1816437,79,710,540,0.834905660377358,2024,-0.8535267,100.0,-0.6448403,96.0,0.2086864
1816438,79,710,541,0.807692307692308,2024,-0.8535267,100.0,-0.5293191,93.0,0.3242076
1816439,79,710,551,0.794871794871795,2024,-0.8535267,100.0,-0.2665681,72.0,0.5869586
1816440,79,710,552,0.908653846153846,2024,-0.8535267,100.0,-0.8973251,96.0,0.0437984
1816441,79,710,553,0.704545454545455,2024,-0.8535267,100.0,0.06134246,83.0,0.91486916
1816442,79,710,560,0.81858407079646,2024,-0.8535267,100.0,-0.4572625,101.0,0.3962642
1816443,79,710,565,0.857142857142857,2024,-0.8535267,100.0,-0.5844356,95.0,0.2690911
1816444,79,710,570,0.825,2024,-0.8535267,100.0,-0.3937148,92.0,0.4598119
1816445,79,710,571,0.823863636363636,2024,-0.8535267,100.0,-0.3941296,81.0,0.4593971
1816446,79,710,572,0.798507462686567,2024,-0.8535267,100.0,-0.5649884,61.0,0.2885383
1816447,79,710,580,0.824468085106383,2024,-0.8535267,100.0,-0.5034805,87.0,0.3500462
1816448,79,710,581,0.833333333333333,2024,-0.8535267,100.0,-0.3499147,75.0,0.503612
1816449,79,710,590,0.786407766990291,2024,-0.8535267,100.0,-0.3300443,94.0,0.5234824
1816450,79,710,591,0.797752808988764,2024,-0.8535267,100.0,-0.1991231,88.0,0.6544036
1816451,79,710,600,0.850961538461538,2024,-0.8535267,100.0,-0.4704262,93.0,0.3831005
1816452,79,710,615,0.876106194690266,2024,-0.8535267,100.0,-0.8163993,101.0,0.0371273999999999
1816453,79,710,616,0.840909090909091,2024,-0.8535267,100.0,-0.6518508,98.0,0.2016759
1816454,79,710,620,0.865,2024,-0.8535267,100.0,-0.752476,95.0,0.1010507
1816455,79,710,625,0.889908256880734,2024,-0.8535267,100.0,-1.057903,98.0,0.2043763
1816456,79,710,626,0.64,2024,-0.8535267,100.0,-0.1564993,22.0,0.6970274
1816457,79,710,630,0.880733944954128,2024,-0.8535267,100.0,-1.27529,97.0,0.4217633
1816458,79,710,640,0.617647058823529,2024,-0.8535267,100.0,0.5284673,7.0,1.381994
1816459,79,710,645,0.872727272727273,2024,-0.8535267,100.0,-0.718215,101.0,0.1353117
1816460,79,710,651,0.858407079646018,2024,-0.8535267,100.0,-0.7120237,101.0,0.141503
1816461,79,710,652,0.853260869565217,2024,-0.8535267,100.0,-1.823355,80.0,0.9698283
1816462,79,710,660,0.877272727272727,2024,-0.8535267,100.0,-0.7640876,99.0,0.0894391
1816463,79,710,663,0.839285714285714,2024,-0.8535267,100.0,-0.5768339,100.0,0.2766928
1816464,79,710,666,0.285046728971963,2024,-0.8535267,100.0,2.152297,97.0,3.0058237
1816465,79,710,670,0.834821428571429,2024,-0.8535267,100.0,-0.5479085,100.0,0.3056182
1816466,79,710,679,0.849557522123894,2024,-0.8535267,100.0,-0.5704379,101.0,0.2830888
1816467,79,710,690,0.827272727272727,2024,-0.8535267,100.0,-0.4373739,99.0,0.4161528
1816468,79,710,692,0.86283185840708,2024,-0.8535267,100.0,-0.627407,101.0,0.2261197
1816469,79,710,694,0.814159292035398,2024,-0.8535267,100.0,-0.3307965,101.0,0.5227302
1816470,79,710,696,0.857142857142857,2024,-0.8535267,100.0,-0.5992376,100.0,0.2542891
1816471,79,710,698,0.866071428571429,2024,-0.8535267,100.0,-0.8065016,100.0,0.0470250999999999
1816472,79,710,701,0.908333333333333,2024,-0.8535267,100.0,-0.8968979,61.0,0.0433712000000001
1816473,79,710,702,0.868131868131868,2024,-0.8535267,100.0,-0.7801549,85.0,0.0733718
1816474,79,710,703,0.881720430107527,2024,-0.8535267,100.0,-0.6705979,89.0,0.1829288
1816475,79,710,704,0.879310344827586,2024,-0.8535267,100.0,-0.7020743,86.0,0.1514524
1816476,79,710,705,0.84375,2024,-0.8535267,100.0,-0.5057548,93.0,0.3477719
1816477,79,710,712,0.837962962962963,2024,-0.8535267,100.0,-0.5385177,100.0,0.315009
1816478,79,710,731,0.881188118811881,2024,-0.8535267,100.0,-0.7940289,91.0,0.0594977999999999
1816479,79,710,732,0.53125,2024,-0.8535267,100.0,1.070458,101.0,1.9239847
1816480,79,710,740,0.579646017699115,2024,-0.8535267,100.0,0.795598,101.0,1.6491247
1816481,79,710,750,0.778761061946903,2024,-0.8535267,100.0,-0.2012434,101.0,0.6522833
1816482,79,710,760,0.830188679245283,2024,-0.8535267,100.0,-0.4143932,97.0,0.4391335
1816483,79,710,770,0.875,2024,-0.8535267,100.0,-0.3371112,100.0,0.5164155
1816484,79,710,771,0.825892857142857,2024,-0.8535267,100.0,-0.572668,100.0,0.2808587
1816485,79,710,775,0.776699029126214,2024,-0.8535267,100.0,-0.1119318,98.0,0.7415949
1816486,79,710,780,0.849557522123894,2024,-0.8535267,100.0,-0.6976453,101.0,0.1558814
1816487,79,710,781,0.837962962962963,2024,-0.8535267,100.0,-0.4166818,99.0,0.4368449
1816488,79,710,790,0.796296296296296,2024,-0.8535267,100.0,-0.5449047,97.0,0.308622
1816489,79,710,800,0.823008849557522,2024,-0.8535267,100.0,-0.3871827,101.0,0.466344
1816490,79,710,811,0.844660194174757,2024,-0.8535267,100.0,-0.5854558,97.0,0.2680709
1816491,79,710,812,0.85377358490566,2024,-0.8535267,100.0,-0.7862508,98.0,0.0672758999999999
1816492,79,710,816,0.854368932038835,2024,-0.8535267,100.0,-0.5954855,97.0,0.2580412
1816493,79,710,820,0.845132743362832,2024,-0.8535267,100.0,-0.5940813,101.0,0.2594454
1816494,79,710,830,0.800884955752212,2024,-0.8535267,100.0,-0.285567,101.0,0.5679597
1816495,79,710,835,0.858407079646018,2024,-0.8535267,100.0,-0.6901002,101.0,0.1634265
1816496,79,710,840,0.79646017699115,2024,-0.8535267,100.0,-0.2535095,101.0,0.6000172
1816497,79,710,850,0.857142857142857,2024,-0.8535267,100.0,-0.7024212,101.0,0.1511055
1816498,79,710,860,0.8,2024,-0.8535267,100.0,-0.2753402,92.0,0.5781865
1816499,79,710,900,0.517857142857143,2024,-0.8535267,100.0,1.15984,101.0,2.0133667
1816500,79,710,910,0.569444444444444,2024,-0.8535267,100.0,0.4046493,97.0,1.258176
1816501,79,710,920,0.5625,2024,-0.8535267,100.0,0.7666732,101.0,1.6201999
1816502,79,710,935,0.774193548387097,2024,-0.8535267,100.0,-0.1018832,92.0,0.7516435
1816503,79,710,940,0.805194805194805,2024,-0.8535267,100.0,-0.5728412,75.0,0.2806855
1816504,79,710,946,0.725,2024,-0.8535267,100.0,-0.01856533,80.0,0.83496137
1816505,79,710,947,0.688405797101449,2024,-0.8535267,100.0,-0.08964783,68.0,0.76387887
1816506,79,710,950,0.680851063829787,2024,-0.8535267,100.0,0.05805643,87.0,0.91158313
1816507,79,710,955,0.641025641025641,2024,-0.8535267,100.0,0.1621425,79.0,1.0156692
1816508,79,710,970,0.509259259259259,2024,-0.8535267,100.0,0.3385643,52.0,1.192091
1816509,79,710,983,0.643617021276596,2024,-0.8535267,100.0,0.4778999,91.0,1.3314266
1816510,79,710,986,0.529411764705882,2024,-0.8535267,100.0,0.6370342,94.0,1.4905609
1816511,79,710,987,0.411764705882353,2024,-0.8535267,100.0,1.114128,82.0,1.9676547
1816512,79,710,990,0.725352112676056,2024,-0.8535267,100.0,-0.05321489,69.0,0.80031181
1816513,79,712,2,0.356481481481481,2024,-0.5385177,100.0,2.206202,100.0,2.7447197
1816667,79,712,710,0.837962962962963,2024,-0.5385177,100.0,-0.8535267,100.0,0.315009
1816703,79,731,2,0.178217821782178,2024,-0.7940289,91.0,2.206202,100.0,3.0002309
1816857,79,731,710,0.881188118811881,2024,-0.7940289,91.0,-0.8535267,100.0,0.0594977999999999
1816893,79,732,2,0.709821428571429,2024,1.070458,101.0,2.206202,100.0,1.135744
1817047,79,732,710,0.53125,2024,1.070458,101.0,-0.8535267,100.0,1.9239847
1817083,79,740,2,0.68141592920354,2024,0.795598,101.0,2.206202,100.0,1.410604
1817237,79,740,710,0.579646017699115,2024,0.795598,101.0,-0.8535267,100.0,1.6491247
1817273,79,750,2,0.407079646017699,2024,-0.2012434,101.0,2.206202,100.0,2.4074454
1817427,79,750,710,0.778761061946903,2024,-0.2012434,101.0,-0.8535267,100.0,0.6522833
1817463,79,760,2,0.35377358490566,2024,-0.4143932,97.0,2.206202,100.0,2.6205952
1817617,79,760,710,0.830188679245283,2024,-0.4143932,97.0,-0.8535267,100.0,0.4391335
1817653,79,770,2,0.388392857142857,2024,-0.3371112,100.0,2.206202,100.0,2.5433132
1817807,79,770,710,0.875,2024,-0.3371112,100.0,-0.8535267,100.0,0.5164155
1817843,79,771,2,0.357142857142857,2024,-0.572668,100.0,2.206202,100.0,2.77887
1817997,79,771,710,0.825892857142857,2024,-0.572668,100.0,-0.8535267,100.0,0.2808587
1818033,79,775,2,0.41747572815534,2024,-0.1119318,98.0,2.206202,100.0,2.3181338
1818187,79,775,710,0.776699029126214,2024,-0.1119318,98.0,-0.8535267,100.0,0.7415949
1818223,79,780,2,0.323008849557522,2024,-0.6976453,101.0,2.206202,100.0,2.9038473
1818377,79,780,710,0.849557522123894,2024,-0.6976453,101.0,-0.8535267,100.0,0.1558814
1818413,79,781,2,0.365740740740741,2024,-0.4166818,99.0,2.206202,100.0,2.6228838
1818567,79,781,710,0.837962962962963,2024,-0.4166818,99.0,-0.8535267,100.0,0.4368449
1818603,79,790,2,0.388888888888889,2024,-0.5449047,97.0,2.206202,100.0,2.7511067
1818757,79,790,710,0.796296296296296,2024,-0.5449047,97.0,-0.8535267,100.0,0.308622
1818793,79,800,2,0.376106194690265,2024,-0.3871827,101.0,2.206202,100.0,2.5933847
1818947,79,800,710,0.823008849557522,2024,-0.3871827,101.0,-0.8535267,100.0,0.466344
1818983,79,811,2,0.344660194174757,2024,-0.5854558,97.0,2.206202,100.0,2.7916578
1819137,79,811,710,0.844660194174757,2024,-0.5854558,97.0,-0.8535267,100.0,0.2680709
1819173,79,812,2,0.339622641509434,2024,-0.7862508,98.0,2.206202,100.0,2.9924528
1819327,79,812,710,0.85377358490566,2024,-0.7862508,98.0,-0.8535267,100.0,0.0672758999999999
1819363,79,816,2,0.330097087378641,2024,-0.5954855,97.0,2.206202,100.0,2.8016875
1819517,79,816,710,0.854368932038835,2024,-0.5954855,97.0,-0.8535267,100.0,0.2580412
1819553,79,820,2,0.336283185840708,2024,-0.5940813,101.0,2.206202,100.0,2.8002833
1819707,79,820,710,0.845132743362832,2024,-0.5940813,101.0,-0.8535267,100.0,0.2594454
1819743,79,830,2,0.415929203539823,2024,-0.285567,101.0,2.206202,100.0,2.491769
1819897,79,830,710,0.800884955752212,2024,-0.285567,101.0,-0.8535267,100.0,0.5679597
1819933,79,835,2,0.34070796460177,2024,-0.6901002,101.0,2.206202,100.0,2.8963022
1820087,79,835,710,0.858407079646018,2024,-0.6901002,101.0,-0.8535267,100.0,0.1634265
1820123,79,840,2,0.393805309734513,2024,-0.2535095,101.0,2.206202,100.0,2.4597115
1820277,79,840,710,0.79646017699115,2024,-0.2535095,101.0,-0.8535267,100.0,0.6000172
1820313,79,850,2,0.325892857142857,2024,-0.7024212,101.0,2.206202,100.0,2.9086232
1820467,79,850,710,0.857142857142857,2024,-0.7024212,101.0,-0.8535267,100.0,0.1511055
1820503,79,860,2,0.38,2024,-0.2753402,92.0,2.206202,100.0,2.4815422
1820657,79,860,710,0.8,2024,-0.2753402,92.0,-0.8535267,100.0,0.5781865
1820693,79,900,2,0.732142857142857,2024,1.15984,101.0,2.206202,100.0,1.046362
1820847,79,900,710,0.517857142857143,2024,1.15984,101.0,-0.8535267,100.0,2.0133667
1820883,79,910,2,0.615740740740741,2024,0.4046493,97.0,2.206202,100.0,1.8015527
1821037,79,910,710,0.569444444444444,2024,0.4046493,97.0,-0.8535267,100.0,1.258176
1821073,79,920,2,0.651785714285714,2024,0.7666732,101.0,2.206202,100.0,1.4395288
1821227,79,920,710,0.5625,2024,0.7666732,101.0,-0.8535267,100.0,1.6201999
1821263,79,935,2,0.43010752688172,2024,-0.1018832,92.0,2.206202,100.0,2.3080852
1821417,79,935,710,0.774193548387097,2024,-0.1018832,92.0,-0.8535267,100.0,0.7516435
1821453,79,940,2,0.333333333333333,2024,-0.5728412,75.0,2.206202,100.0,2.7790432
1821607,79,940,710,0.805194805194805,2024,-0.5728412,75.0,-0.8535267,100.0,0.2806855
1821643,79,946,2,0.4625,2024,-0.01856533,80.0,2.206202,100.0,2.22476733
1821797,79,946,710,0.725,2024,-0.01856533,80.0,-0.8535267,100.0,0.83496137
1821833,79,947,2,0.5,2024,-0.08964783,68.0,2.206202,100.0,2.29584983
1821987,79,947,710,0.688405797101449,2024,-0.08964783,68.0,-0.8535267,100.0,0.76387887
1822023,79,950,2,0.473684210526316,2024,0.05805643,87.0,2.206202,100.0,2.14814557
1822177,79,950,710,0.680851063829787,2024,0.05805643,87.0,-0.8535267,100.0,0.91158313
1822213,79,955,2,0.544871794871795,2024,0.1621425,79.0,2.206202,100.0,2.0440595
1822367,79,955,710,0.641025641025641,2024,0.1621425,79.0,-0.8535267,100.0,1.0156692
1822403,79,970,2,0.584905660377358,2024,0.3385643,52.0,2.206202,100.0,1.8676377
1822557,79,970,710,0.509259259259259,2024,0.3385643,52.0,-0.8535267,100.0,1.192091
1822593,79,983,2,0.585106382978723,2024,0.4778999,91.0,2.206202,100.0,1.7283021
1822747,79,983,710,0.643617021276596,2024,0.4778999,91.0,-0.8535267,100.0,1.3314266
1822783,79,986,2,0.666666666666667,2024,0.6370342,94.0,2.206202,100.0,1.5691678
1822937,79,986,710,0.529411764705882,2024,0.6370342,94.0,-0.8535267,100.0,1.4905609
1822973,79,987,2,0.858823529411765,2024,1.114128,82.0,2.206202,100.0,1.092074
1823127,79,987,710,0.411764705882353,2024,1.114128,82.0,-0.8535267,100.0,1.9676547
1823163,79,990,2,0.5,2024,-0.05321489,69.0,2.206202,100.0,2.25941689
1823317,79,990,710,0.725352112676056,2024,-0.05321489,69.0,-0.8535267,100.0,0.80031181
