ref_area,indicator,counterpart,year,value
1C_080,TMG_CIF_USD,CN,2015,159618.55918
1C_080,TMG_CIF_USD,CN,2016,145537.543838
1C_080,TMG_CIF_USD,CN,2017,188440.50509
1C_080,TMG_CIF_USD,CN,2018,185504.754215
1C_080,TMG_CIF_USD,CN,2019,200355.208865
1C_080,TMG_CIF_USD,CN,2020,191885.4679614
1C_080,TMG_CIF_USD,CN,2021,233610.173251
1C_080,TMG_CIF_USD,CN,2022,283778.976464887
1C_080,TMG_CIF_USD,CN,2023,352432.111781653
1C_080,TMG_CIF_USD,CN,2024,391618.268820214
1C_080,TMG_CIF_USD,US,2015,97590.737925
1C_080,TMG_CIF_USD,US,2016,87952.082466
1C_080,TMG_CIF_USD,US,2017,85930.629614
1C_080,TMG_CIF_USD,US,2018,87223.903356
1C_080,TMG_CIF_USD,US,2019,82070.380338
1C_080,TMG_CIF_USD,US,2020,69218.0788887
1C_080,TMG_CIF_USD,US,2021,74650.620451
1C_080,TMG_CIF_USD,US,2022,74808.7372462074
1C_080,TMG_CIF_USD,US,2023,86425.4667742599
1C_080,TMG_CIF_USD,US,2024,90820.6196726097
1C_080,TMG_CIF_USD,W00,2015,1037703.987333
1C_080,TMG_CIF_USD,W00,2016,936697.562052
1C_080,TMG_CIF_USD,W00,2017,1034394.92774
1C_080,TMG_CIF_USD,W00,2018,1040383.850668
1C_080,TMG_CIF_USD,W00,2019,1063340.415543
1C_080,TMG_CIF_USD,W00,2020,962463.5471888
1C_080,TMG_CIF_USD,W00,2021,1158039.348087
1C_080,TMG_CIF_USD,W00,2022,1272961.81141589
1C_080,TMG_CIF_USD,W00,2023,1422798.34642714
1C_080,TMG_CIF_USD,W00,2024,1557723.55409304
1C_080,TXG_FOB_USD,CN,2015,165648.651119
1C_080,TXG_FOB_USD,CN,2016,132722.034105
1C_080,TXG_FOB_USD,CN,2017,178532.988241
1C_080,TXG_FOB_USD,CN,2018,236440.489854688
1C_080,TXG_FOB_USD,CN,2019,227777.016637
1C_080,TXG_FOB_USD,CN,2020,170671.206018
1C_080,TXG_FOB_USD,CN,2021,245644.290503
1C_080,TXG_FOB_USD,CN,2022,339821.397295735
1C_080,TXG_FOB_USD,CN,2023,325049.477604718
1C_080,TXG_FOB_USD,CN,2024,317350.483248071
1C_080,TXG_FOB_USD,US,2015,74975.147603
1C_080,TXG_FOB_USD,US,2016,65991.380756
1C_080,TXG_FOB_USD,US,2017,75272.65877
1C_080,TXG_FOB_USD,US,2018,86914.077532
1C_080,TXG_FOB_USD,US,2019,59213.053707
1C_080,TXG_FOB_USD,US,2020,38528.195777
1C_080,TXG_FOB_USD,US,2021,64250.839713
1C_080,TXG_FOB_USD,US,2022,79042.8450636285
1C_080,TXG_FOB_USD,US,2023,61982.5890243524
1C_080,TXG_FOB_USD,US,2024,66574.1875162256
1C_080,TXG_FOB_USD,W00,2015,1367067.674418
1C_080,TXG_FOB_USD,W00,2016,1145883.849374
1C_080,TXG_FOB_USD,W00,2017,1375394.778771
1C_080,TXG_FOB_USD,W00,2018,1706172.86100569
1C_080,TXG_FOB_USD,W00,2019,1521652.587732
1C_080,TXG_FOB_USD,W00,2020,1106740.64509
1C_080,TXG_FOB_USD,W00,2021,1651703.048547
1C_080,TXG_FOB_USD,W00,2022,2278522.15814565
1C_080,TXG_FOB_USD,W00,2023,1906086.76418857
1C_080,TXG_FOB_USD,W00,2024,1902188.11490684
1C_092,TMG_CIF_USD,CN,2015,566142.195792
1C_092,TMG_CIF_USD,CN,2016,561868.938299
1C_092,TMG_CIF_USD,CN,2017,627351.842921
1C_092,TMG_CIF_USD,CN,2018,706537.847164
1C_092,TMG_CIF_USD,CN,2019,720967.873329
1C_092,TMG_CIF_USD,CN,2020,687650.6982
1C_092,TMG_CIF_USD,CN,2021,938858.349854
1C_092,TMG_CIF_USD,CN,2022,1063245.476849
1C_092,TMG_CIF_USD,CN,2023,1019587.911038
1C_092,TMG_CIF_USD,CN,2024,1151033.810241
1C_092,TMG_CIF_USD,US,2015,582445.342231
1C_092,TMG_CIF_USD,US,2016,549984.908724
1C_092,TMG_CIF_USD,US,2017,613263.257791
1C_092,TMG_CIF_USD,US,2018,669665.564666
1C_092,TMG_CIF_USD,US,2019,628329.969374
1C_092,TMG_CIF_USD,US,2020,553846.232206
1C_092,TMG_CIF_USD,US,2021,737658.623209
1C_092,TMG_CIF_USD,US,2022,854880.320687
1C_092,TMG_CIF_USD,US,2023,794450.78393
1C_092,TMG_CIF_USD,US,2024,812092.766455
1C_092,TMG_CIF_USD,W00,2015,5134232.248962
1C_092,TMG_CIF_USD,W00,2016,4970131.386963
1C_092,TMG_CIF_USD,W00,2017,5708142.66522
1C_092,TMG_CIF_USD,W00,2018,6440307.696067
1C_092,TMG_CIF_USD,W00,2019,6264140.696717
1C_092,TMG_CIF_USD,W00,2020,5770485.541998
1C_092,TMG_CIF_USD,W00,2021,7616995.220601
1C_092,TMG_CIF_USD,W00,2022,8577127.927404
1C_092,TMG_CIF_USD,W00,2023,8106832.447431
1C_092,TMG_CIF_USD,W00,2024,8423218.92475
1C_092,TXG_FOB_USD,CN,2015,213682.761352
1C_092,TXG_FOB_USD,CN,2016,217058.37314
1C_092,TXG_FOB_USD,CN,2017,281080.162052
1C_092,TXG_FOB_USD,CN,2018,336155.661449
1C_092,TXG_FOB_USD,CN,2019,341505.96015
1C_092,TXG_FOB_USD,CN,2020,370704.390576
1C_092,TXG_FOB_USD,CN,2021,484315.183155
1C_092,TXG_FOB_USD,CN,2022,496815.618415
1C_092,TXG_FOB_USD,CN,2023,504044.266677
1C_092,TXG_FOB_USD,CN,2024,501810.876641
1C_092,TXG_FOB_USD,US,2015,978846.210055
1C_092,TXG_FOB_USD,US,2016,959458.555452
1C_092,TXG_FOB_USD,US,2017,1054446.487749
1C_092,TXG_FOB_USD,US,2018,1158776.71064
1C_092,TXG_FOB_USD,US,2019,1130375.404116
1C_092,TXG_FOB_USD,US,2020,1137511.082843
1C_092,TXG_FOB_USD,US,2021,1438489.108766
1C_092,TXG_FOB_USD,US,2022,1572796.552231
1C_092,TXG_FOB_USD,US,2023,1481835.561299
1C_092,TXG_FOB_USD,US,2024,1586226.051503
1C_092,TXG_FOB_USD,W00,2015,5214843.927645
1C_092,TXG_FOB_USD,W00,2016,5055062.517756
1C_092,TXG_FOB_USD,W00,2017,5571915.811896
1C_092,TXG_FOB_USD,W00,2018,6065974.928524
1C_092,TXG_FOB_USD,W00,2019,6072898.109268
1C_092,TXG_FOB_USD,W00,2020,5988624.134403
1C_092,TXG_FOB_USD,W00,2021,7695052.531875
1C_092,TXG_FOB_USD,W00,2022,8498179.953178
1C_092,TXG_FOB_USD,W00,2023,8137413.864348
1C_092,TXG_FOB_USD,W00,2024,8529048.957365
1C_440,TMG_CIF_USD,CN,2015,120958.637294
1C_440,TMG_CIF_USD,CN,2016,113178.557041
1C_440,TMG_CIF_USD,CN,2017,149050.406176
1C_440,TMG_CIF_USD,CN,2018,142009.017876
1C_440,TMG_CIF_USD,CN,2019,153369.515636
1C_440,TMG_CIF_USD,CN,2020,146547.1421384
1C_440,TMG_CIF_USD,CN,2021,182276.045786
1C_440,TMG_CIF_USD,CN,2022,214940.723074
1C_440,TMG_CIF_USD,CN,2023,228669.790328
1C_440,TMG_CIF_USD,CN,2024,256870.01022
1C_440,TMG_CIF_USD,US,2015,70457.561886
1C_440,TMG_CIF_USD,US,2016,66862.41244
1C_440,TMG_CIF_USD,US,2017,67340.532842
1C_440,TMG_CIF_USD,US,2018,68187.917833
1C_440,TMG_CIF_USD,US,2019,64892.652817
1C_440,TMG_CIF_USD,US,2020,54053.2592787
1C_440,TMG_CIF_USD,US,2021,59106.711992
1C_440,TMG_CIF_USD,US,2022,69736.52264
1C_440,TMG_CIF_USD,US,2023,76927.387329
1C_440,TMG_CIF_USD,US,2024,81520.054554
1C_440,TMG_CIF_USD,W00,2015,880628.95086
1C_440,TMG_CIF_USD,W00,2016,812543.340666
1C_440,TMG_CIF_USD,W00,2017,906820.28984
1C_440,TMG_CIF_USD,W00,2018,918308.369734
1C_440,TMG_CIF_USD,W00,2019,915212.449423
1C_440,TMG_CIF_USD,W00,2020,817545.7874178
1C_440,TMG_CIF_USD,W00,2021,1000829.3949
1C_440,TMG_CIF_USD,W00,2022,1173185.013325
1C_440,TMG_CIF_USD,W00,2023,1230799.698734
1C_440,TMG_CIF_USD,W00,2024,1360591.866301
1C_440,TXG_FOB_USD,CN,2015,99293.941784
1C_440,TXG_FOB_USD,CN,2016,73377.210877
1C_440,TXG_FOB_USD,CN,2017,95379.338198
1C_440,TXG_FOB_USD,CN,2018,123611.769961688
1C_440,TXG_FOB_USD,CN,2019,119238.199554
1C_440,TXG_FOB_USD,CN,2020,86666.18652
1C_440,TXG_FOB_USD,CN,2021,136606.877622
1C_440,TXG_FOB_USD,CN,2022,185473.125376
1C_440,TXG_FOB_USD,CN,2023,157881.041352
1C_440,TXG_FOB_USD,CN,2024,148410.384881
1C_440,TXG_FOB_USD,US,2015,42409.114239
1C_440,TXG_FOB_USD,US,2016,41157.999456
1C_440,TXG_FOB_USD,US,2017,46957.332767
1C_440,TXG_FOB_USD,US,2018,58712.061903
1C_440,TXG_FOB_USD,US,2019,40080.533434
1C_440,TXG_FOB_USD,US,2020,27092.222942
1C_440,TXG_FOB_USD,US,2021,44874.904865
1C_440,TXG_FOB_USD,US,2022,62987.741771
1C_440,TXG_FOB_USD,US,2023,50057.854031
1C_440,TXG_FOB_USD,US,2024,48584.604325
1C_440,TXG_FOB_USD,W00,2015,862274.410166
1C_440,TXG_FOB_USD,W00,2016,751901.292515
1C_440,TXG_FOB_USD,W00,2017,883825.135683
1C_440,TXG_FOB_USD,W00,2018,1082443.55560369
1C_440,TXG_FOB_USD,W00,2019,965052.75799
1C_440,TXG_FOB_USD,W00,2020,711711.879736
1C_440,TXG_FOB_USD,W00,2021,1076679.160309
1C_440,TXG_FOB_USD,W00,2022,1493515.883157
1C_440,TXG_FOB_USD,W00,2023,1289515.150433
1C_440,TXG_FOB_USD,W00,2024,1214760.298958
1C_903,TMG_CIF_USD,CN,2015,95053.012584
1C_903,TMG_CIF_USD,CN,2016,100134.771968
1C_903,TMG_CIF_USD,CN,2017,114989.300741
1C_903,TMG_CIF_USD,CN,2018,125431.061194
1C_903,TMG_CIF_USD,CN,2019,130210.685516
1C_903,TMG_CIF_USD,CN,2020,139728.917815
1C_903,TMG_CIF_USD,CN,2021,186287.013913
1C_903,TMG_CIF_USD,CN,2022,210193.707068887
1C_903,TMG_CIF_USD,CN,2023,247722.707154653
1C_903,TMG_CIF_USD,CN,2024,262750.011702214
1C_903,TMG_CIF_USD,US,2015,34391.491165
1C_903,TMG_CIF_USD,US,2016,33868.623772
1C_903,TMG_CIF_USD,US,2017,38024.320627
1C_903,TMG_CIF_USD,US,2018,40305.305324
1C_903,TMG_CIF_USD,US,2019,41197.954011
1C_903,TMG_CIF_USD,US,2020,38196.914542
1C_903,TMG_CIF_USD,US,2021,46557.301001
1C_903,TMG_CIF_USD,US,2022,40778.3158162074
1C_903,TMG_CIF_USD,US,2023,38112.4816002599
1C_903,TMG_CIF_USD,US,2024,41321.9436516097
1C_903,TMG_CIF_USD,W00,2015,908158.511257
1C_903,TMG_CIF_USD,W00,2016,906006.47239
1C_903,TMG_CIF_USD,W00,2017,1075827.298322
1C_903,TMG_CIF_USD,W00,2018,1165568.105266
1C_903,TMG_CIF_USD,W00,2019,1148064.598351
1C_903,TMG_CIF_USD,W00,2020,1115787.740249
1C_903,TMG_CIF_USD,W00,2021,1415086.811348
1C_903,TMG_CIF_USD,W00,2022,1547609.82418489
1C_903,TMG_CIF_USD,W00,2023,1557950.18571014
1C_903,TMG_CIF_USD,W00,2024,1566801.14054504
1C_903,TXG_FOB_USD,CN,2015,39293.565535
1C_903,TXG_FOB_USD,CN,2016,37706.703634
1C_903,TXG_FOB_USD,CN,2017,50424.456529
1C_903,TXG_FOB_USD,CN,2018,68190.25497
1C_903,TXG_FOB_USD,CN,2019,68930.858217
1C_903,TXG_FOB_USD,CN,2020,67998.953709
1C_903,TXG_FOB_USD,CN,2021,90340.911766
1C_903,TXG_FOB_USD,CN,2022,113976.048720735
1C_903,TXG_FOB_USD,CN,2023,127452.324053718
1C_903,TXG_FOB_USD,CN,2024,128936.225930071
1C_903,TXG_FOB_USD,US,2015,26354.197414
1C_903,TXG_FOB_USD,US,2016,26931.817092
1C_903,TXG_FOB_USD,US,2017,32326.403356
1C_903,TXG_FOB_USD,US,2018,36095.125051
1C_903,TXG_FOB_USD,US,2019,36604.170199
1C_903,TXG_FOB_USD,US,2020,35595.417724
1C_903,TXG_FOB_USD,US,2021,51248.783524
1C_903,TXG_FOB_USD,US,2022,46559.7960586285
1C_903,TXG_FOB_USD,US,2023,39472.8864403524
1C_903,TXG_FOB_USD,US,2024,42147.7947892257
1C_903,TXG_FOB_USD,W00,2015,970692.482899
1C_903,TXG_FOB_USD,W00,2016,920170.08809
1C_903,TXG_FOB_USD,W00,2017,1076549.47796
1C_903,TXG_FOB_USD,W00,2018,1247886.354147
1C_903,TXG_FOB_USD,W00,2019,1223656.152149
1C_903,TXG_FOB_USD,W00,2020,1122549.339928
1C_903,TXG_FOB_USD,W00,2021,1483048.928228
1C_903,TXG_FOB_USD,W00,2022,1639605.95326765
1C_903,TXG_FOB_USD,W00,2023,1532020.19954457
1C_903,TXG_FOB_USD,W00,2024,1513699.96911484
A10,TMG_CIF_USD,CN,2015,181564.014768
A10,TMG_CIF_USD,CN,2016,165250.349016
A10,TMG_CIF_USD,CN,2017,180052.157416
A10,TMG_CIF_USD,CN,2018,204028.168802
A10,TMG_CIF_USD,CN,2019,203473.762357
A10,TMG_CIF_USD,CN,2020,185424.334952
A10,TMG_CIF_USD,CN,2021,266819.867053
A10,TMG_CIF_USD,CN,2022,315024.617314
A10,TMG_CIF_USD,CN,2023,285518.052992
A10,TMG_CIF_USD,CN,2024,318677.506685
A10,TMG_CIF_USD,US,2015,328259.912047
A10,TMG_CIF_USD,US,2016,306201.21639
A10,TMG_CIF_USD,US,2017,330614.55263
A10,TMG_CIF_USD,US,2018,367590.504964
A10,TMG_CIF_USD,US,2019,349407.420672
A10,TMG_CIF_USD,US,2020,283965.956179
A10,TMG_CIF_USD,US,2021,390461.523334
A10,TMG_CIF_USD,US,2022,482435.291853
A10,TMG_CIF_USD,US,2023,447475.732741
A10,TMG_CIF_USD,US,2024,450622.162532
A10,TMG_CIF_USD,W00,2015,1042194.121815
A10,TMG_CIF_USD,W00,2016,942604.751662
A10,TMG_CIF_USD,W00,2017,1018439.520207
A10,TMG_CIF_USD,W00,2018,1124729.754938
A10,TMG_CIF_USD,W00,2019,1084517.56416
A10,TMG_CIF_USD,W00,2020,926680.44357
A10,TMG_CIF_USD,W00,2021,1282580.360173
A10,TMG_CIF_USD,W00,2022,1544929.811731
A10,TMG_CIF_USD,W00,2023,1460064.815699
A10,TMG_CIF_USD,W00,2024,1525612.524246
A10,TXG_FOB_USD,CN,2015,78934.640962
A10,TXG_FOB_USD,CN,2016,78272.894783
A10,TXG_FOB_USD,CN,2017,99134.139734
A10,TXG_FOB_USD,CN,2018,126522.498271
A10,TXG_FOB_USD,CN,2019,125386.935538
A10,TXG_FOB_USD,CN,2020,130572.296792
A10,TXG_FOB_USD,CN,2021,172209.071363
A10,TXG_FOB_USD,CN,2022,179587.840993
A10,TXG_FOB_USD,CN,2023,192287.266104
A10,TXG_FOB_USD,CN,2024,185890.14042
A10,TXG_FOB_USD,US,2015,407656.728579
A10,TXG_FOB_USD,US,2016,394835.479477
A10,TXG_FOB_USD,US,2017,428740.060229
A10,TXG_FOB_USD,US,2018,462941.98775
A10,TXG_FOB_USD,US,2019,465811.622644
A10,TXG_FOB_USD,US,2020,418837.409545
A10,TXG_FOB_USD,US,2021,507840.205827
A10,TXG_FOB_USD,US,2022,598422.91766
A10,TXG_FOB_USD,US,2023,615704.647706
A10,TXG_FOB_USD,US,2024,650989.420838
A10,TXG_FOB_USD,W00,2015,912871.27859
A10,TXG_FOB_USD,W00,2016,871158.757882
A10,TXG_FOB_USD,W00,2017,976440.537502
A10,TXG_FOB_USD,W00,2018,1062076.475574
A10,TXG_FOB_USD,W00,2019,1028574.456431
A10,TXG_FOB_USD,W00,2020,943548.254975
A10,TXG_FOB_USD,W00,2021,1196274.078811
A10,TXG_FOB_USD,W00,2022,1390979.297822
A10,TXG_FOB_USD,W00,2023,1381255.736994
A10,TXG_FOB_USD,W00,2024,1465021.362518
AE,TMG_CIF_USD,CN,2015,22845.146264
AE,TMG_CIF_USD,CN,2016,22424.48675
AE,TMG_CIF_USD,CN,2017,48245.387143
AE,TMG_CIF_USD,CN,2018,38012.367059
AE,TMG_CIF_USD,CN,2019,40777.654949
AE,TMG_CIF_USD,CN,2020,39327.330462
AE,TMG_CIF_USD,CN,2021,51795.572368
AE,TMG_CIF_USD,CN,2022,67215.282943
AE,TMG_CIF_USD,CN,2023,77419.15621
AE,TMG_CIF_USD,CN,2024,84927.283695
AE,TMG_CIF_USD,US,2015,19334.454673
AE,TMG_CIF_USD,US,2016,20587.014437
AE,TMG_CIF_USD,US,2017,23307.792475
AE,TMG_CIF_USD,US,2018,20919.553365
AE,TMG_CIF_USD,US,2019,20015.669736
AE,TMG_CIF_USD,US,2020,16511.168161
AE,TMG_CIF_USD,US,2021,16876.600236
AE,TMG_CIF_USD,US,2022,21415.36186
AE,TMG_CIF_USD,US,2023,26869.23342
AE,TMG_CIF_USD,US,2024,29542.595239
AE,TMG_CIF_USD,W00,2015,200333.157781
AE,TMG_CIF_USD,W00,2016,206488.400479
AE,TMG_CIF_USD,W00,2017,257715.722128
AE,TMG_CIF_USD,W00,2018,244641.131593
AE,TMG_CIF_USD,W00,2019,249101.385706
AE,TMG_CIF_USD,W00,2020,213780.8824
AE,TMG_CIF_USD,W00,2021,286890.821144
AE,TMG_CIF_USD,W00,2022,352468.810248
AE,TMG_CIF_USD,W00,2023,418692.814176
AE,TMG_CIF_USD,W00,2024,465210.014253
AE,TXG_FOB_USD,CN,2015,10641.90856
AE,TXG_FOB_USD,CN,2016,9373.878302
AE,TXG_FOB_USD,CN,2017,11497.04566
AE,TXG_FOB_USD,CN,2018,15308.964358
AE,TXG_FOB_USD,CN,2019,14233.002001
AE,TXG_FOB_USD,CN,2020,15348.672293
AE,TXG_FOB_USD,CN,2021,26593.894479
AE,TXG_FOB_USD,CN,2022,42598.081925
AE,TXG_FOB_USD,CN,2023,37033.032707
AE,TXG_FOB_USD,CN,2024,34144.733602
AE,TXG_FOB_USD,US,2015,2323.48348
AE,TXG_FOB_USD,US,2016,3166.0317
AE,TXG_FOB_USD,US,2017,4002.882467
AE,TXG_FOB_USD,US,2018,4732.282704
AE,TXG_FOB_USD,US,2019,4108.147584
AE,TXG_FOB_USD,US,2020,2937.275737
AE,TXG_FOB_USD,US,2021,5901.606411
AE,TXG_FOB_USD,US,2022,6494.119106
AE,TXG_FOB_USD,US,2023,6206.197607
AE,TXG_FOB_USD,US,2024,7051.351532
AE,TXG_FOB_USD,W00,2015,185033.218319
AE,TXG_FOB_USD,W00,2016,179038.815876
AE,TXG_FOB_USD,W00,2017,203044.749458
AE,TXG_FOB_USD,W00,2018,238179.165944
AE,TXG_FOB_USD,W00,2019,241475.810762
AE,TXG_FOB_USD,W00,2020,195728.678569
AE,TXG_FOB_USD,W00,2021,290560.670263
AE,TXG_FOB_USD,W00,2022,398446.948358
AE,TXG_FOB_USD,W00,2023,371405.405108
AE,TXG_FOB_USD,W00,2024,396754.32666
AF,TMG_CIF_USD,CN,2015,1043.998239
AF,TMG_CIF_USD,CN,2016,1092.707518
AF,TMG_CIF_USD,CN,2017,1179.297873
AF,TMG_CIF_USD,CN,2018,1165.931753
AF,TMG_CIF_USD,CN,2019,1156.68579
AF,TMG_CIF_USD,CN,2020,986.508285
AF,TMG_CIF_USD,CN,2021,868.942085
AF,TMG_CIF_USD,CN,2022,792.701088
AF,TMG_CIF_USD,CN,2023,705.515554
AF,TMG_CIF_USD,CN,2024,651.300479
AF,TMG_CIF_USD,US,2015,251.533852
AF,TMG_CIF_USD,US,2016,73.432839
AF,TMG_CIF_USD,US,2017,60.648758
AF,TMG_CIF_USD,US,2018,55.027635
AF,TMG_CIF_USD,US,2019,49.734787
AF,TMG_CIF_USD,US,2020,48.704581
AF,TMG_CIF_USD,US,2021,32.686344
AF,TMG_CIF_USD,US,2022,31.492818
AF,TMG_CIF_USD,US,2023,28.029069
AF,TMG_CIF_USD,US,2024,25.875185
AF,TMG_CIF_USD,W00,2015,8116.156293
AF,TMG_CIF_USD,W00,2016,6765.751684
AF,TMG_CIF_USD,W00,2017,7951.878304
AF,TMG_CIF_USD,W00,2018,7406.505905
AF,TMG_CIF_USD,W00,2019,6776.097718
AF,TMG_CIF_USD,W00,2020,6537.609387
AF,TMG_CIF_USD,W00,2021,5099.491392
AF,TMG_CIF_USD,W00,2022,4096.370899
AF,TMG_CIF_USD,W00,2023,3645.829966
AF,TMG_CIF_USD,W00,2024,3365.667544
AF,TXG_FOB_USD,CN,2015,10.15095
AF,TXG_FOB_USD,CN,2016,4.754161
AF,TXG_FOB_USD,CN,2017,11.711475
AF,TXG_FOB_USD,CN,2018,28.407581
AF,TXG_FOB_USD,CN,2019,31.001952
AF,TXG_FOB_USD,CN,2020,55.322979
AF,TXG_FOB_USD,CN,2021,40.544363
AF,TXG_FOB_USD,CN,2022,17.229873
AF,TXG_FOB_USD,CN,2023,25.10196
AF,TXG_FOB_USD,CN,2024,25.744359
AF,TXG_FOB_USD,US,2015,2.71002
AF,TXG_FOB_USD,US,2016,1.312089
AF,TXG_FOB_USD,US,2017,2.489036
AF,TXG_FOB_USD,US,2018,1.752131
AF,TXG_FOB_USD,US,2019,3.005644
AF,TXG_FOB_USD,US,2020,2.483939
AF,TXG_FOB_USD,US,2021,8.419718
AF,TXG_FOB_USD,US,2022,7.721117
AF,TXG_FOB_USD,US,2023,11.248788
AF,TXG_FOB_USD,US,2024,11.536663
AF,TXG_FOB_USD,W00,2015,574.115003
AF,TXG_FOB_USD,W00,2016,597.767439
AF,TXG_FOB_USD,W00,2017,834.348285
AF,TXG_FOB_USD,W00,2018,875.181037
AF,TXG_FOB_USD,W00,2019,863.833322
AF,TXG_FOB_USD,W00,2020,776.722236
AF,TXG_FOB_USD,W00,2021,769.675722
AF,TXG_FOB_USD,W00,2022,614.88346
AF,TXG_FOB_USD,W00,2023,895.815173
AF,TXG_FOB_USD,W00,2024,918.740522
AG,TMG_CIF_USD,CN,2015,20.523629
AG,TMG_CIF_USD,CN,2016,20.332206
AG,TMG_CIF_USD,CN,2017,26.997355
AG,TMG_CIF_USD,CN,2018,33.686006
AG,TMG_CIF_USD,CN,2019,42.000446
AG,TMG_CIF_USD,CN,2020,28.436017
AG,TMG_CIF_USD,CN,2021,25.344721
AG,TMG_CIF_USD,CN,2022,27.059944
AG,TMG_CIF_USD,CN,2023,27.7254
AG,TMG_CIF_USD,CN,2024,34.56426
AG,TMG_CIF_USD,US,2015,195.061745
AG,TMG_CIF_USD,US,2016,217.307523
AG,TMG_CIF_USD,US,2017,272.24131
AG,TMG_CIF_USD,US,2018,283.253126
AG,TMG_CIF_USD,US,2019,274.011867
AG,TMG_CIF_USD,US,2020,207.280822
AG,TMG_CIF_USD,US,2021,255.065483
AG,TMG_CIF_USD,US,2022,337.891212
AG,TMG_CIF_USD,US,2023,339.079155
AG,TMG_CIF_USD,US,2024,358.144664
AG,TMG_CIF_USD,W00,2015,655.618695
AG,TMG_CIF_USD,W00,2016,702.703918
AG,TMG_CIF_USD,W00,2017,799.941959
AG,TMG_CIF_USD,W00,2018,852.408478
AG,TMG_CIF_USD,W00,2019,842.327641
AG,TMG_CIF_USD,W00,2020,633.710575
AG,TMG_CIF_USD,W00,2021,734.860423
AG,TMG_CIF_USD,W00,2022,965.839638
AG,TMG_CIF_USD,W00,2023,1008.732917
AG,TMG_CIF_USD,W00,2024,1021.250476
AG,TXG_FOB_USD,CN,2015,0.062281
AG,TXG_FOB_USD,CN,2016,0.054259
AG,TXG_FOB_USD,CN,2017,0.051039
AG,TXG_FOB_USD,CN,2018,0.034725
AG,TXG_FOB_USD,CN,2019,0.018804
AG,TXG_FOB_USD,CN,2021,1.969136
AG,TXG_FOB_USD,CN,2022,0.559455
AG,TXG_FOB_USD,CN,2023,2.864645
AG,TXG_FOB_USD,CN,2024,3.283234
AG,TXG_FOB_USD,US,2015,7.828545
AG,TXG_FOB_USD,US,2016,9.883282
AG,TXG_FOB_USD,US,2017,8.446531
AG,TXG_FOB_USD,US,2018,4.805952
AG,TXG_FOB_USD,US,2019,3.664583
AG,TXG_FOB_USD,US,2020,2.573169
AG,TXG_FOB_USD,US,2021,1.766643
AG,TXG_FOB_USD,US,2022,2.430883
AG,TXG_FOB_USD,US,2023,7.710907
AG,TXG_FOB_USD,US,2024,6.403712
AG,TXG_FOB_USD,W00,2015,135.155752
AG,TXG_FOB_USD,W00,2016,210.766133
AG,TXG_FOB_USD,W00,2017,168.063104
AG,TXG_FOB_USD,W00,2018,140.727272
AG,TXG_FOB_USD,W00,2019,1862.168217
AG,TXG_FOB_USD,W00,2020,1434.006192
AG,TXG_FOB_USD,W00,2021,1618.477289
AG,TXG_FOB_USD,W00,2022,71.613655
AG,TXG_FOB_USD,W00,2023,81.5691
AG,TXG_FOB_USD,W00,2024,116.157209
AI,TMG_CIF_USD,CN,2015,1.185648
AI,TMG_CIF_USD,CN,2016,1.185648
AI,TMG_CIF_USD,CN,2017,1.185648
AI,TMG_CIF_USD,CN,2018,1.185648
AI,TMG_CIF_USD,CN,2019,1.185648
AI,TMG_CIF_USD,CN,2020,1.185648
AI,TMG_CIF_USD,CN,2021,1.185648
AI,TMG_CIF_USD,CN,2022,1.185648
AI,TMG_CIF_USD,CN,2023,4.748338
AI,TMG_CIF_USD,CN,2024,7.584244
AI,TMG_CIF_USD,US,2015,161.476656
AI,TMG_CIF_USD,US,2016,173.116656
AI,TMG_CIF_USD,US,2017,220.874955
AI,TMG_CIF_USD,US,2018,277.182109
AI,TMG_CIF_USD,US,2019,235.248846
AI,TMG_CIF_USD,US,2020,208.520595
AI,TMG_CIF_USD,US,2021,241.168769
AI,TMG_CIF_USD,US,2022,248.160189
AI,TMG_CIF_USD,US,2023,231.674011
AI,TMG_CIF_USD,US,2024,233.964985
AI,TMG_CIF_USD,W00,2015,1136.505112
AI,TMG_CIF_USD,W00,2016,1163.423044
AI,TMG_CIF_USD,W00,2017,1313.507494
AI,TMG_CIF_USD,W00,2018,1420.898311
AI,TMG_CIF_USD,W00,2019,1384.89528
AI,TMG_CIF_USD,W00,2020,1329.803169
AI,TMG_CIF_USD,W00,2021,1441.719146
AI,TMG_CIF_USD,W00,2022,1477.746128
AI,TMG_CIF_USD,W00,2023,1418.814592
AI,TMG_CIF_USD,W00,2024,1444.068604
AI,TXG_FOB_USD,CN,2015,0.000852
AI,TXG_FOB_USD,CN,2016,0.000852
AI,TXG_FOB_USD,CN,2017,0.000852
AI,TXG_FOB_USD,CN,2018,0.000852
AI,TXG_FOB_USD,CN,2019,0.000852
AI,TXG_FOB_USD,CN,2020,0.000852
AI,TXG_FOB_USD,CN,2021,0.000852
AI,TXG_FOB_USD,CN,2022,0.000852
AI,TXG_FOB_USD,CN,2023,0.321466
AI,TXG_FOB_USD,CN,2024,0.481938
AI,TXG_FOB_USD,US,2015,1.952124
AI,TXG_FOB_USD,US,2016,2.662173
AI,TXG_FOB_USD,US,2017,6.514209
AI,TXG_FOB_USD,US,2018,7.014394
AI,TXG_FOB_USD,US,2019,4.307079
AI,TXG_FOB_USD,US,2020,3.532383
AI,TXG_FOB_USD,US,2021,2.584328
AI,TXG_FOB_USD,US,2022,7.669297
AI,TXG_FOB_USD,US,2023,3.114336
AI,TXG_FOB_USD,US,2024,3.142722
AI,TXG_FOB_USD,W00,2015,11.124817
AI,TXG_FOB_USD,W00,2016,12.526058
AI,TXG_FOB_USD,W00,2017,40.29092
AI,TXG_FOB_USD,W00,2018,61.831537
AI,TXG_FOB_USD,W00,2019,167.823032
AI,TXG_FOB_USD,W00,2020,44.300428
AI,TXG_FOB_USD,W00,2021,40.162891
AI,TXG_FOB_USD,W00,2022,44.25286
AI,TXG_FOB_USD,W00,2023,42.331257
AI,TXG_FOB_USD,W00,2024,33.769211
AL,TMG_CIF_USD,CN,2015,369.412493
AL,TMG_CIF_USD,CN,2016,409.328857
AL,TMG_CIF_USD,CN,2017,449.972799
AL,TMG_CIF_USD,CN,2018,537.571929
AL,TMG_CIF_USD,CN,2019,596.962904
AL,TMG_CIF_USD,CN,2020,540.26514
AL,TMG_CIF_USD,CN,2021,659.331617
AL,TMG_CIF_USD,CN,2022,684.615671
AL,TMG_CIF_USD,CN,2023,935.463771
AL,TMG_CIF_USD,CN,2024,1051.995191
AL,TMG_CIF_USD,US,2015,68.657996
AL,TMG_CIF_USD,US,2016,87.767218
AL,TMG_CIF_USD,US,2017,81.496399
AL,TMG_CIF_USD,US,2018,91.876305
AL,TMG_CIF_USD,US,2019,123.232999
AL,TMG_CIF_USD,US,2020,93.959091
AL,TMG_CIF_USD,US,2021,151.602318
AL,TMG_CIF_USD,US,2022,116.28681
AL,TMG_CIF_USD,US,2023,173.905571
AL,TMG_CIF_USD,US,2024,220.725491
AL,TMG_CIF_USD,W00,2015,4408.26975
AL,TMG_CIF_USD,W00,2016,4666.089101
AL,TMG_CIF_USD,W00,2017,5670.492837
AL,TMG_CIF_USD,W00,2018,6406.219819
AL,TMG_CIF_USD,W00,2019,6483.079415
AL,TMG_CIF_USD,W00,2020,6022.684914
AL,TMG_CIF_USD,W00,2021,8099.539606
AL,TMG_CIF_USD,W00,2022,8400.920369
AL,TMG_CIF_USD,W00,2023,8693.094303
AL,TMG_CIF_USD,W00,2024,9607.157454
AL,TXG_FOB_USD,CN,2015,52.132015
AL,TXG_FOB_USD,CN,2016,60.028685
AL,TXG_FOB_USD,CN,2017,75.032892
AL,TXG_FOB_USD,CN,2018,56.858041
AL,TXG_FOB_USD,CN,2019,62.10681
AL,TXG_FOB_USD,CN,2020,49.854583
AL,TXG_FOB_USD,CN,2021,90.577134
AL,TXG_FOB_USD,CN,2022,87.698854
AL,TXG_FOB_USD,CN,2023,101.02239
AL,TXG_FOB_USD,CN,2024,112.413409
AL,TXG_FOB_USD,US,2015,17.014808
AL,TXG_FOB_USD,US,2016,12.921453
AL,TXG_FOB_USD,US,2017,31.838697
AL,TXG_FOB_USD,US,2018,53.52796
AL,TXG_FOB_USD,US,2019,36.666823
AL,TXG_FOB_USD,US,2020,32.44899
AL,TXG_FOB_USD,US,2021,49.248334
AL,TXG_FOB_USD,US,2022,118.66676
AL,TXG_FOB_USD,US,2023,101.448541
AL,TXG_FOB_USD,US,2024,78.835365
AL,TXG_FOB_USD,W00,2015,2031.53457
AL,TXG_FOB_USD,W00,2016,1961.477334
AL,TXG_FOB_USD,W00,2017,2463.201513
AL,TXG_FOB_USD,W00,2018,3099.404234
AL,TXG_FOB_USD,W00,2019,2985.007867
AL,TXG_FOB_USD,W00,2020,2716.277582
AL,TXG_FOB_USD,W00,2021,3681.100753
AL,TXG_FOB_USD,W00,2022,4310.142456
AL,TXG_FOB_USD,W00,2023,4373.483897
AL,TXG_FOB_USD,W00,2024,4000.078946
AM,TMG_CIF_USD,CN,2015,315.986363
AM,TMG_CIF_USD,CN,2016,356.840831
AM,TMG_CIF_USD,CN,2017,477.70152
AM,TMG_CIF_USD,CN,2018,663.904136
AM,TMG_CIF_USD,CN,2019,751.428735
AM,TMG_CIF_USD,CN,2020,674.176135
AM,TMG_CIF_USD,CN,2021,867.617412
AM,TMG_CIF_USD,CN,2022,1388.350481
AM,TMG_CIF_USD,CN,2023,1676.979696
AM,TMG_CIF_USD,CN,2024,1727.137596
AM,TMG_CIF_USD,US,2015,108.481574
AM,TMG_CIF_USD,US,2016,82.963465
AM,TMG_CIF_USD,US,2017,133.446139
AM,TMG_CIF_USD,US,2018,178.389056
AM,TMG_CIF_USD,US,2019,280.286957
AM,TMG_CIF_USD,US,2020,84.752372
AM,TMG_CIF_USD,US,2021,125.610393
AM,TMG_CIF_USD,US,2022,386.519236
AM,TMG_CIF_USD,US,2023,620.933307
AM,TMG_CIF_USD,US,2024,351.664941
AM,TMG_CIF_USD,W00,2015,3253.955791
AM,TMG_CIF_USD,W00,2016,3263.928091
AM,TMG_CIF_USD,W00,2017,4097.065111
AM,TMG_CIF_USD,W00,2018,4975.537488
AM,TMG_CIF_USD,W00,2019,5528.690552
AM,TMG_CIF_USD,W00,2020,4583.273868
AM,TMG_CIF_USD,W00,2021,5361.978875
AM,TMG_CIF_USD,W00,2022,8768.658896
AM,TMG_CIF_USD,W00,2023,12757.919332
AM,TMG_CIF_USD,W00,2024,17066.882298
AM,TXG_FOB_USD,CN,2015,165.318446
AM,TXG_FOB_USD,CN,2016,96.383658
AM,TXG_FOB_USD,CN,2017,118.52937
AM,TXG_FOB_USD,CN,2018,107.222429
AM,TXG_FOB_USD,CN,2019,193.709652
AM,TXG_FOB_USD,CN,2020,289.825903
AM,TXG_FOB_USD,CN,2021,393.183138
AM,TXG_FOB_USD,CN,2022,369.504717
AM,TXG_FOB_USD,CN,2023,425.350607
AM,TXG_FOB_USD,CN,2024,1097.509371
AM,TXG_FOB_USD,US,2015,54.577055
AM,TXG_FOB_USD,US,2016,38.647402
AM,TXG_FOB_USD,US,2017,66.187546
AM,TXG_FOB_USD,US,2018,47.675097
AM,TXG_FOB_USD,US,2019,53.908978
AM,TXG_FOB_USD,US,2020,67.868451
AM,TXG_FOB_USD,US,2021,81.799007
AM,TXG_FOB_USD,US,2022,78.197121
AM,TXG_FOB_USD,US,2023,48.497802
AM,TXG_FOB_USD,US,2024,58.931089
AM,TXG_FOB_USD,W00,2015,1486.885931
AM,TXG_FOB_USD,W00,2016,1779.360291
AM,TXG_FOB_USD,W00,2017,2237.697186
AM,TXG_FOB_USD,W00,2018,2412.432662
AM,TXG_FOB_USD,W00,2019,2647.210932
AM,TXG_FOB_USD,W00,2020,2536.993456
AM,TXG_FOB_USD,W00,2021,3015.987201
AM,TXG_FOB_USD,W00,2022,5360.069395
AM,TXG_FOB_USD,W00,2023,8552.015089
AM,TXG_FOB_USD,W00,2024,13092.206252
AO,TMG_CIF_USD,CN,2015,3311.091336
AO,TMG_CIF_USD,CN,2016,1674.919663
AO,TMG_CIF_USD,CN,2017,2134.793452
AO,TMG_CIF_USD,CN,2018,2227.773963
AO,TMG_CIF_USD,CN,2019,2030.001901
AO,TMG_CIF_USD,CN,2020,1421.412593
AO,TMG_CIF_USD,CN,2021,1715.023628
AO,TMG_CIF_USD,CN,2022,2506.139342
AO,TMG_CIF_USD,CN,2023,2496.399456
AO,TMG_CIF_USD,CN,2024,1975.928408
AO,TMG_CIF_USD,US,2015,1720.304161
AO,TMG_CIF_USD,US,2016,1698.553245
AO,TMG_CIF_USD,US,2017,1049.177744
AO,TMG_CIF_USD,US,2018,737.731543
AO,TMG_CIF_USD,US,2019,659.586603
AO,TMG_CIF_USD,US,2020,599.803293
AO,TMG_CIF_USD,US,2021,532.570864
AO,TMG_CIF_USD,US,2022,730.203565
AO,TMG_CIF_USD,US,2023,904.03721
AO,TMG_CIF_USD,US,2024,1131.071403
AO,TMG_CIF_USD,W00,2015,23269.159873
AO,TMG_CIF_USD,W00,2016,16046.256563
AO,TMG_CIF_USD,W00,2017,16511.489859
AO,TMG_CIF_USD,W00,2018,13839.45919
AO,TMG_CIF_USD,W00,2019,14160.053253
AO,TMG_CIF_USD,W00,2020,9340.096972
AO,TMG_CIF_USD,W00,2021,11524.419393
AO,TMG_CIF_USD,W00,2022,16226.3188
AO,TMG_CIF_USD,W00,2023,15690.167479
AO,TMG_CIF_USD,W00,2024,14175.126361
AO,TXG_FOB_USD,CN,2015,14320.565528
AO,TXG_FOB_USD,CN,2016,13923.091959
AO,TXG_FOB_USD,CN,2017,19487.06654
AO,TXG_FOB_USD,CN,2018,24146.776164
AO,TXG_FOB_USD,CN,2019,21357.867903
AO,TXG_FOB_USD,CN,2020,13134.198359
AO,TXG_FOB_USD,CN,2021,20458.100787
AO,TXG_FOB_USD,CN,2022,22978.46381
AO,TXG_FOB_USD,CN,2023,17943.364599
AO,TXG_FOB_USD,CN,2024,17505.062536
AO,TXG_FOB_USD,US,2015,1265.801315
AO,TXG_FOB_USD,US,2016,1525.650265
AO,TXG_FOB_USD,US,2017,1079.503619
AO,TXG_FOB_USD,US,2018,1206.68823
AO,TXG_FOB_USD,US,2019,928.950613
AO,TXG_FOB_USD,US,2020,374.610596
AO,TXG_FOB_USD,US,2021,472.114182
AO,TXG_FOB_USD,US,2022,601.40069
AO,TXG_FOB_USD,US,2023,467.951227
AO,TXG_FOB_USD,US,2024,2217.574284
AO,TXG_FOB_USD,W00,2015,35819.213877
AO,TXG_FOB_USD,W00,2016,30134.777448
AO,TXG_FOB_USD,W00,2017,36178.548873
AO,TXG_FOB_USD,W00,2018,40527.511425
AO,TXG_FOB_USD,W00,2019,34819.146165
AO,TXG_FOB_USD,W00,2020,21043.807025
AO,TXG_FOB_USD,W00,2021,35116.234676
AO,TXG_FOB_USD,W00,2022,51443.395442
AO,TXG_FOB_USD,W00,2023,38706.302643
AO,TXG_FOB_USD,W00,2024,40153.76177
AR,TMG_CIF_USD,CN,2015,11742.518188
AR,TMG_CIF_USD,CN,2016,10471.589
AR,TMG_CIF_USD,CN,2017,12316.14
AR,TMG_CIF_USD,CN,2018,12078.803
AR,TMG_CIF_USD,CN,2019,9258.746
AR,TMG_CIF_USD,CN,2020,8656.338
AR,TMG_CIF_USD,CN,2021,13525.037
AR,TMG_CIF_USD,CN,2022,17501.913
AR,TMG_CIF_USD,CN,2023,14477.567
AR,TMG_CIF_USD,CN,2024,11658.763737
AR,TMG_CIF_USD,US,2015,7700.490978
AR,TMG_CIF_USD,US,2016,6950.778
AR,TMG_CIF_USD,US,2017,7587.361
AR,TMG_CIF_USD,US,2018,7678.075
AR,TMG_CIF_USD,US,2019,6217.043
AR,TMG_CIF_USD,US,2020,4365.92
AR,TMG_CIF_USD,US,2021,5864.67
AR,TMG_CIF_USD,US,2022,10263.725
AR,TMG_CIF_USD,US,2023,8568.561
AR,TMG_CIF_USD,US,2024,6162.787131
AR,TMG_CIF_USD,W00,2015,59747.968174
AR,TMG_CIF_USD,W00,2016,55848.446
AR,TMG_CIF_USD,W00,2017,66936.61
AR,TMG_CIF_USD,W00,2018,65482.79
AR,TMG_CIF_USD,W00,2019,49125.005
AR,TMG_CIF_USD,W00,2020,42325.164
AR,TMG_CIF_USD,W00,2021,63060.15
AR,TMG_CIF_USD,W00,2022,81475.338
AR,TMG_CIF_USD,W00,2023,73679.064
AR,TMG_CIF_USD,W00,2024,60778.577669
AR,TXG_FOB_USD,CN,2015,5173.792867
AR,TXG_FOB_USD,CN,2016,4433.554
AR,TXG_FOB_USD,CN,2017,4338.72
AR,TXG_FOB_USD,CN,2018,4223.853
AR,TXG_FOB_USD,CN,2019,6814.085
AR,TXG_FOB_USD,CN,2020,5244.392
AR,TXG_FOB_USD,CN,2021,6154.214
AR,TXG_FOB_USD,CN,2022,7928.765
AR,TXG_FOB_USD,CN,2023,5173.514
AR,TXG_FOB_USD,CN,2024,5961.882434
AR,TXG_FOB_USD,US,2015,3432.324658
AR,TXG_FOB_USD,US,2016,4428.041
AR,TXG_FOB_USD,US,2017,4446.676
AR,TXG_FOB_USD,US,2018,4192.44
AR,TXG_FOB_USD,US,2019,4026.925
AR,TXG_FOB_USD,US,2020,3263.885
AR,TXG_FOB_USD,US,2021,4914.141
AR,TXG_FOB_USD,US,2022,6616.341
AR,TXG_FOB_USD,US,2023,5568.569
AR,TXG_FOB_USD,US,2024,6393.474764
AR,TXG_FOB_USD,W00,2015,56657.7337
AR,TXG_FOB_USD,W00,2016,57905.192523
AR,TXG_FOB_USD,W00,2017,58600.381404
AR,TXG_FOB_USD,W00,2018,61642.554731
AR,TXG_FOB_USD,W00,2019,64467.375996
AR,TXG_FOB_USD,W00,2020,54635.304618
AR,TXG_FOB_USD,W00,2021,77629.062185
AR,TXG_FOB_USD,W00,2022,88057.18698
AR,TXG_FOB_USD,W00,2023,66499.604011
AR,TXG_FOB_USD,W00,2024,79350.078969
AS,TMG_CIF_USD,CN,2023,25.918017
AS,TMG_CIF_USD,CN,2024,44.228528
AS,TMG_CIF_USD,W00,2015,173.079972
AS,TMG_CIF_USD,W00,2016,214.525699
AS,TMG_CIF_USD,W00,2017,117.342041
AS,TMG_CIF_USD,W00,2018,140.459377
AS,TMG_CIF_USD,W00,2019,171.762421
AS,TMG_CIF_USD,W00,2020,126.262726
AS,TMG_CIF_USD,W00,2021,139.620445
AS,TMG_CIF_USD,W00,2022,217.424596
AS,TMG_CIF_USD,W00,2023,207.996119
AS,TMG_CIF_USD,W00,2024,308.420067
AS,TXG_FOB_USD,CN,2023,0.00975
AS,TXG_FOB_USD,CN,2024,0.012846
AS,TXG_FOB_USD,W00,2015,28.332784
AS,TXG_FOB_USD,W00,2016,37.454792
AS,TXG_FOB_USD,W00,2017,40.867814
AS,TXG_FOB_USD,W00,2018,65.745793
AS,TXG_FOB_USD,W00,2019,24.75611
AS,TXG_FOB_USD,W00,2020,17.638854
AS,TXG_FOB_USD,W00,2021,30.893809
AS,TXG_FOB_USD,W00,2022,16.371376
AS,TXG_FOB_USD,W00,2023,17.405829
AS,TXG_FOB_USD,W00,2024,22.242413
AT,TMG_CIF_USD,CN,2015,5846.710777
AT,TMG_CIF_USD,CN,2016,5282.483537
AT,TMG_CIF_USD,CN,2017,5808.053043
AT,TMG_CIF_USD,CN,2018,6432.133012
AT,TMG_CIF_USD,CN,2019,6278.829843
AT,TMG_CIF_USD,CN,2020,6546.746007
AT,TMG_CIF_USD,CN,2021,9340.676778
AT,TMG_CIF_USD,CN,2022,9622.706623
AT,TMG_CIF_USD,CN,2023,7681.678082
AT,TMG_CIF_USD,CN,2024,6692.500804
AT,TMG_CIF_USD,US,2015,3973.432985
AT,TMG_CIF_USD,US,2016,3628.989023
AT,TMG_CIF_USD,US,2017,4303.413089
AT,TMG_CIF_USD,US,2018,4594.959656
AT,TMG_CIF_USD,US,2019,5440.03588
AT,TMG_CIF_USD,US,2020,3518.620402
AT,TMG_CIF_USD,US,2021,3893.812683
AT,TMG_CIF_USD,US,2022,4818.146359
AT,TMG_CIF_USD,US,2023,5491.068749
AT,TMG_CIF_USD,US,2024,5195.015922
AT,TMG_CIF_USD,W00,2015,156045.057133
AT,TMG_CIF_USD,W00,2016,157695.557541
AT,TMG_CIF_USD,W00,2017,175754.394459
AT,TMG_CIF_USD,W00,2018,193718.080278
AT,TMG_CIF_USD,W00,2019,184757.371296
AT,TMG_CIF_USD,W00,2020,172448.812466
AT,TMG_CIF_USD,W00,2021,219519.081864
AT,TMG_CIF_USD,W00,2022,233518.361755
AT,TMG_CIF_USD,W00,2023,226251.364851
AT,TMG_CIF_USD,W00,2024,211718.116818
AT,TXG_FOB_USD,CN,2015,3407.071975
AT,TXG_FOB_USD,CN,2016,3667.898921
AT,TXG_FOB_USD,CN,2017,4456.284667
AT,TXG_FOB_USD,CN,2018,5019.348014
AT,TXG_FOB_USD,CN,2019,5157.158176
AT,TXG_FOB_USD,CN,2020,4597.855145
AT,TXG_FOB_USD,CN,2021,5757.760898
AT,TXG_FOB_USD,CN,2022,5551.323291
AT,TXG_FOB_USD,CN,2023,5487.726946
AT,TXG_FOB_USD,CN,2024,5747.863106
AT,TXG_FOB_USD,US,2015,9692.762878
AT,TXG_FOB_USD,US,2016,9509.229216
AT,TXG_FOB_USD,US,2017,10561.977288
AT,TXG_FOB_USD,US,2018,11724.916322
AT,TXG_FOB_USD,US,2019,11038.429994
AT,TXG_FOB_USD,US,2020,10384.189408
AT,TXG_FOB_USD,US,2021,12718.786828
AT,TXG_FOB_USD,US,2022,13578.374863
AT,TXG_FOB_USD,US,2023,15950.202239
AT,TXG_FOB_USD,US,2024,17569.266012
AT,TXG_FOB_USD,W00,2015,152619.602798
AT,TXG_FOB_USD,W00,2016,152008.700173
AT,TXG_FOB_USD,W00,2017,167910.268856
AT,TXG_FOB_USD,W00,2018,184648.947936
AT,TXG_FOB_USD,W00,2019,178462.54727
AT,TXG_FOB_USD,W00,2020,169347.107768
AT,TXG_FOB_USD,W00,2021,202697.489546
AT,TXG_FOB_USD,W00,2022,211798.232992
AT,TXG_FOB_USD,W00,2023,223650.34955
AT,TXG_FOB_USD,W00,2024,213701.743147
AU,TMG_CIF_USD,CN,2015,49030.099938
AU,TMG_CIF_USD,CN,2016,46862.576795
AU,TMG_CIF_USD,CN,2017,52108.720752
AU,TMG_CIF_USD,CN,2018,58846.678063
AU,TMG_CIF_USD,CN,2019,58380.391702
AU,TMG_CIF_USD,CN,2020,62013.66863
AU,TMG_CIF_USD,CN,2021,72480.868162
AU,TMG_CIF_USD,CN,2022,81926.081103
AU,TMG_CIF_USD,CN,2023,73542.699832
AU,TMG_CIF_USD,CN,2024,77184.091712
AU,TMG_CIF_USD,US,2015,23933.056329
AU,TMG_CIF_USD,US,2016,23057.105198
AU,TMG_CIF_USD,US,2017,24503.558946
AU,TMG_CIF_USD,US,2018,24860.574843
AU,TMG_CIF_USD,US,2019,26767.782278
AU,TMG_CIF_USD,US,2020,25367.350822
AU,TMG_CIF_USD,US,2021,27157.499838
AU,TMG_CIF_USD,US,2022,31294.579586
AU,TMG_CIF_USD,US,2023,33002.854832
AU,TMG_CIF_USD,US,2024,35569.262357
AU,TMG_CIF_USD,W00,2015,212946.477639
AU,TMG_CIF_USD,W00,2016,201105.364527
AU,TMG_CIF_USD,W00,2017,227498.054745
AU,TMG_CIF_USD,W00,2018,240911.006871
AU,TMG_CIF_USD,W00,2019,226955.187728
AU,TMG_CIF_USD,W00,2020,214734.615724
AU,TMG_CIF_USD,W00,2021,263283.283015
AU,TMG_CIF_USD,W00,2022,306555.205331
AU,TMG_CIF_USD,W00,2023,291319.204201
AU,TMG_CIF_USD,W00,2024,300873.063351
AU,TXG_FOB_USD,CN,2015,60774.298204
AU,TXG_FOB_USD,CN,2016,59517.43288
AU,TXG_FOB_USD,CN,2017,76687.425541
AU,TXG_FOB_USD,CN,2018,86960.162735
AU,TXG_FOB_USD,CN,2019,104144.939421
AU,TXG_FOB_USD,CN,2020,100542.357022
AU,TXG_FOB_USD,CN,2021,129772.852933
AU,TXG_FOB_USD,CN,2022,121150.504368
AU,TXG_FOB_USD,CN,2023,134915.21376
AU,TXG_FOB_USD,CN,2024,118159.256723
AU,TXG_FOB_USD,US,2015,10242.102802
AU,TXG_FOB_USD,US,2016,11264.746571
AU,TXG_FOB_USD,US,2017,8997.334461
AU,TXG_FOB_USD,US,2018,9727.19521
AU,TXG_FOB_USD,US,2019,10305.34563
AU,TXG_FOB_USD,US,2020,13164.794194
AU,TXG_FOB_USD,US,2021,12226.743768
AU,TXG_FOB_USD,US,2022,13901.743031
AU,TXG_FOB_USD,US,2023,13831.964871
AU,TXG_FOB_USD,US,2024,15674.874312
AU,TXG_FOB_USD,W00,2015,188467.396166
AU,TXG_FOB_USD,W00,2016,191285.941672
AU,TXG_FOB_USD,W00,2017,229290.137109
AU,TXG_FOB_USD,W00,2018,254691.16019
AU,TXG_FOB_USD,W00,2019,272573.787833
AU,TXG_FOB_USD,W00,2020,251922.680907
AU,TXG_FOB_USD,W00,2021,344138.637936
AU,TXG_FOB_USD,W00,2022,412540.265911
AU,TXG_FOB_USD,W00,2023,371360.609309
AU,TXG_FOB_USD,W00,2024,341598.569649
AW,TMG_CIF_USD,CN,2015,26.029055
AW,TMG_CIF_USD,CN,2016,27.161469
AW,TMG_CIF_USD,CN,2017,27.180792
AW,TMG_CIF_USD,CN,2018,43.179044
AW,TMG_CIF_USD,CN,2019,51.689008
AW,TMG_CIF_USD,CN,2020,38.982426
AW,TMG_CIF_USD,CN,2021,47.877632
AW,TMG_CIF_USD,CN,2022,78.60128
AW,TMG_CIF_USD,CN,2023,82.649835
AW,TMG_CIF_USD,CN,2024,76.956154
AW,TMG_CIF_USD,US,2015,645.848086
AW,TMG_CIF_USD,US,2016,627.739883
AW,TMG_CIF_USD,US,2017,662.804853
AW,TMG_CIF_USD,US,2018,704.226375
AW,TMG_CIF_USD,US,2019,684.2546
AW,TMG_CIF_USD,US,2020,484.396733
AW,TMG_CIF_USD,US,2021,579.02304
AW,TMG_CIF_USD,US,2022,741.951068
AW,TMG_CIF_USD,US,2023,774.123018
AW,TMG_CIF_USD,US,2024,602.191195
AW,TMG_CIF_USD,W00,2015,1162.748649
AW,TMG_CIF_USD,W00,2016,1129.096842
AW,TMG_CIF_USD,W00,2017,1189.359023
AW,TMG_CIF_USD,W00,2018,1255.86338
AW,TMG_CIF_USD,W00,2019,1313.376168
AW,TMG_CIF_USD,W00,2020,937.962513
AW,TMG_CIF_USD,W00,2021,1168.649547
AW,TMG_CIF_USD,W00,2022,1472.981288
AW,TMG_CIF_USD,W00,2023,1535.92383
AW,TMG_CIF_USD,W00,2024,1229.906853
AW,TXG_FOB_USD,CN,2015,0.654029
AW,TXG_FOB_USD,CN,2016,0.913132
AW,TXG_FOB_USD,CN,2017,1.211469
AW,TXG_FOB_USD,CN,2018,0.134906
AW,TXG_FOB_USD,CN,2019,0.125616
AW,TXG_FOB_USD,CN,2020,0.033309
AW,TXG_FOB_USD,CN,2021,0.003455
AW,TXG_FOB_USD,CN,2022,0.347273
AW,TXG_FOB_USD,CN,2023,0.415267
AW,TXG_FOB_USD,CN,2024,0.143382
AW,TXG_FOB_USD,US,2015,11.530754
AW,TXG_FOB_USD,US,2016,18.598341
AW,TXG_FOB_USD,US,2017,18.898564
AW,TXG_FOB_USD,US,2018,20.226307
AW,TXG_FOB_USD,US,2019,24.510024
AW,TXG_FOB_USD,US,2020,19.659186
AW,TXG_FOB_USD,US,2021,20.301334
AW,TXG_FOB_USD,US,2022,18.460113
AW,TXG_FOB_USD,US,2023,17.609489
AW,TXG_FOB_USD,US,2024,13.989134
AW,TXG_FOB_USD,W00,2015,77.61712
AW,TXG_FOB_USD,W00,2016,93.315049
AW,TXG_FOB_USD,W00,2017,88.246991
AW,TXG_FOB_USD,W00,2018,68.95213
AW,TXG_FOB_USD,W00,2019,77.827988
AW,TXG_FOB_USD,W00,2020,65.664884
AW,TXG_FOB_USD,W00,2021,87.492818
AW,TXG_FOB_USD,W00,2022,103.123421
AW,TXG_FOB_USD,W00,2023,109.793329
AW,TXG_FOB_USD,W00,2024,88.392843
AZ,TMG_CIF_USD,CN,2015,511.9169
AZ,TMG_CIF_USD,CN,2016,703.8057
AZ,TMG_CIF_USD,CN,2017,854.535
AZ,TMG_CIF_USD,CN,2018,1196.6734
AZ,TMG_CIF_USD,CN,2019,1431.5926
AZ,TMG_CIF_USD,CN,2020,1412.7449
AZ,TMG_CIF_USD,CN,2021,1639.0927
AZ,TMG_CIF_USD,CN,2022,2086.2862
AZ,TMG_CIF_USD,CN,2023,3022.7747
AZ,TMG_CIF_USD,CN,2024,3725.0542
AZ,TMG_CIF_USD,US,2015,847.3894
AZ,TMG_CIF_USD,US,2016,471.6056
AZ,TMG_CIF_USD,US,2017,720.5942
AZ,TMG_CIF_USD,US,2018,527.169
AZ,TMG_CIF_USD,US,2019,767.7517
AZ,TMG_CIF_USD,US,2020,635.8587
AZ,TMG_CIF_USD,US,2021,442.7142
AZ,TMG_CIF_USD,US,2022,480.1301
AZ,TMG_CIF_USD,US,2023,889.1068
AZ,TMG_CIF_USD,US,2024,1618.426
AZ,TMG_CIF_USD,W00,2015,9216.6769
AZ,TMG_CIF_USD,W00,2016,8489.1403
AZ,TMG_CIF_USD,W00,2017,8783.2922
AZ,TMG_CIF_USD,W00,2018,11464.9701
AZ,TMG_CIF_USD,W00,2019,13667.6418
AZ,TMG_CIF_USD,W00,2020,10746.2296
AZ,TMG_CIF_USD,W00,2021,11704.5024
AZ,TMG_CIF_USD,W00,2022,14539.5113
AZ,TMG_CIF_USD,W00,2023,17284.7762
AZ,TMG_CIF_USD,W00,2024,21057.0923
AZ,TXG_FOB_USD,CN,2015,53.1948
AZ,TXG_FOB_USD,CN,2016,382.0272
AZ,TXG_FOB_USD,CN,2017,443.8074
AZ,TXG_FOB_USD,CN,2018,113.5734
AZ,TXG_FOB_USD,CN,2019,752.1626
AZ,TXG_FOB_USD,CN,2020,432.7607
AZ,TXG_FOB_USD,CN,2021,141.1486
AZ,TXG_FOB_USD,CN,2022,72.7639
AZ,TXG_FOB_USD,CN,2023,78.7391
AZ,TXG_FOB_USD,CN,2024,19.7001
AZ,TXG_FOB_USD,US,2015,337.7044
AZ,TXG_FOB_USD,US,2016,80.6502
AZ,TXG_FOB_USD,US,2017,61.1915
AZ,TXG_FOB_USD,US,2018,331.4587
AZ,TXG_FOB_USD,US,2019,24.1265
AZ,TXG_FOB_USD,US,2020,24.9363
AZ,TXG_FOB_USD,US,2021,75.1495
AZ,TXG_FOB_USD,US,2022,90.3378
AZ,TXG_FOB_USD,US,2023,16.0113
AZ,TXG_FOB_USD,US,2024,135.0308
AZ,TXG_FOB_USD,W00,2015,12729.1384
AZ,TXG_FOB_USD,W00,2016,13457.5921
AZ,TXG_FOB_USD,W00,2017,15319.9771
AZ,TXG_FOB_USD,W00,2018,19458.6325
AZ,TXG_FOB_USD,W00,2019,19635.7486
AZ,TXG_FOB_USD,W00,2020,13740.8175
AZ,TXG_FOB_USD,W00,2021,22208.0043
AZ,TXG_FOB_USD,W00,2022,38146.4342
AZ,TXG_FOB_USD,W00,2023,33898.874
AZ,TXG_FOB_USD,W00,2024,26552.3133
B0,TMG_CIF_USD,CN,2015,328508.257177
B0,TMG_CIF_USD,CN,2016,330588.395981
B0,TMG_CIF_USD,CN,2017,365052.592966
B0,TMG_CIF_USD,CN,2018,404086.894753
B0,TMG_CIF_USD,CN,2019,406816.719338
B0,TMG_CIF_USD,CN,2020,440232.431743
B0,TMG_CIF_USD,CN,2021,557517.816061
B0,TMG_CIF_USD,CN,2022,659626.298302
B0,TMG_CIF_USD,CN,2023,562735.752207
B0,TMG_CIF_USD,CN,2024,561887.129404
B0,TMG_CIF_USD,US,2015,218809.837878
B0,TMG_CIF_USD,US,2016,216111.370902
B0,TMG_CIF_USD,US,2017,229364.722805
B0,TMG_CIF_USD,US,2018,253195.457894
B0,TMG_CIF_USD,US,2019,263300.769458
B0,TMG_CIF_USD,US,2020,229193.016456
B0,TMG_CIF_USD,US,2021,274763.673104
B0,TMG_CIF_USD,US,2022,376758.500354
B0,TMG_CIF_USD,US,2023,375487.01338
B0,TMG_CIF_USD,US,2024,362573.671372
B0,TMG_CIF_USD,W00,2015,4599887.74904
B0,TMG_CIF_USD,W00,2016,4611429.265915
B0,TMG_CIF_USD,W00,2017,5146202.605678
B0,TMG_CIF_USD,W00,2018,5732714.602454
B0,TMG_CIF_USD,W00,2019,5528164.610479
B0,TMG_CIF_USD,W00,2020,5139802.859275
B0,TMG_CIF_USD,W00,2021,6477805.449282
B0,TMG_CIF_USD,W00,2022,7461358.128081
B0,TMG_CIF_USD,W00,2023,7033596.331286
B0,TMG_CIF_USD,W00,2024,6851233.993688
B0,TXG_FOB_USD,CN,2015,161356.572442
B0,TXG_FOB_USD,CN,2016,169614.497033
B0,TXG_FOB_USD,CN,2017,202234.781537
B0,TXG_FOB_USD,CN,2018,221685.997858
B0,TXG_FOB_USD,CN,2019,222148.182552
B0,TXG_FOB_USD,CN,2020,232167.196289
B0,TXG_FOB_USD,CN,2021,264347.385739
B0,TXG_FOB_USD,CN,2022,242488.276841
B0,TXG_FOB_USD,CN,2023,241608.827411
B0,TXG_FOB_USD,CN,2024,230634.825935
B0,TXG_FOB_USD,US,2015,344635.245292
B0,TXG_FOB_USD,US,2016,341832.080687
B0,TXG_FOB_USD,US,2017,365833.458869
B0,TXG_FOB_USD,US,2018,414091.519097
B0,TXG_FOB_USD,US,2019,430578.219569
B0,TXG_FOB_USD,US,2020,403403.270904
B0,TXG_FOB_USD,US,2021,472253.022177
B0,TXG_FOB_USD,US,2022,534614.705305
B0,TXG_FOB_USD,US,2023,544828.234376
B0,TXG_FOB_USD,US,2024,576506.352816
B0,TXG_FOB_USD,W00,2015,4893484.842424
B0,TXG_FOB_USD,W00,2016,4938639.136659
B0,TXG_FOB_USD,W00,2017,5423800.395898
B0,TXG_FOB_USD,W00,2018,5936972.85195
B0,TXG_FOB_USD,W00,2019,5777560.276658
B0,TXG_FOB_USD,W00,2020,5444529.906241
B0,TXG_FOB_USD,W00,2021,6594220.67546
B0,TXG_FOB_USD,W00,2022,7077937.665774
B0,TXG_FOB_USD,W00,2023,7118285.257008
B0,TXG_FOB_USD,W00,2024,7061461.327261
BA,TMG_CIF_USD,CN,2015,619.267308
BA,TMG_CIF_USD,CN,2016,617.987894
BA,TMG_CIF_USD,CN,2017,686.712704
BA,TMG_CIF_USD,CN,2018,808.087121
BA,TMG_CIF_USD,CN,2019,829.558377
BA,TMG_CIF_USD,CN,2020,792.526353
BA,TMG_CIF_USD,CN,2021,1026.450792
BA,TMG_CIF_USD,CN,2022,1248.330054
BA,TMG_CIF_USD,CN,2023,1453.572691
BA,TMG_CIF_USD,CN,2024,1526.762388
BA,TMG_CIF_USD,US,2015,250.406372
BA,TMG_CIF_USD,US,2016,185.326658
BA,TMG_CIF_USD,US,2017,337.699403
BA,TMG_CIF_USD,US,2018,380.536773
BA,TMG_CIF_USD,US,2019,386.087902
BA,TMG_CIF_USD,US,2020,234.763604
BA,TMG_CIF_USD,US,2021,321.540952
BA,TMG_CIF_USD,US,2022,512.093073
BA,TMG_CIF_USD,US,2023,437.415672
BA,TMG_CIF_USD,US,2024,350.804078
BA,TMG_CIF_USD,W00,2015,8982.80294
BA,TMG_CIF_USD,W00,2016,9145.026916
BA,TMG_CIF_USD,W00,2017,10531.839843
BA,TMG_CIF_USD,W00,2018,11629.946589
BA,TMG_CIF_USD,W00,2019,11159.402401
BA,TMG_CIF_USD,W00,2020,9867.976471
BA,TMG_CIF_USD,W00,2021,13030.042502
BA,TMG_CIF_USD,W00,2022,15382.48051
BA,TMG_CIF_USD,W00,2023,15348.865805
BA,TMG_CIF_USD,W00,2024,15853.054701
BA,TXG_FOB_USD,CN,2015,15.982335
BA,TXG_FOB_USD,CN,2016,14.73131
BA,TXG_FOB_USD,CN,2017,22.183126
BA,TXG_FOB_USD,CN,2018,22.355929
BA,TXG_FOB_USD,CN,2019,17.149399
BA,TXG_FOB_USD,CN,2020,15.235441
BA,TXG_FOB_USD,CN,2021,21.942453
BA,TXG_FOB_USD,CN,2022,20.809529
BA,TXG_FOB_USD,CN,2023,19.548641
BA,TXG_FOB_USD,CN,2024,27.207034
BA,TXG_FOB_USD,US,2015,36.669657
BA,TXG_FOB_USD,US,2016,40.443029
BA,TXG_FOB_USD,US,2017,42.059119
BA,TXG_FOB_USD,US,2018,39.484016
BA,TXG_FOB_USD,US,2019,29.866141
BA,TXG_FOB_USD,US,2020,39.710942
BA,TXG_FOB_USD,US,2021,93.301439
BA,TXG_FOB_USD,US,2022,95.177155
BA,TXG_FOB_USD,US,2023,111.9085
BA,TXG_FOB_USD,US,2024,129.312384
BA,TXG_FOB_USD,W00,2015,5095.913595
BA,TXG_FOB_USD,W00,2016,5327.745639
BA,TXG_FOB_USD,W00,2017,6400.958433
BA,TXG_FOB_USD,W00,2018,7182.125338
BA,TXG_FOB_USD,W00,2019,6578.260731
BA,TXG_FOB_USD,W00,2020,6152.491088
BA,TXG_FOB_USD,W00,2021,8614.079101
BA,TXG_FOB_USD,W00,2022,9678.192327
BA,TXG_FOB_USD,W00,2023,9228.174008
BA,TXG_FOB_USD,W00,2024,8893.763005
BB,TMG_CIF_USD,CN,2015,91.43689
BB,TMG_CIF_USD,CN,2016,119.07824
BB,TMG_CIF_USD,CN,2017,92.515333
BB,TMG_CIF_USD,CN,2018,94.434134
BB,TMG_CIF_USD,CN,2019,92.100311
BB,TMG_CIF_USD,CN,2020,39.267812
BB,TMG_CIF_USD,CN,2021,67.24557
BB,TMG_CIF_USD,CN,2022,94.963797
BB,TMG_CIF_USD,CN,2023,75.923742
BB,TMG_CIF_USD,CN,2024,90.639976
BB,TMG_CIF_USD,US,2015,634.61558
BB,TMG_CIF_USD,US,2016,634.714306
BB,TMG_CIF_USD,US,2017,632.900596
BB,TMG_CIF_USD,US,2018,631.864218
BB,TMG_CIF_USD,US,2019,400.895648
BB,TMG_CIF_USD,US,2020,639.343547
BB,TMG_CIF_USD,US,2021,787.137277
BB,TMG_CIF_USD,US,2022,865.923977
BB,TMG_CIF_USD,US,2023,813.693007
BB,TMG_CIF_USD,US,2024,833.661152
BB,TMG_CIF_USD,W00,2015,2252.470139
BB,TMG_CIF_USD,W00,2016,2255.94465
BB,TMG_CIF_USD,W00,2017,1599.872184
BB,TMG_CIF_USD,W00,2018,1599.316936
BB,TMG_CIF_USD,W00,2019,1381.971772
BB,TMG_CIF_USD,W00,2020,1499.838484
BB,TMG_CIF_USD,W00,2021,1672.631817
BB,TMG_CIF_USD,W00,2022,2150.330699
BB,TMG_CIF_USD,W00,2023,2142.470516
BB,TMG_CIF_USD,W00,2024,2998.200768
BB,TXG_FOB_USD,CN,2015,12.560441
BB,TXG_FOB_USD,CN,2016,22.072963
BB,TXG_FOB_USD,CN,2017,5.702084
BB,TXG_FOB_USD,CN,2018,1.44513
BB,TXG_FOB_USD,CN,2019,0.04096
BB,TXG_FOB_USD,CN,2020,2.666406
BB,TXG_FOB_USD,CN,2021,4.340076
BB,TXG_FOB_USD,CN,2022,0.190312
BB,TXG_FOB_USD,CN,2023,1.115016
BB,TXG_FOB_USD,CN,2024,2.718693
BB,TXG_FOB_USD,US,2015,157.489548
BB,TXG_FOB_USD,US,2016,177.972146
BB,TXG_FOB_USD,US,2017,125.437238
BB,TXG_FOB_USD,US,2018,103.689004
BB,TXG_FOB_USD,US,2019,92.638511
BB,TXG_FOB_USD,US,2020,45.873379
BB,TXG_FOB_USD,US,2021,67.365666
BB,TXG_FOB_USD,US,2022,84.97506
BB,TXG_FOB_USD,US,2023,88.046651
BB,TXG_FOB_USD,US,2024,102.455351
BB,TXG_FOB_USD,W00,2015,564.672941
BB,TXG_FOB_USD,W00,2016,626.88243
BB,TXG_FOB_USD,W00,2017,483.912898
BB,TXG_FOB_USD,W00,2018,346.773684
BB,TXG_FOB_USD,W00,2019,386.858505
BB,TXG_FOB_USD,W00,2020,262.47272
BB,TXG_FOB_USD,W00,2021,275.527654
BB,TXG_FOB_USD,W00,2022,320.067206
BB,TXG_FOB_USD,W00,2023,475.842675
BB,TXG_FOB_USD,W00,2024,580.08323
BD,TMG_CIF_USD,CN,2015,8848.847751
BD,TMG_CIF_USD,CN,2016,10028.788911
BD,TMG_CIF_USD,CN,2017,10433.749057
BD,TMG_CIF_USD,CN,2018,13144.048573
BD,TMG_CIF_USD,CN,2019,13265.781719
BD,TMG_CIF_USD,CN,2020,10862.597232
BD,TMG_CIF_USD,CN,2021,16913.107691
BD,TMG_CIF_USD,CN,2022,19599.227016
BD,TMG_CIF_USD,CN,2023,16278.406668
BD,TMG_CIF_USD,CN,2024,17304.509904
BD,TMG_CIF_USD,US,2015,940.158105
BD,TMG_CIF_USD,US,2016,861.288061
BD,TMG_CIF_USD,US,2017,1435.284016
BD,TMG_CIF_USD,US,2018,1727.46548
BD,TMG_CIF_USD,US,2019,1946.830519
BD,TMG_CIF_USD,US,2020,2071.124515
BD,TMG_CIF_USD,US,2021,2513.7089
BD,TMG_CIF_USD,US,2022,2781.918388
BD,TMG_CIF_USD,US,2023,2305.596131
BD,TMG_CIF_USD,US,2024,2552.58874
BD,TMG_CIF_USD,W00,2015,39168.523011
BD,TMG_CIF_USD,W00,2016,41249.221289
BD,TMG_CIF_USD,W00,2017,47751.479634
BD,TMG_CIF_USD,W00,2018,55318.924105
BD,TMG_CIF_USD,W00,2019,55095.294532
BD,TMG_CIF_USD,W00,2020,45857.952202
BD,TMG_CIF_USD,W00,2021,67282.638559
BD,TMG_CIF_USD,W00,2022,80161.527743
BD,TMG_CIF_USD,W00,2023,61597.815501
BD,TMG_CIF_USD,W00,2024,63033.474937
BD,TXG_FOB_USD,CN,2015,675.076536
BD,TXG_FOB_USD,CN,2016,716.122188
BD,TXG_FOB_USD,CN,2017,693.387489
BD,TXG_FOB_USD,CN,2018,540.304578
BD,TXG_FOB_USD,CN,2019,595.890997
BD,TXG_FOB_USD,CN,2020,477.368881
BD,TXG_FOB_USD,CN,2021,739.674595
BD,TXG_FOB_USD,CN,2022,573.036223
BD,TXG_FOB_USD,CN,2023,610.090399
BD,TXG_FOB_USD,CN,2024,681.87946
BD,TXG_FOB_USD,US,2015,4164.906663
BD,TXG_FOB_USD,US,2016,3962.324977
BD,TXG_FOB_USD,US,2017,3839.760324
BD,TXG_FOB_USD,US,2018,4178.823354
BD,TXG_FOB_USD,US,2019,4607.351118
BD,TXG_FOB_USD,US,2020,4571.707545
BD,TXG_FOB_USD,US,2021,7394.856501
BD,TXG_FOB_USD,US,2022,9577.417717
BD,TXG_FOB_USD,US,2023,6978.058821
BD,TXG_FOB_USD,US,2024,7264.166483
BD,TXG_FOB_USD,W00,2015,29924.446181
BD,TXG_FOB_USD,W00,2016,30195.060277
BD,TXG_FOB_USD,W00,2017,31392.754034
BD,TXG_FOB_USD,W00,2018,33775.434148
BD,TXG_FOB_USD,W00,2019,35919.38811
BD,TXG_FOB_USD,W00,2020,29924.200945
BD,TXG_FOB_USD,W00,2021,37848.891219
BD,TXG_FOB_USD,W00,2022,47085.866948
BD,TXG_FOB_USD,W00,2023,38768.56627
BD,TXG_FOB_USD,W00,2024,41370.101537
BE,TMG_CIF_USD,CN,2015,16530.274827
BE,TMG_CIF_USD,CN,2016,16307.531373
BE,TMG_CIF_USD,CN,2017,17134.023488
BE,TMG_CIF_USD,CN,2018,18063.982887
BE,TMG_CIF_USD,CN,2019,18875.861415
BE,TMG_CIF_USD,CN,2020,20670.34382
BE,TMG_CIF_USD,CN,2021,27718.238927
BE,TMG_CIF_USD,CN,2022,37171.976048
BE,TMG_CIF_USD,CN,2023,36042.286266
BE,TMG_CIF_USD,CN,2024,34818.06003
BE,TMG_CIF_USD,US,2015,32535.687129
BE,TMG_CIF_USD,US,2016,30154.106118
BE,TMG_CIF_USD,US,2017,28840.039456
BE,TMG_CIF_USD,US,2018,31037.825486
BE,TMG_CIF_USD,US,2019,32636.118559
BE,TMG_CIF_USD,US,2020,25556.371998
BE,TMG_CIF_USD,US,2021,31749.764771
BE,TMG_CIF_USD,US,2022,36966.068411
BE,TMG_CIF_USD,US,2023,39084.992603
BE,TMG_CIF_USD,US,2024,34056.002231
BE,TMG_CIF_USD,W00,2015,375000.992862
BE,TMG_CIF_USD,W00,2016,378669.268113
BE,TMG_CIF_USD,W00,2017,408942.306533
BE,TMG_CIF_USD,W00,2018,454954.931639
BE,TMG_CIF_USD,W00,2019,429181.866753
BE,TMG_CIF_USD,W00,2020,395796.109262
BE,TMG_CIF_USD,W00,2021,525792.015246
BE,TMG_CIF_USD,W00,2022,613433.065338
BE,TMG_CIF_USD,W00,2023,555652.835508
BE,TMG_CIF_USD,W00,2024,513141.613893
BE,TXG_FOB_USD,CN,2015,7515.865625
BE,TXG_FOB_USD,CN,2016,7720.528848
BE,TXG_FOB_USD,CN,2017,9101.844419
BE,TXG_FOB_USD,CN,2018,8197.947632
BE,TXG_FOB_USD,CN,2019,7907.96722
BE,TXG_FOB_USD,CN,2020,9711.961153
BE,TXG_FOB_USD,CN,2021,9430.214025
BE,TXG_FOB_USD,CN,2022,8070.53846
BE,TXG_FOB_USD,CN,2023,8856.045017
BE,TXG_FOB_USD,CN,2024,8532.608591
BE,TXG_FOB_USD,US,2015,23917.218965
BE,TXG_FOB_USD,US,2016,23169.057647
BE,TXG_FOB_USD,US,2017,20841.491133
BE,TXG_FOB_USD,US,2018,24110.018323
BE,TXG_FOB_USD,US,2019,27516.410211
BE,TXG_FOB_USD,US,2020,29415.030062
BE,TXG_FOB_USD,US,2021,32555.036719
BE,TXG_FOB_USD,US,2022,36634.812704
BE,TXG_FOB_USD,US,2023,35984.746829
BE,TXG_FOB_USD,US,2024,35714.697861
BE,TXG_FOB_USD,W00,2015,392734.743994
BE,TXG_FOB_USD,W00,2016,395350.256077
BE,TXG_FOB_USD,W00,2017,425867.928728
BE,TXG_FOB_USD,W00,2018,463195.812607
BE,TXG_FOB_USD,W00,2019,443479.850156
BE,TXG_FOB_USD,W00,2020,419990.449388
BE,TXG_FOB_USD,W00,2021,548071.71504
BE,TXG_FOB_USD,W00,2022,620793.97049
BE,TXG_FOB_USD,W00,2023,562616.931804
BE,TXG_FOB_USD,W00,2024,530942.205368
BF,TMG_CIF_USD,CN,2015,370.020235
BF,TMG_CIF_USD,CN,2016,483.080869
BF,TMG_CIF_USD,CN,2017,570.280188
BF,TMG_CIF_USD,CN,2018,521.625323
BF,TMG_CIF_USD,CN,2019,481.983272
BF,TMG_CIF_USD,CN,2020,493.486947
BF,TMG_CIF_USD,CN,2021,617.630828
BF,TMG_CIF_USD,CN,2022,659.061552
BF,TMG_CIF_USD,CN,2023,807.473275
BF,TMG_CIF_USD,CN,2024,1018.94169
BF,TMG_CIF_USD,US,2015,204.153142
BF,TMG_CIF_USD,US,2016,266.853614
BF,TMG_CIF_USD,US,2017,276.140503
BF,TMG_CIF_USD,US,2018,255.785046
BF,TMG_CIF_USD,US,2019,266.698897
BF,TMG_CIF_USD,US,2020,297.909112
BF,TMG_CIF_USD,US,2021,324.834993
BF,TMG_CIF_USD,US,2022,300.168781
BF,TMG_CIF_USD,US,2023,244.184304
BF,TMG_CIF_USD,US,2024,181.482929
BF,TMG_CIF_USD,W00,2015,3273.301626
BF,TMG_CIF_USD,W00,2016,3609.580764
BF,TMG_CIF_USD,W00,2017,4219.39113
BF,TMG_CIF_USD,W00,2018,4315.725761
BF,TMG_CIF_USD,W00,2019,4187.891131
BF,TMG_CIF_USD,W00,2020,4130.510652
BF,TMG_CIF_USD,W00,2021,4609.725961
BF,TMG_CIF_USD,W00,2022,5536.800407
BF,TMG_CIF_USD,W00,2023,6124.349724
BF,TMG_CIF_USD,W00,2024,6610.013585
BF,TXG_FOB_USD,CN,2015,64.664771
BF,TXG_FOB_USD,CN,2016,41.921297
BF,TXG_FOB_USD,CN,2017,10.063797
BF,TXG_FOB_USD,CN,2018,13.086031
BF,TXG_FOB_USD,CN,2019,13.916086
BF,TXG_FOB_USD,CN,2020,2.632386
BF,TXG_FOB_USD,CN,2021,19.828554
BF,TXG_FOB_USD,CN,2022,1.535769
BF,TXG_FOB_USD,CN,2023,13.823818
BF,TXG_FOB_USD,CN,2024,23.672986
BF,TXG_FOB_USD,US,2015,1.72854
BF,TXG_FOB_USD,US,2016,2.14086
BF,TXG_FOB_USD,US,2017,3.337688
BF,TXG_FOB_USD,US,2018,6.97151
BF,TXG_FOB_USD,US,2019,6.482117
BF,TXG_FOB_USD,US,2020,9.624338
BF,TXG_FOB_USD,US,2021,56.180958
BF,TXG_FOB_USD,US,2022,41.545892
BF,TXG_FOB_USD,US,2023,29.381352
BF,TXG_FOB_USD,US,2024,18.461763
BF,TXG_FOB_USD,W00,2015,2218.711873
BF,TXG_FOB_USD,W00,2016,2522.15326
BF,TXG_FOB_USD,W00,2017,2912.707877
BF,TXG_FOB_USD,W00,2018,3254.98407
BF,TXG_FOB_USD,W00,2019,3239.480569
BF,TXG_FOB_USD,W00,2020,4380.865823
BF,TXG_FOB_USD,W00,2021,5040.406639
BF,TXG_FOB_USD,W00,2022,4542.731249
BF,TXG_FOB_USD,W00,2023,4488.13849
BF,TXG_FOB_USD,W00,2024,5660.781457
BG,TMG_CIF_USD,CN,2015,1076.075878
BG,TMG_CIF_USD,CN,2016,1151.074213
BG,TMG_CIF_USD,CN,2017,1254.441355
BG,TMG_CIF_USD,CN,2018,1556.206547
BG,TMG_CIF_USD,CN,2019,1703.908544
BG,TMG_CIF_USD,CN,2020,1787.554658
BG,TMG_CIF_USD,CN,2021,2505.294082
BG,TMG_CIF_USD,CN,2022,3354.766673
BG,TMG_CIF_USD,CN,2023,2908.297611
BG,TMG_CIF_USD,CN,2024,2979.949134
BG,TMG_CIF_USD,US,2015,269.333086
BG,TMG_CIF_USD,US,2016,231.320765
BG,TMG_CIF_USD,US,2017,261.585813
BG,TMG_CIF_USD,US,2018,341.474398
BG,TMG_CIF_USD,US,2019,360.971333
BG,TMG_CIF_USD,US,2020,453.019418
BG,TMG_CIF_USD,US,2021,337.179578
BG,TMG_CIF_USD,US,2022,833.795101
BG,TMG_CIF_USD,US,2023,595.100076
BG,TMG_CIF_USD,US,2024,453.995001
BG,TMG_CIF_USD,W00,2015,28937.27569
BG,TMG_CIF_USD,W00,2016,28611.928172
BG,TMG_CIF_USD,W00,2017,33769.112203
BG,TMG_CIF_USD,W00,2018,37550.264974
BG,TMG_CIF_USD,W00,2019,37370.413393
BG,TMG_CIF_USD,W00,2020,34822.677888
BG,TMG_CIF_USD,W00,2021,46010.506991
BG,TMG_CIF_USD,W00,2022,57731.605977
BG,TMG_CIF_USD,W00,2023,53428.063158
BG,TMG_CIF_USD,W00,2024,53070.156082
BG,TXG_FOB_USD,CN,2015,596.182293
BG,TXG_FOB_USD,CN,2016,513.623646
BG,TXG_FOB_USD,CN,2017,768.906496
BG,TXG_FOB_USD,CN,2018,898.758087
BG,TXG_FOB_USD,CN,2019,922.475642
BG,TXG_FOB_USD,CN,2020,1057.426746
BG,TXG_FOB_USD,CN,2021,1330.06789
BG,TXG_FOB_USD,CN,2022,826.525525
BG,TXG_FOB_USD,CN,2023,1111.644636
BG,TXG_FOB_USD,CN,2024,816.374712
BG,TXG_FOB_USD,US,2015,407.150943
BG,TXG_FOB_USD,US,2016,392.066909
BG,TXG_FOB_USD,US,2017,462.329454
BG,TXG_FOB_USD,US,2018,632.067676
BG,TXG_FOB_USD,US,2019,634.151471
BG,TXG_FOB_USD,US,2020,646.115283
BG,TXG_FOB_USD,US,2021,1025.209852
BG,TXG_FOB_USD,US,2022,1111.466515
BG,TXG_FOB_USD,US,2023,1229.93108
BG,TXG_FOB_USD,US,2024,1105.76345
BG,TXG_FOB_USD,W00,2015,24642.072397
BG,TXG_FOB_USD,W00,2016,25403.450217
BG,TXG_FOB_USD,W00,2017,29887.368024
BG,TXG_FOB_USD,W00,2018,32361.512191
BG,TXG_FOB_USD,W00,2019,32452.018457
BG,TXG_FOB_USD,W00,2020,31200.613994
BG,TXG_FOB_USD,W00,2021,40382.69724
BG,TXG_FOB_USD,W00,2022,47954.644329
BG,TXG_FOB_USD,W00,2023,45655.311034
BG,TXG_FOB_USD,W00,2024,43420.41367
BH,TMG_CIF_USD,CN,2015,1577.642008
BH,TMG_CIF_USD,CN,2016,1429.7415
BH,TMG_CIF_USD,CN,2017,1653.773798
BH,TMG_CIF_USD,CN,2018,1876.796079
BH,TMG_CIF_USD,CN,2019,2065.478409
BH,TMG_CIF_USD,CN,2020,1765.689524
BH,TMG_CIF_USD,CN,2021,1840.779243
BH,TMG_CIF_USD,CN,2022,2246.461142
BH,TMG_CIF_USD,CN,2023,2149.969531
BH,TMG_CIF_USD,CN,2024,2227.206803
BH,TMG_CIF_USD,US,2015,1156.132946
BH,TMG_CIF_USD,US,2016,1275.114717
BH,TMG_CIF_USD,US,2017,974.995909
BH,TMG_CIF_USD,US,2018,1205.287575
BH,TMG_CIF_USD,US,2019,843.279868
BH,TMG_CIF_USD,US,2020,829.75441
BH,TMG_CIF_USD,US,2021,738.841997
BH,TMG_CIF_USD,US,2022,1008.124756
BH,TMG_CIF_USD,US,2023,973.062212
BH,TMG_CIF_USD,US,2024,955.874376
BH,TMG_CIF_USD,W00,2015,17505.413531
BH,TMG_CIF_USD,W00,2016,15671.137447
BH,TMG_CIF_USD,W00,2017,13156.723358
BH,TMG_CIF_USD,W00,2018,14868.941324
BH,TMG_CIF_USD,W00,2019,19383.472544
BH,TMG_CIF_USD,W00,2020,12757.749771
BH,TMG_CIF_USD,W00,2021,14137.200974
BH,TMG_CIF_USD,W00,2022,15537.11134
BH,TMG_CIF_USD,W00,2023,15366.835436
BH,TMG_CIF_USD,W00,2024,15617.260121
BH,TXG_FOB_USD,CN,2015,37.364108
BH,TXG_FOB_USD,CN,2016,66.360974
BH,TXG_FOB_USD,CN,2017,323.039046
BH,TXG_FOB_USD,CN,2018,332.453285
BH,TXG_FOB_USD,CN,2019,317.15732
BH,TXG_FOB_USD,CN,2020,131.825464
BH,TXG_FOB_USD,CN,2021,341.130276
BH,TXG_FOB_USD,CN,2022,113.957232
BH,TXG_FOB_USD,CN,2023,35.360194
BH,TXG_FOB_USD,CN,2024,25.859651
BH,TXG_FOB_USD,US,2015,671.287595
BH,TXG_FOB_USD,US,2016,875.054001
BH,TXG_FOB_USD,US,2017,946.878849
BH,TXG_FOB_USD,US,2018,682.753239
BH,TXG_FOB_USD,US,2019,792.257818
BH,TXG_FOB_USD,US,2020,697.257477
BH,TXG_FOB_USD,US,2021,1335.7222
BH,TXG_FOB_USD,US,2022,1921.324724
BH,TXG_FOB_USD,US,2023,1039.410499
BH,TXG_FOB_USD,US,2024,1301.72648
BH,TXG_FOB_USD,W00,2015,14543.575836
BH,TXG_FOB_USD,W00,2016,7567.638067
BH,TXG_FOB_USD,W00,2017,12471.32254
BH,TXG_FOB_USD,W00,2018,14331.296553
BH,TXG_FOB_USD,W00,2019,8961.046146
BH,TXG_FOB_USD,W00,2020,8782.579457
BH,TXG_FOB_USD,W00,2021,13717.269024
BH,TXG_FOB_USD,W00,2022,16986.585364
BH,TXG_FOB_USD,W00,2023,13314.35453
BH,TXG_FOB_USD,W00,2024,11060.213176
BI,TMG_CIF_USD,CN,2015,101.293016
BI,TMG_CIF_USD,CN,2016,103.103561
BI,TMG_CIF_USD,CN,2017,106.472137
BI,TMG_CIF_USD,CN,2018,102.867114
BI,TMG_CIF_USD,CN,2019,130.951675
BI,TMG_CIF_USD,CN,2020,141.808096
BI,TMG_CIF_USD,CN,2021,189.513759
BI,TMG_CIF_USD,CN,2022,178.336339
BI,TMG_CIF_USD,CN,2023,168.265181
BI,TMG_CIF_USD,CN,2024,154.655266
BI,TMG_CIF_USD,US,2015,10.853302
BI,TMG_CIF_USD,US,2016,9.195584
BI,TMG_CIF_USD,US,2017,19.406667
BI,TMG_CIF_USD,US,2018,9.590853
BI,TMG_CIF_USD,US,2019,13.811358
BI,TMG_CIF_USD,US,2020,11.074723
BI,TMG_CIF_USD,US,2021,9.979546
BI,TMG_CIF_USD,US,2022,9.710532
BI,TMG_CIF_USD,US,2023,9.685746
BI,TMG_CIF_USD,US,2024,13.243942
BI,TMG_CIF_USD,W00,2015,691.850706
BI,TMG_CIF_USD,W00,2016,501.698659
BI,TMG_CIF_USD,W00,2017,626.710714
BI,TMG_CIF_USD,W00,2018,710.717618
BI,TMG_CIF_USD,W00,2019,790.675485
BI,TMG_CIF_USD,W00,2020,775.601621
BI,TMG_CIF_USD,W00,2021,898.788777
BI,TMG_CIF_USD,W00,2022,1121.592484
BI,TMG_CIF_USD,W00,2023,1035.884552
BI,TMG_CIF_USD,W00,2024,866.929043
BI,TXG_FOB_USD,CN,2015,2.051134
BI,TXG_FOB_USD,CN,2016,1.113331
BI,TXG_FOB_USD,CN,2017,2.203787
BI,TXG_FOB_USD,CN,2018,5.581494
BI,TXG_FOB_USD,CN,2019,5.568058
BI,TXG_FOB_USD,CN,2020,1.882827
BI,TXG_FOB_USD,CN,2021,1.167602
BI,TXG_FOB_USD,CN,2022,0.022655
BI,TXG_FOB_USD,CN,2023,2.852645
BI,TXG_FOB_USD,CN,2024,7.314807
BI,TXG_FOB_USD,US,2015,1.369105
BI,TXG_FOB_USD,US,2016,2.353545
BI,TXG_FOB_USD,US,2017,2.133614
BI,TXG_FOB_USD,US,2018,2.034424
BI,TXG_FOB_USD,US,2019,1.971583
BI,TXG_FOB_USD,US,2020,1.412854
BI,TXG_FOB_USD,US,2021,1.024821
BI,TXG_FOB_USD,US,2022,1.965939
BI,TXG_FOB_USD,US,2023,1.750514
BI,TXG_FOB_USD,US,2024,0.385356
BI,TXG_FOB_USD,W00,2015,115.631463
BI,TXG_FOB_USD,W00,2016,117.203485
BI,TXG_FOB_USD,W00,2017,163.522968
BI,TXG_FOB_USD,W00,2018,167.671547
BI,TXG_FOB_USD,W00,2019,173.162868
BI,TXG_FOB_USD,W00,2020,153.962615
BI,TXG_FOB_USD,W00,2021,149.559997
BI,TXG_FOB_USD,W00,2022,190.85151
BI,TXG_FOB_USD,W00,2023,170.84375
BI,TXG_FOB_USD,W00,2024,119.876981
BJ,TMG_CIF_USD,CN,2015,277.130243
BJ,TMG_CIF_USD,CN,2016,240.840623
BJ,TMG_CIF_USD,CN,2017,270.774691
BJ,TMG_CIF_USD,CN,2018,260.064434
BJ,TMG_CIF_USD,CN,2019,325.219158
BJ,TMG_CIF_USD,CN,2020,306.068121
BJ,TMG_CIF_USD,CN,2021,372.806548
BJ,TMG_CIF_USD,CN,2022,477.296314
BJ,TMG_CIF_USD,CN,2023,500.128223
BJ,TMG_CIF_USD,CN,2024,434.602483
BJ,TMG_CIF_USD,US,2015,81.179621
BJ,TMG_CIF_USD,US,2016,58.460365
BJ,TMG_CIF_USD,US,2017,89.143259
BJ,TMG_CIF_USD,US,2018,88.324719
BJ,TMG_CIF_USD,US,2019,71.210526
BJ,TMG_CIF_USD,US,2020,90.110239
BJ,TMG_CIF_USD,US,2021,84.429821
BJ,TMG_CIF_USD,US,2022,164.971877
BJ,TMG_CIF_USD,US,2023,204.726432
BJ,TMG_CIF_USD,US,2024,115.164773
BJ,TMG_CIF_USD,W00,2015,2545.507449
BJ,TMG_CIF_USD,W00,2016,2557.840824
BJ,TMG_CIF_USD,W00,2017,3228.681571
BJ,TMG_CIF_USD,W00,2018,3348.840307
BJ,TMG_CIF_USD,W00,2019,2941.206957
BJ,TMG_CIF_USD,W00,2020,2669.643271
BJ,TMG_CIF_USD,W00,2021,3188.516477
BJ,TMG_CIF_USD,W00,2022,3647.332124
BJ,TMG_CIF_USD,W00,2023,3905.09365
BJ,TMG_CIF_USD,W00,2024,4223.596936
BJ,TXG_FOB_USD,CN,2015,32.854414
BJ,TXG_FOB_USD,CN,2016,27.106926
BJ,TXG_FOB_USD,CN,2017,56.333239
BJ,TXG_FOB_USD,CN,2018,72.642954
BJ,TXG_FOB_USD,CN,2019,63.00626
BJ,TXG_FOB_USD,CN,2020,56.544795
BJ,TXG_FOB_USD,CN,2021,100.687546
BJ,TXG_FOB_USD,CN,2022,56.246353
BJ,TXG_FOB_USD,CN,2023,55.465296
BJ,TXG_FOB_USD,CN,2024,51.43787
BJ,TXG_FOB_USD,US,2015,4.274011
BJ,TXG_FOB_USD,US,2016,6.911751
BJ,TXG_FOB_USD,US,2017,22.420009
BJ,TXG_FOB_USD,US,2018,23.717318
BJ,TXG_FOB_USD,US,2019,15.516192
BJ,TXG_FOB_USD,US,2020,8.066129
BJ,TXG_FOB_USD,US,2021,2.45383
BJ,TXG_FOB_USD,US,2022,2.344279
BJ,TXG_FOB_USD,US,2023,10.652058
BJ,TXG_FOB_USD,US,2024,35.222307
BJ,TXG_FOB_USD,W00,2015,624.940498
BJ,TXG_FOB_USD,W00,2016,409.800949
BJ,TXG_FOB_USD,W00,2017,733.604029
BJ,TXG_FOB_USD,W00,2018,957.894044
BJ,TXG_FOB_USD,W00,2019,853.494347
BJ,TXG_FOB_USD,W00,2020,841.439599
BJ,TXG_FOB_USD,W00,2021,1025.778424
BJ,TXG_FOB_USD,W00,2022,908.460982
BJ,TXG_FOB_USD,W00,2023,1053.294884
BJ,TXG_FOB_USD,W00,2024,1057.172882
BM,TMG_CIF_USD,CN,2015,9.348955
BM,TMG_CIF_USD,CN,2016,5.850979
BM,TMG_CIF_USD,CN,2017,3.352808
BM,TMG_CIF_USD,CN,2018,4.299864
BM,TMG_CIF_USD,CN,2019,0.935856
BM,TMG_CIF_USD,CN,2020,1.593221
BM,TMG_CIF_USD,CN,2021,2.016958
BM,TMG_CIF_USD,CN,2022,2.107913
BM,TMG_CIF_USD,CN,2023,2.01165
BM,TMG_CIF_USD,CN,2024,8.74646
BM,TMG_CIF_USD,US,2015,820.269026
BM,TMG_CIF_USD,US,2016,872.169534
BM,TMG_CIF_USD,US,2017,947.036057
BM,TMG_CIF_USD,US,2018,834.96225
BM,TMG_CIF_USD,US,2019,789.776052
BM,TMG_CIF_USD,US,2020,626.938809
BM,TMG_CIF_USD,US,2021,753.637009
BM,TMG_CIF_USD,US,2022,927.554466
BM,TMG_CIF_USD,US,2023,763.300039
BM,TMG_CIF_USD,US,2024,737.814646
BM,TMG_CIF_USD,W00,2015,1215.052989
BM,TMG_CIF_USD,W00,2016,1427.523751
BM,TMG_CIF_USD,W00,2017,1175.597857
BM,TMG_CIF_USD,W00,2018,1030.226853
BM,TMG_CIF_USD,W00,2019,955.744998
BM,TMG_CIF_USD,W00,2020,1320.188696
BM,TMG_CIF_USD,W00,2021,1270.262293
BM,TMG_CIF_USD,W00,2022,1235.639187
BM,TMG_CIF_USD,W00,2023,1431.103882
BM,TMG_CIF_USD,W00,2024,1139.210904
BM,TXG_FOB_USD,CN,2015,0.010218
BM,TXG_FOB_USD,CN,2016,0.009505
BM,TXG_FOB_USD,CN,2017,0.027891
BM,TXG_FOB_USD,CN,2018,0.064744
BM,TXG_FOB_USD,CN,2019,0.07939
BM,TXG_FOB_USD,CN,2020,0.002254
BM,TXG_FOB_USD,CN,2021,0.043831
BM,TXG_FOB_USD,CN,2022,0.009431
BM,TXG_FOB_USD,CN,2023,0.007048
BM,TXG_FOB_USD,CN,2024,0.031116
BM,TXG_FOB_USD,US,2015,6.965929
BM,TXG_FOB_USD,US,2016,7.484333
BM,TXG_FOB_USD,US,2017,9.53228
BM,TXG_FOB_USD,US,2018,14.354273
BM,TXG_FOB_USD,US,2019,21.010904
BM,TXG_FOB_USD,US,2020,17.988533
BM,TXG_FOB_USD,US,2021,25.76696
BM,TXG_FOB_USD,US,2022,28.377226
BM,TXG_FOB_USD,US,2023,20.037247
BM,TXG_FOB_USD,US,2024,18.613303
BM,TXG_FOB_USD,W00,2015,321.596898
BM,TXG_FOB_USD,W00,2016,17.84157
BM,TXG_FOB_USD,W00,2017,82.340195
BM,TXG_FOB_USD,W00,2018,160.290328
BM,TXG_FOB_USD,W00,2019,77.246391
BM,TXG_FOB_USD,W00,2020,58.713723
BM,TXG_FOB_USD,W00,2021,73.294762
BM,TXG_FOB_USD,W00,2022,96.378051
BM,TXG_FOB_USD,W00,2023,51.938268
BM,TXG_FOB_USD,W00,2024,212.293673
BN,TMG_CIF_USD,CN,2015,376.961824
BN,TMG_CIF_USD,CN,2016,347.899882
BN,TMG_CIF_USD,CN,2017,645.155127
BN,TMG_CIF_USD,CN,2018,1636.266384
BN,TMG_CIF_USD,CN,2019,671.92735
BN,TMG_CIF_USD,CN,2020,575.30407
BN,TMG_CIF_USD,CN,2021,574.869324
BN,TMG_CIF_USD,CN,2022,812.057559
BN,TMG_CIF_USD,CN,2023,774.165828
BN,TMG_CIF_USD,CN,2024,643.944546
BN,TMG_CIF_USD,US,2015,341.490187
BN,TMG_CIF_USD,US,2016,308.528326
BN,TMG_CIF_USD,US,2017,290.186912
BN,TMG_CIF_USD,US,2018,359.39575
BN,TMG_CIF_USD,US,2019,322.503553
BN,TMG_CIF_USD,US,2020,294.558883
BN,TMG_CIF_USD,US,2021,220.455092
BN,TMG_CIF_USD,US,2022,283.922351
BN,TMG_CIF_USD,US,2023,278.315311
BN,TMG_CIF_USD,US,2024,150.26778
BN,TMG_CIF_USD,W00,2015,3230.25777
BN,TMG_CIF_USD,W00,2016,2664.463575
BN,TMG_CIF_USD,W00,2017,3081.509475
BN,TMG_CIF_USD,W00,2018,4157.361176
BN,TMG_CIF_USD,W00,2019,5043.885566
BN,TMG_CIF_USD,W00,2020,5342.373418
BN,TMG_CIF_USD,W00,2021,8498.327335
BN,TMG_CIF_USD,W00,2022,11816.093568
BN,TMG_CIF_USD,W00,2023,7446.473225
BN,TMG_CIF_USD,W00,2024,7296.198709
BN,TXG_FOB_USD,CN,2015,94.925299
BN,TXG_FOB_USD,CN,2016,225.991218
BN,TXG_FOB_USD,CN,2017,269.048692
BN,TXG_FOB_USD,CN,2018,234.461727
BN,TXG_FOB_USD,CN,2019,428.89623
BN,TXG_FOB_USD,CN,2020,1168.598941
BN,TXG_FOB_USD,CN,2021,2195.784107
BN,TXG_FOB_USD,CN,2022,2212.462682
BN,TXG_FOB_USD,CN,2023,1855.717901
BN,TXG_FOB_USD,CN,2024,2181.639762
BN,TXG_FOB_USD,US,2015,52.631841
BN,TXG_FOB_USD,US,2016,9.878966
BN,TXG_FOB_USD,US,2017,28.735409
BN,TXG_FOB_USD,US,2018,57.448427
BN,TXG_FOB_USD,US,2019,36.752626
BN,TXG_FOB_USD,US,2020,74.963819
BN,TXG_FOB_USD,US,2021,8.611078
BN,TXG_FOB_USD,US,2022,127.835276
BN,TXG_FOB_USD,US,2023,99.342439
BN,TXG_FOB_USD,US,2024,406.367413
BN,TXG_FOB_USD,W00,2015,6353.266391
BN,TXG_FOB_USD,W00,2016,4909.905535
BN,TXG_FOB_USD,W00,2017,5585.2742
BN,TXG_FOB_USD,W00,2018,6569.775771
BN,TXG_FOB_USD,W00,2019,7251.946083
BN,TXG_FOB_USD,W00,2020,6607.140774
BN,TXG_FOB_USD,W00,2021,11012.507376
BN,TXG_FOB_USD,W00,2022,18453.030623
BN,TXG_FOB_USD,W00,2023,10989.607617
BN,TXG_FOB_USD,W00,2024,11470.139345
BO,TMG_CIF_USD,CN,2015,1780.155515
BO,TMG_CIF_USD,CN,2016,1712.75553
BO,TMG_CIF_USD,CN,2017,2060.34834
BO,TMG_CIF_USD,CN,2018,2096.33372
BO,TMG_CIF_USD,CN,2019,2173.828882
BO,TMG_CIF_USD,CN,2020,1603.019964
BO,TMG_CIF_USD,CN,2021,1975.784176
BO,TMG_CIF_USD,CN,2022,2545.524954
BO,TMG_CIF_USD,CN,2023,2394.529277
BO,TMG_CIF_USD,CN,2024,2212.075977
BO,TMG_CIF_USD,US,2015,1039.958697
BO,TMG_CIF_USD,US,2016,838.689913
BO,TMG_CIF_USD,US,2017,748.23124
BO,TMG_CIF_USD,US,2018,671.503178
BO,TMG_CIF_USD,US,2019,636.585547
BO,TMG_CIF_USD,US,2020,575.564372
BO,TMG_CIF_USD,US,2021,580.201132
BO,TMG_CIF_USD,US,2022,950.313625
BO,TMG_CIF_USD,US,2023,781.70459
BO,TMG_CIF_USD,US,2024,804.160968
BO,TMG_CIF_USD,W00,2015,9843.070745
BO,TMG_CIF_USD,W00,2016,8563.810791
BO,TMG_CIF_USD,W00,2017,9373.688708
BO,TMG_CIF_USD,W00,2018,10000.674019
BO,TMG_CIF_USD,W00,2019,9823.098066
BO,TMG_CIF_USD,W00,2020,6954.381407
BO,TMG_CIF_USD,W00,2021,9617.76199
BO,TMG_CIF_USD,W00,2022,11869.027869
BO,TMG_CIF_USD,W00,2023,11488.478026
BO,TMG_CIF_USD,W00,2024,9802.950515
BO,TXG_FOB_USD,CN,2015,468.249274
BO,TXG_FOB_USD,CN,2016,479.705025
BO,TXG_FOB_USD,CN,2017,463.003022
BO,TXG_FOB_USD,CN,2018,466.393419
BO,TXG_FOB_USD,CN,2019,400.531011
BO,TXG_FOB_USD,CN,2020,357.045912
BO,TXG_FOB_USD,CN,2021,653.156556
BO,TXG_FOB_USD,CN,2022,787.536829
BO,TXG_FOB_USD,CN,2023,1170.084961
BO,TXG_FOB_USD,CN,2024,1350.228807
BO,TXG_FOB_USD,US,2015,1054.318594
BO,TXG_FOB_USD,US,2016,964.752342
BO,TXG_FOB_USD,US,2017,617.007739
BO,TXG_FOB_USD,US,2018,504.288688
BO,TXG_FOB_USD,US,2019,434.930158
BO,TXG_FOB_USD,US,2020,310.212442
BO,TXG_FOB_USD,US,2021,531.044744
BO,TXG_FOB_USD,US,2022,355.208515
BO,TXG_FOB_USD,US,2023,226.696431
BO,TXG_FOB_USD,US,2024,271.70647
BO,TXG_FOB_USD,W00,2015,8737.099406
BO,TXG_FOB_USD,W00,2016,7126.324174
BO,TXG_FOB_USD,W00,2017,8223.138291
BO,TXG_FOB_USD,W00,2018,9014.703217
BO,TXG_FOB_USD,W00,2019,8804.872212
BO,TXG_FOB_USD,W00,2020,6974.746128
BO,TXG_FOB_USD,W00,2021,10985.584941
BO,TXG_FOB_USD,W00,2022,13603.746248
BO,TXG_FOB_USD,W00,2023,10805.668783
BO,TXG_FOB_USD,W00,2024,8922.887756
BR,TMG_CIF_USD,CN,2015,32562.217347
BR,TMG_CIF_USD,CN,2016,24581.324758
BR,TMG_CIF_USD,CN,2017,28962.664594
BR,TMG_CIF_USD,CN,2018,36817.982166
BR,TMG_CIF_USD,CN,2019,37385.938067
BR,TMG_CIF_USD,CN,2020,36076.179302
BR,TMG_CIF_USD,CN,2021,50509.262579
BR,TMG_CIF_USD,CN,2022,64389.259949
BR,TMG_CIF_USD,CN,2023,56366.302577
BR,TMG_CIF_USD,CN,2024,67394.522261
BR,TMG_CIF_USD,US,2015,28365.352057
BR,TMG_CIF_USD,US,2016,25611.19463
BR,TMG_CIF_USD,US,2017,26610.388223
BR,TMG_CIF_USD,US,2018,31107.076478
BR,TMG_CIF_USD,US,2019,32234.20066
BR,TMG_CIF_USD,US,2020,25924.769994
BR,TMG_CIF_USD,US,2021,42070.988743
BR,TMG_CIF_USD,US,2022,54808.384619
BR,TMG_CIF_USD,US,2023,40718.413246
BR,TMG_CIF_USD,US,2024,43808.59436
BR,TMG_CIF_USD,W00,2015,181626.510327
BR,TMG_CIF_USD,W00,2016,145240.275313
BR,TMG_CIF_USD,W00,2017,159749.478848
BR,TMG_CIF_USD,W00,2018,189966.323526
BR,TMG_CIF_USD,W00,2019,187973.597858
BR,TMG_CIF_USD,W00,2020,168469.406463
BR,TMG_CIF_USD,W00,2021,232718.293145
BR,TMG_CIF_USD,W00,2022,289063.837803
BR,TMG_CIF_USD,W00,2023,255240.409568
BR,TMG_CIF_USD,W00,2024,278233.195092
BR,TXG_FOB_USD,CN,2015,35607.523612
BR,TXG_FOB_USD,CN,2016,35134.004339
BR,TXG_FOB_USD,CN,2017,47495.120444
BR,TXG_FOB_USD,CN,2018,63907.89461
BR,TXG_FOB_USD,CN,2019,62265.865817
BR,TXG_FOB_USD,CN,2020,68376.570617
BR,TXG_FOB_USD,CN,2021,88436.327345
BR,TXG_FOB_USD,CN,2022,89718.898618
BR,TXG_FOB_USD,CN,2023,104324.811805
BR,TXG_FOB_USD,CN,2024,94411.140802
BR,TXG_FOB_USD,US,2015,24215.975859
BR,TXG_FOB_USD,US,2016,23300.530248
BR,TXG_FOB_USD,US,2017,27108.226781
BR,TXG_FOB_USD,US,2018,29096.651945
BR,TXG_FOB_USD,US,2019,29539.522453
BR,TXG_FOB_USD,US,2020,21676.568367
BR,TXG_FOB_USD,US,2021,31479.394775
BR,TXG_FOB_USD,US,2022,38147.640741
BR,TXG_FOB_USD,US,2023,37452.583458
BR,TXG_FOB_USD,US,2024,40917.769182
BR,TXG_FOB_USD,W00,2015,190601.362558
BR,TXG_FOB_USD,W00,2016,184419.093532
BR,TXG_FOB_USD,W00,2017,217726.153906
BR,TXG_FOB_USD,W00,2018,242358.656506
BR,TXG_FOB_USD,W00,2019,222199.851539
BR,TXG_FOB_USD,W00,2020,211260.755248
BR,TXG_FOB_USD,W00,2021,281645.257207
BR,TXG_FOB_USD,W00,2022,334463.079195
BR,TXG_FOB_USD,W00,2023,339695.766008
BR,TXG_FOB_USD,W00,2024,337036.275422
BS,TMG_CIF_USD,CN,2015,25.901187
BS,TMG_CIF_USD,CN,2016,24.787418
BS,TMG_CIF_USD,CN,2017,31.111141
BS,TMG_CIF_USD,CN,2018,41.403383
BS,TMG_CIF_USD,CN,2019,24.408839
BS,TMG_CIF_USD,CN,2020,34.02348
BS,TMG_CIF_USD,CN,2021,49.436668
BS,TMG_CIF_USD,CN,2022,72.041746
BS,TMG_CIF_USD,CN,2023,72.831317
BS,TMG_CIF_USD,CN,2024,186.886426
BS,TMG_CIF_USD,US,2015,2587.841811
BS,TMG_CIF_USD,US,2016,2454.145214
BS,TMG_CIF_USD,US,2017,2879.928765
BS,TMG_CIF_USD,US,2018,3208.778357
BS,TMG_CIF_USD,US,2019,2705.935624
BS,TMG_CIF_USD,US,2020,1759.681555
BS,TMG_CIF_USD,US,2021,2961.005254
BS,TMG_CIF_USD,US,2022,3193.4361
BS,TMG_CIF_USD,US,2023,3544.37673
BS,TMG_CIF_USD,US,2024,3894.654742
BS,TMG_CIF_USD,W00,2015,5881.395849
BS,TMG_CIF_USD,W00,2016,5306.607122
BS,TMG_CIF_USD,W00,2017,3493.058088
BS,TMG_CIF_USD,W00,2018,3593.369914
BS,TMG_CIF_USD,W00,2019,6103.49585
BS,TMG_CIF_USD,W00,2020,4002.41622
BS,TMG_CIF_USD,W00,2021,6436.821167
BS,TMG_CIF_USD,W00,2022,7049.1875
BS,TMG_CIF_USD,W00,2023,7727.659319
BS,TMG_CIF_USD,W00,2024,8301.346023
BS,TXG_FOB_USD,CN,2015,0.381901
BS,TXG_FOB_USD,CN,2016,0.189174
BS,TXG_FOB_USD,CN,2017,2.301276
BS,TXG_FOB_USD,CN,2018,0.200986
BS,TXG_FOB_USD,CN,2019,0.21364
BS,TXG_FOB_USD,CN,2020,0.056013
BS,TXG_FOB_USD,CN,2021,0.200412
BS,TXG_FOB_USD,CN,2022,0.344577
BS,TXG_FOB_USD,CN,2023,1.557048
BS,TXG_FOB_USD,CN,2024,0.452886
BS,TXG_FOB_USD,US,2015,367.790305
BS,TXG_FOB_USD,US,2016,334.307886
BS,TXG_FOB_USD,US,2017,375.532313
BS,TXG_FOB_USD,US,2018,452.998323
BS,TXG_FOB_USD,US,2019,474.400197
BS,TXG_FOB_USD,US,2020,268.89031
BS,TXG_FOB_USD,US,2021,411.741454
BS,TXG_FOB_USD,US,2022,365.201618
BS,TXG_FOB_USD,US,2023,562.172388
BS,TXG_FOB_USD,US,2024,672.14852
BS,TXG_FOB_USD,W00,2015,1336.824168
BS,TXG_FOB_USD,W00,2016,1183.431132
BS,TXG_FOB_USD,W00,2017,789.96853
BS,TXG_FOB_USD,W00,2018,1147.276074
BS,TXG_FOB_USD,W00,2019,1297.919136
BS,TXG_FOB_USD,W00,2020,901.712384
BS,TXG_FOB_USD,W00,2021,1544.504777
BS,TXG_FOB_USD,W00,2022,1765.156865
BS,TXG_FOB_USD,W00,2023,2127.300935
BS,TXG_FOB_USD,W00,2024,3746.373551
BT,TMG_CIF_USD,CN,2015,15.841762
BT,TMG_CIF_USD,CN,2016,8.135007
BT,TMG_CIF_USD,CN,2017,9.921908
BT,TMG_CIF_USD,CN,2018,20.428184
BT,TMG_CIF_USD,CN,2019,17.204289
BT,TMG_CIF_USD,CN,2020,23.299823
BT,TMG_CIF_USD,CN,2021,173.180766
BT,TMG_CIF_USD,CN,2022,264.028756
BT,TMG_CIF_USD,CN,2023,99.508608
BT,TMG_CIF_USD,CN,2024,110.261213
BT,TMG_CIF_USD,US,2015,3.826464
BT,TMG_CIF_USD,US,2016,2.863215
BT,TMG_CIF_USD,US,2017,50.554264
BT,TMG_CIF_USD,US,2018,80.999844
BT,TMG_CIF_USD,US,2019,4.10907
BT,TMG_CIF_USD,US,2020,4.139865
BT,TMG_CIF_USD,US,2021,8.578748
BT,TMG_CIF_USD,US,2022,6.351825
BT,TMG_CIF_USD,US,2023,6.220346
BT,TMG_CIF_USD,US,2024,4.966263
BT,TMG_CIF_USD,W00,2015,1739.601123
BT,TMG_CIF_USD,W00,2016,1712.596801
BT,TMG_CIF_USD,W00,2017,1729.517057
BT,TMG_CIF_USD,W00,2018,2608.363858
BT,TMG_CIF_USD,W00,2019,2673.184279
BT,TMG_CIF_USD,W00,2020,2468.578307
BT,TMG_CIF_USD,W00,2021,3506.665655
BT,TMG_CIF_USD,W00,2022,4142.042757
BT,TMG_CIF_USD,W00,2023,3860.824244
BT,TMG_CIF_USD,W00,2024,4727.932498
BT,TXG_FOB_USD,CN,2015,0.536079
BT,TXG_FOB_USD,CN,2016,0.317012
BT,TXG_FOB_USD,CN,2017,0.361887
BT,TXG_FOB_USD,CN,2018,0.194312
BT,TXG_FOB_USD,CN,2019,0.232302
BT,TXG_FOB_USD,CN,2020,0.228478
BT,TXG_FOB_USD,CN,2021,0.198842
BT,TXG_FOB_USD,CN,2022,3.040442
BT,TXG_FOB_USD,CN,2023,3.089558
BT,TXG_FOB_USD,CN,2024,0.229435
BT,TXG_FOB_USD,US,2015,1.202174
BT,TXG_FOB_USD,US,2016,1.395251
BT,TXG_FOB_USD,US,2017,0.411034
BT,TXG_FOB_USD,US,2018,0.29428
BT,TXG_FOB_USD,US,2019,0.215578
BT,TXG_FOB_USD,US,2020,0.14913
BT,TXG_FOB_USD,US,2021,0.125593
BT,TXG_FOB_USD,US,2022,0.103399
BT,TXG_FOB_USD,US,2023,0.546618
BT,TXG_FOB_USD,US,2024,1.162782
BT,TXG_FOB_USD,W00,2015,603.03661
BT,TXG_FOB_USD,W00,2016,499.123444
BT,TXG_FOB_USD,W00,2017,432.978731
BT,TXG_FOB_USD,W00,2018,568.851358
BT,TXG_FOB_USD,W00,2019,538.749937
BT,TXG_FOB_USD,W00,2020,397.999831
BT,TXG_FOB_USD,W00,2021,854.956498
BT,TXG_FOB_USD,W00,2022,760.968133
BT,TXG_FOB_USD,W00,2023,894.980704
BT,TXG_FOB_USD,W00,2024,946.689149
BW,TMG_CIF_USD,CN,2015,106.901039
BW,TMG_CIF_USD,CN,2016,89.993623
BW,TMG_CIF_USD,CN,2017,64.202356
BW,TMG_CIF_USD,CN,2018,100.467332
BW,TMG_CIF_USD,CN,2019,123.094083
BW,TMG_CIF_USD,CN,2020,133.929839
BW,TMG_CIF_USD,CN,2021,173.659285
BW,TMG_CIF_USD,CN,2022,182.900291
BW,TMG_CIF_USD,CN,2023,197.692811
BW,TMG_CIF_USD,CN,2024,273.450899
BW,TMG_CIF_USD,US,2015,79.12043
BW,TMG_CIF_USD,US,2016,52.754793
BW,TMG_CIF_USD,US,2017,67.289599
BW,TMG_CIF_USD,US,2018,70.994606
BW,TMG_CIF_USD,US,2019,120.915386
BW,TMG_CIF_USD,US,2020,45.141134
BW,TMG_CIF_USD,US,2021,22.785941
BW,TMG_CIF_USD,US,2022,69.33673
BW,TMG_CIF_USD,US,2023,63.374953
BW,TMG_CIF_USD,US,2024,73.526903
BW,TMG_CIF_USD,W00,2015,8189.825301
BW,TMG_CIF_USD,W00,2016,6208.698179
BW,TMG_CIF_USD,W00,2017,5372.565753
BW,TMG_CIF_USD,W00,2018,6275.831536
BW,TMG_CIF_USD,W00,2019,6422.252932
BW,TMG_CIF_USD,W00,2020,6255.37035
BW,TMG_CIF_USD,W00,2021,7543.634517
BW,TMG_CIF_USD,W00,2022,7902.911682
BW,TMG_CIF_USD,W00,2023,6365.600289
BW,TMG_CIF_USD,W00,2024,7436.920883
BW,TXG_FOB_USD,CN,2015,38.222424
BW,TXG_FOB_USD,CN,2016,44.777412
BW,TXG_FOB_USD,CN,2017,16.407887
BW,TXG_FOB_USD,CN,2019,0.03651
BW,TXG_FOB_USD,CN,2021,63.011129
BW,TXG_FOB_USD,CN,2022,217.316524
BW,TXG_FOB_USD,CN,2023,350.844379
BW,TXG_FOB_USD,CN,2024,336.567545
BW,TXG_FOB_USD,US,2015,159.929863
BW,TXG_FOB_USD,US,2016,166.043857
BW,TXG_FOB_USD,US,2017,125.056524
BW,TXG_FOB_USD,US,2018,131.763296
BW,TXG_FOB_USD,US,2019,72.953422
BW,TXG_FOB_USD,US,2020,51.217155
BW,TXG_FOB_USD,US,2021,88.223767
BW,TXG_FOB_USD,US,2022,168.414019
BW,TXG_FOB_USD,US,2023,104.068494
BW,TXG_FOB_USD,US,2024,3.918782
BW,TXG_FOB_USD,W00,2015,6496.427335
BW,TXG_FOB_USD,W00,2016,7494.680195
BW,TXG_FOB_USD,W00,2017,5911.828384
BW,TXG_FOB_USD,W00,2018,6374.895598
BW,TXG_FOB_USD,W00,2019,5051.675882
BW,TXG_FOB_USD,W00,2020,3733.633153
BW,TXG_FOB_USD,W00,2021,6990.749876
BW,TXG_FOB_USD,W00,2022,8137.012298
BW,TXG_FOB_USD,W00,2023,5246.220751
BW,TXG_FOB_USD,W00,2024,3441.140956
BY,TMG_CIF_USD,CN,2015,2401.1907
BY,TMG_CIF_USD,CN,2016,2129.4806
BY,TMG_CIF_USD,CN,2017,2745.2515
BY,TMG_CIF_USD,CN,2018,3158.1695
BY,TMG_CIF_USD,CN,2019,3807.5948
BY,TMG_CIF_USD,CN,2020,3708.9217
BY,TMG_CIF_USD,CN,2021,4059.9704
BY,TMG_CIF_USD,CN,2022,4366.058044
BY,TMG_CIF_USD,CN,2023,5434.665155
BY,TMG_CIF_USD,CN,2024,4720.492456
BY,TMG_CIF_USD,US,2015,448.8174
BY,TMG_CIF_USD,US,2016,515.2635
BY,TMG_CIF_USD,US,2017,379.254
BY,TMG_CIF_USD,US,2018,437.2496
BY,TMG_CIF_USD,US,2019,663.1074
BY,TMG_CIF_USD,US,2020,535.5219
BY,TMG_CIF_USD,US,2021,529.3966
BY,TMG_CIF_USD,US,2022,227.154271
BY,TMG_CIF_USD,US,2023,261.420639
BY,TMG_CIF_USD,US,2024,227.067192
BY,TMG_CIF_USD,W00,2015,30264.2987
BY,TMG_CIF_USD,W00,2016,27609.8837
BY,TMG_CIF_USD,W00,2017,34234.8492
BY,TMG_CIF_USD,W00,2018,38441.0713
BY,TMG_CIF_USD,W00,2019,39476.6792
BY,TMG_CIF_USD,W00,2020,32767.4331
BY,TMG_CIF_USD,W00,2021,41784.8199
BY,TMG_CIF_USD,W00,2022,45165.186255
BY,TMG_CIF_USD,W00,2023,59021.236603
BY,TMG_CIF_USD,W00,2024,51265.219513
BY,TXG_FOB_USD,CN,2015,781.0016
BY,TXG_FOB_USD,CN,2016,472.7022
BY,TXG_FOB_USD,CN,2017,361.5156
BY,TXG_FOB_USD,CN,2018,481.8981
BY,TXG_FOB_USD,CN,2019,673.3361
BY,TXG_FOB_USD,CN,2020,748.2426
BY,TXG_FOB_USD,CN,2021,867.4398
BY,TXG_FOB_USD,CN,2022,1804.93876
BY,TXG_FOB_USD,CN,2023,1669.361123
BY,TXG_FOB_USD,CN,2024,1700.290851
BY,TXG_FOB_USD,US,2015,124.2939
BY,TXG_FOB_USD,US,2016,130.6131
BY,TXG_FOB_USD,US,2017,225.5074
BY,TXG_FOB_USD,US,2018,270.4772
BY,TXG_FOB_USD,US,2019,192.5331
BY,TXG_FOB_USD,US,2020,199.3451
BY,TXG_FOB_USD,US,2021,490.8258
BY,TXG_FOB_USD,US,2022,164.845987
BY,TXG_FOB_USD,US,2023,20.640437
BY,TXG_FOB_USD,US,2024,21.022859
BY,TXG_FOB_USD,W00,2015,26618.9821
BY,TXG_FOB_USD,W00,2016,23537.3545
BY,TXG_FOB_USD,W00,2017,29239.9939
BY,TXG_FOB_USD,W00,2018,33906.9462
BY,TXG_FOB_USD,W00,2019,32955.1224
BY,TXG_FOB_USD,W00,2020,29179.441
BY,TXG_FOB_USD,W00,2021,39986.9711
BY,TXG_FOB_USD,W00,2022,33517.463693
BY,TXG_FOB_USD,W00,2023,25989.825063
BY,TXG_FOB_USD,W00,2024,26471.361465
BZ,TMG_CIF_USD,CN,2015,103.596004
BZ,TMG_CIF_USD,CN,2016,111.649658
BZ,TMG_CIF_USD,CN,2017,102.669752
BZ,TMG_CIF_USD,CN,2018,114.979686
BZ,TMG_CIF_USD,CN,2019,134.073431
BZ,TMG_CIF_USD,CN,2020,113.098187
BZ,TMG_CIF_USD,CN,2021,168.741363
BZ,TMG_CIF_USD,CN,2022,242.156473
BZ,TMG_CIF_USD,CN,2023,229.516389
BZ,TMG_CIF_USD,CN,2024,247.39845
BZ,TMG_CIF_USD,US,2015,348.060312
BZ,TMG_CIF_USD,US,2016,356.463358
BZ,TMG_CIF_USD,US,2017,325.475942
BZ,TMG_CIF_USD,US,2018,407.215837
BZ,TMG_CIF_USD,US,2019,435.800007
BZ,TMG_CIF_USD,US,2020,318.709251
BZ,TMG_CIF_USD,US,2021,381.139364
BZ,TMG_CIF_USD,US,2022,572.851248
BZ,TMG_CIF_USD,US,2023,561.470702
BZ,TMG_CIF_USD,US,2024,654.538021
BZ,TMG_CIF_USD,W00,2015,1028.724931
BZ,TMG_CIF_USD,W00,2016,952.493725
BZ,TMG_CIF_USD,W00,2017,913.130282
BZ,TMG_CIF_USD,W00,2018,957.742306
BZ,TMG_CIF_USD,W00,2019,985.90149
BZ,TMG_CIF_USD,W00,2020,787.09927
BZ,TMG_CIF_USD,W00,2021,1060.396876
BZ,TMG_CIF_USD,W00,2022,1377.939408
BZ,TMG_CIF_USD,W00,2023,1337.506075
BZ,TMG_CIF_USD,W00,2024,2109.006622
BZ,TXG_FOB_USD,CN,2015,3.539304
BZ,TXG_FOB_USD,CN,2016,1.297619
BZ,TXG_FOB_USD,CN,2017,1.908615
BZ,TXG_FOB_USD,CN,2018,1.084146
BZ,TXG_FOB_USD,CN,2019,0.648023
BZ,TXG_FOB_USD,CN,2020,0.448563
BZ,TXG_FOB_USD,CN,2021,0.401265
BZ,TXG_FOB_USD,CN,2022,0.452843
BZ,TXG_FOB_USD,CN,2023,0.207158
BZ,TXG_FOB_USD,CN,2024,0.721649
BZ,TXG_FOB_USD,US,2015,132.270523
BZ,TXG_FOB_USD,US,2016,81.70089
BZ,TXG_FOB_USD,US,2017,73.006594
BZ,TXG_FOB_USD,US,2018,75.470864
BZ,TXG_FOB_USD,US,2019,62.126283
BZ,TXG_FOB_USD,US,2020,49.7083
BZ,TXG_FOB_USD,US,2021,58.590022
BZ,TXG_FOB_USD,US,2022,71.241444
BZ,TXG_FOB_USD,US,2023,71.059276
BZ,TXG_FOB_USD,US,2024,85.369085
BZ,TXG_FOB_USD,W00,2015,328.893727
BZ,TXG_FOB_USD,W00,2016,246.162634
BZ,TXG_FOB_USD,W00,2017,277.584959
BZ,TXG_FOB_USD,W00,2018,240.911164
BZ,TXG_FOB_USD,W00,2019,244.908865
BZ,TXG_FOB_USD,W00,2020,211.872698
BZ,TXG_FOB_USD,W00,2021,264.005694
BZ,TXG_FOB_USD,W00,2022,286.430397
BZ,TXG_FOB_USD,W00,2023,253.373396
BZ,TXG_FOB_USD,W00,2024,368.352547
CA,TMG_CIF_USD,CN,2015,54329.227336
CA,TMG_CIF_USD,CN,2016,51489.059597
CA,TMG_CIF_USD,CN,2017,57802.956918
CA,TMG_CIF_USD,CN,2018,61557.341271
CA,TMG_CIF_USD,CN,2019,59794.843968
CA,TMG_CIF_USD,CN,2020,60276.950974
CA,TMG_CIF_USD,CN,2021,72331.019411
CA,TMG_CIF_USD,CN,2022,81436.631455
CA,TMG_CIF_USD,CN,2023,69992.484792
CA,TMG_CIF_USD,CN,2024,67870.445667
CA,TMG_CIF_USD,US,2015,236520.494969
CA,TMG_CIF_USD,US,2016,222766.692899
CA,TMG_CIF_USD,US,2017,235610.309386
CA,TMG_CIF_USD,US,2018,249140.694074
CA,TMG_CIF_USD,US,2019,243293.139169
CA,TMG_CIF_USD,US,2020,209355.822052
CA,TMG_CIF_USD,US,2021,251476.215965
CA,TMG_CIF_USD,US,2022,295264.877694
CA,TMG_CIF_USD,US,2023,292306.290373
CA,TMG_CIF_USD,US,2024,290914.704477
CA,TMG_CIF_USD,W00,2015,445071.780452
CA,TMG_CIF_USD,W00,2016,426868.256528
CA,TMG_CIF_USD,W00,2017,457380.066579
CA,TMG_CIF_USD,W00,2018,485445.049952
CA,TMG_CIF_USD,W00,2019,479227.889114
CA,TMG_CIF_USD,W00,2020,428466.769365
CA,TMG_CIF_USD,W00,2021,517410.84003
CA,TMG_CIF_USD,W00,2022,601421.864879
CA,TMG_CIF_USD,W00,2023,590461.029212
CA,TMG_CIF_USD,W00,2024,587618.467434
CA,TXG_FOB_USD,CN,2015,15802.4636
CA,TXG_FOB_USD,CN,2016,15817.399705
CA,TXG_FOB_USD,CN,2017,18008.928973
CA,TXG_FOB_USD,CN,2018,21218.057077
CA,TXG_FOB_USD,CN,2019,17434.671974
CA,TXG_FOB_USD,CN,2020,18764.670396
CA,TXG_FOB_USD,CN,2021,23001.694693
CA,TXG_FOB_USD,CN,2022,21908.91328
CA,TXG_FOB_USD,CN,2023,22552.519636
CA,TXG_FOB_USD,CN,2024,21750.442918
CA,TXG_FOB_USD,US,2015,313259.463329
CA,TXG_FOB_USD,US,2016,297540.490198
CA,TXG_FOB_USD,US,2017,320025.712132
CA,TXG_FOB_USD,US,2018,337813.845043
CA,TXG_FOB_USD,US,2019,337582.9755
CA,TXG_FOB_USD,US,2020,287075.587944
CA,TXG_FOB_USD,US,2021,380011.053521
CA,TXG_FOB_USD,US,2022,459928.585076
CA,TXG_FOB_USD,US,2023,441333.440223
CA,TXG_FOB_USD,US,2024,435114.263308
CA,TXG_FOB_USD,W00,2015,408347.675074
CA,TXG_FOB_USD,W00,2016,389580.156642
CA,TXG_FOB_USD,W00,2017,418785.166755
CA,TXG_FOB_USD,W00,2018,447666.355515
CA,TXG_FOB_USD,W00,2019,446093.934059
CA,TXG_FOB_USD,W00,2020,390141.060531
CA,TXG_FOB_USD,W00,2021,501740.476073
CA,TXG_FOB_USD,W00,2022,596957.71223
CA,TXG_FOB_USD,W00,2023,567944.419058
CA,TXG_FOB_USD,W00,2024,569134.38905
CD,TMG_CIF_USD,CN,2015,1250.06813
CD,TMG_CIF_USD,CN,2016,1305.694
CD,TMG_CIF_USD,CN,2017,662.379
CD,TMG_CIF_USD,CN,2018,1774.39777
CD,TMG_CIF_USD,CN,2019,2098.873017
CD,TMG_CIF_USD,CN,2020,2013.13845
CD,TMG_CIF_USD,CN,2021,1940.973794
CD,TMG_CIF_USD,CN,2022,3034.24344
CD,TMG_CIF_USD,CN,2023,6770.225987
CD,TMG_CIF_USD,CN,2024,5898.073628
CD,TMG_CIF_USD,US,2015,703.514464
CD,TMG_CIF_USD,US,2016,340.269
CD,TMG_CIF_USD,US,2017,203.448
CD,TMG_CIF_USD,US,2018,280.049784
CD,TMG_CIF_USD,US,2019,241.827569
CD,TMG_CIF_USD,US,2020,156.831976
CD,TMG_CIF_USD,US,2021,667.492927
CD,TMG_CIF_USD,US,2022,328.45906
CD,TMG_CIF_USD,US,2023,621.164068
CD,TMG_CIF_USD,US,2024,541.144625
CD,TMG_CIF_USD,W00,2015,8770.658291
CD,TMG_CIF_USD,W00,2016,17260.524
CD,TMG_CIF_USD,W00,2017,13085.086
CD,TMG_CIF_USD,W00,2018,14972.253854
CD,TMG_CIF_USD,W00,2019,12941.666027
CD,TMG_CIF_USD,W00,2020,11864.180433
CD,TMG_CIF_USD,W00,2021,7213.684058
CD,TMG_CIF_USD,W00,2022,11436.950205
CD,TMG_CIF_USD,W00,2023,26149.986376
CD,TMG_CIF_USD,W00,2024,22931.133861
CD,TXG_FOB_USD,CN,2015,2656.69666
CD,TXG_FOB_USD,CN,2016,2080.604
CD,TXG_FOB_USD,CN,2017,3293.360829
CD,TXG_FOB_USD,CN,2018,5695.09812
CD,TXG_FOB_USD,CN,2019,4436.61297
CD,TXG_FOB_USD,CN,2020,7033.98747
CD,TXG_FOB_USD,CN,2021,11545.490779
CD,TXG_FOB_USD,CN,2022,17065.16864
CD,TXG_FOB_USD,CN,2023,14368.560392
CD,TXG_FOB_USD,CN,2024,21512.105144
CD,TXG_FOB_USD,US,2015,6.941408
CD,TXG_FOB_USD,US,2016,418.378
CD,TXG_FOB_USD,US,2017,296.555
CD,TXG_FOB_USD,US,2018,429.302517
CD,TXG_FOB_USD,US,2019,270.528222
CD,TXG_FOB_USD,US,2020,14.162245
CD,TXG_FOB_USD,US,2021,11.499047
CD,TXG_FOB_USD,US,2022,6.227665
CD,TXG_FOB_USD,US,2023,3.300918
CD,TXG_FOB_USD,US,2024,3.86924
CD,TXG_FOB_USD,W00,2015,8337.031646
CD,TXG_FOB_USD,W00,2016,10865.505296
CD,TXG_FOB_USD,W00,2017,8672.863482
CD,TXG_FOB_USD,W00,2018,14967.588459
CD,TXG_FOB_USD,W00,2019,12106.121266
CD,TXG_FOB_USD,W00,2020,12799.918875
CD,TXG_FOB_USD,W00,2021,20284.680046
CD,TXG_FOB_USD,W00,2022,23142.576485
CD,TXG_FOB_USD,W00,2023,23360.234072
CD,TXG_FOB_USD,W00,2024,31962.961178
CF,TMG_CIF_USD,CN,2015,30.293883
CF,TMG_CIF_USD,CN,2016,35.239619
CF,TMG_CIF_USD,CN,2017,27.713513
CF,TMG_CIF_USD,CN,2018,45.423663
CF,TMG_CIF_USD,CN,2019,103.157765
CF,TMG_CIF_USD,CN,2020,93.445971
CF,TMG_CIF_USD,CN,2021,50.827632
CF,TMG_CIF_USD,CN,2022,49.535924
CF,TMG_CIF_USD,CN,2023,125.981484
CF,TMG_CIF_USD,CN,2024,132.278682
CF,TMG_CIF_USD,US,2015,55.8898
CF,TMG_CIF_USD,US,2016,39.649853
CF,TMG_CIF_USD,US,2017,14.178966
CF,TMG_CIF_USD,US,2018,13.300731
CF,TMG_CIF_USD,US,2019,136.36214
CF,TMG_CIF_USD,US,2020,19.57568
CF,TMG_CIF_USD,US,2021,18.28558
CF,TMG_CIF_USD,US,2022,60.182057
CF,TMG_CIF_USD,US,2023,29.792419
CF,TMG_CIF_USD,US,2024,61.725976
CF,TMG_CIF_USD,W00,2015,512.486708
CF,TMG_CIF_USD,W00,2016,441.017375
CF,TMG_CIF_USD,W00,2017,433.059311
CF,TMG_CIF_USD,W00,2018,396.451373
CF,TMG_CIF_USD,W00,2019,704.31489
CF,TMG_CIF_USD,W00,2020,564.623084
CF,TMG_CIF_USD,W00,2021,503.598375
CF,TMG_CIF_USD,W00,2022,683.627709
CF,TMG_CIF_USD,W00,2023,766.010916
CF,TMG_CIF_USD,W00,2024,591.479509
CF,TXG_FOB_USD,CN,2015,6.637572
CF,TXG_FOB_USD,CN,2016,8.9959
CF,TXG_FOB_USD,CN,2017,13.707113
CF,TXG_FOB_USD,CN,2018,6.841007
CF,TXG_FOB_USD,CN,2019,7.441668
CF,TXG_FOB_USD,CN,2020,2.822766
CF,TXG_FOB_USD,CN,2021,3.570219
CF,TXG_FOB_USD,CN,2022,0.972769
CF,TXG_FOB_USD,CN,2023,4.315975
CF,TXG_FOB_USD,CN,2024,4.972074
CF,TXG_FOB_USD,US,2015,0.03437
CF,TXG_FOB_USD,US,2020,0.029405
CF,TXG_FOB_USD,US,2022,0.013995
CF,TXG_FOB_USD,W00,2015,190.489661
CF,TXG_FOB_USD,W00,2016,122.133634
CF,TXG_FOB_USD,W00,2017,200.032065
CF,TXG_FOB_USD,W00,2018,55.727276
CF,TXG_FOB_USD,W00,2019,124.766766
CF,TXG_FOB_USD,W00,2020,41.18121
CF,TXG_FOB_USD,W00,2021,60.1103
CF,TXG_FOB_USD,W00,2022,117.806934
CF,TXG_FOB_USD,W00,2023,116.490682
CF,TXG_FOB_USD,W00,2024,73.372705
CG,TMG_CIF_USD,CN,2015,1058.123497
CG,TMG_CIF_USD,CN,2016,919.853688
CG,TMG_CIF_USD,CN,2017,357.069918
CG,TMG_CIF_USD,CN,2018,476.178004
CG,TMG_CIF_USD,CN,2019,256.302354
CG,TMG_CIF_USD,CN,2020,357.317382
CG,TMG_CIF_USD,CN,2021,460.292385
CG,TMG_CIF_USD,CN,2022,784.642292
CG,TMG_CIF_USD,CN,2023,1208.677979
CG,TMG_CIF_USD,CN,2024,1112.19246
CG,TMG_CIF_USD,US,2015,780.387898
CG,TMG_CIF_USD,US,2016,1066.857999
CG,TMG_CIF_USD,US,2017,126.443418
CG,TMG_CIF_USD,US,2018,101.227966
CG,TMG_CIF_USD,US,2019,109.586211
CG,TMG_CIF_USD,US,2020,127.001496
CG,TMG_CIF_USD,US,2021,97.630716
CG,TMG_CIF_USD,US,2022,135.603884
CG,TMG_CIF_USD,US,2023,150.750169
CG,TMG_CIF_USD,US,2024,178.990816
CG,TMG_CIF_USD,W00,2015,11330.250762
CG,TMG_CIF_USD,W00,2016,12337.966766
CG,TMG_CIF_USD,W00,2017,4222.849329
CG,TMG_CIF_USD,W00,2018,3514.809301
CG,TMG_CIF_USD,W00,2019,2353.191919
CG,TMG_CIF_USD,W00,2020,2035.628172
CG,TMG_CIF_USD,W00,2021,2449.809245
CG,TMG_CIF_USD,W00,2022,3768.179946
CG,TMG_CIF_USD,W00,2023,6128.870205
CG,TMG_CIF_USD,W00,2024,4940.813691
CG,TXG_FOB_USD,CN,2015,1377.016872
CG,TXG_FOB_USD,CN,2016,921.003126
CG,TXG_FOB_USD,CN,2017,2993.720087
CG,TXG_FOB_USD,CN,2018,6992.123597
CG,TXG_FOB_USD,CN,2019,3333.654565
CG,TXG_FOB_USD,CN,2020,3119.61486
CG,TXG_FOB_USD,CN,2021,1081.062001
CG,TXG_FOB_USD,CN,2022,3735.9529
CG,TXG_FOB_USD,CN,2023,3875.974037
CG,TXG_FOB_USD,CN,2024,2652.978667
CG,TXG_FOB_USD,US,2015,236.197039
CG,TXG_FOB_USD,US,2016,92.473617
CG,TXG_FOB_USD,US,2017,283.479491
CG,TXG_FOB_USD,US,2018,248.218395
CG,TXG_FOB_USD,US,2019,183.354579
CG,TXG_FOB_USD,US,2020,142.683762
CG,TXG_FOB_USD,US,2021,15.223668
CG,TXG_FOB_USD,US,2022,87.072022
CG,TXG_FOB_USD,US,2023,206.529289
CG,TXG_FOB_USD,US,2024,28.907144
CG,TXG_FOB_USD,W00,2015,8145.436464
CG,TXG_FOB_USD,W00,2016,6979.858917
CG,TXG_FOB_USD,W00,2017,8084.083982
CG,TXG_FOB_USD,W00,2018,11389.7655
CG,TXG_FOB_USD,W00,2019,5765.545429
CG,TXG_FOB_USD,W00,2020,5044.668584
CG,TXG_FOB_USD,W00,2021,2393.278095
CG,TXG_FOB_USD,W00,2022,8985.506238
CG,TXG_FOB_USD,W00,2023,7884.530938
CG,TXG_FOB_USD,W00,2024,7263.224154
CH,TMG_CIF_USD,CN,2015,12857.628937
CH,TMG_CIF_USD,CN,2016,12496.205318
CH,TMG_CIF_USD,CN,2017,13206.164428
CH,TMG_CIF_USD,CN,2018,14711.525719
CH,TMG_CIF_USD,CN,2019,15134.115701
CH,TMG_CIF_USD,CN,2020,17676.579864
CH,TMG_CIF_USD,CN,2021,19742.97403
CH,TMG_CIF_USD,CN,2022,21538.267912
CH,TMG_CIF_USD,CN,2023,20471.248489
CH,TMG_CIF_USD,CN,2024,20274.07966
CH,TMG_CIF_USD,US,2015,20311.133208
CH,TMG_CIF_USD,US,2016,24351.991816
CH,TMG_CIF_USD,US,2017,20912.10998
CH,TMG_CIF_USD,US,2018,20999.465383
CH,TMG_CIF_USD,US,2019,18825.039506
CH,TMG_CIF_USD,US,2020,20827.945543
CH,TMG_CIF_USD,US,2021,23830.144683
CH,TMG_CIF_USD,US,2022,37851.019262
CH,TMG_CIF_USD,US,2023,32782.597085
CH,TMG_CIF_USD,US,2024,29283.627466
CH,TMG_CIF_USD,W00,2015,251500.251455
CH,TMG_CIF_USD,W00,2016,293646.241398
CH,TMG_CIF_USD,W00,2017,263986.307652
CH,TMG_CIF_USD,W00,2018,275498.343142
CH,TMG_CIF_USD,W00,2019,276422.415706
CH,TMG_CIF_USD,W00,2020,290185.334558
CH,TMG_CIF_USD,W00,2021,320237.559202
CH,TMG_CIF_USD,W00,2022,356531.75575
CH,TMG_CIF_USD,W00,2023,364053.311231
CH,TMG_CIF_USD,W00,2024,368391.733272
CH,TXG_FOB_USD,CN,2015,20075.542332
CH,TXG_FOB_USD,CN,2016,27167.184851
CH,TXG_FOB_USD,CN,2017,24537.664607
CH,TXG_FOB_USD,CN,2018,30361.82261
CH,TXG_FOB_USD,CN,2019,21558.440217
CH,TXG_FOB_USD,CN,2020,16476.830355
CH,TXG_FOB_USD,CN,2021,32947.54702
CH,TXG_FOB_USD,CN,2022,44152.623806
CH,TXG_FOB_USD,CN,2023,45054.788339
CH,TXG_FOB_USD,CN,2024,42341.251777
CH,TXG_FOB_USD,US,2015,30652.631307
CH,TXG_FOB_USD,US,2016,36753.090346
CH,TXG_FOB_USD,US,2017,36754.429504
CH,TXG_FOB_USD,US,2018,40946.883804
CH,TXG_FOB_USD,US,2019,43890.661161
CH,TXG_FOB_USD,US,2020,68360.975546
CH,TXG_FOB_USD,US,2021,62901.295101
CH,TXG_FOB_USD,US,2022,65496.787561
CH,TXG_FOB_USD,US,2023,62934.17356
CH,TXG_FOB_USD,US,2024,73494.665764
CH,TXG_FOB_USD,W00,2015,289839.202523
CH,TXG_FOB_USD,W00,2016,339268.416289
CH,TXG_FOB_USD,W00,2017,299069.969937
CH,TXG_FOB_USD,W00,2018,309861.337236
CH,TXG_FOB_USD,W00,2019,313769.87615
CH,TXG_FOB_USD,W00,2020,313969.861637
CH,TXG_FOB_USD,W00,2021,379401.55237
CH,TXG_FOB_USD,W00,2022,401751.970003
CH,TXG_FOB_USD,W00,2023,420098.038645
CH,TXG_FOB_USD,W00,2024,446511.808771
CI,TMG_CIF_USD,CN,2015,1210.527849
CI,TMG_CIF_USD,CN,2016,1493.891291
CI,TMG_CIF_USD,CN,2017,1295.90501
CI,TMG_CIF_USD,CN,2018,1641.720582
CI,TMG_CIF_USD,CN,2019,1801.977252
CI,TMG_CIF_USD,CN,2020,1577.348154
CI,TMG_CIF_USD,CN,2021,2151.939176
CI,TMG_CIF_USD,CN,2022,2589.52588
CI,TMG_CIF_USD,CN,2023,2796.680233
CI,TMG_CIF_USD,CN,2024,2373.112813
CI,TMG_CIF_USD,US,2015,372.673734
CI,TMG_CIF_USD,US,2016,324.823792
CI,TMG_CIF_USD,US,2017,387.096949
CI,TMG_CIF_USD,US,2018,371.139524
CI,TMG_CIF_USD,US,2019,522.355967
CI,TMG_CIF_USD,US,2020,423.419525
CI,TMG_CIF_USD,US,2021,667.031012
CI,TMG_CIF_USD,US,2022,844.765268
CI,TMG_CIF_USD,US,2023,736.133247
CI,TMG_CIF_USD,US,2024,683.140668
CI,TMG_CIF_USD,W00,2015,10585.905021
CI,TMG_CIF_USD,W00,2016,8989.78164
CI,TMG_CIF_USD,W00,2017,10077.527643
CI,TMG_CIF_USD,W00,2018,11395.517915
CI,TMG_CIF_USD,W00,2019,10910.828376
CI,TMG_CIF_USD,W00,2020,10970.745992
CI,TMG_CIF_USD,W00,2021,13986.542544
CI,TMG_CIF_USD,W00,2022,18088.376224
CI,TMG_CIF_USD,W00,2023,19567.907962
CI,TMG_CIF_USD,W00,2024,18674.418075
CI,TXG_FOB_USD,CN,2015,95.156908
CI,TXG_FOB_USD,CN,2016,71.321011
CI,TXG_FOB_USD,CN,2017,119.037359
CI,TXG_FOB_USD,CN,2018,178.112281
CI,TXG_FOB_USD,CN,2019,371.260417
CI,TXG_FOB_USD,CN,2020,457.18476
CI,TXG_FOB_USD,CN,2021,2703.954556
CI,TXG_FOB_USD,CN,2022,3273.610146
CI,TXG_FOB_USD,CN,2023,776.713193
CI,TXG_FOB_USD,CN,2024,696.786377
CI,TXG_FOB_USD,US,2015,961.820635
CI,TXG_FOB_USD,US,2016,959.08609
CI,TXG_FOB_USD,US,2017,1186.132416
CI,TXG_FOB_USD,US,2018,1081.58708
CI,TXG_FOB_USD,US,2019,767.522034
CI,TXG_FOB_USD,US,2020,834.817245
CI,TXG_FOB_USD,US,2021,1908.609998
CI,TXG_FOB_USD,US,2022,1731.715107
CI,TXG_FOB_USD,US,2023,767.938166
CI,TXG_FOB_USD,US,2024,691.080705
CI,TXG_FOB_USD,W00,2015,13575.51498
CI,TXG_FOB_USD,W00,2016,11774.926765
CI,TXG_FOB_USD,W00,2017,13641.10945
CI,TXG_FOB_USD,W00,2018,12830.340639
CI,TXG_FOB_USD,W00,2019,13428.402147
CI,TXG_FOB_USD,W00,2020,13287.641437
CI,TXG_FOB_USD,W00,2021,29268.510566
CI,TXG_FOB_USD,W00,2022,34734.783128
CI,TXG_FOB_USD,W00,2023,19629.011723
CI,TXG_FOB_USD,W00,2024,18949.266506
CL,TMG_CIF_USD,CN,2015,14603.89147
CL,TMG_CIF_USD,CN,2016,14320.480496
CL,TMG_CIF_USD,CN,2017,15496.574829
CL,TMG_CIF_USD,CN,2018,17471.852604
CL,TMG_CIF_USD,CN,2019,16526.952685
CL,TMG_CIF_USD,CN,2020,16458.977788
CL,TMG_CIF_USD,CN,2021,27516.884245
CL,TMG_CIF_USD,CN,2022,26474.96104
CL,TMG_CIF_USD,CN,2023,19820.206385
CL,TMG_CIF_USD,CN,2024,21166.299964
CL,TMG_CIF_USD,US,2015,11777.804858
CL,TMG_CIF_USD,US,2016,10325.180894
CL,TMG_CIF_USD,US,2017,11753.651625
CL,TMG_CIF_USD,US,2018,14022.922355
CL,TMG_CIF_USD,US,2019,13747.013131
CL,TMG_CIF_USD,US,2020,10562.710262
CL,TMG_CIF_USD,US,2021,16206.621722
CL,TMG_CIF_USD,US,2022,21852.652827
CL,TMG_CIF_USD,US,2023,17016.266577
CL,TMG_CIF_USD,US,2024,16020.930344
CL,TMG_CIF_USD,W00,2015,62385.28005
CL,TMG_CIF_USD,W00,2016,59375.693884
CL,TMG_CIF_USD,W00,2017,65230.132773
CL,TMG_CIF_USD,W00,2018,74684.570589
CL,TMG_CIF_USD,W00,2019,69888.172667
CL,TMG_CIF_USD,W00,2020,59226.003489
CL,TMG_CIF_USD,W00,2021,92393.47522
CL,TMG_CIF_USD,W00,2022,104690.02678
CL,TMG_CIF_USD,W00,2023,85250.373925
CL,TMG_CIF_USD,W00,2024,84261.873004
CL,TXG_FOB_USD,CN,2015,16219.359328
CL,TXG_FOB_USD,CN,2016,17348.424627
CL,TXG_FOB_USD,CN,2017,18864.183085
CL,TXG_FOB_USD,CN,2018,24879.352805
CL,TXG_FOB_USD,CN,2019,22144.610528
CL,TXG_FOB_USD,CN,2020,28549.649595
CL,TXG_FOB_USD,CN,2021,36278.505648
CL,TXG_FOB_USD,CN,2022,38833.060667
CL,TXG_FOB_USD,CN,2023,35602.075494
CL,TXG_FOB_USD,CN,2024,37624.205053
CL,TXG_FOB_USD,US,2015,8182.954834
CL,TXG_FOB_USD,US,2016,8468.189608
CL,TXG_FOB_USD,US,2017,10050.904914
CL,TXG_FOB_USD,US,2018,10428.923757
CL,TXG_FOB_USD,US,2019,9573.601564
CL,TXG_FOB_USD,US,2020,9698.20018
CL,TXG_FOB_USD,US,2021,15001.705235
CL,TXG_FOB_USD,US,2022,13625.971863
CL,TXG_FOB_USD,US,2023,14447.737814
CL,TXG_FOB_USD,US,2024,15615.060004
CL,TXG_FOB_USD,W00,2015,62031.77511
CL,TXG_FOB_USD,W00,2016,60715.111077
CL,TXG_FOB_USD,W00,2017,68819.712972
CL,TXG_FOB_USD,W00,2018,74704.245842
CL,TXG_FOB_USD,W00,2019,68760.801959
CL,TXG_FOB_USD,W00,2020,73484.581265
CL,TXG_FOB_USD,W00,2021,94603.969282
CL,TXG_FOB_USD,W00,2022,98472.962966
CL,TXG_FOB_USD,W00,2023,92972.794248
CL,TXG_FOB_USD,W00,2024,99164.974423
CM,TMG_CIF_USD,CN,2015,1174.09964
CM,TMG_CIF_USD,CN,2016,1046.767352
CM,TMG_CIF_USD,CN,2017,892.751069
CM,TMG_CIF_USD,CN,2018,1132.492012
CM,TMG_CIF_USD,CN,2019,1060.116318
CM,TMG_CIF_USD,CN,2020,983.652077
CM,TMG_CIF_USD,CN,2021,1186.756832
CM,TMG_CIF_USD,CN,2022,1479.430645
CM,TMG_CIF_USD,CN,2023,1845.984514
CM,TMG_CIF_USD,CN,2024,1789.958554
CM,TMG_CIF_USD,US,2015,225.691264
CM,TMG_CIF_USD,US,2016,175.387504
CM,TMG_CIF_USD,US,2017,180.611233
CM,TMG_CIF_USD,US,2018,238.998406
CM,TMG_CIF_USD,US,2019,169.471039
CM,TMG_CIF_USD,US,2020,245.746348
CM,TMG_CIF_USD,US,2021,197.735681
CM,TMG_CIF_USD,US,2022,235.844732
CM,TMG_CIF_USD,US,2023,254.624852
CM,TMG_CIF_USD,US,2024,224.644225
CM,TMG_CIF_USD,W00,2015,6086.1518
CM,TMG_CIF_USD,W00,2016,5069.225976
CM,TMG_CIF_USD,W00,2017,5349.747554
CM,TMG_CIF_USD,W00,2018,6372.575986
CM,TMG_CIF_USD,W00,2019,6703.070781
CM,TMG_CIF_USD,W00,2020,5812.142818
CM,TMG_CIF_USD,W00,2021,7137.608029
CM,TMG_CIF_USD,W00,2022,8578.689762
CM,TMG_CIF_USD,W00,2023,8804.421086
CM,TMG_CIF_USD,W00,2024,8934.739233
CM,TXG_FOB_USD,CN,2015,506.665375
CM,TXG_FOB_USD,CN,2016,150.646358
CM,TXG_FOB_USD,CN,2017,394.518801
CM,TXG_FOB_USD,CN,2018,944.105048
CM,TXG_FOB_USD,CN,2019,750.774496
CM,TXG_FOB_USD,CN,2020,680.845679
CM,TXG_FOB_USD,CN,2021,1111.717928
CM,TXG_FOB_USD,CN,2022,447.126017
CM,TXG_FOB_USD,CN,2023,355.023832
CM,TXG_FOB_USD,CN,2024,744.908679
CM,TXG_FOB_USD,US,2015,83.268999
CM,TXG_FOB_USD,US,2016,96.680403
CM,TXG_FOB_USD,US,2017,72.789578
CM,TXG_FOB_USD,US,2018,107.073505
CM,TXG_FOB_USD,US,2019,239.250775
CM,TXG_FOB_USD,US,2020,90.757157
CM,TXG_FOB_USD,US,2021,113.282235
CM,TXG_FOB_USD,US,2022,47.000023
CM,TXG_FOB_USD,US,2023,58.344238
CM,TXG_FOB_USD,US,2024,113.480207
CM,TXG_FOB_USD,W00,2015,4127.322837
CM,TXG_FOB_USD,W00,2016,2254.828173
CM,TXG_FOB_USD,W00,2017,3338.917492
CM,TXG_FOB_USD,W00,2018,3913.429361
CM,TXG_FOB_USD,W00,2019,4317.214256
CM,TXG_FOB_USD,W00,2020,3245.366434
CM,TXG_FOB_USD,W00,2021,4409.827269
CM,TXG_FOB_USD,W00,2022,6271.779814
CM,TXG_FOB_USD,W00,2023,4622.774012
CM,TXG_FOB_USD,W00,2024,5766.948436
CN,TMG_CIF_USD,US,2015,144867.084379
CN,TMG_CIF_USD,US,2016,135662.284
CN,TMG_CIF_USD,US,2017,154932.972307
CN,TMG_CIF_USD,US,2018,156259.14028
CN,TMG_CIF_USD,US,2019,123235.65654
CN,TMG_CIF_USD,US,2020,136122.54676
CN,TMG_CIF_USD,US,2021,180838.994567
CN,TMG_CIF_USD,US,2022,178966.16553
CN,TMG_CIF_USD,US,2023,167357.566622
CN,TMG_CIF_USD,US,2024,165375.647565
CN,TMG_CIF_USD,W00,2015,1601760.496925
CN,TMG_CIF_USD,W00,2016,1589460.07
CN,TMG_CIF_USD,W00,2017,1832125.641981
CN,TMG_CIF_USD,W00,2018,2134026.33219
CN,TMG_CIF_USD,W00,2019,2068950.24631
CN,TMG_CIF_USD,W00,2020,2060258.10173
CN,TMG_CIF_USD,W00,2021,2678856.787354
CN,TMG_CIF_USD,W00,2022,2715369.66946
CN,TMG_CIF_USD,W00,2023,2563585.241519
CN,TMG_CIF_USD,W00,2024,2587040.175112
CN,TXG_FOB_USD,US,2015,410782.81502
CN,TXG_FOB_USD,US,2016,389714.449
CN,TXG_FOB_USD,US,2017,433744.887853
CN,TXG_FOB_USD,US,2018,480688.674
CN,TXG_FOB_USD,US,2019,418584.24966
CN,TXG_FOB_USD,US,2020,452832.22287
CN,TXG_FOB_USD,US,2021,577636.302833
CN,TXG_FOB_USD,US,2022,582539.06388
CN,TXG_FOB_USD,US,2023,506980.581369
CN,TXG_FOB_USD,US,2024,525225.232834
CN,TXG_FOB_USD,W00,2015,2280422.891469
CN,TXG_FOB_USD,W00,2016,2136523.806
CN,TXG_FOB_USD,W00,2017,2280048.850109
CN,TXG_FOB_USD,W00,2018,2501304.86935
CN,TXG_FOB_USD,W00,2019,2498531.55599
CN,TXG_FOB_USD,W00,2020,2598014.47769
CN,TXG_FOB_USD,W00,2021,3368216.972663
CN,TXG_FOB_USD,W00,2022,3604481.49075
CN,TXG_FOB_USD,W00,2023,3422170.833729
CN,TXG_FOB_USD,W00,2024,3580263.386003
CO,TMG_CIF_USD,CN,2015,10032.488797
CO,TMG_CIF_USD,CN,2016,8631.420571
CO,TMG_CIF_USD,CN,2017,8754.462958
CO,TMG_CIF_USD,CN,2018,10544.728667
CO,TMG_CIF_USD,CN,2019,10966.761567
CO,TMG_CIF_USD,CN,2020,10398.882143
CO,TMG_CIF_USD,CN,2021,14795.946323
CO,TMG_CIF_USD,CN,2022,18698.740608
CO,TMG_CIF_USD,CN,2023,13566.855232
CO,TMG_CIF_USD,CN,2024,15936.09728
CO,TMG_CIF_USD,US,2015,15583.379935
CO,TMG_CIF_USD,US,2016,11954.247659
CO,TMG_CIF_USD,US,2017,12096.142734
CO,TMG_CIF_USD,US,2018,13095.644075
CO,TMG_CIF_USD,US,2019,13375.297916
CO,TMG_CIF_USD,US,2020,10634.257312
CO,TMG_CIF_USD,US,2021,14191.681509
CO,TMG_CIF_USD,US,2022,18990.694056
CO,TMG_CIF_USD,US,2023,16181.689426
CO,TMG_CIF_USD,US,2024,16677.817447
CO,TMG_CIF_USD,W00,2015,54039.043658
CO,TMG_CIF_USD,W00,2016,44285.431654
CO,TMG_CIF_USD,W00,2017,45709.134525
CO,TMG_CIF_USD,W00,2018,50816.45196
CO,TMG_CIF_USD,W00,2019,52269.957773
CO,TMG_CIF_USD,W00,2020,43183.713134
CO,TMG_CIF_USD,W00,2021,61098.589547
CO,TMG_CIF_USD,W00,2022,76903.831659
CO,TMG_CIF_USD,W00,2023,62614.005929
CO,TMG_CIF_USD,W00,2024,63950.350726
CO,TXG_FOB_USD,CN,2015,1869.206548
CO,TXG_FOB_USD,CN,2016,1162.419793
CO,TXG_FOB_USD,CN,2017,1706.050331
CO,TXG_FOB_USD,CN,2018,3578.188526
CO,TXG_FOB_USD,CN,2019,4547.570696
CO,TXG_FOB_USD,CN,2020,2750.826837
CO,TXG_FOB_USD,CN,2021,3660.96937
CO,TXG_FOB_USD,CN,2022,2166.791488
CO,TXG_FOB_USD,CN,2023,2469.306496
CO,TXG_FOB_USD,CN,2024,2377.1534
CO,TXG_FOB_USD,US,2015,9811.428827
CO,TXG_FOB_USD,US,2016,10359.797541
CO,TXG_FOB_USD,US,2017,10619.504354
CO,TXG_FOB_USD,US,2018,11042.359027
CO,TXG_FOB_USD,US,2019,12148.657202
CO,TXG_FOB_USD,US,2020,9464.790069
CO,TXG_FOB_USD,US,2021,11624.289495
CO,TXG_FOB_USD,US,2022,15302.616942
CO,TXG_FOB_USD,US,2023,13907.755432
CO,TXG_FOB_USD,US,2024,14981.420071
CO,TXG_FOB_USD,W00,2015,35650.76339
CO,TXG_FOB_USD,W00,2016,31390.361512
CO,TXG_FOB_USD,W00,2017,37240.881241
CO,TXG_FOB_USD,W00,2018,41819.392864
CO,TXG_FOB_USD,W00,2019,39485.080766
CO,TXG_FOB_USD,W00,2020,31053.209022
CO,TXG_FOB_USD,W00,2021,41389.989091
CO,TXG_FOB_USD,W00,2022,57105.700449
CO,TXG_FOB_USD,W00,2023,49524.67514
CO,TXG_FOB_USD,W00,2024,49581.630354
CR,TMG_CIF_USD,CN,2015,1947.535997
CR,TMG_CIF_USD,CN,2016,2085.53305
CR,TMG_CIF_USD,CN,2017,2086.154324
CR,TMG_CIF_USD,CN,2018,2271.660429
CR,TMG_CIF_USD,CN,2019,2122.01566
CR,TMG_CIF_USD,CN,2020,2086.744623
CR,TMG_CIF_USD,CN,2021,2932.806257
CR,TMG_CIF_USD,CN,2022,3206.710308
CR,TMG_CIF_USD,CN,2023,3384.384277
CR,TMG_CIF_USD,CN,2024,3978.882201
CR,TMG_CIF_USD,US,2015,6164.438076
CR,TMG_CIF_USD,US,2016,5743.77713
CR,TMG_CIF_USD,US,2017,6104.707179
CR,TMG_CIF_USD,US,2018,6607.564939
CR,TMG_CIF_USD,US,2019,6192.208045
CR,TMG_CIF_USD,US,2020,5226.225976
CR,TMG_CIF_USD,US,2021,6938.432147
CR,TMG_CIF_USD,US,2022,8625.044599
CR,TMG_CIF_USD,US,2023,8571.766486
CR,TMG_CIF_USD,US,2024,8712.162992
CR,TMG_CIF_USD,W00,2015,21312.663796
CR,TMG_CIF_USD,W00,2016,15367.56759
CR,TMG_CIF_USD,W00,2017,15919.993565
CR,TMG_CIF_USD,W00,2018,16707.575268
CR,TMG_CIF_USD,W00,2019,16100.173427
CR,TMG_CIF_USD,W00,2020,13846.332257
CR,TMG_CIF_USD,W00,2021,18335.412569
CR,TMG_CIF_USD,W00,2022,21345.225029
CR,TMG_CIF_USD,W00,2023,22456.277487
CR,TMG_CIF_USD,W00,2024,23860.458771
CR,TXG_FOB_USD,CN,2015,80.174769
CR,TXG_FOB_USD,CN,2016,45.5015
CR,TXG_FOB_USD,CN,2017,111.789119
CR,TXG_FOB_USD,CN,2018,203.067339
CR,TXG_FOB_USD,CN,2019,122.600121
CR,TXG_FOB_USD,CN,2020,185.457007
CR,TXG_FOB_USD,CN,2021,307.11723
CR,TXG_FOB_USD,CN,2022,350.111575
CR,TXG_FOB_USD,CN,2023,416.393211
CR,TXG_FOB_USD,CN,2024,367.594264
CR,TXG_FOB_USD,US,2015,3903.6621
CR,TXG_FOB_USD,US,2016,4064.32898
CR,TXG_FOB_USD,US,2017,4331.843266
CR,TXG_FOB_USD,US,2018,4692.707084
CR,TXG_FOB_USD,US,2019,4846.133342
CR,TXG_FOB_USD,US,2020,5060.219144
CR,TXG_FOB_USD,US,2021,6269.582078
CR,TXG_FOB_USD,US,2022,7025.235102
CR,TXG_FOB_USD,US,2023,8362.22242
CR,TXG_FOB_USD,US,2024,9520.920363
CR,TXG_FOB_USD,W00,2015,13481.79094
CR,TXG_FOB_USD,W00,2016,9912.62927
CR,TXG_FOB_USD,W00,2017,10597.264045
CR,TXG_FOB_USD,W00,2018,11332.202138
CR,TXG_FOB_USD,W00,2019,11444.425554
CR,TXG_FOB_USD,W00,2020,11609.838177
CR,TXG_FOB_USD,W00,2021,14359.849846
CR,TXG_FOB_USD,W00,2022,15711.270417
CR,TXG_FOB_USD,W00,2023,18152.935375
CR,TXG_FOB_USD,W00,2024,19883.947829
CU,TMG_CIF_USD,CN,2015,3025.818302
CU,TMG_CIF_USD,CN,2016,2328.16046
CU,TMG_CIF_USD,CN,2017,1659.428236
CU,TMG_CIF_USD,CN,2018,1544.404643
CU,TMG_CIF_USD,CN,2019,1228.468151
CU,TMG_CIF_USD,CN,2020,963.339056
CU,TMG_CIF_USD,CN,2021,972.05676
CU,TMG_CIF_USD,CN,2022,1125.950552
CU,TMG_CIF_USD,CN,2023,1332.545613
CU,TMG_CIF_USD,CN,2024,1483.256574
CU,TMG_CIF_USD,US,2015,199.873037
CU,TMG_CIF_USD,US,2016,261.876574
CU,TMG_CIF_USD,US,2017,302.36967
CU,TMG_CIF_USD,US,2018,268.171946
CU,TMG_CIF_USD,US,2019,308.311051
CU,TMG_CIF_USD,US,2020,196.151311
CU,TMG_CIF_USD,US,2021,371.005036
CU,TMG_CIF_USD,US,2022,449.946199
CU,TMG_CIF_USD,US,2023,485.721638
CU,TMG_CIF_USD,US,2024,692.607174
CU,TMG_CIF_USD,W00,2015,11749.565066
CU,TMG_CIF_USD,W00,2016,10430.195781
CU,TMG_CIF_USD,W00,2017,10387.653123
CU,TMG_CIF_USD,W00,2018,11677.15299
CU,TMG_CIF_USD,W00,2019,10159.860627
CU,TMG_CIF_USD,W00,2020,7393.689561
CU,TMG_CIF_USD,W00,2021,8743.351154
CU,TMG_CIF_USD,W00,2022,6746.855901
CU,TMG_CIF_USD,W00,2023,7267.125646
CU,TMG_CIF_USD,W00,2024,7892.008211
CU,TXG_FOB_USD,CN,2015,276.422795
CU,TXG_FOB_USD,CN,2016,257.626418
CU,TXG_FOB_USD,CN,2017,364.081241
CU,TXG_FOB_USD,CN,2018,427.483134
CU,TXG_FOB_USD,CN,2019,442.63711
CU,TXG_FOB_USD,CN,2020,371.763268
CU,TXG_FOB_USD,CN,2021,417.708057
CU,TXG_FOB_USD,CN,2022,175.498748
CU,TXG_FOB_USD,CN,2023,159.33736
CU,TXG_FOB_USD,CN,2024,158.360687
CU,TXG_FOB_USD,US,2015,0.007512
CU,TXG_FOB_USD,US,2016,0.007512
CU,TXG_FOB_USD,US,2019,0.041079
CU,TXG_FOB_USD,US,2020,0.033038
CU,TXG_FOB_USD,US,2021,0.725603
CU,TXG_FOB_USD,US,2022,0.001917
CU,TXG_FOB_USD,US,2023,0.001403
CU,TXG_FOB_USD,US,2024,0.001673
CU,TXG_FOB_USD,W00,2015,3081.828681
CU,TXG_FOB_USD,W00,2016,2129.290533
CU,TXG_FOB_USD,W00,2017,2344.712337
CU,TXG_FOB_USD,W00,2018,2314.304744
CU,TXG_FOB_USD,W00,2019,2063.567936
CU,TXG_FOB_USD,W00,2020,1703.441714
CU,TXG_FOB_USD,W00,2021,1967.724349
CU,TXG_FOB_USD,W00,2022,885.549845
CU,TXG_FOB_USD,W00,2023,857.639971
CU,TXG_FOB_USD,W00,2024,775.349493
CV,TMG_CIF_USD,CN,2015,33.485266
CV,TMG_CIF_USD,CN,2016,32.164575
CV,TMG_CIF_USD,CN,2017,42.845872
CV,TMG_CIF_USD,CN,2018,47.253811
CV,TMG_CIF_USD,CN,2019,58.336433
CV,TMG_CIF_USD,CN,2020,69.074931
CV,TMG_CIF_USD,CN,2021,76.638821
CV,TMG_CIF_USD,CN,2022,59.668897
CV,TMG_CIF_USD,CN,2023,96.887572
CV,TMG_CIF_USD,CN,2024,108.759127
CV,TMG_CIF_USD,US,2015,12.306933
CV,TMG_CIF_USD,US,2016,11.181215
CV,TMG_CIF_USD,US,2017,10.129195
CV,TMG_CIF_USD,US,2018,15.131099
CV,TMG_CIF_USD,US,2019,15.416485
CV,TMG_CIF_USD,US,2020,36.665891
CV,TMG_CIF_USD,US,2021,24.511931
CV,TMG_CIF_USD,US,2022,23.033081
CV,TMG_CIF_USD,US,2023,69.593584
CV,TMG_CIF_USD,US,2024,15.457487
CV,TMG_CIF_USD,W00,2015,603.196435
CV,TMG_CIF_USD,W00,2016,667.842279
CV,TMG_CIF_USD,W00,2017,789.557584
CV,TMG_CIF_USD,W00,2018,811.78035
CV,TMG_CIF_USD,W00,2019,1390.186111
CV,TMG_CIF_USD,W00,2020,1151.643983
CV,TMG_CIF_USD,W00,2021,1283.090926
CV,TMG_CIF_USD,W00,2022,1779.403668
CV,TMG_CIF_USD,W00,2023,1810.561028
CV,TMG_CIF_USD,W00,2024,2064.074931
CV,TXG_FOB_USD,CN,2017,0.140534
CV,TXG_FOB_USD,CN,2018,0.470026
CV,TXG_FOB_USD,CN,2019,0.189949
CV,TXG_FOB_USD,CN,2021,0.319852
CV,TXG_FOB_USD,CN,2022,0.055433
CV,TXG_FOB_USD,CN,2023,2.975702
CV,TXG_FOB_USD,CN,2024,0.700609
CV,TXG_FOB_USD,US,2015,1.218536
CV,TXG_FOB_USD,US,2016,0.674449
CV,TXG_FOB_USD,US,2017,1.165864
CV,TXG_FOB_USD,US,2018,1.865143
CV,TXG_FOB_USD,US,2019,2.765278
CV,TXG_FOB_USD,US,2020,2.979297
CV,TXG_FOB_USD,US,2021,5.332879
CV,TXG_FOB_USD,US,2022,4.155924
CV,TXG_FOB_USD,US,2023,3.416575
CV,TXG_FOB_USD,US,2024,9.182483
CV,TXG_FOB_USD,W00,2015,1879.838819
CV,TXG_FOB_USD,W00,2016,997.602709
CV,TXG_FOB_USD,W00,2017,403.390525
CV,TXG_FOB_USD,W00,2018,515.857648
CV,TXG_FOB_USD,W00,2019,621.610254
CV,TXG_FOB_USD,W00,2020,408.887017
CV,TXG_FOB_USD,W00,2021,1270.507788
CV,TXG_FOB_USD,W00,2022,504.043841
CV,TXG_FOB_USD,W00,2023,538.672755
CV,TXG_FOB_USD,W00,2024,538.36322
CW,TMG_CIF_USD,CN,2017,44.45217
CW,TMG_CIF_USD,CN,2018,47.374884
CW,TMG_CIF_USD,CN,2019,37.699396
CW,TMG_CIF_USD,CN,2020,55.233274
CW,TMG_CIF_USD,CN,2021,58.574567
CW,TMG_CIF_USD,CN,2022,80.364097
CW,TMG_CIF_USD,CN,2023,72.697265
CW,TMG_CIF_USD,CN,2024,102.880402
CW,TMG_CIF_USD,US,2017,515.78852
CW,TMG_CIF_USD,US,2018,460.063432
CW,TMG_CIF_USD,US,2019,429.036061
CW,TMG_CIF_USD,US,2020,353.018577
CW,TMG_CIF_USD,US,2021,313.347712
CW,TMG_CIF_USD,US,2022,443.183763
CW,TMG_CIF_USD,US,2023,426.694211
CW,TMG_CIF_USD,US,2024,694.339078
CW,TMG_CIF_USD,W00,2015,92.916698
CW,TMG_CIF_USD,W00,2016,6.901591
CW,TMG_CIF_USD,W00,2017,1779.592645
CW,TMG_CIF_USD,W00,2018,1841.39689
CW,TMG_CIF_USD,W00,2019,1615.699191
CW,TMG_CIF_USD,W00,2020,1349.375724
CW,TMG_CIF_USD,W00,2021,1423.797544
CW,TMG_CIF_USD,W00,2022,1759.278141
CW,TMG_CIF_USD,W00,2023,1775.226389
CW,TMG_CIF_USD,W00,2024,2390.778453
CW,TXG_FOB_USD,CN,2017,0.085755
CW,TXG_FOB_USD,CN,2018,0.067654
CW,TXG_FOB_USD,CN,2020,0.102795
CW,TXG_FOB_USD,CN,2021,0.006296
CW,TXG_FOB_USD,CN,2022,0.01533
CW,TXG_FOB_USD,CN,2023,0.048165
CW,TXG_FOB_USD,CN,2024,0.303454
CW,TXG_FOB_USD,US,2017,19.44844
CW,TXG_FOB_USD,US,2018,13.139795
CW,TXG_FOB_USD,US,2019,9.355241
CW,TXG_FOB_USD,US,2020,8.270779
CW,TXG_FOB_USD,US,2021,10.662304
CW,TXG_FOB_USD,US,2022,9.65619
CW,TXG_FOB_USD,US,2023,12.341372
CW,TXG_FOB_USD,US,2024,5.202728
CW,TXG_FOB_USD,W00,2015,12.203031
CW,TXG_FOB_USD,W00,2016,14.121927
CW,TXG_FOB_USD,W00,2017,131.768132
CW,TXG_FOB_USD,W00,2018,137.886892
CW,TXG_FOB_USD,W00,2019,114.283775
CW,TXG_FOB_USD,W00,2020,89.67305
CW,TXG_FOB_USD,W00,2021,149.172362
CW,TXG_FOB_USD,W00,2022,138.232107
CW,TXG_FOB_USD,W00,2023,104.684491
CW,TXG_FOB_USD,W00,2024,106.819329
CY,TMG_CIF_USD,CN,2015,381.601065
CY,TMG_CIF_USD,CN,2016,601.94098
CY,TMG_CIF_USD,CN,2017,663.938733
CY,TMG_CIF_USD,CN,2018,459.22513
CY,TMG_CIF_USD,CN,2019,458.640406
CY,TMG_CIF_USD,CN,2020,507.861218
CY,TMG_CIF_USD,CN,2021,504.197459
CY,TMG_CIF_USD,CN,2022,936.499632
CY,TMG_CIF_USD,CN,2023,820.350014
CY,TMG_CIF_USD,CN,2024,1014.726233
CY,TMG_CIF_USD,US,2015,54.557111
CY,TMG_CIF_USD,US,2016,154.905275
CY,TMG_CIF_USD,US,2017,89.004235
CY,TMG_CIF_USD,US,2018,102.46219
CY,TMG_CIF_USD,US,2019,150.382169
CY,TMG_CIF_USD,US,2020,66.190384
CY,TMG_CIF_USD,US,2021,135.174359
CY,TMG_CIF_USD,US,2022,93.957131
CY,TMG_CIF_USD,US,2023,146.70111
CY,TMG_CIF_USD,US,2024,261.755265
CY,TMG_CIF_USD,W00,2015,7013.623616
CY,TMG_CIF_USD,W00,2016,7645.654982
CY,TMG_CIF_USD,W00,2017,8937.156966
CY,TMG_CIF_USD,W00,2018,10302.36268
CY,TMG_CIF_USD,W00,2019,8975.11988
CY,TMG_CIF_USD,W00,2020,8520.072284
CY,TMG_CIF_USD,W00,2021,10261.585243
CY,TMG_CIF_USD,W00,2022,11926.159727
CY,TMG_CIF_USD,W00,2023,13379.783216
CY,TMG_CIF_USD,W00,2024,12248.358937
CY,TXG_FOB_USD,CN,2015,42.888899
CY,TXG_FOB_USD,CN,2016,47.732504
CY,TXG_FOB_USD,CN,2017,70.524771
CY,TXG_FOB_USD,CN,2018,76.342913
CY,TXG_FOB_USD,CN,2019,38.472054
CY,TXG_FOB_USD,CN,2020,96.024045
CY,TXG_FOB_USD,CN,2021,60.173441
CY,TXG_FOB_USD,CN,2022,26.188029
CY,TXG_FOB_USD,CN,2023,27.61915
CY,TXG_FOB_USD,CN,2024,33.844397
CY,TXG_FOB_USD,US,2015,38.972142
CY,TXG_FOB_USD,US,2016,66.619822
CY,TXG_FOB_USD,US,2017,49.283985
CY,TXG_FOB_USD,US,2018,99.05842
CY,TXG_FOB_USD,US,2019,76.044418
CY,TXG_FOB_USD,US,2020,87.633386
CY,TXG_FOB_USD,US,2021,88.84854
CY,TXG_FOB_USD,US,2022,102.72762
CY,TXG_FOB_USD,US,2023,148.593386
CY,TXG_FOB_USD,US,2024,57.726792
CY,TXG_FOB_USD,W00,2015,2993.279185
CY,TXG_FOB_USD,W00,2016,2644.842298
CY,TXG_FOB_USD,W00,2017,2908.936434
CY,TXG_FOB_USD,W00,2018,4426.709642
CY,TXG_FOB_USD,W00,2019,2990.671506
CY,TXG_FOB_USD,W00,2020,2865.683498
CY,TXG_FOB_USD,W00,2021,3695.485686
CY,TXG_FOB_USD,W00,2022,3927.721844
CY,TXG_FOB_USD,W00,2023,4589.882875
CY,TXG_FOB_USD,W00,2024,3973.361273
CZ,TMG_CIF_USD,CN,2015,11683.617682
CZ,TMG_CIF_USD,CN,2016,10642.271348
CZ,TMG_CIF_USD,CN,2017,11932.259701
CZ,TMG_CIF_USD,CN,2018,15491.00467
CZ,TMG_CIF_USD,CN,2019,16560.040662
CZ,TMG_CIF_USD,CN,2020,19274.830555
CZ,TMG_CIF_USD,CN,2021,21924.351844
CZ,TMG_CIF_USD,CN,2022,31524.706029
CZ,TMG_CIF_USD,CN,2023,27473.968154
CZ,TMG_CIF_USD,CN,2024,27647.414831
CZ,TMG_CIF_USD,US,2015,2107.086437
CZ,TMG_CIF_USD,US,2016,2083.729908
CZ,TMG_CIF_USD,US,2017,2699.613688
CZ,TMG_CIF_USD,US,2018,3533.88176
CZ,TMG_CIF_USD,US,2019,3527.585657
CZ,TMG_CIF_USD,US,2020,3533.378513
CZ,TMG_CIF_USD,US,2021,4526.533898
CZ,TMG_CIF_USD,US,2022,3812.364777
CZ,TMG_CIF_USD,US,2023,3965.840814
CZ,TMG_CIF_USD,US,2024,3773.813971
CZ,TMG_CIF_USD,W00,2015,140402.308034
CZ,TMG_CIF_USD,W00,2016,141280.050411
CZ,TMG_CIF_USD,W00,2017,160523.125106
CZ,TMG_CIF_USD,W00,2018,182224.797217
CZ,TMG_CIF_USD,W00,2019,177426.927241
CZ,TMG_CIF_USD,W00,2020,170325.461006
CZ,TMG_CIF_USD,W00,2021,209660.890589
CZ,TMG_CIF_USD,W00,2022,232045.898216
CZ,TMG_CIF_USD,W00,2023,229434.483045
CZ,TMG_CIF_USD,W00,2024,231248.852713
CZ,TXG_FOB_USD,CN,2015,1852.894962
CZ,TXG_FOB_USD,CN,2016,1916.101632
CZ,TXG_FOB_USD,CN,2017,2413.645079
CZ,TXG_FOB_USD,CN,2018,2514.99044
CZ,TXG_FOB_USD,CN,2019,2403.308085
CZ,TXG_FOB_USD,CN,2020,2527.077601
CZ,TXG_FOB_USD,CN,2021,2910.49797
CZ,TXG_FOB_USD,CN,2022,2724.168693
CZ,TXG_FOB_USD,CN,2023,2628.073552
CZ,TXG_FOB_USD,CN,2024,3264.107931
CZ,TXG_FOB_USD,US,2015,3740.831532
CZ,TXG_FOB_USD,US,2016,3535.625334
CZ,TXG_FOB_USD,US,2017,3746.701371
CZ,TXG_FOB_USD,US,2018,4135.114392
CZ,TXG_FOB_USD,US,2019,4583.632389
CZ,TXG_FOB_USD,US,2020,4428.99739
CZ,TXG_FOB_USD,US,2021,5259.008433
CZ,TXG_FOB_USD,US,2022,6082.564369
CZ,TXG_FOB_USD,US,2023,6039.056866
CZ,TXG_FOB_USD,US,2024,7152.702061
CZ,TXG_FOB_USD,W00,2015,157745.873384
CZ,TXG_FOB_USD,W00,2016,162490.333824
CZ,TXG_FOB_USD,W00,2017,181900.408679
CZ,TXG_FOB_USD,W00,2018,201979.550877
CZ,TXG_FOB_USD,W00,2019,198978.832562
CZ,TXG_FOB_USD,W00,2020,191867.8402
CZ,TXG_FOB_USD,W00,2021,226435.289994
CZ,TXG_FOB_USD,W00,2022,241536.491279
CZ,TXG_FOB_USD,W00,2023,255412.390188
CZ,TXG_FOB_USD,W00,2024,262935.995489
DE,TMG_CIF_USD,CN,2015,76685.269055
DE,TMG_CIF_USD,CN,2016,77457.576745
DE,TMG_CIF_USD,CN,2017,81816.578768
DE,TMG_CIF_USD,CN,2018,89091.096008
DE,TMG_CIF_USD,CN,2019,86174.767915
DE,TMG_CIF_USD,CN,2020,93725.061319
DE,TMG_CIF_USD,CN,2021,115961.467734
DE,TMG_CIF_USD,CN,2022,137102.42925
DE,TMG_CIF_USD,CN,2023,102464.571769
DE,TMG_CIF_USD,CN,2024,103632.386104
DE,TMG_CIF_USD,US,2015,50045.67407
DE,TMG_CIF_USD,US,2016,48179.074218
DE,TMG_CIF_USD,US,2017,52050.40958
DE,TMG_CIF_USD,US,2018,57378.050948
DE,TMG_CIF_USD,US,2019,60630.785255
DE,TMG_CIF_USD,US,2020,57857.751897
DE,TMG_CIF_USD,US,2021,63657.235065
DE,TMG_CIF_USD,US,2022,73626.70076
DE,TMG_CIF_USD,US,2023,77896.203862
DE,TMG_CIF_USD,US,2024,74657.217186
DE,TMG_CIF_USD,W00,2015,1051068.735121
DE,TMG_CIF_USD,W00,2016,1055211.832645
DE,TMG_CIF_USD,W00,2017,1162767.60349
DE,TMG_CIF_USD,W00,2018,1284311.500412
DE,TMG_CIF_USD,W00,2019,1233949.997549
DE,TMG_CIF_USD,W00,2020,1171759.268854
DE,TMG_CIF_USD,W00,2021,1411401.764037
DE,TMG_CIF_USD,W00,2022,1583009.035039
DE,TMG_CIF_USD,W00,2023,1466985.638036
DE,TMG_CIF_USD,W00,2024,1420706.358647
DE,TXG_FOB_USD,CN,2015,79730.447885
DE,TXG_FOB_USD,CN,2016,85049.342056
DE,TXG_FOB_USD,CN,2017,98705.932955
DE,TXG_FOB_USD,CN,2018,110547.623608
DE,TXG_FOB_USD,CN,2019,107743.120919
DE,TXG_FOB_USD,CN,2020,110373.000303
DE,TXG_FOB_USD,CN,2021,123715.361754
DE,TXG_FOB_USD,CN,2022,112576.15429
DE,TXG_FOB_USD,CN,2023,105276.758818
DE,TXG_FOB_USD,CN,2024,97300.839526
DE,TXG_FOB_USD,US,2015,126938.507431
DE,TXG_FOB_USD,US,2016,118536.836757
DE,TXG_FOB_USD,US,2017,127144.871292
DE,TXG_FOB_USD,US,2018,135287.237749
DE,TXG_FOB_USD,US,2019,133667.051981
DE,TXG_FOB_USD,US,2020,118687.57756
DE,TXG_FOB_USD,US,2021,144897.911342
DE,TXG_FOB_USD,US,2022,163669.278506
DE,TXG_FOB_USD,US,2023,170536.90149
DE,TXG_FOB_USD,US,2024,174481.796545
DE,TXG_FOB_USD,W00,2015,1322677.296434
DE,TXG_FOB_USD,W00,2016,1330908.927779
DE,TXG_FOB_USD,W00,2017,1444070.160896
DE,TXG_FOB_USD,W00,2018,1555270.456253
DE,TXG_FOB_USD,W00,2019,1484633.639077
DE,TXG_FOB_USD,W00,2020,1380164.425262
DE,TXG_FOB_USD,W00,2021,1624312.935157
DE,TXG_FOB_USD,W00,2022,1667272.206432
DE,TXG_FOB_USD,W00,2023,1694679.180427
DE,TXG_FOB_USD,W00,2024,1674460.143242
DJ,TMG_CIF_USD,CN,2015,544.67063
DJ,TMG_CIF_USD,CN,2016,616.274749
DJ,TMG_CIF_USD,CN,2017,599.537552
DJ,TMG_CIF_USD,CN,2018,506.898895
DJ,TMG_CIF_USD,CN,2019,580.301939
DJ,TMG_CIF_USD,CN,2020,612.029813
DJ,TMG_CIF_USD,CN,2021,633.366577
DJ,TMG_CIF_USD,CN,2022,1000.768471
DJ,TMG_CIF_USD,CN,2023,935.978167
DJ,TMG_CIF_USD,CN,2024,803.837181
DJ,TMG_CIF_USD,US,2015,53.789332
DJ,TMG_CIF_USD,US,2016,51.200617
DJ,TMG_CIF_USD,US,2017,55.855008
DJ,TMG_CIF_USD,US,2018,39.858672
DJ,TMG_CIF_USD,US,2019,55.441822
DJ,TMG_CIF_USD,US,2020,71.212811
DJ,TMG_CIF_USD,US,2021,74.051222
DJ,TMG_CIF_USD,US,2022,52.6713
DJ,TMG_CIF_USD,US,2023,66.404661
DJ,TMG_CIF_USD,US,2024,51.902168
DJ,TMG_CIF_USD,W00,2015,2561.595085
DJ,TMG_CIF_USD,W00,2016,2828.642762
DJ,TMG_CIF_USD,W00,2017,3043.312232
DJ,TMG_CIF_USD,W00,2018,3420.21388
DJ,TMG_CIF_USD,W00,2019,3180.883469
DJ,TMG_CIF_USD,W00,2020,3228.515182
DJ,TMG_CIF_USD,W00,2021,4095.524382
DJ,TMG_CIF_USD,W00,2022,5173.498085
DJ,TMG_CIF_USD,W00,2023,5389.559728
DJ,TMG_CIF_USD,W00,2024,4504.22917
DJ,TXG_FOB_USD,CN,2015,1.05383
DJ,TXG_FOB_USD,CN,2016,0.157234
DJ,TXG_FOB_USD,CN,2017,0.016751
DJ,TXG_FOB_USD,CN,2018,0.242661
DJ,TXG_FOB_USD,CN,2019,23.669807
DJ,TXG_FOB_USD,CN,2020,63.427665
DJ,TXG_FOB_USD,CN,2021,69.309019
DJ,TXG_FOB_USD,CN,2022,134.097171
DJ,TXG_FOB_USD,CN,2023,115.903497
DJ,TXG_FOB_USD,CN,2024,19.311911
DJ,TXG_FOB_USD,US,2015,55.376175
DJ,TXG_FOB_USD,US,2016,44.024699
DJ,TXG_FOB_USD,US,2017,54.173446
DJ,TXG_FOB_USD,US,2018,77.023708
DJ,TXG_FOB_USD,US,2019,51.151487
DJ,TXG_FOB_USD,US,2020,74.842165
DJ,TXG_FOB_USD,US,2021,59.891889
DJ,TXG_FOB_USD,US,2022,54.869884
DJ,TXG_FOB_USD,US,2023,76.016271
DJ,TXG_FOB_USD,US,2024,66.183934
DJ,TXG_FOB_USD,W00,2015,2734.738144
DJ,TXG_FOB_USD,W00,2016,2686.991913
DJ,TXG_FOB_USD,W00,2017,2872.275624
DJ,TXG_FOB_USD,W00,2018,3528.500204
DJ,TXG_FOB_USD,W00,2019,3075.822889
DJ,TXG_FOB_USD,W00,2020,3357.851199
DJ,TXG_FOB_USD,W00,2021,3892.286049
DJ,TXG_FOB_USD,W00,2022,4669.733791
DJ,TXG_FOB_USD,W00,2023,4863.349325
DJ,TXG_FOB_USD,W00,2024,3201.255774
DK,TMG_CIF_USD,CN,2015,6233.111806
DK,TMG_CIF_USD,CN,2016,6203.768302
DK,TMG_CIF_USD,CN,2017,6611.072033
DK,TMG_CIF_USD,CN,2018,7201.669985
DK,TMG_CIF_USD,CN,2019,7039.622038
DK,TMG_CIF_USD,CN,2020,7694.016521
DK,TMG_CIF_USD,CN,2021,10137.730911
DK,TMG_CIF_USD,CN,2022,10886.840475
DK,TMG_CIF_USD,CN,2023,7992.518116
DK,TMG_CIF_USD,CN,2024,9415.889484
DK,TMG_CIF_USD,US,2015,2208.382304
DK,TMG_CIF_USD,US,2016,2323.735622
DK,TMG_CIF_USD,US,2017,2385.019576
DK,TMG_CIF_USD,US,2018,2963.802242
DK,TMG_CIF_USD,US,2019,3395.028627
DK,TMG_CIF_USD,US,2020,2951.087137
DK,TMG_CIF_USD,US,2021,4358.770185
DK,TMG_CIF_USD,US,2022,5179.324222
DK,TMG_CIF_USD,US,2023,5694.833029
DK,TMG_CIF_USD,US,2024,7099.52317
DK,TMG_CIF_USD,W00,2015,85594.330861
DK,TMG_CIF_USD,W00,2016,85499.779429
DK,TMG_CIF_USD,W00,2017,92949.71084
DK,TMG_CIF_USD,W00,2018,102702.243147
DK,TMG_CIF_USD,W00,2019,98107.739647
DK,TMG_CIF_USD,W00,2020,98179.770241
DK,TMG_CIF_USD,W00,2021,120171.594769
DK,TMG_CIF_USD,W00,2022,128895.887407
DK,TMG_CIF_USD,W00,2023,119996.883764
DK,TMG_CIF_USD,W00,2024,122536.979036
DK,TXG_FOB_USD,CN,2015,3977.794187
DK,TXG_FOB_USD,CN,2016,4213.585025
DK,TXG_FOB_USD,CN,2017,4518.517307
DK,TXG_FOB_USD,CN,2018,4478.610482
DK,TXG_FOB_USD,CN,2019,5399.223375
DK,TXG_FOB_USD,CN,2020,6374.430857
DK,TXG_FOB_USD,CN,2021,7053.322536
DK,TXG_FOB_USD,CN,2022,5980.775242
DK,TXG_FOB_USD,CN,2023,5758.332722
DK,TXG_FOB_USD,CN,2024,6383.654522
DK,TXG_FOB_USD,US,2015,8004.785641
DK,TXG_FOB_USD,US,2016,7771.169703
DK,TXG_FOB_USD,US,2017,7718.348889
DK,TXG_FOB_USD,US,2018,8885.294569
DK,TXG_FOB_USD,US,2019,11293.562299
DK,TXG_FOB_USD,US,2020,11829.794625
DK,TXG_FOB_USD,US,2021,11685.44676
DK,TXG_FOB_USD,US,2022,12586.881923
DK,TXG_FOB_USD,US,2023,10727.633906
DK,TXG_FOB_USD,US,2024,9265.266756
DK,TXG_FOB_USD,W00,2015,94886.844494
DK,TXG_FOB_USD,W00,2016,94683.28504
DK,TXG_FOB_USD,W00,2017,101808.028215
DK,TXG_FOB_USD,W00,2018,108877.454344
DK,TXG_FOB_USD,W00,2019,109801.550599
DK,TXG_FOB_USD,W00,2020,107692.122125
DK,TXG_FOB_USD,W00,2021,125054.210913
DK,TXG_FOB_USD,W00,2022,130428.624169
DK,TXG_FOB_USD,W00,2023,128489.461041
DK,TXG_FOB_USD,W00,2024,130859.231942
DM,TMG_CIF_USD,CN,2015,7.730698
DM,TMG_CIF_USD,CN,2016,7.427266
DM,TMG_CIF_USD,CN,2017,11.558205
DM,TMG_CIF_USD,CN,2018,17.341221
DM,TMG_CIF_USD,CN,2019,14.408894
DM,TMG_CIF_USD,CN,2020,10.294196
DM,TMG_CIF_USD,CN,2021,12.341067
DM,TMG_CIF_USD,CN,2022,10.527106
DM,TMG_CIF_USD,CN,2023,14.200718
DM,TMG_CIF_USD,CN,2024,9.398048
DM,TMG_CIF_USD,US,2015,83.03072
DM,TMG_CIF_USD,US,2016,81.45836
DM,TMG_CIF_USD,US,2017,71.483038
DM,TMG_CIF_USD,US,2018,120.638714
DM,TMG_CIF_USD,US,2019,108.142896
DM,TMG_CIF_USD,US,2020,70.567071
DM,TMG_CIF_USD,US,2021,76.819346
DM,TMG_CIF_USD,US,2022,94.958112
DM,TMG_CIF_USD,US,2023,108.731933
DM,TMG_CIF_USD,US,2024,69.265
DM,TMG_CIF_USD,W00,2015,311.656654
DM,TMG_CIF_USD,W00,2016,296.436938
DM,TMG_CIF_USD,W00,2017,271.323967
DM,TMG_CIF_USD,W00,2018,423.408891
DM,TMG_CIF_USD,W00,2019,400.792924
DM,TMG_CIF_USD,W00,2020,252.028874
DM,TMG_CIF_USD,W00,2021,268.520102
DM,TMG_CIF_USD,W00,2022,360.908662
DM,TMG_CIF_USD,W00,2023,408.930907
DM,TMG_CIF_USD,W00,2024,346.609534
DM,TXG_FOB_USD,CN,2015,0.000953
DM,TXG_FOB_USD,CN,2016,0.00137
DM,TXG_FOB_USD,CN,2018,0.031826
DM,TXG_FOB_USD,CN,2019,0.000537
DM,TXG_FOB_USD,CN,2020,0.012553
DM,TXG_FOB_USD,CN,2021,0.186541
DM,TXG_FOB_USD,CN,2022,0.00868
DM,TXG_FOB_USD,US,2015,0.909763
DM,TXG_FOB_USD,US,2016,1.260845
DM,TXG_FOB_USD,US,2017,1.232822
DM,TXG_FOB_USD,US,2018,1.234693
DM,TXG_FOB_USD,US,2019,1.150138
DM,TXG_FOB_USD,US,2020,1.217625
DM,TXG_FOB_USD,US,2021,1.284164
DM,TXG_FOB_USD,US,2022,1.915809
DM,TXG_FOB_USD,US,2023,1.75752
DM,TXG_FOB_USD,US,2024,1.659381
DM,TXG_FOB_USD,W00,2015,51.922799
DM,TXG_FOB_USD,W00,2016,19.957559
DM,TXG_FOB_USD,W00,2017,13.911624
DM,TXG_FOB_USD,W00,2018,17.153866
DM,TXG_FOB_USD,W00,2019,15.483273
DM,TXG_FOB_USD,W00,2020,17.835227
DM,TXG_FOB_USD,W00,2021,16.653689
DM,TXG_FOB_USD,W00,2022,21.042621
DM,TXG_FOB_USD,W00,2023,75.081064
DM,TXG_FOB_USD,W00,2024,33.252161
DO,TMG_CIF_USD,CN,2015,2616.664012
DO,TMG_CIF_USD,CN,2016,2710.407871
DO,TMG_CIF_USD,CN,2017,2955.865218
DO,TMG_CIF_USD,CN,2018,3338.520801
DO,TMG_CIF_USD,CN,2019,3637.149
DO,TMG_CIF_USD,CN,2020,3369.529117
DO,TMG_CIF_USD,CN,2021,4747.695041
DO,TMG_CIF_USD,CN,2022,5046.128239
DO,TMG_CIF_USD,CN,2023,5263.64426
DO,TMG_CIF_USD,CN,2024,5411.672554
DO,TMG_CIF_USD,US,2015,7381.612708
DO,TMG_CIF_USD,US,2016,8775.891264
DO,TMG_CIF_USD,US,2017,9201.853102
DO,TMG_CIF_USD,US,2018,9550.636594
DO,TMG_CIF_USD,US,2019,10024.148936
DO,TMG_CIF_USD,US,2020,8019.41638
DO,TMG_CIF_USD,US,2021,13238.167351
DO,TMG_CIF_USD,US,2022,12928.715006
DO,TMG_CIF_USD,US,2023,11180.662969
DO,TMG_CIF_USD,US,2024,11495.094263
DO,TMG_CIF_USD,W00,2015,18307.901888
DO,TMG_CIF_USD,W00,2016,20441.496336
DO,TMG_CIF_USD,W00,2017,20592.441572
DO,TMG_CIF_USD,W00,2018,22546.322873
DO,TMG_CIF_USD,W00,2019,23302.284349
DO,TMG_CIF_USD,W00,2020,19508.305628
DO,TMG_CIF_USD,W00,2021,29218.175137
DO,TMG_CIF_USD,W00,2022,31426.456261
DO,TMG_CIF_USD,W00,2023,29128.758336
DO,TMG_CIF_USD,W00,2024,29947.939897
DO,TXG_FOB_USD,CN,2015,149.344713
DO,TXG_FOB_USD,CN,2016,143.716306
DO,TXG_FOB_USD,CN,2017,190.627251
DO,TXG_FOB_USD,CN,2018,92.980295
DO,TXG_FOB_USD,CN,2019,275.55557
DO,TXG_FOB_USD,CN,2020,181.815662
DO,TXG_FOB_USD,CN,2021,244.16229
DO,TXG_FOB_USD,CN,2022,272.286806
DO,TXG_FOB_USD,CN,2023,290.368226
DO,TXG_FOB_USD,CN,2024,367.615514
DO,TXG_FOB_USD,US,2015,4648.89418
DO,TXG_FOB_USD,US,2016,4745.77526
DO,TXG_FOB_USD,US,2017,5141.148106
DO,TXG_FOB_USD,US,2018,5563.05439
DO,TXG_FOB_USD,US,2019,5901.751098
DO,TXG_FOB_USD,US,2020,5299.447833
DO,TXG_FOB_USD,US,2021,6517.724681
DO,TXG_FOB_USD,US,2022,5093.124303
DO,TXG_FOB_USD,US,2023,7161.801444
DO,TXG_FOB_USD,US,2024,7624.763061
DO,TXG_FOB_USD,W00,2015,14026.094125
DO,TXG_FOB_USD,W00,2016,9785.186255
DO,TXG_FOB_USD,W00,2017,10224.65841
DO,TXG_FOB_USD,W00,2018,10758.011773
DO,TXG_FOB_USD,W00,2019,11287.199351
DO,TXG_FOB_USD,W00,2020,9844.071942
DO,TXG_FOB_USD,W00,2021,11643.220012
DO,TXG_FOB_USD,W00,2022,9836.347229
DO,TXG_FOB_USD,W00,2023,19103.32734
DO,TXG_FOB_USD,W00,2024,20559.653494
DZ,TMG_CIF_USD,CN,2015,7897.350263
DZ,TMG_CIF_USD,CN,2016,8398.991052
DZ,TMG_CIF_USD,CN,2017,8334.546156
DZ,TMG_CIF_USD,CN,2018,7838.096535
DZ,TMG_CIF_USD,CN,2019,7701.350231
DZ,TMG_CIF_USD,CN,2020,5823.581586
DZ,TMG_CIF_USD,CN,2021,6875.714097
DZ,TMG_CIF_USD,CN,2022,6957.258723
DZ,TMG_CIF_USD,CN,2023,8496.400387
DZ,TMG_CIF_USD,CN,2024,10583.954709
DZ,TMG_CIF_USD,US,2015,2602.098711
DZ,TMG_CIF_USD,US,2016,2341.56367
DZ,TMG_CIF_USD,US,2017,267.841023
DZ,TMG_CIF_USD,US,2018,206.314095
DZ,TMG_CIF_USD,US,2019,1444.112025
DZ,TMG_CIF_USD,US,2020,1446.004956
DZ,TMG_CIF_USD,US,2021,1353.074796
DZ,TMG_CIF_USD,US,2022,1613.694515
DZ,TMG_CIF_USD,US,2023,1402.086284
DZ,TMG_CIF_USD,US,2024,1395.766519
DZ,TMG_CIF_USD,W00,2015,49725.081608
DZ,TMG_CIF_USD,W00,2016,47777.615496
DZ,TMG_CIF_USD,W00,2017,49666.991149
DZ,TMG_CIF_USD,W00,2018,49220.174393
DZ,TMG_CIF_USD,W00,2019,46975.014206
DZ,TMG_CIF_USD,W00,2020,37411.587067
DZ,TMG_CIF_USD,W00,2021,39434.241849
DZ,TMG_CIF_USD,W00,2022,40182.642323
DZ,TMG_CIF_USD,W00,2023,42645.624374
DZ,TMG_CIF_USD,W00,2024,47539.063266
DZ,TXG_FOB_USD,CN,2015,654.127997
DZ,TXG_FOB_USD,CN,2016,320.784955
DZ,TXG_FOB_USD,CN,2019,1691.946966
DZ,TXG_FOB_USD,CN,2020,1176.67837
DZ,TXG_FOB_USD,CN,2021,1752.365512
DZ,TXG_FOB_USD,CN,2022,1958.263099
DZ,TXG_FOB_USD,CN,2023,2116.769529
DZ,TXG_FOB_USD,CN,2024,2001.055904
DZ,TXG_FOB_USD,US,2015,2212.200197
DZ,TXG_FOB_USD,US,2016,2895.100858
DZ,TXG_FOB_USD,US,2017,3463.699289
DZ,TXG_FOB_USD,US,2018,3862.187601
DZ,TXG_FOB_USD,US,2019,2204.893377
DZ,TXG_FOB_USD,US,2020,352.166628
DZ,TXG_FOB_USD,US,2021,1545.566362
DZ,TXG_FOB_USD,US,2022,2744.764769
DZ,TXG_FOB_USD,US,2023,3004.728868
DZ,TXG_FOB_USD,US,2024,2558.937386
DZ,TXG_FOB_USD,W00,2015,34563.343366
DZ,TXG_FOB_USD,W00,2016,28960.146207
DZ,TXG_FOB_USD,W00,2017,35146.051552
DZ,TXG_FOB_USD,W00,2018,41168.251685
DZ,TXG_FOB_USD,W00,2019,35312.211881
DZ,TXG_FOB_USD,W00,2020,21925.247904
DZ,TXG_FOB_USD,W00,2021,38434.843397
DZ,TXG_FOB_USD,W00,2022,60317.605944
DZ,TXG_FOB_USD,W00,2023,54774.497398
DZ,TXG_FOB_USD,W00,2024,51441.966696
E1,TMG_CIF_USD,CN,2015,95053.012584
E1,TMG_CIF_USD,CN,2016,100134.771968
E1,TMG_CIF_USD,CN,2017,114989.300741
E1,TMG_CIF_USD,CN,2018,125431.061194
E1,TMG_CIF_USD,CN,2019,130210.685516
E1,TMG_CIF_USD,CN,2020,139728.917815
E1,TMG_CIF_USD,CN,2021,186287.013913
E1,TMG_CIF_USD,CN,2022,210193.707068887
E1,TMG_CIF_USD,CN,2023,247722.707154653
E1,TMG_CIF_USD,CN,2024,262750.011702214
E1,TMG_CIF_USD,US,2015,34391.491165
E1,TMG_CIF_USD,US,2016,33868.623772
E1,TMG_CIF_USD,US,2017,38024.320627
E1,TMG_CIF_USD,US,2018,40305.305324
E1,TMG_CIF_USD,US,2019,41197.954011
E1,TMG_CIF_USD,US,2020,38196.914542
E1,TMG_CIF_USD,US,2021,46557.301001
E1,TMG_CIF_USD,US,2022,40778.3158162074
E1,TMG_CIF_USD,US,2023,38112.4816002599
E1,TMG_CIF_USD,US,2024,41321.9436516097
E1,TMG_CIF_USD,W00,2015,908158.511257
E1,TMG_CIF_USD,W00,2016,906006.47239
E1,TMG_CIF_USD,W00,2017,1075827.298322
E1,TMG_CIF_USD,W00,2018,1165568.105266
E1,TMG_CIF_USD,W00,2019,1148064.598351
E1,TMG_CIF_USD,W00,2020,1115787.740249
E1,TMG_CIF_USD,W00,2021,1415086.811348
E1,TMG_CIF_USD,W00,2022,1547609.82418489
E1,TMG_CIF_USD,W00,2023,1557950.18571014
E1,TMG_CIF_USD,W00,2024,1566801.14054504
E1,TXG_FOB_USD,CN,2015,39293.565535
E1,TXG_FOB_USD,CN,2016,37706.703634
E1,TXG_FOB_USD,CN,2017,50424.456529
E1,TXG_FOB_USD,CN,2018,68190.25497
E1,TXG_FOB_USD,CN,2019,68930.858217
E1,TXG_FOB_USD,CN,2020,67998.953709
E1,TXG_FOB_USD,CN,2021,90340.911766
E1,TXG_FOB_USD,CN,2022,113976.048720735
E1,TXG_FOB_USD,CN,2023,127452.324053718
E1,TXG_FOB_USD,CN,2024,128936.225930071
E1,TXG_FOB_USD,US,2015,26354.197414
E1,TXG_FOB_USD,US,2016,26931.817092
E1,TXG_FOB_USD,US,2017,32326.403356
E1,TXG_FOB_USD,US,2018,36095.125051
E1,TXG_FOB_USD,US,2019,36604.170199
E1,TXG_FOB_USD,US,2020,35595.417724
E1,TXG_FOB_USD,US,2021,51248.783524
E1,TXG_FOB_USD,US,2022,46559.7960586285
E1,TXG_FOB_USD,US,2023,39472.8864403524
E1,TXG_FOB_USD,US,2024,42147.7947892257
E1,TXG_FOB_USD,W00,2015,970692.482899
E1,TXG_FOB_USD,W00,2016,920170.08809
E1,TXG_FOB_USD,W00,2017,1076549.47796
E1,TXG_FOB_USD,W00,2018,1247886.354147
E1,TXG_FOB_USD,W00,2019,1223656.152149
E1,TXG_FOB_USD,W00,2020,1122549.339928
E1,TXG_FOB_USD,W00,2021,1483048.928228
E1,TXG_FOB_USD,W00,2022,1639605.95326765
E1,TXG_FOB_USD,W00,2023,1532020.19954457
E1,TXG_FOB_USD,W00,2024,1513699.96911484
EC,TMG_CIF_USD,CN,2015,4073.756455
EC,TMG_CIF_USD,CN,2016,3090.199123
EC,TMG_CIF_USD,CN,2017,3683.818966
EC,TMG_CIF_USD,CN,2018,4352.612323
EC,TMG_CIF_USD,CN,2019,4496.52005
EC,TMG_CIF_USD,CN,2020,3946.708172
EC,TMG_CIF_USD,CN,2021,6036.903415
EC,TMG_CIF_USD,CN,2022,7280.526344
EC,TMG_CIF_USD,CN,2023,6401.109017
EC,TMG_CIF_USD,CN,2024,6606.686269
EC,TMG_CIF_USD,US,2015,5071.033236
EC,TMG_CIF_USD,US,2016,3766.413179
EC,TMG_CIF_USD,US,2017,3959.836067
EC,TMG_CIF_USD,US,2018,5008.226995
EC,TMG_CIF_USD,US,2019,4637.384774
EC,TMG_CIF_USD,US,2020,3928.28115
EC,TMG_CIF_USD,US,2021,5670.606896
EC,TMG_CIF_USD,US,2022,8568.808348
EC,TMG_CIF_USD,US,2023,8297.062127
EC,TMG_CIF_USD,US,2024,8133.13876
EC,TMG_CIF_USD,W00,2015,21491.211229
EC,TMG_CIF_USD,W00,2016,16324.495678
EC,TMG_CIF_USD,W00,2017,19987.425673
EC,TMG_CIF_USD,W00,2018,23178.56127
EC,TMG_CIF_USD,W00,2019,22537.164813
EC,TMG_CIF_USD,W00,2020,17920.299141
EC,TMG_CIF_USD,W00,2021,25689.45362
EC,TMG_CIF_USD,W00,2022,33048.745372
EC,TMG_CIF_USD,W00,2023,30908.395647
EC,TMG_CIF_USD,W00,2024,37627.729517
EC,TXG_FOB_USD,CN,2015,723.010483
EC,TXG_FOB_USD,CN,2016,656.382016
EC,TXG_FOB_USD,CN,2017,775.905304
EC,TXG_FOB_USD,CN,2018,1507.798628
EC,TXG_FOB_USD,CN,2019,2896.831398
EC,TXG_FOB_USD,CN,2020,3322.341539
EC,TXG_FOB_USD,CN,2021,4074.884604
EC,TXG_FOB_USD,CN,2022,5809.702434
EC,TXG_FOB_USD,CN,2023,5672.881874
EC,TXG_FOB_USD,CN,2024,4643.17234
EC,TXG_FOB_USD,US,2015,7226.22405
EC,TXG_FOB_USD,US,2016,5436.084125
EC,TXG_FOB_USD,US,2017,5955.493936
EC,TXG_FOB_USD,US,2018,6647.899805
EC,TXG_FOB_USD,US,2019,6637.505056
EC,TXG_FOB_USD,US,2020,4764.92567
EC,TXG_FOB_USD,US,2021,6402.85806
EC,TXG_FOB_USD,US,2022,9028.073853
EC,TXG_FOB_USD,US,2023,7402.729208
EC,TXG_FOB_USD,US,2024,6359.630369
EC,TXG_FOB_USD,W00,2015,18330.132415
EC,TXG_FOB_USD,W00,2016,16797.318429
EC,TXG_FOB_USD,W00,2017,19065.661035
EC,TXG_FOB_USD,W00,2018,21651.97439
EC,TXG_FOB_USD,W00,2019,22233.827496
EC,TXG_FOB_USD,W00,2020,20333.131496
EC,TXG_FOB_USD,W00,2021,26699.155442
EC,TXG_FOB_USD,W00,2022,32626.881628
EC,TXG_FOB_USD,W00,2023,31111.786436
EC,TXG_FOB_USD,W00,2024,37916.117401
EE,TMG_CIF_USD,CN,2015,693.624894
EE,TMG_CIF_USD,CN,2016,710.537395
EE,TMG_CIF_USD,CN,2017,775.112564
EE,TMG_CIF_USD,CN,2018,814.246403
EE,TMG_CIF_USD,CN,2019,729.014987
EE,TMG_CIF_USD,CN,2020,856.494916
EE,TMG_CIF_USD,CN,2021,1087.115238
EE,TMG_CIF_USD,CN,2022,1251.152346
EE,TMG_CIF_USD,CN,2023,1026.458523
EE,TMG_CIF_USD,CN,2024,1065.953072
EE,TMG_CIF_USD,US,2015,194.925049
EE,TMG_CIF_USD,US,2016,190.053274
EE,TMG_CIF_USD,US,2017,151.335425
EE,TMG_CIF_USD,US,2018,198.725019
EE,TMG_CIF_USD,US,2019,192.837039
EE,TMG_CIF_USD,US,2020,240.772438
EE,TMG_CIF_USD,US,2021,356.858868
EE,TMG_CIF_USD,US,2022,284.09106
EE,TMG_CIF_USD,US,2023,305.570528
EE,TMG_CIF_USD,US,2024,337.480614
EE,TMG_CIF_USD,W00,2015,14462.603171
EE,TMG_CIF_USD,W00,2016,14882.532963
EE,TMG_CIF_USD,W00,2017,16572.900937
EE,TMG_CIF_USD,W00,2018,19004.329585
EE,TMG_CIF_USD,W00,2019,17949.824257
EE,TMG_CIF_USD,W00,2020,17251.804076
EE,TMG_CIF_USD,W00,2021,23455.356346
EE,TMG_CIF_USD,W00,2022,26621.626208
EE,TMG_CIF_USD,W00,2023,22818.812641
EE,TMG_CIF_USD,W00,2024,22408.501294
EE,TXG_FOB_USD,CN,2015,150.04349
EE,TXG_FOB_USD,CN,2016,185.007638
EE,TXG_FOB_USD,CN,2017,246.177001
EE,TXG_FOB_USD,CN,2018,218.226192
EE,TXG_FOB_USD,CN,2019,185.969596
EE,TXG_FOB_USD,CN,2020,280.968064
EE,TXG_FOB_USD,CN,2021,230.142396
EE,TXG_FOB_USD,CN,2022,218.942322
EE,TXG_FOB_USD,CN,2023,272.817527
EE,TXG_FOB_USD,CN,2024,263.580651
EE,TXG_FOB_USD,US,2015,402.601747
EE,TXG_FOB_USD,US,2016,349.51618
EE,TXG_FOB_USD,US,2017,420.53316
EE,TXG_FOB_USD,US,2018,1085.176182
EE,TXG_FOB_USD,US,2019,1091.891756
EE,TXG_FOB_USD,US,2020,1300.00613
EE,TXG_FOB_USD,US,2021,1974.533971
EE,TXG_FOB_USD,US,2022,1222.366769
EE,TXG_FOB_USD,US,2023,539.743572
EE,TXG_FOB_USD,US,2024,766.216919
EE,TXG_FOB_USD,W00,2015,12748.082096
EE,TXG_FOB_USD,W00,2016,13082.28268
EE,TXG_FOB_USD,W00,2017,14421.32305
EE,TXG_FOB_USD,W00,2018,16806.136466
EE,TXG_FOB_USD,W00,2019,15946.390881
EE,TXG_FOB_USD,W00,2020,16047.72127
EE,TXG_FOB_USD,W00,2021,21216.414076
EE,TXG_FOB_USD,W00,2022,22192.15225
EE,TXG_FOB_USD,W00,2023,19398.973917
EE,TXG_FOB_USD,W00,2024,18648.559099
EG,TMG_CIF_USD,CN,2015,9093.923342
EG,TMG_CIF_USD,CN,2016,4533.900003
EG,TMG_CIF_USD,CN,2017,8107.434628
EG,TMG_CIF_USD,CN,2018,11655.750115
EG,TMG_CIF_USD,CN,2019,12023.615792
EG,TMG_CIF_USD,CN,2020,9055.461592
EG,TMG_CIF_USD,CN,2021,11124.846811
EG,TMG_CIF_USD,CN,2022,11461.707912
EG,TMG_CIF_USD,CN,2023,10700.908429
EG,TMG_CIF_USD,CN,2024,15548.581187
EG,TMG_CIF_USD,US,2015,4097.161121
EG,TMG_CIF_USD,US,2016,2892.000001
EG,TMG_CIF_USD,US,2017,3908.765254
EG,TMG_CIF_USD,US,2018,5523.539294
EG,TMG_CIF_USD,US,2019,5203.077195
EG,TMG_CIF_USD,US,2020,4023.95256
EG,TMG_CIF_USD,US,2021,5593.132001
EG,TMG_CIF_USD,US,2022,5854.716429
EG,TMG_CIF_USD,US,2023,4774.456731
EG,TMG_CIF_USD,US,2024,7612.638485
EG,TMG_CIF_USD,W00,2015,69788.200474
EG,TMG_CIF_USD,W00,2016,52230.700014
EG,TMG_CIF_USD,W00,2017,66765.379052
EG,TMG_CIF_USD,W00,2018,82419.450003
EG,TMG_CIF_USD,W00,2019,78567.624634
EG,TMG_CIF_USD,W00,2020,60289.566148
EG,TMG_CIF_USD,W00,2021,73779.557965
EG,TMG_CIF_USD,W00,2022,80139.803076
EG,TMG_CIF_USD,W00,2023,73944.865229
EG,TMG_CIF_USD,W00,2024,102237.097711
EG,TXG_FOB_USD,CN,2015,425.19395
EG,TXG_FOB_USD,CN,2016,348.1
EG,TXG_FOB_USD,CN,2017,696.552935
EG,TXG_FOB_USD,CN,2018,1041.549122
EG,TXG_FOB_USD,CN,2019,550.433403
EG,TXG_FOB_USD,CN,2020,604.142858
EG,TXG_FOB_USD,CN,2021,1355.110632
EG,TXG_FOB_USD,CN,2022,1798.25665
EG,TXG_FOB_USD,CN,2023,834.380196
EG,TXG_FOB_USD,CN,2024,393.64989
EG,TXG_FOB_USD,US,2015,1080.392546
EG,TXG_FOB_USD,US,2016,1391.799999
EG,TXG_FOB_USD,US,2017,1373.705697
EG,TXG_FOB_USD,US,2018,1733.425621
EG,TXG_FOB_USD,US,2019,2212.55851
EG,TXG_FOB_USD,US,2020,1472.640714
EG,TXG_FOB_USD,US,2021,2300.579672
EG,TXG_FOB_USD,US,2022,2181.706925
EG,TXG_FOB_USD,US,2023,1910.580986
EG,TXG_FOB_USD,US,2024,2259.579848
EG,TXG_FOB_USD,W00,2015,21119.667137
EG,TXG_FOB_USD,W00,2016,19864.70001
EG,TXG_FOB_USD,W00,2017,26436.882423
EG,TXG_FOB_USD,W00,2018,29487.862956
EG,TXG_FOB_USD,W00,2019,30611.977688
EG,TXG_FOB_USD,W00,2020,26827.627421
EG,TXG_FOB_USD,W00,2021,40696.663981
EG,TXG_FOB_USD,W00,2022,48398.807224
EG,TXG_FOB_USD,W00,2023,39858.578539
EG,TXG_FOB_USD,W00,2024,47093.849396
ER,TMG_CIF_USD,CN,2015,142.981288
ER,TMG_CIF_USD,CN,2016,76.908968
ER,TMG_CIF_USD,CN,2017,50.845788
ER,TMG_CIF_USD,CN,2018,50.417378
ER,TMG_CIF_USD,CN,2019,56.193548
ER,TMG_CIF_USD,CN,2020,70.896903
ER,TMG_CIF_USD,CN,2021,77.54313
ER,TMG_CIF_USD,CN,2022,155.902128
ER,TMG_CIF_USD,CN,2023,146.568622
ER,TMG_CIF_USD,CN,2024,167.459601
ER,TMG_CIF_USD,US,2015,2.772089
ER,TMG_CIF_USD,US,2016,2.416092
ER,TMG_CIF_USD,US,2017,3.979759
ER,TMG_CIF_USD,US,2018,6.491879
ER,TMG_CIF_USD,US,2019,11.35137
ER,TMG_CIF_USD,US,2020,14.801625
ER,TMG_CIF_USD,US,2021,21.190207
ER,TMG_CIF_USD,US,2022,25.958573
ER,TMG_CIF_USD,US,2023,25.143869
ER,TMG_CIF_USD,US,2024,29.70239
ER,TMG_CIF_USD,W00,2015,461.383176
ER,TMG_CIF_USD,W00,2016,383.042416
ER,TMG_CIF_USD,W00,2017,381.730954
ER,TMG_CIF_USD,W00,2018,356.524697
ER,TMG_CIF_USD,W00,2019,343.523722
ER,TMG_CIF_USD,W00,2020,360.604802
ER,TMG_CIF_USD,W00,2021,377.257181
ER,TMG_CIF_USD,W00,2022,519.165703
ER,TMG_CIF_USD,W00,2023,498.783755
ER,TMG_CIF_USD,W00,2024,533.296478
ER,TXG_FOB_USD,CN,2015,187.333996
ER,TXG_FOB_USD,CN,2016,167.76766
ER,TXG_FOB_USD,CN,2017,164.354366
ER,TXG_FOB_USD,CN,2018,317.41259
ER,TXG_FOB_USD,CN,2019,209.94036
ER,TXG_FOB_USD,CN,2020,1167.510821
ER,TXG_FOB_USD,CN,2021,372.828219
ER,TXG_FOB_USD,CN,2022,463.88023
ER,TXG_FOB_USD,CN,2023,360.67565
ER,TXG_FOB_USD,CN,2024,441.692227
ER,TXG_FOB_USD,US,2015,0.043641
ER,TXG_FOB_USD,US,2016,0.198555
ER,TXG_FOB_USD,US,2017,0.112842
ER,TXG_FOB_USD,US,2018,0.11628
ER,TXG_FOB_USD,US,2019,0.060604
ER,TXG_FOB_USD,US,2020,0.108042
ER,TXG_FOB_USD,US,2021,0.194787
ER,TXG_FOB_USD,US,2022,0.146414
ER,TXG_FOB_USD,US,2023,0.175939
ER,TXG_FOB_USD,US,2024,0.360523
ER,TXG_FOB_USD,W00,2015,452.788019
ER,TXG_FOB_USD,W00,2016,297.212533
ER,TXG_FOB_USD,W00,2017,263.963043
ER,TXG_FOB_USD,W00,2018,468.246171
ER,TXG_FOB_USD,W00,2019,341.216155
ER,TXG_FOB_USD,W00,2020,1254.165696
ER,TXG_FOB_USD,W00,2021,498.678984
ER,TXG_FOB_USD,W00,2022,597.566856
ER,TXG_FOB_USD,W00,2023,481.336123
ER,TXG_FOB_USD,W00,2024,572.663667
ES,TMG_CIF_USD,CN,2015,21988.428277
ES,TMG_CIF_USD,CN,2016,22038.835474
ES,TMG_CIF_USD,CN,2017,24250.498112
ES,TMG_CIF_USD,CN,2018,26630.710284
ES,TMG_CIF_USD,CN,2019,27815.015011
ES,TMG_CIF_USD,CN,2020,28760.273674
ES,TMG_CIF_USD,CN,2021,36060.639601
ES,TMG_CIF_USD,CN,2022,44181.838849
ES,TMG_CIF_USD,CN,2023,39712.140022
ES,TMG_CIF_USD,CN,2024,39877.482864
ES,TMG_CIF_USD,US,2015,11288.407718
ES,TMG_CIF_USD,US,2016,11681.609324
ES,TMG_CIF_USD,US,2017,12998.074732
ES,TMG_CIF_USD,US,2018,13018.902239
ES,TMG_CIF_USD,US,2019,14760.866916
ES,TMG_CIF_USD,US,2020,13370.067191
ES,TMG_CIF_USD,US,2021,17577.220219
ES,TMG_CIF_USD,US,2022,32050.984912
ES,TMG_CIF_USD,US,2023,26561.325474
ES,TMG_CIF_USD,US,2024,26147.898181
ES,TMG_CIF_USD,W00,2015,311678.089569
ES,TMG_CIF_USD,W00,2016,310732.47
ES,TMG_CIF_USD,W00,2017,351756.450046
ES,TMG_CIF_USD,W00,2018,390206.062861
ES,TMG_CIF_USD,W00,2019,372424.789665
ES,TMG_CIF_USD,W00,2020,325894.748586
ES,TMG_CIF_USD,W00,2021,419263.985182
ES,TMG_CIF_USD,W00,2022,493469.165893
ES,TMG_CIF_USD,W00,2023,469124.788501
ES,TMG_CIF_USD,W00,2024,471139.21485
ES,TXG_FOB_USD,CN,2015,4854.455624
ES,TXG_FOB_USD,CN,2016,5399.654539
ES,TXG_FOB_USD,CN,2017,6722.089869
ES,TXG_FOB_USD,CN,2018,7411.96643
ES,TXG_FOB_USD,CN,2019,7602.906036
ES,TXG_FOB_USD,CN,2020,9384.374928
ES,TXG_FOB_USD,CN,2021,10269.40094
ES,TXG_FOB_USD,CN,2022,8452.003198
ES,TXG_FOB_USD,CN,2023,8120.693736
ES,TXG_FOB_USD,CN,2024,8082.769583
ES,TXG_FOB_USD,US,2015,12748.520388
ES,TXG_FOB_USD,US,2016,12575.550287
ES,TXG_FOB_USD,US,2017,14076.022973
ES,TXG_FOB_USD,US,2018,15090.07439
ES,TXG_FOB_USD,US,2019,15342.223636
ES,TXG_FOB_USD,US,2020,13983.679139
ES,TXG_FOB_USD,US,2021,17522.546551
ES,TXG_FOB_USD,US,2022,19914.386673
ES,TXG_FOB_USD,US,2023,20504.842684
ES,TXG_FOB_USD,US,2024,19662.264108
ES,TXG_FOB_USD,W00,2015,275614.713702
ES,TXG_FOB_USD,W00,2016,284455.975387
ES,TXG_FOB_USD,W00,2017,312500.342798
ES,TXG_FOB_USD,W00,2018,337516.64124
ES,TXG_FOB_USD,W00,2019,326413.989325
ES,TXG_FOB_USD,W00,2020,303882.015685
ES,TXG_FOB_USD,W00,2021,373606.608936
ES,TXG_FOB_USD,W00,2022,403501.943997
ES,TXG_FOB_USD,W00,2023,410316.832019
ES,TXG_FOB_USD,W00,2024,412436.926072
ET,TMG_CIF_USD,CN,2015,6305.849531
ET,TMG_CIF_USD,CN,2016,5292.145664
ET,TMG_CIF_USD,CN,2017,5119.948477
ET,TMG_CIF_USD,CN,2018,4239.239187
ET,TMG_CIF_USD,CN,2019,4272.021142
ET,TMG_CIF_USD,CN,2020,4157.291552
ET,TMG_CIF_USD,CN,2021,4035.056607
ET,TMG_CIF_USD,CN,2022,4960.066685
ET,TMG_CIF_USD,CN,2023,5572.385918
ET,TMG_CIF_USD,CN,2024,6500.30716
ET,TMG_CIF_USD,US,2015,953.758864
ET,TMG_CIF_USD,US,2016,1651.234022
ET,TMG_CIF_USD,US,2017,1260.288176
ET,TMG_CIF_USD,US,2018,1601.304421
ET,TMG_CIF_USD,US,2019,843.847118
ET,TMG_CIF_USD,US,2020,718.359981
ET,TMG_CIF_USD,US,2021,1168.347053
ET,TMG_CIF_USD,US,2022,1102.891783
ET,TMG_CIF_USD,US,2023,1080.898776
ET,TMG_CIF_USD,US,2024,908.472773
ET,TMG_CIF_USD,W00,2015,17683.823715
ET,TMG_CIF_USD,W00,2016,17447.548094
ET,TMG_CIF_USD,W00,2017,15755.197257
ET,TMG_CIF_USD,W00,2018,14984.372017
ET,TMG_CIF_USD,W00,2019,15533.454202
ET,TMG_CIF_USD,W00,2020,14090.449267
ET,TMG_CIF_USD,W00,2021,15284.936184
ET,TMG_CIF_USD,W00,2022,16537.802147
ET,TMG_CIF_USD,W00,2023,17050.191805
ET,TMG_CIF_USD,W00,2024,18061.067084
ET,TXG_FOB_USD,CN,2015,307.191629
ET,TXG_FOB_USD,CN,2016,349.391024
ET,TXG_FOB_USD,CN,2017,288.479345
ET,TXG_FOB_USD,CN,2018,138.514045
ET,TXG_FOB_USD,CN,2019,124.608753
ET,TXG_FOB_USD,CN,2020,91.436889
ET,TXG_FOB_USD,CN,2021,84.470228
ET,TXG_FOB_USD,CN,2022,129.957496
ET,TXG_FOB_USD,CN,2023,131.648662
ET,TXG_FOB_USD,CN,2024,119.631452
ET,TXG_FOB_USD,US,2015,197.785803
ET,TXG_FOB_USD,US,2016,177.307085
ET,TXG_FOB_USD,US,2017,220.624346
ET,TXG_FOB_USD,US,2018,121.507327
ET,TXG_FOB_USD,US,2019,293.962557
ET,TXG_FOB_USD,US,2020,259.41363
ET,TXG_FOB_USD,US,2021,330.214809
ET,TXG_FOB_USD,US,2022,334.63975
ET,TXG_FOB_USD,US,2023,276.456879
ET,TXG_FOB_USD,US,2024,260.066521
ET,TXG_FOB_USD,W00,2015,2023.666527
ET,TXG_FOB_USD,W00,2016,1988.558583
ET,TXG_FOB_USD,W00,2017,2305.973088
ET,TXG_FOB_USD,W00,2018,1548.657557
ET,TXG_FOB_USD,W00,2019,2683.850059
ET,TXG_FOB_USD,W00,2020,2533.363216
ET,TXG_FOB_USD,W00,2021,3057.807968
ET,TXG_FOB_USD,W00,2022,3085.488241
ET,TXG_FOB_USD,W00,2023,2859.560606
ET,TXG_FOB_USD,W00,2024,3530.498909
F1,TMG_CIF_USD,CN,2015,87600.390036
F1,TMG_CIF_USD,CN,2016,75071.218061
F1,TMG_CIF_USD,CN,2017,82436.227399
F1,TMG_CIF_USD,CN,2018,94694.637488
F1,TMG_CIF_USD,CN,2019,98591.973804
F1,TMG_CIF_USD,CN,2020,92481.644548
F1,TMG_CIF_USD,CN,2021,105097.960161
F1,TMG_CIF_USD,CN,2022,117276.852051
F1,TMG_CIF_USD,CN,2023,123732.359807
F1,TMG_CIF_USD,CN,2024,145317.271038
F1,TMG_CIF_USD,US,2015,34729.101079
F1,TMG_CIF_USD,US,2016,29029.906044
F1,TMG_CIF_USD,US,2017,28798.326351
F1,TMG_CIF_USD,US,2018,32295.033783
F1,TMG_CIF_USD,US,2019,33209.506137
F1,TMG_CIF_USD,US,2020,26098.415836
F1,TMG_CIF_USD,US,2021,30896.990719
F1,TMG_CIF_USD,US,2022,35410.871989
F1,TMG_CIF_USD,US,2023,36937.158655
F1,TMG_CIF_USD,US,2024,39189.760636
F1,TMG_CIF_USD,W00,2015,577956.149543
F1,TMG_CIF_USD,W00,2016,509162.994501
F1,TMG_CIF_USD,W00,2017,553319.38658
F1,TMG_CIF_USD,W00,2018,602333.252215
F1,TMG_CIF_USD,W00,2019,595408.797891
F1,TMG_CIF_USD,W00,2020,515172.23544
F1,TMG_CIF_USD,W00,2021,608649.004236
F1,TMG_CIF_USD,W00,2022,710620.435427
F1,TMG_CIF_USD,W00,2023,717642.113099
F1,TMG_CIF_USD,W00,2024,777825.477088
F1,TXG_FOB_USD,CN,2015,42079.943074
F1,TXG_FOB_USD,CN,2016,36390.345674
F1,TXG_FOB_USD,CN,2017,50969.328626
F1,TXG_FOB_USD,CN,2018,68558.518767
F1,TXG_FOB_USD,CN,2019,66357.580571
F1,TXG_FOB_USD,CN,2020,52023.758164
F1,TXG_FOB_USD,CN,2021,73383.11477
F1,TXG_FOB_USD,CN,2022,84272.79028
F1,TXG_FOB_USD,CN,2023,73496.212761
F1,TXG_FOB_USD,CN,2024,82044.220967
F1,TXG_FOB_USD,US,2015,20151.086558
F1,TXG_FOB_USD,US,2016,19609.799932
F1,TXG_FOB_USD,US,2017,22280.062005
F1,TXG_FOB_USD,US,2018,24418.519905
F1,TXG_FOB_USD,US,2019,21839.938531
F1,TXG_FOB_USD,US,2020,16254.701551
F1,TXG_FOB_USD,US,2021,27460.587969
F1,TXG_FOB_USD,US,2022,29939.685028
F1,TXG_FOB_USD,US,2023,27015.26632
F1,TXG_FOB_USD,US,2024,33705.172582
F1,TXG_FOB_USD,W00,2015,431924.702813
F1,TXG_FOB_USD,W00,2016,383401.251052
F1,TXG_FOB_USD,W00,2017,438049.973478
F1,TXG_FOB_USD,W00,2018,508408.59343
F1,TXG_FOB_USD,W00,2019,480536.459329
F1,TXG_FOB_USD,W00,2020,390265.246017
F1,TXG_FOB_USD,W00,2021,562241.751496
F1,TXG_FOB_USD,W00,2022,695142.963085
F1,TXG_FOB_USD,W00,2023,613554.994792
F1,TXG_FOB_USD,W00,2024,681696.061478
F6,TMG_CIF_USD,CN,2015,62735.075727
F6,TMG_CIF_USD,CN,2016,54096.796925
F6,TMG_CIF_USD,CN,2017,57765.636395
F6,TMG_CIF_USD,CN,2018,65174.708545
F6,TMG_CIF_USD,CN,2019,65659.076003
F6,TMG_CIF_USD,CN,2020,63734.546703
F6,TMG_CIF_USD,CN,2021,71103.770409
F6,TMG_CIF_USD,CN,2022,82106.503
F6,TMG_CIF_USD,CN,2023,85919.997253
F6,TMG_CIF_USD,CN,2024,102265.902001
F6,TMG_CIF_USD,US,2015,23704.57833
F6,TMG_CIF_USD,US,2016,19858.430236
F6,TMG_CIF_USD,US,2017,20358.397566
F6,TMG_CIF_USD,US,2018,21286.28847
F6,TMG_CIF_USD,US,2019,21357.35737
F6,TMG_CIF_USD,US,2020,16744.828437
F6,TMG_CIF_USD,US,2021,18965.240107
F6,TMG_CIF_USD,US,2022,21045.778443
F6,TMG_CIF_USD,US,2023,23319.678713
F6,TMG_CIF_USD,US,2024,22620.217897
F6,TMG_CIF_USD,W00,2015,369374.733915
F6,TMG_CIF_USD,W00,2016,324812.725865
F6,TMG_CIF_USD,W00,2017,343810.228526
F6,TMG_CIF_USD,W00,2018,366433.052044
F6,TMG_CIF_USD,W00,2019,362830.662697
F6,TMG_CIF_USD,W00,2020,323974.592317
F6,TMG_CIF_USD,W00,2021,377601.542956
F6,TMG_CIF_USD,W00,2022,449173.303266
F6,TMG_CIF_USD,W00,2023,462732.996486
F6,TMG_CIF_USD,W00,2024,488994.914931
F6,TXG_FOB_USD,CN,2015,37619.019404
F6,TXG_FOB_USD,CN,2016,33159.905001
F6,TXG_FOB_USD,CN,2017,47532.809126
F6,TXG_FOB_USD,CN,2018,61495.715894
F6,TXG_FOB_USD,CN,2019,57304.086806
F6,TXG_FOB_USD,CN,2020,47321.155192
F6,TXG_FOB_USD,CN,2021,64514.050319
F6,TXG_FOB_USD,CN,2022,75586.690498
F6,TXG_FOB_USD,CN,2023,67417.954288
F6,TXG_FOB_USD,CN,2024,77556.613809
F6,TXG_FOB_USD,US,2015,14468.544798
F6,TXG_FOB_USD,US,2016,13481.304567
F6,TXG_FOB_USD,US,2017,15290.014991
F6,TXG_FOB_USD,US,2018,15828.75971
F6,TXG_FOB_USD,US,2019,14351.53158
F6,TXG_FOB_USD,US,2020,12845.00254
F6,TXG_FOB_USD,US,2021,19837.713707
F6,TXG_FOB_USD,US,2022,20848.268803
F6,TXG_FOB_USD,US,2023,18525.179779
F6,TXG_FOB_USD,US,2024,24987.221711
F6,TXG_FOB_USD,W00,2015,309581.853038
F6,TXG_FOB_USD,W00,2016,270450.40734
F6,TXG_FOB_USD,W00,2017,307368.860871
F6,TXG_FOB_USD,W00,2018,353970.792311
F6,TXG_FOB_USD,W00,2019,331190.10016
F6,TXG_FOB_USD,W00,2020,280922.194059
F6,TXG_FOB_USD,W00,2021,386216.699697
F6,TXG_FOB_USD,W00,2022,473103.775944
F6,TXG_FOB_USD,W00,2023,406479.376885
F6,TXG_FOB_USD,W00,2024,475385.016373
F97,TMG_CIF_USD,CN,2015,95119.87029
F97,TMG_CIF_USD,CN,2016,83149.770712
F97,TMG_CIF_USD,CN,2017,116979.599441
F97,TMG_CIF_USD,CN,2018,110198.499731
F97,TMG_CIF_USD,CN,2019,121374.361474
F97,TMG_CIF_USD,CN,2020,115272.2255874
F97,TMG_CIF_USD,CN,2021,140160.964543
F97,TMG_CIF_USD,CN,2022,176416.44773
F97,TMG_CIF_USD,CN,2023,193078.373787
F97,TMG_CIF_USD,CN,2024,216962.275757
F97,TMG_CIF_USD,US,2015,61663.707591
F97,TMG_CIF_USD,US,2016,58693.598587
F97,TMG_CIF_USD,US,2017,60110.36641
F97,TMG_CIF_USD,US,2018,60026.004277
F97,TMG_CIF_USD,US,2019,56020.952456
F97,TMG_CIF_USD,US,2020,46370.0696527
F97,TMG_CIF_USD,US,2021,49239.371648
F97,TMG_CIF_USD,US,2022,58344.790873
F97,TMG_CIF_USD,US,2023,66832.543362
F97,TMG_CIF_USD,US,2024,71522.818946
F97,TMG_CIF_USD,W00,2015,700972.113659
F97,TMG_CIF_USD,W00,2016,635310.674075
F97,TMG_CIF_USD,W00,2017,708244.694386
F97,TMG_CIF_USD,W00,2018,711106.919559
F97,TMG_CIF_USD,W00,2019,719524.196922
F97,TMG_CIF_USD,W00,2020,645411.7145388
F97,TMG_CIF_USD,W00,2021,780979.671941
F97,TMG_CIF_USD,W00,2022,933221.176534
F97,TMG_CIF_USD,W00,2023,1014327.406499
F97,TMG_CIF_USD,W00,2024,1132995.148012
F97,TXG_FOB_USD,CN,2015,95836.430613
F97,TXG_FOB_USD,CN,2016,70593.157313
F97,TXG_FOB_USD,CN,2017,92861.821989
F97,TXG_FOB_USD,CN,2018,120698.994327688
F97,TXG_FOB_USD,CN,2019,113516.863612
F97,TXG_FOB_USD,CN,2020,81469.360076
F97,TXG_FOB_USD,CN,2021,129315.098897
F97,TXG_FOB_USD,CN,2022,178934.779498
F97,TXG_FOB_USD,CN,2023,151015.88848
F97,TXG_FOB_USD,CN,2024,142545.595119
F97,TXG_FOB_USD,US,2015,35203.564157
F97,TXG_FOB_USD,US,2016,33734.973238
F97,TXG_FOB_USD,US,2017,38531.451004
F97,TXG_FOB_USD,US,2018,49066.050786
F97,TXG_FOB_USD,US,2019,32363.56204
F97,TXG_FOB_USD,US,2020,21242.854298
F97,TXG_FOB_USD,US,2021,35719.866115
F97,TXG_FOB_USD,US,2022,52079.024482
F97,TXG_FOB_USD,US,2023,40054.39193
F97,TXG_FOB_USD,US,2024,37858.819545
F97,TXG_FOB_USD,W00,2015,758044.095539
F97,TXG_FOB_USD,W00,2016,655134.300789
F97,TXG_FOB_USD,W00,2017,778123.685546
F97,TXG_FOB_USD,W00,2018,964449.686273688
F97,TXG_FOB_USD,W00,2019,851366.957295
F97,TXG_FOB_USD,W00,2020,614627.720886
F97,TXG_FOB_USD,W00,2021,942871.217666
F97,TXG_FOB_USD,W00,2022,1327583.359295
F97,TXG_FOB_USD,W00,2023,1126055.033153
F97,TXG_FOB_USD,W00,2024,1052877.068578
FI,TMG_CIF_USD,CN,2015,2176.844022
FI,TMG_CIF_USD,CN,2016,2147.34085
FI,TMG_CIF_USD,CN,2017,2309.758789
FI,TMG_CIF_USD,CN,2018,2514.055074
FI,TMG_CIF_USD,CN,2019,2576.141822
FI,TMG_CIF_USD,CN,2020,2856.718434
FI,TMG_CIF_USD,CN,2021,3952.396901
FI,TMG_CIF_USD,CN,2022,5198.323633
FI,TMG_CIF_USD,CN,2023,3995.360055
FI,TMG_CIF_USD,CN,2024,4392.38123
FI,TMG_CIF_USD,US,2015,1461.15888
FI,TMG_CIF_USD,US,2016,1436.035982
FI,TMG_CIF_USD,US,2017,1363.782135
FI,TMG_CIF_USD,US,2018,1633.97561
FI,TMG_CIF_USD,US,2019,1584.833207
FI,TMG_CIF_USD,US,2020,1303.487352
FI,TMG_CIF_USD,US,2021,1666.545545
FI,TMG_CIF_USD,US,2022,3148.989455
FI,TMG_CIF_USD,US,2023,3108.076375
FI,TMG_CIF_USD,US,2024,2810.159408
FI,TMG_CIF_USD,W00,2015,60268.408356
FI,TMG_CIF_USD,W00,2016,60654.277814
FI,TMG_CIF_USD,W00,2017,70077.538211
FI,TMG_CIF_USD,W00,2018,77745.925825
FI,TMG_CIF_USD,W00,2019,73430.839026
FI,TMG_CIF_USD,W00,2020,67974.75259
FI,TMG_CIF_USD,W00,2021,85505.176543
FI,TMG_CIF_USD,W00,2022,96526.809082
FI,TMG_CIF_USD,W00,2023,82824.201703
FI,TMG_CIF_USD,W00,2024,80394.2297
FI,TXG_FOB_USD,CN,2015,2805.41284
FI,TXG_FOB_USD,CN,2016,3011.965165
FI,TXG_FOB_USD,CN,2017,3900.090542
FI,TXG_FOB_USD,CN,2018,4228.214577
FI,TXG_FOB_USD,CN,2019,3976.88905
FI,TXG_FOB_USD,CN,2020,3508.409936
FI,TXG_FOB_USD,CN,2021,4312.941343
FI,TXG_FOB_USD,CN,2022,4243.303705
FI,TXG_FOB_USD,CN,2023,3852.525364
FI,TXG_FOB_USD,CN,2024,3785.97725
FI,TXG_FOB_USD,US,2015,4179.575029
FI,TXG_FOB_USD,US,2016,4485.199675
FI,TXG_FOB_USD,US,2017,4740.412877
FI,TXG_FOB_USD,US,2018,5276.195062
FI,TXG_FOB_USD,US,2019,5528.299497
FI,TXG_FOB_USD,US,2020,5761.95912
FI,TXG_FOB_USD,US,2021,5638.636391
FI,TXG_FOB_USD,US,2022,8121.072596
FI,TXG_FOB_USD,US,2023,9180.889007
FI,TXG_FOB_USD,US,2024,7517.171204
FI,TXG_FOB_USD,W00,2015,59556.458627
FI,TXG_FOB_USD,W00,2016,57666.737364
FI,TXG_FOB_USD,W00,2017,67744.871227
FI,TXG_FOB_USD,W00,2018,74914.825613
FI,TXG_FOB_USD,W00,2019,72157.758592
FI,TXG_FOB_USD,W00,2020,66001.562911
FI,TXG_FOB_USD,W00,2021,81791.458403
FI,TXG_FOB_USD,W00,2022,85507.916719
FI,TXG_FOB_USD,W00,2023,81088.446326
FI,TXG_FOB_USD,W00,2024,76777.619138
FJ,TMG_CIF_USD,CN,2015,331.722124
FJ,TMG_CIF_USD,CN,2016,350.90622
FJ,TMG_CIF_USD,CN,2017,381.346094
FJ,TMG_CIF_USD,CN,2018,445.049245
FJ,TMG_CIF_USD,CN,2019,348.583383
FJ,TMG_CIF_USD,CN,2020,282.524481
FJ,TMG_CIF_USD,CN,2021,323.696483
FJ,TMG_CIF_USD,CN,2022,467.195884
FJ,TMG_CIF_USD,CN,2023,465.757344
FJ,TMG_CIF_USD,CN,2024,496.189105
FJ,TMG_CIF_USD,US,2015,66.0517
FJ,TMG_CIF_USD,US,2016,63.728409
FJ,TMG_CIF_USD,US,2017,68.831769
FJ,TMG_CIF_USD,US,2018,61.950571
FJ,TMG_CIF_USD,US,2019,79.057916
FJ,TMG_CIF_USD,US,2020,70.047743
FJ,TMG_CIF_USD,US,2021,231.24739
FJ,TMG_CIF_USD,US,2022,86.543458
FJ,TMG_CIF_USD,US,2023,158.908235
FJ,TMG_CIF_USD,US,2024,187.469884
FJ,TMG_CIF_USD,W00,2015,2325.340115
FJ,TMG_CIF_USD,W00,2016,2353.871735
FJ,TMG_CIF_USD,W00,2017,2474.544529
FJ,TMG_CIF_USD,W00,2018,2725.554979
FJ,TMG_CIF_USD,W00,2019,2779.02546
FJ,TMG_CIF_USD,W00,2020,1731.714913
FJ,TMG_CIF_USD,W00,2021,2164.900239
FJ,TMG_CIF_USD,W00,2022,2987.939803
FJ,TMG_CIF_USD,W00,2023,3095.297526
FJ,TMG_CIF_USD,W00,2024,3282.984228
FJ,TXG_FOB_USD,CN,2015,51.16505
FJ,TXG_FOB_USD,CN,2016,47.098942
FJ,TXG_FOB_USD,CN,2017,49.679684
FJ,TXG_FOB_USD,CN,2018,56.491734
FJ,TXG_FOB_USD,CN,2019,37.217641
FJ,TXG_FOB_USD,CN,2020,41.083795
FJ,TXG_FOB_USD,CN,2021,47.053422
FJ,TXG_FOB_USD,CN,2022,30.066045
FJ,TXG_FOB_USD,CN,2023,32.380429
FJ,TXG_FOB_USD,CN,2024,33.094923
FJ,TXG_FOB_USD,US,2015,162.477568
FJ,TXG_FOB_USD,US,2016,168.969162
FJ,TXG_FOB_USD,US,2017,184.090408
FJ,TXG_FOB_USD,US,2018,181.553869
FJ,TXG_FOB_USD,US,2019,225.72605
FJ,TXG_FOB_USD,US,2020,167.670702
FJ,TXG_FOB_USD,US,2021,213.323354
FJ,TXG_FOB_USD,US,2022,219.132104
FJ,TXG_FOB_USD,US,2023,211.465842
FJ,TXG_FOB_USD,US,2024,215.837102
FJ,TXG_FOB_USD,W00,2015,1188.981811
FJ,TXG_FOB_USD,W00,2016,1127.473673
FJ,TXG_FOB_USD,W00,2017,1268.732418
FJ,TXG_FOB_USD,W00,2018,1005.33042
FJ,TXG_FOB_USD,W00,2019,1026.415287
FJ,TXG_FOB_USD,W00,2020,828.411017
FJ,TXG_FOB_USD,W00,2021,892.35386
FJ,TXG_FOB_USD,W00,2022,1049.353865
FJ,TXG_FOB_USD,W00,2023,1064.202198
FJ,TXG_FOB_USD,W00,2024,1514.953487
FK,TMG_CIF_USD,CN,2023,0.504475
FK,TMG_CIF_USD,CN,2024,0.10015
FK,TMG_CIF_USD,US,2015,3.092773
FK,TMG_CIF_USD,US,2016,1.577898
FK,TMG_CIF_USD,US,2017,0.511014
FK,TMG_CIF_USD,US,2018,0.227857
FK,TMG_CIF_USD,US,2019,0.33685
FK,TMG_CIF_USD,US,2020,0.323947
FK,TMG_CIF_USD,US,2021,0.355916
FK,TMG_CIF_USD,US,2022,0.173938
FK,TMG_CIF_USD,US,2023,0.500828
FK,TMG_CIF_USD,US,2024,4.338015
FK,TMG_CIF_USD,W00,2015,268.553016
FK,TMG_CIF_USD,W00,2016,90.443336
FK,TMG_CIF_USD,W00,2017,123.628146
FK,TMG_CIF_USD,W00,2018,138.379999
FK,TMG_CIF_USD,W00,2019,101.545586
FK,TMG_CIF_USD,W00,2020,123.055352
FK,TMG_CIF_USD,W00,2021,156.987355
FK,TMG_CIF_USD,W00,2022,124.528178
FK,TMG_CIF_USD,W00,2023,199.599457
FK,TMG_CIF_USD,W00,2024,271.559442
FK,TXG_FOB_USD,CN,2023,9.6e-05
FK,TXG_FOB_USD,CN,2024,0.000139
FK,TXG_FOB_USD,US,2015,13.460069
FK,TXG_FOB_USD,US,2016,18.659048
FK,TXG_FOB_USD,US,2017,11.064918
FK,TXG_FOB_USD,US,2018,12.312812
FK,TXG_FOB_USD,US,2019,17.768968
FK,TXG_FOB_USD,US,2020,10.758667
FK,TXG_FOB_USD,US,2021,11.5312
FK,TXG_FOB_USD,US,2022,29.582785
FK,TXG_FOB_USD,US,2023,25.400629
FK,TXG_FOB_USD,US,2024,21.468549
FK,TXG_FOB_USD,W00,2015,185.68508
FK,TXG_FOB_USD,W00,2016,240.576554
FK,TXG_FOB_USD,W00,2017,195.885296
FK,TXG_FOB_USD,W00,2018,272.401518
FK,TXG_FOB_USD,W00,2019,294.709
FK,TXG_FOB_USD,W00,2020,278.070256
FK,TXG_FOB_USD,W00,2021,318.103326
FK,TXG_FOB_USD,W00,2022,382.186175
FK,TXG_FOB_USD,W00,2023,341.597312
FK,TXG_FOB_USD,W00,2024,339.625599
FM,TMG_CIF_USD,CN,2015,5.075304
FM,TMG_CIF_USD,CN,2016,11.942304
FM,TMG_CIF_USD,CN,2017,31.683625
FM,TMG_CIF_USD,CN,2018,23.973564
FM,TMG_CIF_USD,CN,2019,23.814504
FM,TMG_CIF_USD,CN,2020,25.47254
FM,TMG_CIF_USD,CN,2021,25.197964
FM,TMG_CIF_USD,CN,2022,35.608224
FM,TMG_CIF_USD,CN,2023,31.287943
FM,TMG_CIF_USD,CN,2024,34.812912
FM,TMG_CIF_USD,US,2015,69.380856
FM,TMG_CIF_USD,US,2016,77.360856
FM,TMG_CIF_USD,US,2017,114.208404
FM,TMG_CIF_USD,US,2018,116.123883
FM,TMG_CIF_USD,US,2019,114.684226
FM,TMG_CIF_USD,US,2020,127.174984
FM,TMG_CIF_USD,US,2021,118.805316
FM,TMG_CIF_USD,US,2022,132.323983
FM,TMG_CIF_USD,US,2023,121.391933
FM,TMG_CIF_USD,US,2024,119.870438
FM,TMG_CIF_USD,W00,2015,327.117432
FM,TMG_CIF_USD,W00,2016,412.88141
FM,TMG_CIF_USD,W00,2017,892.45925
FM,TMG_CIF_USD,W00,2018,747.457743
FM,TMG_CIF_USD,W00,2019,704.600217
FM,TMG_CIF_USD,W00,2020,747.581007
FM,TMG_CIF_USD,W00,2021,709.191749
FM,TMG_CIF_USD,W00,2022,791.664941
FM,TMG_CIF_USD,W00,2023,890.779603
FM,TMG_CIF_USD,W00,2024,731.620004
FM,TXG_FOB_USD,CN,2016,0.365094
FM,TXG_FOB_USD,CN,2017,10.996943
FM,TXG_FOB_USD,CN,2018,21.570387
FM,TXG_FOB_USD,CN,2019,11.862793
FM,TXG_FOB_USD,CN,2020,6.959711
FM,TXG_FOB_USD,CN,2021,16.447452
FM,TXG_FOB_USD,CN,2022,0.095178
FM,TXG_FOB_USD,CN,2023,30.785216
FM,TXG_FOB_USD,CN,2024,89.372744
FM,TXG_FOB_USD,US,2015,0.7329
FM,TXG_FOB_USD,US,2016,0.86582
FM,TXG_FOB_USD,US,2017,1.65362
FM,TXG_FOB_USD,US,2018,1.587027
FM,TXG_FOB_USD,US,2019,2.290716
FM,TXG_FOB_USD,US,2020,3.500868
FM,TXG_FOB_USD,US,2021,3.132548
FM,TXG_FOB_USD,US,2022,2.896471
FM,TXG_FOB_USD,US,2023,2.60615
FM,TXG_FOB_USD,US,2024,3.17299
FM,TXG_FOB_USD,W00,2015,19.563637
FM,TXG_FOB_USD,W00,2016,51.902838
FM,TXG_FOB_USD,W00,2017,126.447122
FM,TXG_FOB_USD,W00,2018,232.691466
FM,TXG_FOB_USD,W00,2019,255.17536
FM,TXG_FOB_USD,W00,2020,181.117224
FM,TXG_FOB_USD,W00,2021,279.547834
FM,TXG_FOB_USD,W00,2022,276.801616
FM,TXG_FOB_USD,W00,2023,275.688821
FM,TXG_FOB_USD,W00,2024,366.438921
FO,TMG_CIF_USD,CN,2015,188.534635
FO,TMG_CIF_USD,CN,2016,129.590892
FO,TMG_CIF_USD,CN,2017,129.913224
FO,TMG_CIF_USD,CN,2018,130.520832
FO,TMG_CIF_USD,CN,2019,131.839842
FO,TMG_CIF_USD,CN,2020,129.08559
FO,TMG_CIF_USD,CN,2021,129.512362
FO,TMG_CIF_USD,CN,2022,130.048222
FO,TMG_CIF_USD,CN,2023,130.001855
FO,TMG_CIF_USD,CN,2024,130.518619
FO,TMG_CIF_USD,US,2015,2.390632
FO,TMG_CIF_USD,US,2016,2.633868
FO,TMG_CIF_USD,US,2017,2.081351
FO,TMG_CIF_USD,US,2018,2.46493
FO,TMG_CIF_USD,US,2019,3.243071
FO,TMG_CIF_USD,US,2020,2.856879
FO,TMG_CIF_USD,US,2021,3.102841
FO,TMG_CIF_USD,US,2022,1.588614
FO,TMG_CIF_USD,US,2023,3.286623
FO,TMG_CIF_USD,US,2024,1.403732
FO,TMG_CIF_USD,W00,2015,1232.384688
FO,TMG_CIF_USD,W00,2016,1172.054564
FO,TMG_CIF_USD,W00,2017,1202.261057
FO,TMG_CIF_USD,W00,2018,1310.558002
FO,TMG_CIF_USD,W00,2019,1400.24159
FO,TMG_CIF_USD,W00,2020,1412.146824
FO,TMG_CIF_USD,W00,2021,1539.902778
FO,TMG_CIF_USD,W00,2022,1980.073072
FO,TMG_CIF_USD,W00,2023,1955.425065
FO,TMG_CIF_USD,W00,2024,2097.224224
FO,TXG_FOB_USD,CN,2015,160.91939
FO,TXG_FOB_USD,CN,2016,136.6746
FO,TXG_FOB_USD,CN,2017,133.437371
FO,TXG_FOB_USD,CN,2018,159.5827
FO,TXG_FOB_USD,CN,2019,189.1733
FO,TXG_FOB_USD,CN,2020,103.849481
FO,TXG_FOB_USD,CN,2021,125.059758
FO,TXG_FOB_USD,CN,2022,148.3533
FO,TXG_FOB_USD,CN,2023,127.549454
FO,TXG_FOB_USD,CN,2024,168.865294
FO,TXG_FOB_USD,US,2015,65.137321
FO,TXG_FOB_USD,US,2016,89.575852
FO,TXG_FOB_USD,US,2017,78.888438
FO,TXG_FOB_USD,US,2018,73.613116
FO,TXG_FOB_USD,US,2019,94.293817
FO,TXG_FOB_USD,US,2020,81.66469
FO,TXG_FOB_USD,US,2021,122.532607
FO,TXG_FOB_USD,US,2022,168.1101
FO,TXG_FOB_USD,US,2023,182.20825
FO,TXG_FOB_USD,US,2024,165.860631
FO,TXG_FOB_USD,W00,2015,1277.089652
FO,TXG_FOB_USD,W00,2016,1435.163729
FO,TXG_FOB_USD,W00,2017,1550.919734
FO,TXG_FOB_USD,W00,2018,1519.801139
FO,TXG_FOB_USD,W00,2019,1677.156032
FO,TXG_FOB_USD,W00,2020,1478.619
FO,TXG_FOB_USD,W00,2021,1619.69627
FO,TXG_FOB_USD,W00,2022,2173.063455
FO,TXG_FOB_USD,W00,2023,2408.762987
FO,TXG_FOB_USD,W00,2024,2455.737395
FR,TMG_CIF_USD,CN,2015,30681.103541
FR,TMG_CIF_USD,CN,2016,29304.991723
FR,TMG_CIF_USD,CN,2017,31809.915569
FR,TMG_CIF_USD,CN,2018,35590.706555
FR,TMG_CIF_USD,CN,2019,35936.940408
FR,TMG_CIF_USD,CN,2020,41111.523687
FR,TMG_CIF_USD,CN,2021,48094.995155
FR,TMG_CIF_USD,CN,2022,51740.830589
FR,TMG_CIF_USD,CN,2023,45460.625134
FR,TMG_CIF_USD,CN,2024,47553.299106
FR,TMG_CIF_USD,US,2015,31467.545974
FR,TMG_CIF_USD,US,2016,32869.08261
FR,TMG_CIF_USD,US,2017,32830.904771
FR,TMG_CIF_USD,US,2018,35454.318508
FR,TMG_CIF_USD,US,2019,36851.604246
FR,TMG_CIF_USD,US,2020,27881.41143
FR,TMG_CIF_USD,US,2021,31650.349357
FR,TMG_CIF_USD,US,2022,56004.917567
FR,TMG_CIF_USD,US,2023,47430.216781
FR,TMG_CIF_USD,US,2024,47912.969863
FR,TMG_CIF_USD,W00,2015,570164.892324
FR,TMG_CIF_USD,W00,2016,566790.453908
FR,TMG_CIF_USD,W00,2017,617840.035474
FR,TMG_CIF_USD,W00,2018,675451.408649
FR,TMG_CIF_USD,W00,2019,653324.35774
FR,TMG_CIF_USD,W00,2020,580367.824071
FR,TMG_CIF_USD,W00,2021,713771.262739
FR,TMG_CIF_USD,W00,2022,818828.059315
FR,TMG_CIF_USD,W00,2023,783681.887189
FR,TMG_CIF_USD,W00,2024,745833.132727
FR,TXG_FOB_USD,CN,2015,19889.473753
FR,TXG_FOB_USD,CN,2016,17664.782076
FR,TXG_FOB_USD,CN,2017,21392.03588
FR,TXG_FOB_USD,CN,2018,24504.001432
FR,TXG_FOB_USD,CN,2019,23469.736505
FR,TXG_FOB_USD,CN,2020,20137.183775
FR,TXG_FOB_USD,CN,2021,28435.714
FR,TXG_FOB_USD,CN,2022,24920.806079
FR,TXG_FOB_USD,CN,2023,27053.417863
FR,TXG_FOB_USD,CN,2024,25752.24794
FR,TXG_FOB_USD,US,2015,36552.238762
FR,TXG_FOB_USD,US,2016,36557.347592
FR,TXG_FOB_USD,US,2017,38779.573817
FR,TXG_FOB_USD,US,2018,45659.219627
FR,TXG_FOB_USD,US,2019,47541.321285
FR,TXG_FOB_USD,US,2020,37401.932852
FR,TXG_FOB_USD,US,2021,41515.372379
FR,TXG_FOB_USD,US,2022,49121.738111
FR,TXG_FOB_USD,US,2023,47488.765541
FR,TXG_FOB_USD,US,2024,50937.260197
FR,TXG_FOB_USD,W00,2015,502819.119292
FR,TXG_FOB_USD,W00,2016,498444.539613
FR,TXG_FOB_USD,W00,2017,531708.498513
FR,TXG_FOB_USD,W00,2018,577134.727627
FR,TXG_FOB_USD,W00,2019,566717.015311
FR,TXG_FOB_USD,W00,2020,486526.681363
FR,TXG_FOB_USD,W00,2021,581631.581918
FR,TXG_FOB_USD,W00,2022,608039.212085
FR,TXG_FOB_USD,W00,2023,636589.339966
FR,TXG_FOB_USD,W00,2024,625018.752627
GA,TMG_CIF_USD,CN,2015,385.909595
GA,TMG_CIF_USD,CN,2016,705.549754
GA,TMG_CIF_USD,CN,2017,407.270917
GA,TMG_CIF_USD,CN,2018,420.138203
GA,TMG_CIF_USD,CN,2019,465.152632
GA,TMG_CIF_USD,CN,2020,359.648392
GA,TMG_CIF_USD,CN,2021,412.979411
GA,TMG_CIF_USD,CN,2022,494.583359
GA,TMG_CIF_USD,CN,2023,489.730324
GA,TMG_CIF_USD,CN,2024,475.345886
GA,TMG_CIF_USD,US,2015,1147.391399
GA,TMG_CIF_USD,US,2016,309.846157
GA,TMG_CIF_USD,US,2017,1002.813297
GA,TMG_CIF_USD,US,2018,737.11786
GA,TMG_CIF_USD,US,2019,344.947793
GA,TMG_CIF_USD,US,2020,435.232095
GA,TMG_CIF_USD,US,2021,254.294128
GA,TMG_CIF_USD,US,2022,375.645325
GA,TMG_CIF_USD,US,2023,318.359155
GA,TMG_CIF_USD,US,2024,302.062348
GA,TMG_CIF_USD,W00,2015,7227.705922
GA,TMG_CIF_USD,W00,2016,6439.111369
GA,TMG_CIF_USD,W00,2017,4814.794365
GA,TMG_CIF_USD,W00,2018,4199.073955
GA,TMG_CIF_USD,W00,2019,4187.503568
GA,TMG_CIF_USD,W00,2020,3885.077299
GA,TMG_CIF_USD,W00,2021,3823.08989
GA,TMG_CIF_USD,W00,2022,4339.521831
GA,TMG_CIF_USD,W00,2023,4415.354305
GA,TMG_CIF_USD,W00,2024,4153.715187
GA,TXG_FOB_USD,CN,2015,842.475169
GA,TXG_FOB_USD,CN,2016,955.003117
GA,TXG_FOB_USD,CN,2017,1581.014172
GA,TXG_FOB_USD,CN,2018,1866.128842
GA,TXG_FOB_USD,CN,2019,3406.475734
GA,TXG_FOB_USD,CN,2020,2558.615891
GA,TXG_FOB_USD,CN,2021,1969.350847
GA,TXG_FOB_USD,CN,2022,3045.789953
GA,TXG_FOB_USD,CN,2023,3516.33036
GA,TXG_FOB_USD,CN,2024,3173.397694
GA,TXG_FOB_USD,US,2015,337.174655
GA,TXG_FOB_USD,US,2016,107.092842
GA,TXG_FOB_USD,US,2017,483.968691
GA,TXG_FOB_USD,US,2018,392.737235
GA,TXG_FOB_USD,US,2019,101.255928
GA,TXG_FOB_USD,US,2020,127.572664
GA,TXG_FOB_USD,US,2021,60.019756
GA,TXG_FOB_USD,US,2022,253.686121
GA,TXG_FOB_USD,US,2023,162.593832
GA,TXG_FOB_USD,US,2024,293.161456
GA,TXG_FOB_USD,W00,2015,10990.77581
GA,TXG_FOB_USD,W00,2016,9611.046036
GA,TXG_FOB_USD,W00,2017,6255.198561
GA,TXG_FOB_USD,W00,2018,8976.665386
GA,TXG_FOB_USD,W00,2019,7814.901478
GA,TXG_FOB_USD,W00,2020,7472.170572
GA,TXG_FOB_USD,W00,2021,8091.251097
GA,TXG_FOB_USD,W00,2022,10716.342782
GA,TXG_FOB_USD,W00,2023,12837.894915
GA,TXG_FOB_USD,W00,2024,11072.597682
GB,TMG_CIF_USD,CN,2015,61226.962866
GB,TMG_CIF_USD,CN,2016,59575.883134
GB,TMG_CIF_USD,CN,2017,59860.984046
GB,TMG_CIF_USD,CN,2018,63391.696591
GB,TMG_CIF_USD,CN,2019,65529.528079
GB,TMG_CIF_USD,CN,2020,71272.165613
GB,TMG_CIF_USD,CN,2021,88270.375367
GB,TMG_CIF_USD,CN,2022,87376.098052
GB,TMG_CIF_USD,CN,2023,69402.800129
GB,TMG_CIF_USD,CN,2024,73724.142285
GB,TMG_CIF_USD,US,2015,57586.070573
GB,TMG_CIF_USD,US,2016,57103.332369
GB,TMG_CIF_USD,US,2017,58827.516057
GB,TMG_CIF_USD,US,2018,63294.165556
GB,TMG_CIF_USD,US,2019,67079.306634
GB,TMG_CIF_USD,US,2020,48217.901142
GB,TMG_CIF_USD,US,2021,53967.620238
GB,TMG_CIF_USD,US,2022,76524.164539
GB,TMG_CIF_USD,US,2023,71740.820697
GB,TMG_CIF_USD,US,2024,72686.148118
GB,TMG_CIF_USD,W00,2015,625723.196925
GB,TMG_CIF_USD,W00,2016,689190.77225
GB,TMG_CIF_USD,W00,2017,692494.24346
GB,TMG_CIF_USD,W00,2018,727491.06288
GB,TMG_CIF_USD,W00,2019,752112.962493
GB,TMG_CIF_USD,W00,2020,568020.255865
GB,TMG_CIF_USD,W00,2021,679169.082046
GB,TMG_CIF_USD,W00,2022,793266.035321
GB,TMG_CIF_USD,W00,2023,722185.069367
GB,TMG_CIF_USD,W00,2024,733002.60374
GB,TXG_FOB_USD,CN,2015,27424.943843
GB,TXG_FOB_USD,CN,2016,18142.280187
GB,TXG_FOB_USD,CN,2017,21382.916068
GB,TXG_FOB_USD,CN,2018,27701.867662
GB,TXG_FOB_USD,CN,2019,30154.261367
GB,TXG_FOB_USD,CN,2020,23149.520728
GB,TXG_FOB_USD,CN,2021,26082.009861
GB,TXG_FOB_USD,CN,2022,34869.954449
GB,TXG_FOB_USD,CN,2023,25987.360204
GB,TXG_FOB_USD,CN,2024,21358.810389
GB,TXG_FOB_USD,US,2015,66939.965974
GB,TXG_FOB_USD,US,2016,61568.659268
GB,TXG_FOB_USD,US,2017,59098.116091
GB,TXG_FOB_USD,US,2018,65985.304787
GB,TXG_FOB_USD,US,2019,73528.704687
GB,TXG_FOB_USD,US,2020,60988.635327
GB,TXG_FOB_USD,US,2021,68450.591072
GB,TXG_FOB_USD,US,2022,72896.54911
GB,TXG_FOB_USD,US,2023,76442.04136
GB,TXG_FOB_USD,US,2024,73687.833159
GB,TXG_FOB_USD,W00,2015,459686.670413
GB,TXG_FOB_USD,W00,2016,471479.501154
GB,TXG_FOB_USD,W00,2017,492987.355471
GB,TXG_FOB_USD,W00,2018,548069.359197
GB,TXG_FOB_USD,W00,2019,532083.528793
GB,TXG_FOB_USD,W00,2020,402877.58502
GB,TXG_FOB_USD,W00,2021,454905.152433
GB,TXG_FOB_USD,W00,2022,521196.779732
GB,TXG_FOB_USD,W00,2023,487526.189687
GB,TXG_FOB_USD,W00,2024,464425.150516
GD,TMG_CIF_USD,CN,2015,10.44627
GD,TMG_CIF_USD,CN,2016,5.867543
GD,TMG_CIF_USD,CN,2017,9.79382
GD,TMG_CIF_USD,CN,2018,16.8032
GD,TMG_CIF_USD,CN,2019,15.187017
GD,TMG_CIF_USD,CN,2020,14.55155
GD,TMG_CIF_USD,CN,2021,11.540387
GD,TMG_CIF_USD,CN,2022,17.661552
GD,TMG_CIF_USD,CN,2023,24.503031
GD,TMG_CIF_USD,CN,2024,26.286516
GD,TMG_CIF_USD,US,2015,126.783331
GD,TMG_CIF_USD,US,2016,126.874245
GD,TMG_CIF_USD,US,2017,153.816558
GD,TMG_CIF_USD,US,2018,198.226705
GD,TMG_CIF_USD,US,2019,180.470446
GD,TMG_CIF_USD,US,2020,153.621891
GD,TMG_CIF_USD,US,2021,174.53616
GD,TMG_CIF_USD,US,2022,200.270178
GD,TMG_CIF_USD,US,2023,243.690857
GD,TMG_CIF_USD,US,2024,242.106305
GD,TMG_CIF_USD,W00,2015,473.94221
GD,TMG_CIF_USD,W00,2016,383.70123
GD,TMG_CIF_USD,W00,2017,405.455586
GD,TMG_CIF_USD,W00,2018,514.805696
GD,TMG_CIF_USD,W00,2019,479.834585
GD,TMG_CIF_USD,W00,2020,394.551609
GD,TMG_CIF_USD,W00,2021,446.676324
GD,TMG_CIF_USD,W00,2022,589.270109
GD,TMG_CIF_USD,W00,2023,608.758996
GD,TMG_CIF_USD,W00,2024,875.997932
GD,TXG_FOB_USD,CN,2015,0.00246
GD,TXG_FOB_USD,CN,2016,0.246987
GD,TXG_FOB_USD,CN,2017,0.027371
GD,TXG_FOB_USD,CN,2018,0.011315
GD,TXG_FOB_USD,CN,2019,0.017121
GD,TXG_FOB_USD,CN,2020,0.002079
GD,TXG_FOB_USD,CN,2021,0.228418
GD,TXG_FOB_USD,CN,2022,0.035731
GD,TXG_FOB_USD,CN,2023,0.005104
GD,TXG_FOB_USD,CN,2024,0.954623
GD,TXG_FOB_USD,US,2015,5.624099
GD,TXG_FOB_USD,US,2016,6.70929
GD,TXG_FOB_USD,US,2017,5.500795
GD,TXG_FOB_USD,US,2018,6.387718
GD,TXG_FOB_USD,US,2019,7.113366
GD,TXG_FOB_USD,US,2020,4.319183
GD,TXG_FOB_USD,US,2021,5.898709
GD,TXG_FOB_USD,US,2022,6.016931
GD,TXG_FOB_USD,US,2023,4.036102
GD,TXG_FOB_USD,US,2024,3.54525
GD,TXG_FOB_USD,W00,2015,49.738044
GD,TXG_FOB_USD,W00,2016,35.105042
GD,TXG_FOB_USD,W00,2017,30.518156
GD,TXG_FOB_USD,W00,2018,37.746086
GD,TXG_FOB_USD,W00,2019,34.481187
GD,TXG_FOB_USD,W00,2020,24.620484
GD,TXG_FOB_USD,W00,2021,35.163397
GD,TXG_FOB_USD,W00,2022,37.472242
GD,TXG_FOB_USD,W00,2023,46.055092
GD,TXG_FOB_USD,W00,2024,50.835904
GE,TMG_CIF_USD,CN,2015,587.298857
GE,TMG_CIF_USD,CN,2016,547.509571
GE,TMG_CIF_USD,CN,2017,732.646597
GE,TMG_CIF_USD,CN,2018,834.143688
GE,TMG_CIF_USD,CN,2019,858.662133
GE,TMG_CIF_USD,CN,2020,708.952789
GE,TMG_CIF_USD,CN,2021,865.041221
GE,TMG_CIF_USD,CN,2022,1126.500289
GE,TMG_CIF_USD,CN,2023,1329.53406
GE,TMG_CIF_USD,CN,2024,1612.344117
GE,TMG_CIF_USD,US,2015,254.25863
GE,TMG_CIF_USD,US,2016,230.815527
GE,TMG_CIF_USD,US,2017,331.489667
GE,TMG_CIF_USD,US,2018,500.992958
GE,TMG_CIF_USD,US,2019,678.846962
GE,TMG_CIF_USD,US,2020,556.368893
GE,TMG_CIF_USD,US,2021,648.24138
GE,TMG_CIF_USD,US,2022,1013.603979
GE,TMG_CIF_USD,US,2023,2058.779695
GE,TMG_CIF_USD,US,2024,2049.438764
GE,TMG_CIF_USD,W00,2015,7301.686029
GE,TMG_CIF_USD,W00,2016,7335.920121
GE,TMG_CIF_USD,W00,2017,8057.160564
GE,TMG_CIF_USD,W00,2018,9361.247053
GE,TMG_CIF_USD,W00,2019,9517.967501
GE,TMG_CIF_USD,W00,2020,8048.758486
GE,TMG_CIF_USD,W00,2021,10098.59933
GE,TMG_CIF_USD,W00,2022,13539.670982
GE,TMG_CIF_USD,W00,2023,15611.178861
GE,TMG_CIF_USD,W00,2024,16888.791482
GE,TXG_FOB_USD,CN,2015,125.803188
GE,TXG_FOB_USD,CN,2016,174.32972
GE,TXG_FOB_USD,CN,2017,201.701712
GE,TXG_FOB_USD,CN,2018,199.107825
GE,TXG_FOB_USD,CN,2019,207.511791
GE,TXG_FOB_USD,CN,2020,477.256366
GE,TXG_FOB_USD,CN,2021,615.684443
GE,TXG_FOB_USD,CN,2022,736.768892
GE,TXG_FOB_USD,CN,2023,310.888418
GE,TXG_FOB_USD,CN,2024,303.119716
GE,TXG_FOB_USD,US,2015,104.228292
GE,TXG_FOB_USD,US,2016,68.276947
GE,TXG_FOB_USD,US,2017,121.796723
GE,TXG_FOB_USD,US,2018,159.90005
GE,TXG_FOB_USD,US,2019,132.251351
GE,TXG_FOB_USD,US,2020,80.040252
GE,TXG_FOB_USD,US,2021,194.670652
GE,TXG_FOB_USD,US,2022,265.059687
GE,TXG_FOB_USD,US,2023,96.986834
GE,TXG_FOB_USD,US,2024,141.06117
GE,TXG_FOB_USD,W00,2015,2204.134421
GE,TXG_FOB_USD,W00,2016,2117.053492
GE,TXG_FOB_USD,W00,2017,2745.743829
GE,TXG_FOB_USD,W00,2018,3379.656932
GE,TXG_FOB_USD,W00,2019,3797.041231
GE,TXG_FOB_USD,W00,2020,3340.635726
GE,TXG_FOB_USD,W00,2021,4242.456421
GE,TXG_FOB_USD,W00,2022,5582.502212
GE,TXG_FOB_USD,W00,2023,6086.357257
GE,TXG_FOB_USD,W00,2024,6558.688557
GH,TMG_CIF_USD,CN,2015,2478.708619
GH,TMG_CIF_USD,CN,2016,2154.01517
GH,TMG_CIF_USD,CN,2017,2131.538011
GH,TMG_CIF_USD,CN,2018,2253.799314
GH,TMG_CIF_USD,CN,2019,1907.204608
GH,TMG_CIF_USD,CN,2020,2953.975195
GH,TMG_CIF_USD,CN,2021,3674.874805
GH,TMG_CIF_USD,CN,2022,3285.048345
GH,TMG_CIF_USD,CN,2023,3052.876545
GH,TMG_CIF_USD,CN,2024,3659.232534
GH,TMG_CIF_USD,US,2015,1196.962428
GH,TMG_CIF_USD,US,2016,952.640352
GH,TMG_CIF_USD,US,2017,1195.581476
GH,TMG_CIF_USD,US,2018,948.399267
GH,TMG_CIF_USD,US,2019,978.819282
GH,TMG_CIF_USD,US,2020,932.074872
GH,TMG_CIF_USD,US,2021,1149.620632
GH,TMG_CIF_USD,US,2022,1105.526754
GH,TMG_CIF_USD,US,2023,986.723028
GH,TMG_CIF_USD,US,2024,924.704555
GH,TMG_CIF_USD,W00,2015,15301.908478
GH,TMG_CIF_USD,W00,2016,12846.377629
GH,TMG_CIF_USD,W00,2017,12745.876961
GH,TMG_CIF_USD,W00,2018,11812.911346
GH,TMG_CIF_USD,W00,2019,10486.30992
GH,TMG_CIF_USD,W00,2020,14279.114796
GH,TMG_CIF_USD,W00,2021,17842.473317
GH,TMG_CIF_USD,W00,2022,18323.298353
GH,TMG_CIF_USD,W00,2023,16386.697091
GH,TMG_CIF_USD,W00,2024,18679.855169
GH,TXG_FOB_USD,CN,2015,1112.86806
GH,TXG_FOB_USD,CN,2016,960.366864
GH,TXG_FOB_USD,CN,2017,2402.954802
GH,TXG_FOB_USD,CN,2018,2022.50015
GH,TXG_FOB_USD,CN,2019,2791.073959
GH,TXG_FOB_USD,CN,2020,1112.425219
GH,TXG_FOB_USD,CN,2021,1386.530116
GH,TXG_FOB_USD,CN,2022,2143.893102
GH,TXG_FOB_USD,CN,2023,1376.436665
GH,TXG_FOB_USD,CN,2024,1412.46483
GH,TXG_FOB_USD,US,2015,317.72039
GH,TXG_FOB_USD,US,2016,289.29648
GH,TXG_FOB_USD,US,2017,406.828235
GH,TXG_FOB_USD,US,2018,608.941085
GH,TXG_FOB_USD,US,2019,700.62213
GH,TXG_FOB_USD,US,2020,616.820359
GH,TXG_FOB_USD,US,2021,714.298921
GH,TXG_FOB_USD,US,2022,713.78672
GH,TXG_FOB_USD,US,2023,798.679141
GH,TXG_FOB_USD,US,2024,441.366669
GH,TXG_FOB_USD,W00,2015,14069.666662
GH,TXG_FOB_USD,W00,2016,12035.441284
GH,TXG_FOB_USD,W00,2017,14451.819227
GH,TXG_FOB_USD,W00,2018,17077.939522
GH,TXG_FOB_USD,W00,2019,16705.001857
GH,TXG_FOB_USD,W00,2020,14855.92235
GH,TXG_FOB_USD,W00,2021,14824.458182
GH,TXG_FOB_USD,W00,2022,17561.923228
GH,TXG_FOB_USD,W00,2023,16834.095179
GH,TXG_FOB_USD,W00,2024,20455.397653
GI,TMG_CIF_USD,CN,2015,209.570304
GI,TMG_CIF_USD,CN,2016,7.58218
GI,TMG_CIF_USD,CN,2017,4.199191
GI,TMG_CIF_USD,CN,2018,2.922579
GI,TMG_CIF_USD,CN,2019,4.595312
GI,TMG_CIF_USD,CN,2020,3.646079
GI,TMG_CIF_USD,CN,2021,6.391175
GI,TMG_CIF_USD,CN,2022,18.989805
GI,TMG_CIF_USD,CN,2023,7.755044
GI,TMG_CIF_USD,CN,2024,45.358469
GI,TMG_CIF_USD,US,2015,2125.814441
GI,TMG_CIF_USD,US,2016,1878.009211
GI,TMG_CIF_USD,US,2017,1208.315149
GI,TMG_CIF_USD,US,2018,1438.703212
GI,TMG_CIF_USD,US,2019,1334.176579
GI,TMG_CIF_USD,US,2020,878.059792
GI,TMG_CIF_USD,US,2021,830.568459
GI,TMG_CIF_USD,US,2022,268.078196
GI,TMG_CIF_USD,US,2023,265.876899
GI,TMG_CIF_USD,US,2024,689.632309
GI,TMG_CIF_USD,W00,2015,9810.460839
GI,TMG_CIF_USD,W00,2016,8442.26714
GI,TMG_CIF_USD,W00,2017,9464.155452
GI,TMG_CIF_USD,W00,2018,10361.074942
GI,TMG_CIF_USD,W00,2019,8985.887278
GI,TMG_CIF_USD,W00,2020,8340.691609
GI,TMG_CIF_USD,W00,2021,9268.906981
GI,TMG_CIF_USD,W00,2022,13451.754869
GI,TMG_CIF_USD,W00,2023,12054.837867
GI,TMG_CIF_USD,W00,2024,14105.247535
GI,TXG_FOB_USD,CN,2015,0.314616
GI,TXG_FOB_USD,CN,2016,0.000943
GI,TXG_FOB_USD,CN,2017,0.037392
GI,TXG_FOB_USD,CN,2018,0.002246
GI,TXG_FOB_USD,CN,2019,0.001397
GI,TXG_FOB_USD,CN,2020,0.00134
GI,TXG_FOB_USD,CN,2021,0.008672
GI,TXG_FOB_USD,CN,2022,0.018169
GI,TXG_FOB_USD,CN,2023,0.003186
GI,TXG_FOB_USD,CN,2024,0.001959
GI,TXG_FOB_USD,US,2015,1.711001
GI,TXG_FOB_USD,US,2016,0.329965
GI,TXG_FOB_USD,US,2017,0.600453
GI,TXG_FOB_USD,US,2018,0.441301
GI,TXG_FOB_USD,US,2019,14.717143
GI,TXG_FOB_USD,US,2020,20.884434
GI,TXG_FOB_USD,US,2021,3.558117
GI,TXG_FOB_USD,US,2022,2.281585
GI,TXG_FOB_USD,US,2023,0.878439
GI,TXG_FOB_USD,US,2024,0.406773
GI,TXG_FOB_USD,W00,2015,403.875891
GI,TXG_FOB_USD,W00,2016,262.337534
GI,TXG_FOB_USD,W00,2017,422.78312
GI,TXG_FOB_USD,W00,2018,205.381127
GI,TXG_FOB_USD,W00,2019,205.858445
GI,TXG_FOB_USD,W00,2020,453.927432
GI,TXG_FOB_USD,W00,2021,118.707065
GI,TXG_FOB_USD,W00,2022,411.017066
GI,TXG_FOB_USD,W00,2023,477.086016
GI,TXG_FOB_USD,W00,2024,137.677535
GL,TMG_CIF_USD,CN,2015,15.900157
GL,TMG_CIF_USD,CN,2016,16.122607
GL,TMG_CIF_USD,CN,2017,16.229388
GL,TMG_CIF_USD,CN,2018,20.119743
GL,TMG_CIF_USD,CN,2019,3.118702
GL,TMG_CIF_USD,CN,2020,3.83753
GL,TMG_CIF_USD,CN,2021,2.848893
GL,TMG_CIF_USD,CN,2022,3.291532
GL,TMG_CIF_USD,CN,2023,5.875928
GL,TMG_CIF_USD,CN,2024,8.523181
GL,TMG_CIF_USD,US,2015,6.735348
GL,TMG_CIF_USD,US,2016,5.741172
GL,TMG_CIF_USD,US,2017,11.881381
GL,TMG_CIF_USD,US,2018,8.354188
GL,TMG_CIF_USD,US,2019,15.678792
GL,TMG_CIF_USD,US,2020,5.864175
GL,TMG_CIF_USD,US,2021,11.096325
GL,TMG_CIF_USD,US,2022,6.229417
GL,TMG_CIF_USD,US,2023,5.826587
GL,TMG_CIF_USD,US,2024,40.909109
GL,TMG_CIF_USD,W00,2015,657.809381
GL,TMG_CIF_USD,W00,2016,738.95643
GL,TMG_CIF_USD,W00,2017,771.558879
GL,TMG_CIF_USD,W00,2018,836.827032
GL,TMG_CIF_USD,W00,2019,1142.032152
GL,TMG_CIF_USD,W00,2020,851.985793
GL,TMG_CIF_USD,W00,2021,1052.777358
GL,TMG_CIF_USD,W00,2022,1123.545826
GL,TMG_CIF_USD,W00,2023,1221.355355
GL,TMG_CIF_USD,W00,2024,1089.522274
GL,TXG_FOB_USD,CN,2015,1.910071
GL,TXG_FOB_USD,CN,2017,0.247844
GL,TXG_FOB_USD,CN,2018,0.002661
GL,TXG_FOB_USD,CN,2019,0.003143
GL,TXG_FOB_USD,CN,2020,0.002828
GL,TXG_FOB_USD,CN,2021,0.002736
GL,TXG_FOB_USD,CN,2022,0.004213
GL,TXG_FOB_USD,CN,2023,0.004358
GL,TXG_FOB_USD,CN,2024,0.004326
GL,TXG_FOB_USD,US,2015,0.000506
GL,TXG_FOB_USD,US,2016,0.003812
GL,TXG_FOB_USD,US,2017,0.048168
GL,TXG_FOB_USD,US,2018,0.012134
GL,TXG_FOB_USD,US,2019,0.020165
GL,TXG_FOB_USD,US,2020,0.021427
GL,TXG_FOB_USD,US,2021,0.030673
GL,TXG_FOB_USD,US,2022,0.026853
GL,TXG_FOB_USD,US,2023,0.020242
GL,TXG_FOB_USD,US,2024,0.024176
GL,TXG_FOB_USD,W00,2015,386.001163
GL,TXG_FOB_USD,W00,2016,547.990723
GL,TXG_FOB_USD,W00,2017,551.096312
GL,TXG_FOB_USD,W00,2018,612.383534
GL,TXG_FOB_USD,W00,2019,846.119904
GL,TXG_FOB_USD,W00,2020,877.140429
GL,TXG_FOB_USD,W00,2021,890.100647
GL,TXG_FOB_USD,W00,2022,921.223038
GL,TXG_FOB_USD,W00,2023,1005.522047
GL,TXG_FOB_USD,W00,2024,911.014706
GM,TMG_CIF_USD,CN,2015,27.043845
GM,TMG_CIF_USD,CN,2016,26.495642
GM,TMG_CIF_USD,CN,2017,45.689211
GM,TMG_CIF_USD,CN,2018,40.044103
GM,TMG_CIF_USD,CN,2019,52.338783
GM,TMG_CIF_USD,CN,2020,57.583584
GM,TMG_CIF_USD,CN,2021,53.962603
GM,TMG_CIF_USD,CN,2022,90.33955
GM,TMG_CIF_USD,CN,2023,86.601579
GM,TMG_CIF_USD,CN,2024,86.936775
GM,TMG_CIF_USD,US,2015,18.076255
GM,TMG_CIF_USD,US,2016,10.186493
GM,TMG_CIF_USD,US,2017,11.339782
GM,TMG_CIF_USD,US,2018,12.619323
GM,TMG_CIF_USD,US,2019,13.449233
GM,TMG_CIF_USD,US,2020,10.964629
GM,TMG_CIF_USD,US,2021,14.697358
GM,TMG_CIF_USD,US,2022,20.213826
GM,TMG_CIF_USD,US,2023,22.069583
GM,TMG_CIF_USD,US,2024,22.640109
GM,TMG_CIF_USD,W00,2015,409.552628
GM,TMG_CIF_USD,W00,2016,376.590283
GM,TMG_CIF_USD,W00,2017,472.045573
GM,TMG_CIF_USD,W00,2018,503.734374
GM,TMG_CIF_USD,W00,2019,507.481165
GM,TMG_CIF_USD,W00,2020,564.107217
GM,TMG_CIF_USD,W00,2021,723.076683
GM,TMG_CIF_USD,W00,2022,935.131609
GM,TMG_CIF_USD,W00,2023,2468.557479
GM,TMG_CIF_USD,W00,2024,2218.228518
GM,TXG_FOB_USD,CN,2015,2.343538
GM,TXG_FOB_USD,CN,2016,1.8234
GM,TXG_FOB_USD,CN,2017,1.134098
GM,TXG_FOB_USD,CN,2019,3.327079
GM,TXG_FOB_USD,CN,2020,1.019962
GM,TXG_FOB_USD,CN,2021,7.67411
GM,TXG_FOB_USD,CN,2022,11.620063
GM,TXG_FOB_USD,CN,2023,5.779156
GM,TXG_FOB_USD,CN,2024,8.768866
GM,TXG_FOB_USD,US,2015,0.0596
GM,TXG_FOB_USD,US,2016,0.032821
GM,TXG_FOB_USD,US,2017,0.152444
GM,TXG_FOB_USD,US,2018,0.100809
GM,TXG_FOB_USD,US,2019,0.129754
GM,TXG_FOB_USD,US,2020,0.029238
GM,TXG_FOB_USD,US,2021,0.057408
GM,TXG_FOB_USD,US,2022,0.018234
GM,TXG_FOB_USD,US,2023,0.03561
GM,TXG_FOB_USD,US,2024,0.04254
GM,TXG_FOB_USD,W00,2015,84.301953
GM,TXG_FOB_USD,W00,2016,35.534942
GM,TXG_FOB_USD,W00,2017,17.750549
GM,TXG_FOB_USD,W00,2018,14.138441
GM,TXG_FOB_USD,W00,2019,27.224879
GM,TXG_FOB_USD,W00,2020,28.987892
GM,TXG_FOB_USD,W00,2021,29.436972
GM,TXG_FOB_USD,W00,2022,59.171168
GM,TXG_FOB_USD,W00,2023,2832.011654
GM,TXG_FOB_USD,W00,2024,76.084945
GN,TMG_CIF_USD,CN,2015,319.216638
GN,TMG_CIF_USD,CN,2016,582.196038
GN,TMG_CIF_USD,CN,2017,586.351191
GN,TMG_CIF_USD,CN,2018,552.761166
GN,TMG_CIF_USD,CN,2019,648.967003
GN,TMG_CIF_USD,CN,2020,728.882709
GN,TMG_CIF_USD,CN,2021,772.159136
GN,TMG_CIF_USD,CN,2022,813.600207
GN,TMG_CIF_USD,CN,2023,961.072341
GN,TMG_CIF_USD,CN,2024,1389.821409
GN,TMG_CIF_USD,US,2015,57.209384
GN,TMG_CIF_USD,US,2016,107.606452
GN,TMG_CIF_USD,US,2017,117.671197
GN,TMG_CIF_USD,US,2018,119.067505
GN,TMG_CIF_USD,US,2019,106.121531
GN,TMG_CIF_USD,US,2020,106.230216
GN,TMG_CIF_USD,US,2021,115.211179
GN,TMG_CIF_USD,US,2022,90.070618
GN,TMG_CIF_USD,US,2023,136.296357
GN,TMG_CIF_USD,US,2024,102.522036
GN,TMG_CIF_USD,W00,2015,2195.837347
GN,TMG_CIF_USD,W00,2016,3570.581958
GN,TMG_CIF_USD,W00,2017,4318.425852
GN,TMG_CIF_USD,W00,2018,4189.006666
GN,TMG_CIF_USD,W00,2019,3784.890245
GN,TMG_CIF_USD,W00,2020,4035.719101
GN,TMG_CIF_USD,W00,2021,4242.46065
GN,TMG_CIF_USD,W00,2022,5230.775174
GN,TMG_CIF_USD,W00,2023,5544.664726
GN,TMG_CIF_USD,W00,2024,5759.707111
GN,TXG_FOB_USD,CN,2015,27.907659
GN,TXG_FOB_USD,CN,2016,127.560261
GN,TXG_FOB_USD,CN,2017,300.499593
GN,TXG_FOB_USD,CN,2018,436.725746
GN,TXG_FOB_USD,CN,2019,484.463495
GN,TXG_FOB_USD,CN,2020,441.073886
GN,TXG_FOB_USD,CN,2021,542.950512
GN,TXG_FOB_USD,CN,2022,874.433314
GN,TXG_FOB_USD,CN,2023,1251.683352
GN,TXG_FOB_USD,CN,2024,1487.898342
GN,TXG_FOB_USD,US,2015,84.232967
GN,TXG_FOB_USD,US,2016,15.636151
GN,TXG_FOB_USD,US,2017,34.663415
GN,TXG_FOB_USD,US,2018,8.223373
GN,TXG_FOB_USD,US,2019,11.133535
GN,TXG_FOB_USD,US,2020,12.242075
GN,TXG_FOB_USD,US,2021,12.016071
GN,TXG_FOB_USD,US,2022,8.828492
GN,TXG_FOB_USD,US,2023,15.816948
GN,TXG_FOB_USD,US,2024,7.347731
GN,TXG_FOB_USD,W00,2015,1947.979087
GN,TXG_FOB_USD,W00,2016,2606.04873
GN,TXG_FOB_USD,W00,2017,3918.571244
GN,TXG_FOB_USD,W00,2018,3792.698122
GN,TXG_FOB_USD,W00,2019,4064.26974
GN,TXG_FOB_USD,W00,2020,5732.097944
GN,TXG_FOB_USD,W00,2021,7451.498017
GN,TXG_FOB_USD,W00,2022,7373.474625
GN,TXG_FOB_USD,W00,2023,5615.961053
GN,TXG_FOB_USD,W00,2024,5046.129448
GQ,TMG_CIF_USD,CN,2015,279.504945
GQ,TMG_CIF_USD,CN,2016,162.06658
GQ,TMG_CIF_USD,CN,2017,176.283163
GQ,TMG_CIF_USD,CN,2018,154.342636
GQ,TMG_CIF_USD,CN,2019,120.094851
GQ,TMG_CIF_USD,CN,2020,132.334038
GQ,TMG_CIF_USD,CN,2021,131.414702
GQ,TMG_CIF_USD,CN,2022,245.928108
GQ,TMG_CIF_USD,CN,2023,222.689613
GQ,TMG_CIF_USD,CN,2024,180.710816
GQ,TMG_CIF_USD,US,2015,168.048639
GQ,TMG_CIF_USD,US,2016,295.135964
GQ,TMG_CIF_USD,US,2017,118.652321
GQ,TMG_CIF_USD,US,2018,147.762782
GQ,TMG_CIF_USD,US,2019,226.703035
GQ,TMG_CIF_USD,US,2020,99.311427
GQ,TMG_CIF_USD,US,2021,54.538712
GQ,TMG_CIF_USD,US,2022,75.603762
GQ,TMG_CIF_USD,US,2023,105.177435
GQ,TMG_CIF_USD,US,2024,101.102472
GQ,TMG_CIF_USD,W00,2015,3110.860026
GQ,TMG_CIF_USD,W00,2016,1594.280366
GQ,TMG_CIF_USD,W00,2017,908.946415
GQ,TMG_CIF_USD,W00,2018,1126.950979
GQ,TMG_CIF_USD,W00,2019,1034.647566
GQ,TMG_CIF_USD,W00,2020,1351.345452
GQ,TMG_CIF_USD,W00,2021,1056.233455
GQ,TMG_CIF_USD,W00,2022,1024.164236
GQ,TMG_CIF_USD,W00,2023,1113.894042
GQ,TMG_CIF_USD,W00,2024,1055.051046
GQ,TXG_FOB_USD,CN,2015,1099.396252
GQ,TXG_FOB_USD,CN,2016,596.512264
GQ,TXG_FOB_USD,CN,2017,1359.96388
GQ,TXG_FOB_USD,CN,2018,2004.259491
GQ,TXG_FOB_USD,CN,2019,1625.483434
GQ,TXG_FOB_USD,CN,2020,995.636562
GQ,TXG_FOB_USD,CN,2021,1130.971687
GQ,TXG_FOB_USD,CN,2022,1395.493491
GQ,TXG_FOB_USD,CN,2023,1281.146121
GQ,TXG_FOB_USD,CN,2024,924.75786
GQ,TXG_FOB_USD,US,2015,153.904
GQ,TXG_FOB_USD,US,2016,182.305837
GQ,TXG_FOB_USD,US,2017,335.777667
GQ,TXG_FOB_USD,US,2018,546.991341
GQ,TXG_FOB_USD,US,2019,309.15629
GQ,TXG_FOB_USD,US,2020,127.039203
GQ,TXG_FOB_USD,US,2021,250.416341
GQ,TXG_FOB_USD,US,2022,210.528548
GQ,TXG_FOB_USD,US,2023,268.810342
GQ,TXG_FOB_USD,US,2024,120.415838
GQ,TXG_FOB_USD,W00,2015,6566.387052
GQ,TXG_FOB_USD,W00,2016,4361.68804
GQ,TXG_FOB_USD,W00,2017,4885.548024
GQ,TXG_FOB_USD,W00,2018,6002.855859
GQ,TXG_FOB_USD,W00,2019,4800.205383
GQ,TXG_FOB_USD,W00,2020,2826.083746
GQ,TXG_FOB_USD,W00,2021,4799.594001
GQ,TXG_FOB_USD,W00,2022,7588.921814
GQ,TXG_FOB_USD,W00,2023,4739.658021
GQ,TXG_FOB_USD,W00,2024,4302.143584
GR,TMG_CIF_USD,CN,2015,2831.989333
GR,TMG_CIF_USD,CN,2016,3124.279071
GR,TMG_CIF_USD,CN,2017,3073.719251
GR,TMG_CIF_USD,CN,2018,4064.543966
GR,TMG_CIF_USD,CN,2019,4545.664271
GR,TMG_CIF_USD,CN,2020,4279.325453
GR,TMG_CIF_USD,CN,2021,5913.795336
GR,TMG_CIF_USD,CN,2022,8306.620882
GR,TMG_CIF_USD,CN,2023,7464.749646
GR,TMG_CIF_USD,CN,2024,7513.76665
GR,TMG_CIF_USD,US,2015,646.858621
GR,TMG_CIF_USD,US,2016,700.259777
GR,TMG_CIF_USD,US,2017,820.898281
GR,TMG_CIF_USD,US,2018,809.620675
GR,TMG_CIF_USD,US,2019,1370.657023
GR,TMG_CIF_USD,US,2020,1106.639321
GR,TMG_CIF_USD,US,2021,1681.786284
GR,TMG_CIF_USD,US,2022,3587.026502
GR,TMG_CIF_USD,US,2023,1627.533566
GR,TMG_CIF_USD,US,2024,2333.460479
GR,TMG_CIF_USD,W00,2015,46782.295894
GR,TMG_CIF_USD,W00,2016,46802.448177
GR,TMG_CIF_USD,W00,2017,53487.921208
GR,TMG_CIF_USD,W00,2018,63870.589472
GR,TMG_CIF_USD,W00,2019,62374.070741
GR,TMG_CIF_USD,W00,2020,55875.776905
GR,TMG_CIF_USD,W00,2021,75886.024796
GR,TMG_CIF_USD,W00,2022,98084.676745
GR,TMG_CIF_USD,W00,2023,88428.414442
GR,TMG_CIF_USD,W00,2024,90867.713142
GR,TXG_FOB_USD,CN,2015,252.403747
GR,TXG_FOB_USD,CN,2016,363.589303
GR,TXG_FOB_USD,CN,2017,537.573078
GR,TXG_FOB_USD,CN,2018,1056.92539
GR,TXG_FOB_USD,CN,2019,999.399136
GR,TXG_FOB_USD,CN,2020,980.378134
GR,TXG_FOB_USD,CN,2021,847.187841
GR,TXG_FOB_USD,CN,2022,424.764146
GR,TXG_FOB_USD,CN,2023,415.774845
GR,TXG_FOB_USD,CN,2024,448.925983
GR,TXG_FOB_USD,US,2015,1325.645712
GR,TXG_FOB_USD,US,2016,1202.971266
GR,TXG_FOB_USD,US,2017,1272.621043
GR,TXG_FOB_USD,US,2018,1612.784287
GR,TXG_FOB_USD,US,2019,1461.482093
GR,TXG_FOB_USD,US,2020,1312.559297
GR,TXG_FOB_USD,US,2021,1920.683991
GR,TXG_FOB_USD,US,2022,2341.634917
GR,TXG_FOB_USD,US,2023,2289.61415
GR,TXG_FOB_USD,US,2024,2610.760224
GR,TXG_FOB_USD,W00,2015,28365.594498
GR,TXG_FOB_USD,W00,2016,28116.641699
GR,TXG_FOB_USD,W00,2017,32589.845043
GR,TXG_FOB_USD,W00,2018,39491.286031
GR,TXG_FOB_USD,W00,2019,37883.823343
GR,TXG_FOB_USD,W00,2020,35210.729555
GR,TXG_FOB_USD,W00,2021,47190.313912
GR,TXG_FOB_USD,W00,2022,58517.479899
GR,TXG_FOB_USD,W00,2023,55106.764012
GR,TXG_FOB_USD,W00,2024,53995.42024
GT,TMG_CIF_USD,CN,2015,1868.2331
GT,TMG_CIF_USD,CN,2016,1853.9111
GT,TMG_CIF_USD,CN,2017,1970.5205
GT,TMG_CIF_USD,CN,2018,2157.0207
GT,TMG_CIF_USD,CN,2019,2228.5172
GT,TMG_CIF_USD,CN,2020,2253.0966
GT,TMG_CIF_USD,CN,2021,3702.216
GT,TMG_CIF_USD,CN,2022,4367.447134
GT,TMG_CIF_USD,CN,2023,4122.102741
GT,TMG_CIF_USD,CN,2024,4774.627407
GT,TMG_CIF_USD,US,2015,6549.0247
GT,TMG_CIF_USD,US,2016,6521.2161
GT,TMG_CIF_USD,US,2017,7317.3826
GT,TMG_CIF_USD,US,2018,7464.8252
GT,TMG_CIF_USD,US,2019,7361.366
GT,TMG_CIF_USD,US,2020,6275.857
GT,TMG_CIF_USD,US,2021,9051.8926
GT,TMG_CIF_USD,US,2022,11240.833527
GT,TMG_CIF_USD,US,2023,10198.051212
GT,TMG_CIF_USD,US,2024,10568.721884
GT,TMG_CIF_USD,W00,2015,17628.668177
GT,TMG_CIF_USD,W00,2016,17001.0788
GT,TMG_CIF_USD,W00,2017,18383.7794
GT,TMG_CIF_USD,W00,2018,19589.1917
GT,TMG_CIF_USD,W00,2019,19881.2655
GT,TMG_CIF_USD,W00,2020,18203.6316
GT,TMG_CIF_USD,W00,2021,26568.9881
GT,TMG_CIF_USD,W00,2022,32090.024705
GT,TMG_CIF_USD,W00,2023,30317.413033
GT,TMG_CIF_USD,W00,2024,32487.523173
GT,TXG_FOB_USD,CN,2015,207.176799
GT,TXG_FOB_USD,CN,2016,76.4434
GT,TXG_FOB_USD,CN,2017,60.9514
GT,TXG_FOB_USD,CN,2018,43.3602
GT,TXG_FOB_USD,CN,2019,189.0401
GT,TXG_FOB_USD,CN,2020,238.3793
GT,TXG_FOB_USD,CN,2021,334.3641
GT,TXG_FOB_USD,CN,2022,440.594337
GT,TXG_FOB_USD,CN,2023,81.793637
GT,TXG_FOB_USD,CN,2024,43.735407
GT,TXG_FOB_USD,US,2015,3733.114699
GT,TXG_FOB_USD,US,2016,3453.3646
GT,TXG_FOB_USD,US,2017,3707.198
GT,TXG_FOB_USD,US,2018,3935.5063
GT,TXG_FOB_USD,US,2019,3625.8205
GT,TXG_FOB_USD,US,2020,3509.3363
GT,TXG_FOB_USD,US,2021,4284.1391
GT,TXG_FOB_USD,US,2022,4978.484486
GT,TXG_FOB_USD,US,2023,4463.737508
GT,TXG_FOB_USD,US,2024,4667.033376
GT,TXG_FOB_USD,W00,2015,10672.087838
GT,TXG_FOB_USD,W00,2016,10447.677098
GT,TXG_FOB_USD,W00,2017,10980.273702
GT,TXG_FOB_USD,W00,2018,10770.7643
GT,TXG_FOB_USD,W00,2019,11182.963199
GT,TXG_FOB_USD,W00,2020,11545.278198
GT,TXG_FOB_USD,W00,2021,13635.5118
GT,TXG_FOB_USD,W00,2022,15683.55496
GT,TXG_FOB_USD,W00,2023,14190.663564
GT,TXG_FOB_USD,W00,2024,14556.737873
GU,TMG_CIF_USD,CN,2023,55.30128
GU,TMG_CIF_USD,CN,2024,60.624957
GU,TMG_CIF_USD,W00,2015,846.153731
GU,TMG_CIF_USD,W00,2016,740.945114
GU,TMG_CIF_USD,W00,2017,1022.540973
GU,TMG_CIF_USD,W00,2018,1102.362765
GU,TMG_CIF_USD,W00,2019,970.531149
GU,TMG_CIF_USD,W00,2020,2256.602897
GU,TMG_CIF_USD,W00,2021,903.816091
GU,TMG_CIF_USD,W00,2022,1386.488774
GU,TMG_CIF_USD,W00,2023,1454.787055
GU,TMG_CIF_USD,W00,2024,1177.820101
GU,TXG_FOB_USD,CN,2023,0.010645
GU,TXG_FOB_USD,CN,2024,0.000816
GU,TXG_FOB_USD,W00,2015,106.228893
GU,TXG_FOB_USD,W00,2016,112.591269
GU,TXG_FOB_USD,W00,2017,212.65101
GU,TXG_FOB_USD,W00,2018,184.107893
GU,TXG_FOB_USD,W00,2019,172.438334
GU,TXG_FOB_USD,W00,2020,192.056971
GU,TXG_FOB_USD,W00,2021,175.569733
GU,TXG_FOB_USD,W00,2022,195.857543
GU,TXG_FOB_USD,W00,2023,219.510128
GU,TXG_FOB_USD,W00,2024,184.730258
GW,TMG_CIF_USD,CN,2015,3.053562
GW,TMG_CIF_USD,CN,2016,4.333857
GW,TMG_CIF_USD,CN,2017,10.957371
GW,TMG_CIF_USD,CN,2018,9.319927
GW,TMG_CIF_USD,CN,2019,9.996108
GW,TMG_CIF_USD,CN,2020,19.369523
GW,TMG_CIF_USD,CN,2021,27.843944
GW,TMG_CIF_USD,CN,2022,17.755838
GW,TMG_CIF_USD,CN,2023,20.061754
GW,TMG_CIF_USD,CN,2024,30.745549
GW,TMG_CIF_USD,US,2015,0.263418
GW,TMG_CIF_USD,US,2016,0.126514
GW,TMG_CIF_USD,US,2017,0.330391
GW,TMG_CIF_USD,US,2018,0.386565
GW,TMG_CIF_USD,US,2019,0.025923
GW,TMG_CIF_USD,US,2020,0.076362
GW,TMG_CIF_USD,US,2021,0.069427
GW,TMG_CIF_USD,US,2022,0.050268
GW,TMG_CIF_USD,US,2023,0.072548
GW,TMG_CIF_USD,US,2024,0.070724
GW,TMG_CIF_USD,W00,2015,153.420157
GW,TMG_CIF_USD,W00,2016,121.29493
GW,TMG_CIF_USD,W00,2017,177.886202
GW,TMG_CIF_USD,W00,2018,167.331682
GW,TMG_CIF_USD,W00,2019,178.166109
GW,TMG_CIF_USD,W00,2020,190.72082
GW,TMG_CIF_USD,W00,2021,247.510453
GW,TMG_CIF_USD,W00,2022,246.990685
GW,TMG_CIF_USD,W00,2023,322.477519
GW,TMG_CIF_USD,W00,2024,318.942211
GW,TXG_FOB_USD,CN,2015,47.102429
GW,TXG_FOB_USD,CN,2016,1.223115
GW,TXG_FOB_USD,CN,2017,0.575
GW,TXG_FOB_USD,CN,2018,71.324917
GW,TXG_FOB_USD,CN,2019,75.246274
GW,TXG_FOB_USD,CN,2020,66.848764
GW,TXG_FOB_USD,CN,2021,66.845094
GW,TXG_FOB_USD,CN,2022,66.846554
GW,TXG_FOB_USD,CN,2023,66.845517
GW,TXG_FOB_USD,CN,2024,66.844855
GW,TXG_FOB_USD,W00,2015,351.754094
GW,TXG_FOB_USD,W00,2016,241.464528
GW,TXG_FOB_USD,W00,2017,206.609607
GW,TXG_FOB_USD,W00,2018,258.361593
GW,TXG_FOB_USD,W00,2019,557.706741
GW,TXG_FOB_USD,W00,2020,490.861542
GW,TXG_FOB_USD,W00,2021,483.392074
GW,TXG_FOB_USD,W00,2022,506.709152
GW,TXG_FOB_USD,W00,2023,427.210683
GW,TXG_FOB_USD,W00,2024,510.475147
GY,TMG_CIF_USD,CN,2015,113.50353
GY,TMG_CIF_USD,CN,2016,119.293948
GY,TMG_CIF_USD,CN,2017,157.076782
GY,TMG_CIF_USD,CN,2018,219.783754
GY,TMG_CIF_USD,CN,2019,217.803972
GY,TMG_CIF_USD,CN,2020,215.432814
GY,TMG_CIF_USD,CN,2021,277.875015
GY,TMG_CIF_USD,CN,2022,334.091125
GY,TMG_CIF_USD,CN,2023,615.168928
GY,TMG_CIF_USD,CN,2024,929.32245
GY,TMG_CIF_USD,US,2015,384.3771
GY,TMG_CIF_USD,US,2016,448.225538
GY,TMG_CIF_USD,US,2017,466.276599
GY,TMG_CIF_USD,US,2018,655.172531
GY,TMG_CIF_USD,US,2019,73.694309
GY,TMG_CIF_USD,US,2020,706.037177
GY,TMG_CIF_USD,US,2021,674.989309
GY,TMG_CIF_USD,US,2022,868.507635
GY,TMG_CIF_USD,US,2023,1532.803085
GY,TMG_CIF_USD,US,2024,2566.901321
GY,TMG_CIF_USD,W00,2015,1868.723688
GY,TMG_CIF_USD,W00,2016,2073.211432
GY,TMG_CIF_USD,W00,2017,1760.566542
GY,TMG_CIF_USD,W00,2018,2371.168626
GY,TMG_CIF_USD,W00,2019,3987.24663
GY,TMG_CIF_USD,W00,2020,2233.542094
GY,TMG_CIF_USD,W00,2021,4370.982403
GY,TMG_CIF_USD,W00,2022,3609.398008
GY,TMG_CIF_USD,W00,2023,5058.89654
GY,TMG_CIF_USD,W00,2024,9777.409566
GY,TXG_FOB_USD,CN,2015,15.646299
GY,TXG_FOB_USD,CN,2016,16.387121
GY,TXG_FOB_USD,CN,2017,24.584044
GY,TXG_FOB_USD,CN,2018,21.669087
GY,TXG_FOB_USD,CN,2019,21.100559
GY,TXG_FOB_USD,CN,2020,120.24083
GY,TXG_FOB_USD,CN,2021,10.759357
GY,TXG_FOB_USD,CN,2022,316.328861
GY,TXG_FOB_USD,CN,2023,39.450785
GY,TXG_FOB_USD,CN,2024,144.151109
GY,TXG_FOB_USD,US,2015,298.910253
GY,TXG_FOB_USD,US,2016,299.679469
GY,TXG_FOB_USD,US,2017,271.115033
GY,TXG_FOB_USD,US,2018,202.413492
GY,TXG_FOB_USD,US,2019,45.396253
GY,TXG_FOB_USD,US,2020,732.213263
GY,TXG_FOB_USD,US,2021,1388.337067
GY,TXG_FOB_USD,US,2022,1005.079137
GY,TXG_FOB_USD,US,2023,1482.804997
GY,TXG_FOB_USD,US,2024,3366.429137
GY,TXG_FOB_USD,W00,2015,1468.277523
GY,TXG_FOB_USD,W00,2016,1752.311056
GY,TXG_FOB_USD,W00,2017,1645.150081
GY,TXG_FOB_USD,W00,2018,1449.728726
GY,TXG_FOB_USD,W00,2019,1475.622273
GY,TXG_FOB_USD,W00,2020,2566.954609
GY,TXG_FOB_USD,W00,2021,4315.577613
GY,TXG_FOB_USD,W00,2022,11224.155918
GY,TXG_FOB_USD,W00,2023,8325.058184
GY,TXG_FOB_USD,W00,2024,25780.534791
HK,TMG_CIF_USD,CN,2015,261233.197269
HK,TMG_CIF_USD,CN,2016,251207.586411
HK,TMG_CIF_USD,CN,2017,262789.581394
HK,TMG_CIF_USD,CN,2018,281007.183801
HK,TMG_CIF_USD,CN,2019,264650.621102
HK,TMG_CIF_USD,CN,2020,251385.284297
HK,TMG_CIF_USD,CN,2021,316165.397996
HK,TMG_CIF_USD,CN,2022,268270.177054
HK,TMG_CIF_USD,CN,2023,262253.212423
HK,TMG_CIF_USD,CN,2024,286235.981967
HK,TMG_CIF_USD,US,2015,30961.150354
HK,TMG_CIF_USD,US,2016,28249.949322
HK,TMG_CIF_USD,US,2017,30868.036161
HK,TMG_CIF_USD,US,2018,31774.353768
HK,TMG_CIF_USD,US,2019,27376.74971
HK,TMG_CIF_USD,US,2020,23013.94043
HK,TMG_CIF_USD,US,2021,30001.634782
HK,TMG_CIF_USD,US,2022,28291.072266
HK,TMG_CIF_USD,US,2023,26284.045889
HK,TMG_CIF_USD,US,2024,27188.057441
HK,TMG_CIF_USD,W00,2015,559472.377805
HK,TMG_CIF_USD,W00,2016,547326.21303
HK,TMG_CIF_USD,W00,2017,589828.682483
HK,TMG_CIF_USD,W00,2018,627403.85411
HK,TMG_CIF_USD,W00,2019,578783.194097
HK,TMG_CIF_USD,W00,2020,573784.619464
HK,TMG_CIF_USD,W00,2021,713801.672747
HK,TMG_CIF_USD,W00,2022,668944.551805
HK,TMG_CIF_USD,W00,2023,655527.938605
HK,TMG_CIF_USD,W00,2024,698886.532568
HK,TXG_FOB_USD,CN,2015,285894.924724
HK,TXG_FOB_USD,CN,2016,250475.994687
HK,TXG_FOB_USD,CN,2017,297872.711707
HK,TXG_FOB_USD,CN,2018,314273.588984
HK,TXG_FOB_USD,CN,2019,296093.329351
HK,TXG_FOB_USD,CN,2020,304901.832799
HK,TXG_FOB_USD,CN,2021,401859.790292
HK,TXG_FOB_USD,CN,2022,350978.295457
HK,TXG_FOB_USD,CN,2023,330633.917468
HK,TXG_FOB_USD,CN,2024,378450.473396
HK,TXG_FOB_USD,US,2015,42140.743082
HK,TXG_FOB_USD,US,2016,41800.158411
HK,TXG_FOB_USD,US,2017,42471.475038
HK,TXG_FOB_USD,US,2018,45898.674043
HK,TXG_FOB_USD,US,2019,39133.644705
HK,TXG_FOB_USD,US,2020,40353.256689
HK,TXG_FOB_USD,US,2021,40193.085332
HK,TXG_FOB_USD,US,2022,38201.559876
HK,TXG_FOB_USD,US,2023,34905.68017
HK,TXG_FOB_USD,US,2024,40206.427614
HK,TXG_FOB_USD,W00,2015,517384.218372
HK,TXG_FOB_USD,W00,2016,462491.648312
HK,TXG_FOB_USD,W00,2017,550197.28813
HK,TXG_FOB_USD,W00,2018,569138.406401
HK,TXG_FOB_USD,W00,2019,535807.186042
HK,TXG_FOB_USD,W00,2020,552772.568615
HK,TXG_FOB_USD,W00,2021,671992.604167
HK,TXG_FOB_USD,W00,2022,611365.563695
HK,TXG_FOB_USD,W00,2023,576132.898794
HK,TXG_FOB_USD,W00,2024,640547.598174
HN,TMG_CIF_USD,CN,2015,1280.784273
HN,TMG_CIF_USD,CN,2016,1084.966986
HN,TMG_CIF_USD,CN,2017,825.868811
HN,TMG_CIF_USD,CN,2018,1002.407049
HN,TMG_CIF_USD,CN,2019,1475.810574
HN,TMG_CIF_USD,CN,2020,1316.996941
HN,TMG_CIF_USD,CN,2021,2122.077885
HN,TMG_CIF_USD,CN,2022,2367.464916
HN,TMG_CIF_USD,CN,2023,2332.295501
HN,TMG_CIF_USD,CN,2024,2552.085737
HN,TMG_CIF_USD,US,2015,3314.4658
HN,TMG_CIF_USD,US,2016,3128.265194
HN,TMG_CIF_USD,US,2017,3899.869628
HN,TMG_CIF_USD,US,2018,4430.185222
HN,TMG_CIF_USD,US,2019,3317.69055
HN,TMG_CIF_USD,US,2020,2841.779498
HN,TMG_CIF_USD,US,2021,4491.735438
HN,TMG_CIF_USD,US,2022,5514.016023
HN,TMG_CIF_USD,US,2023,5062.824038
HN,TMG_CIF_USD,US,2024,4958.572698
HN,TMG_CIF_USD,W00,2015,9422.586025
HN,TMG_CIF_USD,W00,2016,8896.839336
HN,TMG_CIF_USD,W00,2017,9632.446351
HN,TMG_CIF_USD,W00,2018,10491.409317
HN,TMG_CIF_USD,W00,2019,12440.674414
HN,TMG_CIF_USD,W00,2020,8967.782772
HN,TMG_CIF_USD,W00,2021,13472.05189
HN,TMG_CIF_USD,W00,2022,16311.467757
HN,TMG_CIF_USD,W00,2023,16039.391589
HN,TMG_CIF_USD,W00,2024,16243.662812
HN,TXG_FOB_USD,CN,2015,20.76077
HN,TXG_FOB_USD,CN,2016,12.11349
HN,TXG_FOB_USD,CN,2017,17.293715
HN,TXG_FOB_USD,CN,2018,32.674507
HN,TXG_FOB_USD,CN,2019,5.448818
HN,TXG_FOB_USD,CN,2020,24.734292
HN,TXG_FOB_USD,CN,2021,13.973664
HN,TXG_FOB_USD,CN,2022,11.377601
HN,TXG_FOB_USD,CN,2023,13.926002
HN,TXG_FOB_USD,CN,2024,35.874682
HN,TXG_FOB_USD,US,2015,1411.020124
HN,TXG_FOB_USD,US,2016,1462.140183
HN,TXG_FOB_USD,US,2017,1542.986499
HN,TXG_FOB_USD,US,2018,1543.462989
HN,TXG_FOB_USD,US,2019,1029.914762
HN,TXG_FOB_USD,US,2020,1534.217672
HN,TXG_FOB_USD,US,2021,1626.196814
HN,TXG_FOB_USD,US,2022,2006.096937
HN,TXG_FOB_USD,US,2023,2106.35009
HN,TXG_FOB_USD,US,2024,2003.824788
HN,TXG_FOB_USD,W00,2015,3914.496549
HN,TXG_FOB_USD,W00,2016,3857.25853
HN,TXG_FOB_USD,W00,2017,4520.727382
HN,TXG_FOB_USD,W00,2018,4352.175509
HN,TXG_FOB_USD,W00,2019,3563.731579
HN,TXG_FOB_USD,W00,2020,4257.873357
HN,TXG_FOB_USD,W00,2021,5178.856316
HN,TXG_FOB_USD,W00,2022,6114.667785
HN,TXG_FOB_USD,W00,2023,5950.88259
HN,TXG_FOB_USD,W00,2024,5638.252446
HR,TMG_CIF_USD,CN,2015,581.669711
HR,TMG_CIF_USD,CN,2016,659.741725
HR,TMG_CIF_USD,CN,2017,799.089381
HR,TMG_CIF_USD,CN,2018,964.306504
HR,TMG_CIF_USD,CN,2019,813.964359
HR,TMG_CIF_USD,CN,2020,1243.882151
HR,TMG_CIF_USD,CN,2021,1224.044048
HR,TMG_CIF_USD,CN,2022,1459.82652
HR,TMG_CIF_USD,CN,2023,1409.948884
HR,TMG_CIF_USD,CN,2024,1584.018756
HR,TMG_CIF_USD,US,2015,182.425282
HR,TMG_CIF_USD,US,2016,208.608196
HR,TMG_CIF_USD,US,2017,160.587605
HR,TMG_CIF_USD,US,2018,213.36877
HR,TMG_CIF_USD,US,2019,188.977869
HR,TMG_CIF_USD,US,2020,198.977529
HR,TMG_CIF_USD,US,2021,674.87613
HR,TMG_CIF_USD,US,2022,3313.745071
HR,TMG_CIF_USD,US,2023,1152.57645
HR,TMG_CIF_USD,US,2024,844.302796
HR,TMG_CIF_USD,W00,2015,20363.043907
HR,TMG_CIF_USD,W00,2016,21711.863327
HR,TMG_CIF_USD,W00,2017,24571.865875
HR,TMG_CIF_USD,W00,2018,28137.450506
HR,TMG_CIF_USD,W00,2019,28072.983937
HR,TMG_CIF_USD,W00,2020,26793.589878
HR,TMG_CIF_USD,W00,2021,34400.151466
HR,TMG_CIF_USD,W00,2022,44399.69754
HR,TMG_CIF_USD,W00,2023,43260.835145
HR,TMG_CIF_USD,W00,2024,46668.304122
HR,TXG_FOB_USD,CN,2015,77.754628
HR,TXG_FOB_USD,CN,2016,84.305017
HR,TXG_FOB_USD,CN,2017,142.013564
HR,TXG_FOB_USD,CN,2018,157.602412
HR,TXG_FOB_USD,CN,2019,121.294543
HR,TXG_FOB_USD,CN,2020,97.860669
HR,TXG_FOB_USD,CN,2021,104.880097
HR,TXG_FOB_USD,CN,2022,90.580603
HR,TXG_FOB_USD,CN,2023,85.258131
HR,TXG_FOB_USD,CN,2024,121.996654
HR,TXG_FOB_USD,US,2015,298.391106
HR,TXG_FOB_USD,US,2016,503.259624
HR,TXG_FOB_USD,US,2017,614.530906
HR,TXG_FOB_USD,US,2018,402.259377
HR,TXG_FOB_USD,US,2019,460.7776
HR,TXG_FOB_USD,US,2020,523.621579
HR,TXG_FOB_USD,US,2021,710.864099
HR,TXG_FOB_USD,US,2022,585.382234
HR,TXG_FOB_USD,US,2023,633.190466
HR,TXG_FOB_USD,US,2024,870.501387
HR,TXG_FOB_USD,W00,2015,12901.501251
HR,TXG_FOB_USD,W00,2016,13784.893693
HR,TXG_FOB_USD,W00,2017,16049.015962
HR,TXG_FOB_USD,W00,2018,17376.200944
HR,TXG_FOB_USD,W00,2019,17149.521257
HR,TXG_FOB_USD,W00,2020,17177.34522
HR,TXG_FOB_USD,W00,2021,21856.559689
HR,TXG_FOB_USD,W00,2022,25431.865548
HR,TXG_FOB_USD,W00,2023,24921.112607
HR,TXG_FOB_USD,W00,2024,25987.662474
HT,TMG_CIF_USD,CN,2015,409.573031
HT,TMG_CIF_USD,CN,2016,429.81695
HT,TMG_CIF_USD,CN,2017,502.646196
HT,TMG_CIF_USD,CN,2018,580.462072
HT,TMG_CIF_USD,CN,2019,525.993458
HT,TMG_CIF_USD,CN,2020,680.574742
HT,TMG_CIF_USD,CN,2021,746.129022
HT,TMG_CIF_USD,CN,2022,596.241863
HT,TMG_CIF_USD,CN,2023,498.635939
HT,TMG_CIF_USD,CN,2024,422.05524
HT,TMG_CIF_USD,US,2015,457.461833
HT,TMG_CIF_USD,US,2016,440.868004
HT,TMG_CIF_USD,US,2017,568.910722
HT,TMG_CIF_USD,US,2018,565.224357
HT,TMG_CIF_USD,US,2019,504.706794
HT,TMG_CIF_USD,US,2020,559.36902
HT,TMG_CIF_USD,US,2021,517.788214
HT,TMG_CIF_USD,US,2022,561.083895
HT,TMG_CIF_USD,US,2023,515.852065
HT,TMG_CIF_USD,US,2024,485.596382
HT,TMG_CIF_USD,W00,2015,1758.895607
HT,TMG_CIF_USD,W00,2016,1785.529618
HT,TMG_CIF_USD,W00,2017,2237.702835
HT,TMG_CIF_USD,W00,2018,2366.818403
HT,TMG_CIF_USD,W00,2019,2049.1421
HT,TMG_CIF_USD,W00,2020,2448.110378
HT,TMG_CIF_USD,W00,2021,2519.641217
HT,TMG_CIF_USD,W00,2022,2314.898894
HT,TMG_CIF_USD,W00,2023,2154.336051
HT,TMG_CIF_USD,W00,2024,1739.338324
HT,TXG_FOB_USD,CN,2015,10.111698
HT,TXG_FOB_USD,CN,2016,6.046226
HT,TXG_FOB_USD,CN,2017,7.176678
HT,TXG_FOB_USD,CN,2018,7.214954
HT,TXG_FOB_USD,CN,2019,4.234292
HT,TXG_FOB_USD,CN,2020,3.102045
HT,TXG_FOB_USD,CN,2021,4.083033
HT,TXG_FOB_USD,CN,2022,2.438104
HT,TXG_FOB_USD,CN,2023,7.324687
HT,TXG_FOB_USD,CN,2024,5.784388
HT,TXG_FOB_USD,US,2015,896.490342
HT,TXG_FOB_USD,US,2016,847.832659
HT,TXG_FOB_USD,US,2017,866.984358
HT,TXG_FOB_USD,US,2018,934.06937
HT,TXG_FOB_USD,US,2019,986.745527
HT,TXG_FOB_USD,US,2020,780.610056
HT,TXG_FOB_USD,US,2021,1040.329746
HT,TXG_FOB_USD,US,2022,985.894893
HT,TXG_FOB_USD,US,2023,772.369417
HT,TXG_FOB_USD,US,2024,581.859229
HT,TXG_FOB_USD,W00,2015,1119.852344
HT,TXG_FOB_USD,W00,2016,1055.294172
HT,TXG_FOB_USD,W00,2017,1068.741467
HT,TXG_FOB_USD,W00,2018,1163.439031
HT,TXG_FOB_USD,W00,2019,1241.086984
HT,TXG_FOB_USD,W00,2020,953.927501
HT,TXG_FOB_USD,W00,2021,1269.182833
HT,TXG_FOB_USD,W00,2022,1202.616774
HT,TXG_FOB_USD,W00,2023,953.471435
HT,TXG_FOB_USD,W00,2024,761.241517
HU,TMG_CIF_USD,CN,2015,5712.240932
HU,TMG_CIF_USD,CN,2016,5870.24077
HU,TMG_CIF_USD,CN,2017,6337.619011
HU,TMG_CIF_USD,CN,2018,7599.645155
HU,TMG_CIF_USD,CN,2019,8395.807989
HU,TMG_CIF_USD,CN,2020,10454.88791
HU,TMG_CIF_USD,CN,2021,11704.847266
HU,TMG_CIF_USD,CN,2022,13269.026302
HU,TMG_CIF_USD,CN,2023,11995.677479
HU,TMG_CIF_USD,CN,2024,11071.413716
HU,TMG_CIF_USD,US,2015,1749.461339
HU,TMG_CIF_USD,US,2016,1771.352333
HU,TMG_CIF_USD,US,2017,1873.001573
HU,TMG_CIF_USD,US,2018,1685.634697
HU,TMG_CIF_USD,US,2019,2002.32964
HU,TMG_CIF_USD,US,2020,1921.123458
HU,TMG_CIF_USD,US,2021,2083.360338
HU,TMG_CIF_USD,US,2022,2052.122201
HU,TMG_CIF_USD,US,2023,2229.069148
HU,TMG_CIF_USD,US,2024,1800.505432
HU,TMG_CIF_USD,W00,2015,91963.781642
HU,TMG_CIF_USD,W00,2016,93868.270472
HU,TMG_CIF_USD,W00,2017,107504.527583
HU,TMG_CIF_USD,W00,2018,120703.808841
HU,TMG_CIF_USD,W00,2019,120550.262609
HU,TMG_CIF_USD,W00,2020,115976.867803
HU,TMG_CIF_USD,W00,2021,142877.611545
HU,TMG_CIF_USD,W00,2022,165105.908329
HU,TMG_CIF_USD,W00,2023,153872.254207
HU,TMG_CIF_USD,W00,2024,145554.025299
HU,TXG_FOB_USD,CN,2015,1399.695934
HU,TXG_FOB_USD,CN,2016,1573.260757
HU,TXG_FOB_USD,CN,2017,1779.660659
HU,TXG_FOB_USD,CN,2018,1771.841043
HU,TXG_FOB_USD,CN,2019,1626.708985
HU,TXG_FOB_USD,CN,2020,1736.657606
HU,TXG_FOB_USD,CN,2021,1976.3338
HU,TXG_FOB_USD,CN,2022,1803.687898
HU,TXG_FOB_USD,CN,2023,1661.729799
HU,TXG_FOB_USD,CN,2024,1632.668797
HU,TXG_FOB_USD,US,2015,2720.431843
HU,TXG_FOB_USD,US,2016,2960.649962
HU,TXG_FOB_USD,US,2017,2643.745866
HU,TXG_FOB_USD,US,2018,2944.321056
HU,TXG_FOB_USD,US,2019,3020.375833
HU,TXG_FOB_USD,US,2020,3247.937319
HU,TXG_FOB_USD,US,2021,3819.607308
HU,TXG_FOB_USD,US,2022,4454.458094
HU,TXG_FOB_USD,US,2023,4718.086949
HU,TXG_FOB_USD,US,2024,5417.792099
HU,TXG_FOB_USD,W00,2015,98516.731447
HU,TXG_FOB_USD,W00,2016,101914.800294
HU,TXG_FOB_USD,W00,2017,113801.016725
HU,TXG_FOB_USD,W00,2018,124562.485312
HU,TXG_FOB_USD,W00,2019,123791.514511
HU,TXG_FOB_USD,W00,2020,120647.948539
HU,TXG_FOB_USD,W00,2021,141825.243463
HU,TXG_FOB_USD,W00,2022,151668.94739
HU,TXG_FOB_USD,W00,2023,158040.120151
HU,TXG_FOB_USD,W00,2024,155495.077724
ID,TMG_CIF_USD,CN,2015,29410.885142
ID,TMG_CIF_USD,CN,2016,30800.448755
ID,TMG_CIF_USD,CN,2017,35766.8075
ID,TMG_CIF_USD,CN,2018,45537.814908
ID,TMG_CIF_USD,CN,2019,44930.598575
ID,TMG_CIF_USD,CN,2020,39634.699181
ID,TMG_CIF_USD,CN,2021,56227.202302
ID,TMG_CIF_USD,CN,2022,67723.688105
ID,TMG_CIF_USD,CN,2023,62880.883428
ID,TMG_CIF_USD,CN,2024,72330.662088
ID,TMG_CIF_USD,US,2015,7616.760788
ID,TMG_CIF_USD,US,2016,7319.183742
ID,TMG_CIF_USD,US,2017,8150.185485
ID,TMG_CIF_USD,US,2018,10212.388449
ID,TMG_CIF_USD,US,2019,9319.161007
ID,TMG_CIF_USD,US,2020,8641.916207
ID,TMG_CIF_USD,US,2021,11308.706993
ID,TMG_CIF_USD,US,2022,11682.890849
ID,TMG_CIF_USD,US,2023,11337.694391
ID,TMG_CIF_USD,US,2024,13601.640908
ID,TMG_CIF_USD,W00,2015,142577.033965
ID,TMG_CIF_USD,W00,2016,135532.488434
ID,TMG_CIF_USD,W00,2017,156967.350341
ID,TMG_CIF_USD,W00,2018,188675.890329
ID,TMG_CIF_USD,W00,2019,171179.063283
ID,TMG_CIF_USD,W00,2020,141521.288597
ID,TMG_CIF_USD,W00,2021,196130.647284
ID,TMG_CIF_USD,W00,2022,249129.892632
ID,TMG_CIF_USD,W00,2023,221794.303435
ID,TMG_CIF_USD,W00,2024,233358.366367
ID,TXG_FOB_USD,CN,2015,15045.331798
ID,TXG_FOB_USD,CN,2016,16790.801091
ID,TXG_FOB_USD,CN,2017,23083.091151
ID,TXG_FOB_USD,CN,2018,27126.932391
ID,TXG_FOB_USD,CN,2019,27961.887117
ID,TXG_FOB_USD,CN,2020,31781.825988
ID,TXG_FOB_USD,CN,2021,53781.904499
ID,TXG_FOB_USD,CN,2022,65924.104118
ID,TXG_FOB_USD,CN,2023,64934.538025
ID,TXG_FOB_USD,CN,2024,58623.4417
ID,TXG_FOB_USD,US,2015,16266.936309
ID,TXG_FOB_USD,US,2016,16171.990993
ID,TXG_FOB_USD,US,2017,17817.789648
ID,TXG_FOB_USD,US,2018,18471.771367
ID,TXG_FOB_USD,US,2019,17873.57957
ID,TXG_FOB_USD,US,2020,18668.906207
ID,TXG_FOB_USD,US,2021,25820.254774
ID,TXG_FOB_USD,US,2022,28240.115695
ID,TXG_FOB_USD,US,2023,23284.563053
ID,TXG_FOB_USD,US,2024,25956.582101
ID,TXG_FOB_USD,W00,2015,150282.256814
ID,TXG_FOB_USD,W00,2016,145186.181896
ID,TXG_FOB_USD,W00,2017,168827.554067
ID,TXG_FOB_USD,W00,2018,180215.0341
ID,TXG_FOB_USD,W00,2019,167682.995159
ID,TXG_FOB_USD,W00,2020,163191.837315
ID,TXG_FOB_USD,W00,2021,231522.458148
ID,TXG_FOB_USD,W00,2022,320219.206318
ID,TXG_FOB_USD,W00,2023,258774.386675
ID,TXG_FOB_USD,W00,2024,264705.774659
IE,TMG_CIF_USD,CN,2015,2981.925783
IE,TMG_CIF_USD,CN,2016,3080.101649
IE,TMG_CIF_USD,CN,2017,3360.012398
IE,TMG_CIF_USD,CN,2018,4242.023981
IE,TMG_CIF_USD,CN,2019,4054.886197
IE,TMG_CIF_USD,CN,2020,4906.349817
IE,TMG_CIF_USD,CN,2021,8299.255959
IE,TMG_CIF_USD,CN,2022,12839.096225
IE,TMG_CIF_USD,CN,2023,9365.602949
IE,TMG_CIF_USD,CN,2024,10094.994731
IE,TMG_CIF_USD,US,2015,11365.908689
IE,TMG_CIF_USD,US,2016,14524.887354
IE,TMG_CIF_USD,US,2017,18246.898331
IE,TMG_CIF_USD,US,2018,19799.581848
IE,TMG_CIF_USD,US,2019,16511.169585
IE,TMG_CIF_USD,US,2020,13559.301195
IE,TMG_CIF_USD,US,2021,20204.293029
IE,TMG_CIF_USD,US,2022,22427.964787
IE,TMG_CIF_USD,US,2023,23684.477414
IE,TMG_CIF_USD,US,2024,23568.344879
IE,TMG_CIF_USD,W00,2015,76337.697917
IE,TMG_CIF_USD,W00,2016,80628.941999
IE,TMG_CIF_USD,W00,2017,91589.403523
IE,TMG_CIF_USD,W00,2018,103340.14158
IE,TMG_CIF_USD,W00,2019,98449.564385
IE,TMG_CIF_USD,W00,2020,96456.087871
IE,TMG_CIF_USD,W00,2021,118602.135557
IE,TMG_CIF_USD,W00,2022,146173.186434
IE,TMG_CIF_USD,W00,2023,150135.089071
IE,TMG_CIF_USD,W00,2024,141931.830219
IE,TXG_FOB_USD,CN,2015,1827.246397
IE,TXG_FOB_USD,CN,2016,3399.747346
IE,TXG_FOB_USD,CN,2017,4857.304598
IE,TXG_FOB_USD,CN,2018,5414.948355
IE,TXG_FOB_USD,CN,2019,9489.577791
IE,TXG_FOB_USD,CN,2020,11748.047989
IE,TXG_FOB_USD,CN,2021,13220.475724
IE,TXG_FOB_USD,CN,2022,13885.191223
IE,TXG_FOB_USD,CN,2023,9649.546739
IE,TXG_FOB_USD,CN,2024,10189.160785
IE,TXG_FOB_USD,US,2015,29587.912541
IE,TXG_FOB_USD,US,2016,35151.936827
IE,TXG_FOB_USD,US,2017,37267.193651
IE,TXG_FOB_USD,US,2018,46285.847484
IE,TXG_FOB_USD,US,2019,52648.258545
IE,TXG_FOB_USD,US,2020,54621.937758
IE,TXG_FOB_USD,US,2021,58771.965599
IE,TXG_FOB_USD,US,2022,62687.259468
IE,TXG_FOB_USD,US,2023,55440.411957
IE,TXG_FOB_USD,US,2024,78994.353645
IE,TXG_FOB_USD,W00,2015,122798.677146
IE,TXG_FOB_USD,W00,2016,129735.315805
IE,TXG_FOB_USD,W00,2017,134425.95174
IE,TXG_FOB_USD,W00,2018,160905.4522
IE,TXG_FOB_USD,W00,2019,169046.771228
IE,TXG_FOB_USD,W00,2020,179336.253628
IE,TXG_FOB_USD,W00,2021,189704.611439
IE,TXG_FOB_USD,W00,2022,212905.375091
IE,TXG_FOB_USD,W00,2023,207281.585769
IE,TXG_FOB_USD,W00,2024,240098.169343
IL,TMG_CIF_USD,CN,2015,5767.6
IL,TMG_CIF_USD,CN,2016,6226.772
IL,TMG_CIF_USD,CN,2017,6527.7
IL,TMG_CIF_USD,CN,2018,6835.3
IL,TMG_CIF_USD,CN,2019,6719.9
IL,TMG_CIF_USD,CN,2020,7657.4
IL,TMG_CIF_USD,CN,2021,10716.6
IL,TMG_CIF_USD,CN,2022,13150.5
IL,TMG_CIF_USD,CN,2023,11205.4
IL,TMG_CIF_USD,CN,2024,13529.2
IL,TMG_CIF_USD,US,2015,8079.9
IL,TMG_CIF_USD,US,2016,8088.855
IL,TMG_CIF_USD,US,2017,8090.1
IL,TMG_CIF_USD,US,2018,9754.8
IL,TMG_CIF_USD,US,2019,12251.7
IL,TMG_CIF_USD,US,2020,8770.4
IL,TMG_CIF_USD,US,2021,8438.0
IL,TMG_CIF_USD,US,2022,9656.0
IL,TMG_CIF_USD,US,2023,9057.2
IL,TMG_CIF_USD,US,2024,9225.3
IL,TMG_CIF_USD,W00,2015,62004.7
IL,TMG_CIF_USD,W00,2016,65742.221
IL,TMG_CIF_USD,W00,2017,69091.0
IL,TMG_CIF_USD,W00,2018,76582.3
IL,TMG_CIF_USD,W00,2019,76440.1
IL,TMG_CIF_USD,W00,2020,70177.8
IL,TMG_CIF_USD,W00,2021,90407.2
IL,TMG_CIF_USD,W00,2022,107724.2
IL,TMG_CIF_USD,W00,2023,91720.7
IL,TMG_CIF_USD,W00,2024,91814.8
IL,TXG_FOB_USD,CN,2015,3245.4
IL,TXG_FOB_USD,CN,2016,3320.973
IL,TXG_FOB_USD,CN,2017,3257.2
IL,TXG_FOB_USD,CN,2018,4607.2
IL,TXG_FOB_USD,CN,2019,4614.7
IL,TXG_FOB_USD,CN,2020,4199.5
IL,TXG_FOB_USD,CN,2021,4316.2
IL,TXG_FOB_USD,CN,2022,4558.8
IL,TXG_FOB_USD,CN,2023,3452.3
IL,TXG_FOB_USD,CN,2024,2809.0
IL,TXG_FOB_USD,US,2015,18126.4
IL,TXG_FOB_USD,US,2016,17613.057
IL,TXG_FOB_USD,US,2017,17278.9
IL,TXG_FOB_USD,US,2018,16800.9
IL,TXG_FOB_USD,US,2019,15963.7
IL,TXG_FOB_USD,US,2020,12859.5
IL,TXG_FOB_USD,US,2021,16126.7
IL,TXG_FOB_USD,US,2022,18555.6
IL,TXG_FOB_USD,US,2023,17813.4
IL,TXG_FOB_USD,US,2024,17210.4
IL,TXG_FOB_USD,W00,2015,66040.1
IL,TXG_FOB_USD,W00,2016,60144.12
IL,TXG_FOB_USD,W00,2017,60016.7
IL,TXG_FOB_USD,W00,2018,60648.2
IL,TXG_FOB_USD,W00,2019,57902.3
IL,TXG_FOB_USD,W00,2020,48992.5
IL,TXG_FOB_USD,W00,2021,59075.0
IL,TXG_FOB_USD,W00,2022,72538.3
IL,TXG_FOB_USD,W00,2023,64344.7
IL,TXG_FOB_USD,W00,2024,60432.3
IN,TMG_CIF_USD,CN,2015,61592.815608
IN,TMG_CIF_USD,CN,2016,60539.508138
IN,TMG_CIF_USD,CN,2017,71955.71
IN,TMG_CIF_USD,CN,2018,73759.0
IN,TMG_CIF_USD,CN,2019,68344.55
IN,TMG_CIF_USD,CN,2020,58700.608193
IN,TMG_CIF_USD,CN,2021,87481.735846
IN,TMG_CIF_USD,CN,2022,102297.352545
IN,TMG_CIF_USD,CN,2023,101338.799138
IN,TMG_CIF_USD,CN,2024,109358.7
IN,TMG_CIF_USD,US,2015,20701.163997
IN,TMG_CIF_USD,US,2016,20574.519427
IN,TMG_CIF_USD,US,2017,24064.04
IN,TMG_CIF_USD,US,2018,33003.03
IN,TMG_CIF_USD,US,2019,34951.02
IN,TMG_CIF_USD,US,2020,26592.490959
IN,TMG_CIF_USD,US,2021,41388.087388
IN,TMG_CIF_USD,US,2022,51707.055279
IN,TMG_CIF_USD,US,2023,42820.204473
IN,TMG_CIF_USD,US,2024,44715.69
IN,TMG_CIF_USD,W00,2015,392215.223528
IN,TMG_CIF_USD,W00,2016,356208.133741
IN,TMG_CIF_USD,W00,2017,442974.389995
IN,TMG_CIF_USD,W00,2018,508980.58
IN,TMG_CIF_USD,W00,2019,479868.82
IN,TMG_CIF_USD,W00,2020,368026.936468
IN,TMG_CIF_USD,W00,2021,570020.143694
IN,TMG_CIF_USD,W00,2022,731907.81973
IN,TMG_CIF_USD,W00,2023,666711.02253
IN,TMG_CIF_USD,W00,2024,717943.04
IN,TXG_FOB_USD,CN,2015,9689.939481
IN,TXG_FOB_USD,CN,2016,8946.777583
IN,TXG_FOB_USD,CN,2017,12520.12
IN,TXG_FOB_USD,CN,2018,16397.29
IN,TXG_FOB_USD,CN,2019,17271.26
IN,TXG_FOB_USD,CN,2020,18921.630129
IN,TXG_FOB_USD,CN,2021,23044.275267
IN,TXG_FOB_USD,CN,2022,15144.85477
IN,TXG_FOB_USD,CN,2023,16266.542888
IN,TXG_FOB_USD,CN,2024,15140.92
IN,TXG_FOB_USD,US,2015,40400.329357
IN,TXG_FOB_USD,US,2016,41950.541841
IN,TXG_FOB_USD,US,2017,46065.27
IN,TXG_FOB_USD,US,2018,51614.04
IN,TXG_FOB_USD,US,2019,54221.27
IN,TXG_FOB_USD,US,2020,49339.62139
IN,TXG_FOB_USD,US,2021,71444.322635
IN,TXG_FOB_USD,US,2022,80327.233975
IN,TXG_FOB_USD,US,2023,75849.773125
IN,TXG_FOB_USD,US,2024,80914.5
IN,TXG_FOB_USD,W00,2015,266123.746993
IN,TXG_FOB_USD,W00,2016,261823.494383
IN,TXG_FOB_USD,W00,2017,296170.73
IN,TXG_FOB_USD,W00,2018,323241.51
IN,TXG_FOB_USD,W00,2019,324830.13
IN,TXG_FOB_USD,W00,2020,275589.566278
IN,TXG_FOB_USD,W00,2021,394463.71039
IN,TXG_FOB_USD,W00,2022,453196.569073
IN,TXG_FOB_USD,W00,2023,431997.480778
IN,TXG_FOB_USD,W00,2024,442520.33
IQ,TMG_CIF_USD,CN,2015,8402.567487
IQ,TMG_CIF_USD,CN,2016,8207.66692
IQ,TMG_CIF_USD,CN,2017,8854.819796
IQ,TMG_CIF_USD,CN,2018,8473.255855
IQ,TMG_CIF_USD,CN,2019,10042.214126
IQ,TMG_CIF_USD,CN,2020,11616.503228
IQ,TMG_CIF_USD,CN,2021,11339.320301
IQ,TMG_CIF_USD,CN,2022,14889.342587
IQ,TMG_CIF_USD,CN,2023,15394.781774
IQ,TMG_CIF_USD,CN,2024,16985.031345
IQ,TMG_CIF_USD,US,2015,2087.821517
IQ,TMG_CIF_USD,US,2016,1344.855317
IQ,TMG_CIF_USD,US,2017,1277.14946
IQ,TMG_CIF_USD,US,2018,1390.772018
IQ,TMG_CIF_USD,US,2019,1260.519062
IQ,TMG_CIF_USD,US,2020,816.176921
IQ,TMG_CIF_USD,US,2021,875.678962
IQ,TMG_CIF_USD,US,2022,952.820462
IQ,TMG_CIF_USD,US,2023,2394.016747
IQ,TMG_CIF_USD,US,2024,1760.187464
IQ,TMG_CIF_USD,W00,2015,37972.784191
IQ,TMG_CIF_USD,W00,2016,31754.671757
IQ,TMG_CIF_USD,W00,2017,36894.926953
IQ,TMG_CIF_USD,W00,2018,37497.842712
IQ,TMG_CIF_USD,W00,2019,39914.529459
IQ,TMG_CIF_USD,W00,2020,37171.69919
IQ,TMG_CIF_USD,W00,2021,41601.646248
IQ,TMG_CIF_USD,W00,2022,51256.578218
IQ,TMG_CIF_USD,W00,2023,54807.70529
IQ,TMG_CIF_USD,W00,2024,58768.916279
IQ,TXG_FOB_USD,CN,2015,11939.9348
IQ,TXG_FOB_USD,CN,2016,10017.128302
IQ,TXG_FOB_USD,CN,2017,12947.199755
IQ,TXG_FOB_USD,CN,2018,21191.884104
IQ,TXG_FOB_USD,CN,2019,22458.846509
IQ,TXG_FOB_USD,CN,2020,16895.827033
IQ,TXG_FOB_USD,CN,2021,25063.713233
IQ,TXG_FOB_USD,CN,2022,37057.614377
IQ,TXG_FOB_USD,CN,2023,33353.623865
IQ,TXG_FOB_USD,CN,2024,36050.030169
IQ,TXG_FOB_USD,US,2015,4106.222233
IQ,TXG_FOB_USD,US,2016,5627.408287
IQ,TXG_FOB_USD,US,2017,10145.567322
IQ,TXG_FOB_USD,US,2018,11200.350258
IQ,TXG_FOB_USD,US,2019,6627.484395
IQ,TXG_FOB_USD,US,2020,2924.325636
IQ,TXG_FOB_USD,US,2021,3575.752504
IQ,TXG_FOB_USD,US,2022,9486.738601
IQ,TXG_FOB_USD,US,2023,8014.46957
IQ,TXG_FOB_USD,US,2024,7002.146587
IQ,TXG_FOB_USD,W00,2015,51479.744233
IQ,TXG_FOB_USD,W00,2016,46434.44647
IQ,TXG_FOB_USD,W00,2017,65509.955337
IQ,TXG_FOB_USD,W00,2018,92435.933544
IQ,TXG_FOB_USD,W00,2019,87159.371996
IQ,TXG_FOB_USD,W00,2020,59754.161257
IQ,TXG_FOB_USD,W00,2021,83342.141456
IQ,TXG_FOB_USD,W00,2022,126017.254054
IQ,TXG_FOB_USD,W00,2023,107382.866668
IQ,TXG_FOB_USD,W00,2024,110417.064915
IR,TMG_CIF_USD,CN,2015,10473.072302
IR,TMG_CIF_USD,CN,2016,10696.326306
IR,TMG_CIF_USD,CN,2017,13115.139646
IR,TMG_CIF_USD,CN,2018,10248.562383
IR,TMG_CIF_USD,CN,2019,11239.833049
IR,TMG_CIF_USD,CN,2020,9840.023252
IR,TMG_CIF_USD,CN,2021,12738.557932
IR,TMG_CIF_USD,CN,2022,15562.150549
IR,TMG_CIF_USD,CN,2023,15911.043321
IR,TMG_CIF_USD,CN,2024,13398.435241
IR,TMG_CIF_USD,US,2015,167.392073
IR,TMG_CIF_USD,US,2016,284.970873
IR,TMG_CIF_USD,US,2017,169.289374
IR,TMG_CIF_USD,US,2018,142.336001
IR,TMG_CIF_USD,US,2019,136.642472
IR,TMG_CIF_USD,US,2020,79.838962
IR,TMG_CIF_USD,US,2021,97.708019
IR,TMG_CIF_USD,US,2022,87.651074
IR,TMG_CIF_USD,US,2023,114.845094
IR,TMG_CIF_USD,US,2024,188.050031
IR,TMG_CIF_USD,W00,2015,40850.120137
IR,TMG_CIF_USD,W00,2016,43773.752209
IR,TMG_CIF_USD,W00,2017,52661.982603
IR,TMG_CIF_USD,W00,2018,42214.408235
IR,TMG_CIF_USD,W00,2019,44542.816903
IR,TMG_CIF_USD,W00,2020,39140.916333
IR,TMG_CIF_USD,W00,2021,53205.220192
IR,TMG_CIF_USD,W00,2022,58859.133054
IR,TMG_CIF_USD,W00,2023,52759.703294
IR,TMG_CIF_USD,W00,2024,51762.370915
IR,TXG_FOB_USD,CN,2015,15106.835299
IR,TXG_FOB_USD,CN,2016,14074.704717
IR,TXG_FOB_USD,CN,2017,17476.589409
IR,TXG_FOB_USD,CN,2018,20730.572651
IR,TXG_FOB_USD,CN,2019,12642.980517
IR,TXG_FOB_USD,CN,2020,6172.879122
IR,TXG_FOB_USD,CN,2021,6113.697769
IR,TXG_FOB_USD,CN,2022,6007.142216
IR,TXG_FOB_USD,CN,2023,4304.840837
IR,TXG_FOB_USD,CN,2024,4192.64863
IR,TXG_FOB_USD,US,2015,10.1569
IR,TXG_FOB_USD,US,2016,81.130395
IR,TXG_FOB_USD,US,2017,59.527468
IR,TXG_FOB_USD,US,2018,66.014658
IR,TXG_FOB_USD,US,2019,1.330818
IR,TXG_FOB_USD,US,2020,3.644759
IR,TXG_FOB_USD,US,2021,1.167884
IR,TXG_FOB_USD,US,2022,10.54778
IR,TXG_FOB_USD,US,2023,2.102411
IR,TXG_FOB_USD,US,2024,5.866501
IR,TXG_FOB_USD,W00,2015,39343.867721
IR,TXG_FOB_USD,W00,2016,46769.734124
IR,TXG_FOB_USD,W00,2017,65758.695806
IR,TXG_FOB_USD,W00,2018,71869.711054
IR,TXG_FOB_USD,W00,2019,29329.568207
IR,TXG_FOB_USD,W00,2020,13490.00777
IR,TXG_FOB_USD,W00,2021,16403.99443
IR,TXG_FOB_USD,W00,2022,17483.951332
IR,TXG_FOB_USD,W00,2023,13874.251542
IR,TXG_FOB_USD,W00,2024,14017.657608
IS,TMG_CIF_USD,CN,2015,417.12324
IS,TMG_CIF_USD,CN,2016,420.44744
IS,TMG_CIF_USD,CN,2017,482.242876
IS,TMG_CIF_USD,CN,2018,668.821486
IS,TMG_CIF_USD,CN,2019,483.548098
IS,TMG_CIF_USD,CN,2020,324.341383
IS,TMG_CIF_USD,CN,2021,693.641929
IS,TMG_CIF_USD,CN,2022,898.463094
IS,TMG_CIF_USD,CN,2023,828.707978
IS,TMG_CIF_USD,CN,2024,1061.591297
IS,TMG_CIF_USD,US,2015,418.343784
IS,TMG_CIF_USD,US,2016,571.427682
IS,TMG_CIF_USD,US,2017,444.526888
IS,TMG_CIF_USD,US,2018,649.875681
IS,TMG_CIF_USD,US,2019,556.908159
IS,TMG_CIF_USD,US,2020,339.929599
IS,TMG_CIF_USD,US,2021,650.612656
IS,TMG_CIF_USD,US,2022,705.766032
IS,TMG_CIF_USD,US,2023,718.508255
IS,TMG_CIF_USD,US,2024,845.557891
IS,TMG_CIF_USD,W00,2015,5309.488618
IS,TMG_CIF_USD,W00,2016,5694.495489
IS,TMG_CIF_USD,W00,2017,6919.494918
IS,TMG_CIF_USD,W00,2018,7660.427517
IS,TMG_CIF_USD,W00,2019,6554.865209
IS,TMG_CIF_USD,W00,2020,4267.485778
IS,TMG_CIF_USD,W00,2021,7844.85924
IS,TMG_CIF_USD,W00,2022,9707.278348
IS,TMG_CIF_USD,W00,2023,9484.282126
IS,TMG_CIF_USD,W00,2024,9834.918195
IS,TXG_FOB_USD,CN,2015,72.636362
IS,TXG_FOB_USD,CN,2016,91.439386
IS,TXG_FOB_USD,CN,2017,97.058592
IS,TXG_FOB_USD,CN,2018,153.56496
IS,TXG_FOB_USD,CN,2019,129.305735
IS,TXG_FOB_USD,CN,2020,91.706856
IS,TXG_FOB_USD,CN,2021,130.651317
IS,TXG_FOB_USD,CN,2022,157.638031
IS,TXG_FOB_USD,CN,2023,149.156687
IS,TXG_FOB_USD,CN,2024,144.146977
IS,TXG_FOB_USD,US,2015,269.20779
IS,TXG_FOB_USD,US,2016,347.835255
IS,TXG_FOB_USD,US,2017,340.930044
IS,TXG_FOB_USD,US,2018,221.796294
IS,TXG_FOB_USD,US,2019,409.057178
IS,TXG_FOB_USD,US,2020,342.115656
IS,TXG_FOB_USD,US,2021,463.594845
IS,TXG_FOB_USD,US,2022,571.065865
IS,TXG_FOB_USD,US,2023,660.797249
IS,TXG_FOB_USD,US,2024,800.688259
IS,TXG_FOB_USD,W00,2015,4742.021058
IS,TXG_FOB_USD,W00,2016,4455.163805
IS,TXG_FOB_USD,W00,2017,4849.219504
IS,TXG_FOB_USD,W00,2018,5306.997988
IS,TXG_FOB_USD,W00,2019,5273.447995
IS,TXG_FOB_USD,W00,2020,4522.502714
IS,TXG_FOB_USD,W00,2021,6054.132505
IS,TXG_FOB_USD,W00,2022,7402.719309
IS,TXG_FOB_USD,W00,2023,6623.473306
IS,TXG_FOB_USD,W00,2024,6948.550343
IT,TMG_CIF_USD,CN,2015,31367.913276
IT,TMG_CIF_USD,CN,2016,30269.90237
IT,TMG_CIF_USD,CN,2017,32118.266314
IT,TMG_CIF_USD,CN,2018,36453.389006
IT,TMG_CIF_USD,CN,2019,35454.194595
IT,TMG_CIF_USD,CN,2020,36815.793365
IT,TMG_CIF_USD,CN,2021,45570.726183
IT,TMG_CIF_USD,CN,2022,60834.251905
IT,TMG_CIF_USD,CN,2023,52604.247786
IT,TMG_CIF_USD,CN,2024,53680.838461
IT,TMG_CIF_USD,US,2015,15750.366722
IT,TMG_CIF_USD,US,2016,15400.92708
IT,TMG_CIF_USD,US,2017,16898.402637
IT,TMG_CIF_USD,US,2018,18846.5484
IT,TMG_CIF_USD,US,2019,19039.481683
IT,TMG_CIF_USD,US,2020,16837.361507
IT,TMG_CIF_USD,US,2021,18700.044092
IT,TMG_CIF_USD,US,2022,26153.910683
IT,TMG_CIF_USD,US,2023,27275.40302
IT,TMG_CIF_USD,US,2024,28019.617276
IT,TMG_CIF_USD,W00,2015,409422.462559
IT,TMG_CIF_USD,W00,2016,405342.393124
IT,TMG_CIF_USD,W00,2017,451410.531068
IT,TMG_CIF_USD,W00,2018,501490.838875
IT,TMG_CIF_USD,W00,2019,472970.48988
IT,TMG_CIF_USD,W00,2020,425168.950503
IT,TMG_CIF_USD,W00,2021,564363.602887
IT,TMG_CIF_USD,W00,2022,689229.38978
IT,TMG_CIF_USD,W00,2023,634595.54823
IT,TMG_CIF_USD,W00,2024,612905.099033
IT,TXG_FOB_USD,CN,2015,11531.135445
IT,TXG_FOB_USD,CN,2016,12227.305207
IT,TXG_FOB_USD,CN,2017,15264.64433
IT,TXG_FOB_USD,CN,2018,15490.872307
IT,TXG_FOB_USD,CN,2019,14518.546252
IT,TXG_FOB_USD,CN,2020,14770.803186
IT,TXG_FOB_USD,CN,2021,18513.229859
IT,TXG_FOB_USD,CN,2022,17261.217496
IT,TXG_FOB_USD,CN,2023,20705.929854
IT,TXG_FOB_USD,CN,2024,16594.179807
IT,TXG_FOB_USD,US,2015,39875.318
IT,TXG_FOB_USD,US,2016,40819.546456
IT,TXG_FOB_USD,US,2017,45702.186621
IT,TXG_FOB_USD,US,2018,50032.046967
IT,TXG_FOB_USD,US,2019,50974.307238
IT,TXG_FOB_USD,US,2020,48540.44818
IT,TXG_FOB_USD,US,2021,58290.241824
IT,TXG_FOB_USD,US,2022,68315.987322
IT,TXG_FOB_USD,US,2023,72652.709633
IT,TXG_FOB_USD,US,2024,70074.648333
IT,TXG_FOB_USD,W00,2015,452620.611148
IT,TXG_FOB_USD,W00,2016,457289.442326
IT,TXG_FOB_USD,W00,2017,502227.06123
IT,TXG_FOB_USD,W00,2018,542120.238435
IT,TXG_FOB_USD,W00,2019,529767.093942
IT,TXG_FOB_USD,W00,2020,493819.79075
IT,TXG_FOB_USD,W00,2021,606589.779946
IT,TXG_FOB_USD,W00,2022,647749.813557
IT,TXG_FOB_USD,W00,2023,665036.757061
IT,TXG_FOB_USD,W00,2024,662173.293991
JM,TMG_CIF_USD,CN,2015,408.995459
JM,TMG_CIF_USD,CN,2016,313.212739
JM,TMG_CIF_USD,CN,2017,358.9587
JM,TMG_CIF_USD,CN,2018,397.83303
JM,TMG_CIF_USD,CN,2019,491.801599
JM,TMG_CIF_USD,CN,2020,392.084026
JM,TMG_CIF_USD,CN,2021,463.767285
JM,TMG_CIF_USD,CN,2022,572.963211
JM,TMG_CIF_USD,CN,2023,607.68015
JM,TMG_CIF_USD,CN,2024,514.061981
JM,TMG_CIF_USD,US,2015,1873.113127
JM,TMG_CIF_USD,US,2016,1888.496972
JM,TMG_CIF_USD,US,2017,2464.39433
JM,TMG_CIF_USD,US,2018,2740.334084
JM,TMG_CIF_USD,US,2019,2920.202438
JM,TMG_CIF_USD,US,2020,1923.628726
JM,TMG_CIF_USD,US,2021,2423.847893
JM,TMG_CIF_USD,US,2022,3224.581134
JM,TMG_CIF_USD,US,2023,3134.820983
JM,TMG_CIF_USD,US,2024,3168.767693
JM,TMG_CIF_USD,W00,2015,4992.720873
JM,TMG_CIF_USD,W00,2016,4622.05229
JM,TMG_CIF_USD,W00,2017,5474.684533
JM,TMG_CIF_USD,W00,2018,6125.400697
JM,TMG_CIF_USD,W00,2019,6389.18541
JM,TMG_CIF_USD,W00,2020,4765.525912
JM,TMG_CIF_USD,W00,2021,5971.060553
JM,TMG_CIF_USD,W00,2022,7731.074234
JM,TMG_CIF_USD,W00,2023,7592.096439
JM,TMG_CIF_USD,W00,2024,7349.317851
JM,TXG_FOB_USD,CN,2015,28.625693
JM,TXG_FOB_USD,CN,2016,28.395466
JM,TXG_FOB_USD,CN,2017,19.516764
JM,TXG_FOB_USD,CN,2018,35.133092
JM,TXG_FOB_USD,CN,2019,21.895089
JM,TXG_FOB_USD,CN,2020,21.628066
JM,TXG_FOB_USD,CN,2021,14.018702
JM,TXG_FOB_USD,CN,2022,10.888091
JM,TXG_FOB_USD,CN,2023,7.691679
JM,TXG_FOB_USD,CN,2024,4.805659
JM,TXG_FOB_USD,US,2015,467.011427
JM,TXG_FOB_USD,US,2016,489.211835
JM,TXG_FOB_USD,US,2017,536.293395
JM,TXG_FOB_USD,US,2018,583.353691
JM,TXG_FOB_USD,US,2019,611.482435
JM,TXG_FOB_USD,US,2020,570.567541
JM,TXG_FOB_USD,US,2021,756.398398
JM,TXG_FOB_USD,US,2022,1154.462841
JM,TXG_FOB_USD,US,2023,1011.181553
JM,TXG_FOB_USD,US,2024,842.306655
JM,TXG_FOB_USD,W00,2015,1272.833551
JM,TXG_FOB_USD,W00,2016,1197.233973
JM,TXG_FOB_USD,W00,2017,1326.966949
JM,TXG_FOB_USD,W00,2018,1870.831567
JM,TXG_FOB_USD,W00,2019,1531.858851
JM,TXG_FOB_USD,W00,2020,1250.937515
JM,TXG_FOB_USD,W00,2021,1481.2051
JM,TXG_FOB_USD,W00,2022,1901.91172
JM,TXG_FOB_USD,W00,2023,2002.27358
JM,TXG_FOB_USD,W00,2024,1929.389342
JO,TMG_CIF_USD,CN,2015,2640.351691
JO,TMG_CIF_USD,CN,2016,2334.289134
JO,TMG_CIF_USD,CN,2017,2764.868028
JO,TMG_CIF_USD,CN,2018,2767.119296
JO,TMG_CIF_USD,CN,2019,3127.835213
JO,TMG_CIF_USD,CN,2020,2710.080563
JO,TMG_CIF_USD,CN,2021,3141.064788
JO,TMG_CIF_USD,CN,2022,4165.462115
JO,TMG_CIF_USD,CN,2023,4495.643943
JO,TMG_CIF_USD,CN,2024,5057.269717
JO,TMG_CIF_USD,US,2015,1260.084367
JO,TMG_CIF_USD,US,2016,1227.811176
JO,TMG_CIF_USD,US,2017,2000.391408
JO,TMG_CIF_USD,US,2018,1764.18845
JO,TMG_CIF_USD,US,2019,1561.850423
JO,TMG_CIF_USD,US,2020,1267.377043
JO,TMG_CIF_USD,US,2021,1391.49338
JO,TMG_CIF_USD,US,2022,1493.602677
JO,TMG_CIF_USD,US,2023,1644.624929
JO,TMG_CIF_USD,US,2024,1716.276619
JO,TMG_CIF_USD,W00,2015,20466.181408
JO,TMG_CIF_USD,W00,2016,16715.496451
JO,TMG_CIF_USD,W00,2017,20498.199578
JO,TMG_CIF_USD,W00,2018,20309.895066
JO,TMG_CIF_USD,W00,2019,19170.352817
JO,TMG_CIF_USD,W00,2020,16733.654918
JO,TMG_CIF_USD,W00,2021,21542.435353
JO,TMG_CIF_USD,W00,2022,27289.725641
JO,TMG_CIF_USD,W00,2023,25717.068599
JO,TMG_CIF_USD,W00,2024,26626.513378
JO,TXG_FOB_USD,CN,2015,210.806762
JO,TXG_FOB_USD,CN,2016,78.929923
JO,TXG_FOB_USD,CN,2017,137.068029
JO,TXG_FOB_USD,CN,2018,104.633099
JO,TXG_FOB_USD,CN,2019,199.428731
JO,TXG_FOB_USD,CN,2020,161.658451
JO,TXG_FOB_USD,CN,2021,101.594366
JO,TXG_FOB_USD,CN,2022,268.516902
JO,TXG_FOB_USD,CN,2023,355.603804
JO,TXG_FOB_USD,CN,2024,768.52662
JO,TXG_FOB_USD,US,2015,1411.34507
JO,TXG_FOB_USD,US,2016,1365.693916
JO,TXG_FOB_USD,US,2017,1566.98845
JO,TXG_FOB_USD,US,2018,1730.343662
JO,TXG_FOB_USD,US,2019,1946.388733
JO,TXG_FOB_USD,US,2020,1718.982394
JO,TXG_FOB_USD,US,2021,2234.550422
JO,TXG_FOB_USD,US,2022,2373.349015
JO,TXG_FOB_USD,US,2023,2667.141127
JO,TXG_FOB_USD,US,2024,2972.104649
JO,TXG_FOB_USD,W00,2015,6757.001281
JO,TXG_FOB_USD,W00,2016,5415.970645
JO,TXG_FOB_USD,W00,2017,6343.976738
JO,TXG_FOB_USD,W00,2018,6584.092254
JO,TXG_FOB_USD,W00,2019,7036.17788
JO,TXG_FOB_USD,W00,2020,7104.380141
JO,TXG_FOB_USD,W00,2021,8505.383388
JO,TXG_FOB_USD,W00,2022,11382.81238
JO,TXG_FOB_USD,W00,2023,11507.369855
JO,TXG_FOB_USD,W00,2024,13166.27831
JP,TMG_CIF_USD,CN,2015,160598.416878
JP,TMG_CIF_USD,CN,2016,156560.606686
JP,TMG_CIF_USD,CN,2017,164354.248859
JP,TMG_CIF_USD,CN,2018,173537.612933
JP,TMG_CIF_USD,CN,2019,169233.049026
JP,TMG_CIF_USD,CN,2020,163919.885221
JP,TMG_CIF_USD,CN,2021,185245.69322
JP,TMG_CIF_USD,CN,2022,188659.70052
JP,TMG_CIF_USD,CN,2023,173875.584194
JP,TMG_CIF_USD,CN,2024,167225.575668
JP,TMG_CIF_USD,US,2015,68322.436481
JP,TMG_CIF_USD,US,2016,69303.270973
JP,TMG_CIF_USD,US,2017,73835.547775
JP,TMG_CIF_USD,US,2018,83586.433254
JP,TMG_CIF_USD,US,2019,81246.0829
JP,TMG_CIF_USD,US,2020,71642.108832
JP,TMG_CIF_USD,US,2021,82663.924668
JP,TMG_CIF_USD,US,2022,90640.715684
JP,TMG_CIF_USD,US,2023,83737.210251
JP,TMG_CIF_USD,US,2024,84910.041552
JP,TMG_CIF_USD,W00,2015,647988.922124
JP,TMG_CIF_USD,W00,2016,606870.208975
JP,TMG_CIF_USD,W00,2017,671154.657207
JP,TMG_CIF_USD,W00,2018,748334.571086
JP,TMG_CIF_USD,W00,2019,720802.633881
JP,TMG_CIF_USD,W00,2020,631195.360292
JP,TMG_CIF_USD,W00,2021,768735.614988
JP,TMG_CIF_USD,W00,2022,897017.118386
JP,TMG_CIF_USD,W00,2023,785708.091625
JP,TMG_CIF_USD,W00,2024,743058.435913
JP,TXG_FOB_USD,CN,2015,109215.780002
JP,TXG_FOB_USD,CN,2016,113877.157363
JP,TXG_FOB_USD,CN,2017,132817.035579
JP,TXG_FOB_USD,CN,2018,143998.244248
JP,TXG_FOB_USD,CN,2019,134709.918631
JP,TXG_FOB_USD,CN,2020,140543.934106
JP,TXG_FOB_USD,CN,2021,163598.870905
JP,TXG_FOB_USD,CN,2022,144618.114503
JP,TXG_FOB_USD,CN,2023,126119.063088
JP,TXG_FOB_USD,CN,2024,124577.571305
JP,TXG_FOB_USD,US,2015,126372.058247
JP,TXG_FOB_USD,US,2016,130428.61445
JP,TXG_FOB_USD,US,2017,135075.544783
JP,TXG_FOB_USD,US,2018,140616.898785
JP,TXG_FOB_USD,US,2019,140393.696021
JP,TXG_FOB_USD,US,2020,118292.533088
JP,TXG_FOB_USD,US,2021,135774.598007
JP,TXG_FOB_USD,US,2022,139432.969598
JP,TXG_FOB_USD,US,2023,144759.932918
JP,TXG_FOB_USD,US,2024,141494.296579
JP,TXG_FOB_USD,W00,2015,624777.635355
JP,TXG_FOB_USD,W00,2016,644907.633643
JP,TXG_FOB_USD,W00,2017,698040.586762
JP,TXG_FOB_USD,W00,2018,737915.340282
JP,TXG_FOB_USD,W00,2019,705617.821224
JP,TXG_FOB_USD,W00,2020,638167.043688
JP,TXG_FOB_USD,W00,2021,756166.163384
JP,TXG_FOB_USD,W00,2022,746720.431187
JP,TXG_FOB_USD,W00,2023,717225.250214
JP,TXG_FOB_USD,W00,2024,707489.299541
KE,TMG_CIF_USD,CN,2015,3266.48774
KE,TMG_CIF_USD,CN,2016,3324.951052
KE,TMG_CIF_USD,CN,2017,3776.727512
KE,TMG_CIF_USD,CN,2018,3660.882334
KE,TMG_CIF_USD,CN,2019,3590.359216
KE,TMG_CIF_USD,CN,2020,3412.131227
KE,TMG_CIF_USD,CN,2021,4022.959724
KE,TMG_CIF_USD,CN,2022,3842.709915
KE,TMG_CIF_USD,CN,2023,3260.769426
KE,TMG_CIF_USD,CN,2024,3054.067437
KE,TMG_CIF_USD,US,2015,1285.542125
KE,TMG_CIF_USD,US,2016,473.27628
KE,TMG_CIF_USD,US,2017,556.654943
KE,TMG_CIF_USD,US,2018,527.560058
KE,TMG_CIF_USD,US,2019,591.252773
KE,TMG_CIF_USD,US,2020,573.343758
KE,TMG_CIF_USD,US,2021,800.714023
KE,TMG_CIF_USD,US,2022,813.121247
KE,TMG_CIF_USD,US,2023,804.901879
KE,TMG_CIF_USD,US,2024,578.419193
KE,TMG_CIF_USD,W00,2015,17340.089398
KE,TMG_CIF_USD,W00,2016,14101.181671
KE,TMG_CIF_USD,W00,2017,16681.617237
KE,TMG_CIF_USD,W00,2018,17425.820766
KE,TMG_CIF_USD,W00,2019,17798.421751
KE,TMG_CIF_USD,W00,2020,15557.630748
KE,TMG_CIF_USD,W00,2021,19570.927199
KE,TMG_CIF_USD,W00,2022,21115.328883
KE,TMG_CIF_USD,W00,2023,18604.867479
KE,TMG_CIF_USD,W00,2024,15099.746491
KE,TXG_FOB_USD,CN,2015,86.112753
KE,TXG_FOB_USD,CN,2016,99.141491
KE,TXG_FOB_USD,CN,2017,96.716863
KE,TXG_FOB_USD,CN,2018,109.876879
KE,TXG_FOB_USD,CN,2019,148.563697
KE,TXG_FOB_USD,CN,2020,127.472842
KE,TXG_FOB_USD,CN,2021,199.299597
KE,TXG_FOB_USD,CN,2022,233.784791
KE,TXG_FOB_USD,CN,2023,208.18732
KE,TXG_FOB_USD,CN,2024,246.001645
KE,TXG_FOB_USD,US,2015,414.00286
KE,TXG_FOB_USD,US,2016,427.20097
KE,TXG_FOB_USD,US,2017,457.074068
KE,TXG_FOB_USD,US,2018,467.758782
KE,TXG_FOB_USD,US,2019,508.551406
KE,TXG_FOB_USD,US,2020,474.86416
KE,TXG_FOB_USD,US,2021,543.408216
KE,TXG_FOB_USD,US,2022,678.885884
KE,TXG_FOB_USD,US,2023,460.533162
KE,TXG_FOB_USD,US,2024,687.852003
KE,TXG_FOB_USD,W00,2015,6277.287609
KE,TXG_FOB_USD,W00,2016,5694.754419
KE,TXG_FOB_USD,W00,2017,5745.336992
KE,TXG_FOB_USD,W00,2018,6051.032054
KE,TXG_FOB_USD,W00,2019,6342.646618
KE,TXG_FOB_USD,W00,2020,6025.588075
KE,TXG_FOB_USD,W00,2021,6749.953873
KE,TXG_FOB_USD,W00,2022,7373.534869
KE,TXG_FOB_USD,W00,2023,7167.84695
KE,TXG_FOB_USD,W00,2024,10110.861646
KG,TMG_CIF_USD,CN,2015,1029.111004
KG,TMG_CIF_USD,CN,2016,1464.956968
KG,TMG_CIF_USD,CN,2017,1493.693988
KG,TMG_CIF_USD,CN,2018,1942.291137
KG,TMG_CIF_USD,CN,2019,1734.970508
KG,TMG_CIF_USD,CN,2020,736.83525
KG,TMG_CIF_USD,CN,2021,1463.823096
KG,TMG_CIF_USD,CN,2022,4069.468372
KG,TMG_CIF_USD,CN,2023,5353.257336
KG,TMG_CIF_USD,CN,2024,5451.009328
KG,TMG_CIF_USD,US,2015,122.066355
KG,TMG_CIF_USD,US,2016,153.606035
KG,TMG_CIF_USD,US,2017,155.220187
KG,TMG_CIF_USD,US,2018,128.572666
KG,TMG_CIF_USD,US,2019,90.136804
KG,TMG_CIF_USD,US,2020,120.307217
KG,TMG_CIF_USD,US,2021,101.211298
KG,TMG_CIF_USD,US,2022,242.068285
KG,TMG_CIF_USD,US,2023,430.618212
KG,TMG_CIF_USD,US,2024,253.321231
KG,TMG_CIF_USD,W00,2015,4190.18514
KG,TMG_CIF_USD,W00,2016,3997.400827
KG,TMG_CIF_USD,W00,2017,4642.550545
KG,TMG_CIF_USD,W00,2018,4824.040324
KG,TMG_CIF_USD,W00,2019,4903.807572
KG,TMG_CIF_USD,W00,2020,3684.107989
KG,TMG_CIF_USD,W00,2021,5570.124191
KG,TMG_CIF_USD,W00,2022,9629.072039
KG,TMG_CIF_USD,W00,2023,12517.912615
KG,TMG_CIF_USD,W00,2024,12151.612048
KG,TXG_FOB_USD,CN,2015,35.876852
KG,TXG_FOB_USD,CN,2016,79.702699
KG,TXG_FOB_USD,CN,2017,97.473585
KG,TXG_FOB_USD,CN,2018,61.231255
KG,TXG_FOB_USD,CN,2019,81.469047
KG,TXG_FOB_USD,CN,2020,43.234975
KG,TXG_FOB_USD,CN,2021,64.090574
KG,TXG_FOB_USD,CN,2022,60.800135
KG,TXG_FOB_USD,CN,2023,80.446343
KG,TXG_FOB_USD,CN,2024,123.122513
KG,TXG_FOB_USD,US,2015,1.140156
KG,TXG_FOB_USD,US,2016,0.433344
KG,TXG_FOB_USD,US,2017,0.95274
KG,TXG_FOB_USD,US,2018,1.7
KG,TXG_FOB_USD,US,2019,2.624326
KG,TXG_FOB_USD,US,2020,2.604581
KG,TXG_FOB_USD,US,2021,4.511455
KG,TXG_FOB_USD,US,2022,4.82033
KG,TXG_FOB_USD,US,2023,7.220462
KG,TXG_FOB_USD,US,2024,4.98382
KG,TXG_FOB_USD,W00,2015,1442.283483
KG,TXG_FOB_USD,W00,2016,1422.550466
KG,TXG_FOB_USD,W00,2017,1758.153136
KG,TXG_FOB_USD,W00,2018,1712.413487
KG,TXG_FOB_USD,W00,2019,1965.502707
KG,TXG_FOB_USD,W00,2020,1964.466138
KG,TXG_FOB_USD,W00,2021,1658.94865
KG,TXG_FOB_USD,W00,2022,2186.695026
KG,TXG_FOB_USD,W00,2023,3384.856085
KG,TXG_FOB_USD,W00,2024,3787.797707
KH,TMG_CIF_USD,CN,2015,3923.15881
KH,TMG_CIF_USD,CN,2016,4544.164671
KH,TMG_CIF_USD,CN,2017,5289.10702
KH,TMG_CIF_USD,CN,2018,6122.245354
KH,TMG_CIF_USD,CN,2019,7558.511703
KH,TMG_CIF_USD,CN,2020,7094.62756
KH,TMG_CIF_USD,CN,2021,9684.3464
KH,TMG_CIF_USD,CN,2022,10445.533217
KH,TMG_CIF_USD,CN,2023,10786.093924
KH,TMG_CIF_USD,CN,2024,13439.248243
KH,TMG_CIF_USD,US,2015,217.934273
KH,TMG_CIF_USD,US,2016,182.8095
KH,TMG_CIF_USD,US,2017,193.938672
KH,TMG_CIF_USD,US,2018,265.313066
KH,TMG_CIF_USD,US,2019,311.200362
KH,TMG_CIF_USD,US,2020,253.386571
KH,TMG_CIF_USD,US,2021,336.345889
KH,TMG_CIF_USD,US,2022,312.484415
KH,TMG_CIF_USD,US,2023,257.182926
KH,TMG_CIF_USD,US,2024,264.149444
KH,TMG_CIF_USD,W00,2015,10587.707756
KH,TMG_CIF_USD,W00,2016,12315.232007
KH,TMG_CIF_USD,W00,2017,14314.186901
KH,TMG_CIF_USD,W00,2018,17524.549905
KH,TMG_CIF_USD,W00,2019,20475.672846
KH,TMG_CIF_USD,W00,2020,19560.04415
KH,TMG_CIF_USD,W00,2021,29502.042672
KH,TMG_CIF_USD,W00,2022,31316.207061
KH,TMG_CIF_USD,W00,2023,24325.182467
KH,TMG_CIF_USD,W00,2024,28545.351486
KH,TXG_FOB_USD,CN,2015,422.024378
KH,TXG_FOB_USD,CN,2016,590.807928
KH,TXG_FOB_USD,CN,2017,744.148278
KH,TXG_FOB_USD,CN,2018,855.097765
KH,TXG_FOB_USD,CN,2019,1004.79339
KH,TXG_FOB_USD,CN,2020,1088.411121
KH,TXG_FOB_USD,CN,2021,1510.253155
KH,TXG_FOB_USD,CN,2022,1240.63038
KH,TXG_FOB_USD,CN,2023,1478.738912
KH,TXG_FOB_USD,CN,2024,1750.114818
KH,TXG_FOB_USD,US,2015,2154.518515
KH,TXG_FOB_USD,US,2016,2128.469003
KH,TXG_FOB_USD,US,2017,2406.732078
KH,TXG_FOB_USD,US,2018,3041.616551
KH,TXG_FOB_USD,US,2019,4402.364895
KH,TXG_FOB_USD,US,2020,5321.877589
KH,TXG_FOB_USD,US,2021,7490.148919
KH,TXG_FOB_USD,US,2022,8968.72609
KH,TXG_FOB_USD,US,2023,8897.436273
KH,TXG_FOB_USD,US,2024,9916.176219
KH,TXG_FOB_USD,W00,2015,8507.315448
KH,TXG_FOB_USD,W00,2016,10032.047368
KH,TXG_FOB_USD,W00,2017,11376.667414
KH,TXG_FOB_USD,W00,2018,12767.99205
KH,TXG_FOB_USD,W00,2019,14915.838852
KH,TXG_FOB_USD,W00,2020,20099.349417
KH,TXG_FOB_USD,W00,2021,19471.536124
KH,TXG_FOB_USD,W00,2022,22606.585644
KH,TXG_FOB_USD,W00,2023,23238.566764
KH,TXG_FOB_USD,W00,2024,26196.599504
KI,TMG_CIF_USD,CN,2015,12.821333
KI,TMG_CIF_USD,CN,2016,8.171117
KI,TMG_CIF_USD,CN,2017,10.06437
KI,TMG_CIF_USD,CN,2018,5.750848
KI,TMG_CIF_USD,CN,2019,6.121274
KI,TMG_CIF_USD,CN,2020,15.374976
KI,TMG_CIF_USD,CN,2021,27.433733
KI,TMG_CIF_USD,CN,2022,30.053831
KI,TMG_CIF_USD,CN,2023,26.916898
KI,TMG_CIF_USD,CN,2024,37.846167
KI,TMG_CIF_USD,US,2015,2.29122
KI,TMG_CIF_USD,US,2016,4.311243
KI,TMG_CIF_USD,US,2017,2.544251
KI,TMG_CIF_USD,US,2018,3.168999
KI,TMG_CIF_USD,US,2019,1.568239
KI,TMG_CIF_USD,US,2020,1.22906
KI,TMG_CIF_USD,US,2021,2.899533
KI,TMG_CIF_USD,US,2022,7.58073
KI,TMG_CIF_USD,US,2023,12.139122
KI,TMG_CIF_USD,US,2024,6.311914
KI,TMG_CIF_USD,W00,2015,113.161821
KI,TMG_CIF_USD,W00,2016,123.848517
KI,TMG_CIF_USD,W00,2017,115.542759
KI,TMG_CIF_USD,W00,2018,115.022377
KI,TMG_CIF_USD,W00,2019,114.469801
KI,TMG_CIF_USD,W00,2020,110.450459
KI,TMG_CIF_USD,W00,2021,176.725539
KI,TMG_CIF_USD,W00,2022,186.896407
KI,TMG_CIF_USD,W00,2023,207.346832
KI,TMG_CIF_USD,W00,2024,211.35998
KI,TXG_FOB_USD,CN,2015,0.817283
KI,TXG_FOB_USD,CN,2017,0.029584
KI,TXG_FOB_USD,CN,2019,1.4085
KI,TXG_FOB_USD,CN,2020,0.162897
KI,TXG_FOB_USD,US,2015,1.712686
KI,TXG_FOB_USD,US,2016,0.288667
KI,TXG_FOB_USD,US,2017,1.927914
KI,TXG_FOB_USD,US,2018,2.366932
KI,TXG_FOB_USD,US,2019,2.495289
KI,TXG_FOB_USD,US,2020,1.004497
KI,TXG_FOB_USD,US,2021,0.92001
KI,TXG_FOB_USD,US,2022,1.533686
KI,TXG_FOB_USD,US,2023,0.370354
KI,TXG_FOB_USD,US,2024,0.728779
KI,TXG_FOB_USD,W00,2015,11.685904
KI,TXG_FOB_USD,W00,2016,11.542219
KI,TXG_FOB_USD,W00,2017,17.174468
KI,TXG_FOB_USD,W00,2018,14.233922
KI,TXG_FOB_USD,W00,2019,19.46442
KI,TXG_FOB_USD,W00,2020,10.27552
KI,TXG_FOB_USD,W00,2021,9.360254
KI,TXG_FOB_USD,W00,2022,12.516054
KI,TXG_FOB_USD,W00,2023,6.292584
KI,TXG_FOB_USD,W00,2024,6.169764
KM,TMG_CIF_USD,CN,2015,13.403028
KM,TMG_CIF_USD,CN,2016,16.592577
KM,TMG_CIF_USD,CN,2017,19.565975
KM,TMG_CIF_USD,CN,2018,23.801181
KM,TMG_CIF_USD,CN,2019,19.434704
KM,TMG_CIF_USD,CN,2020,16.776599
KM,TMG_CIF_USD,CN,2021,21.238535
KM,TMG_CIF_USD,CN,2022,28.994052
KM,TMG_CIF_USD,CN,2023,24.45817
KM,TMG_CIF_USD,CN,2024,34.391906
KM,TMG_CIF_USD,US,2015,0.118718
KM,TMG_CIF_USD,US,2016,0.790588
KM,TMG_CIF_USD,US,2017,0.329815
KM,TMG_CIF_USD,US,2018,0.328935
KM,TMG_CIF_USD,US,2019,0.072724
KM,TMG_CIF_USD,US,2020,0.296443
KM,TMG_CIF_USD,US,2021,0.336157
KM,TMG_CIF_USD,US,2022,0.376937
KM,TMG_CIF_USD,US,2023,0.352092
KM,TMG_CIF_USD,US,2024,0.406502
KM,TMG_CIF_USD,W00,2015,214.342752
KM,TMG_CIF_USD,W00,2016,194.60163
KM,TMG_CIF_USD,W00,2017,240.064678
KM,TMG_CIF_USD,W00,2018,208.60961
KM,TMG_CIF_USD,W00,2019,201.264924
KM,TMG_CIF_USD,W00,2020,229.498111
KM,TMG_CIF_USD,W00,2021,326.334817
KM,TMG_CIF_USD,W00,2022,386.793174
KM,TMG_CIF_USD,W00,2023,350.823185
KM,TMG_CIF_USD,W00,2024,429.598695
KM,TXG_FOB_USD,CN,2015,0.002496
KM,TXG_FOB_USD,CN,2016,0.017664
KM,TXG_FOB_USD,CN,2017,0.02214
KM,TXG_FOB_USD,CN,2018,0.067128
KM,TXG_FOB_USD,CN,2019,0.014333
KM,TXG_FOB_USD,CN,2021,0.013104
KM,TXG_FOB_USD,CN,2022,0.013104
KM,TXG_FOB_USD,CN,2023,0.013104
KM,TXG_FOB_USD,CN,2024,0.013104
KM,TXG_FOB_USD,US,2015,0.432588
KM,TXG_FOB_USD,US,2016,0.40668
KM,TXG_FOB_USD,US,2017,2.251452
KM,TXG_FOB_USD,US,2018,0.66684
KM,TXG_FOB_USD,US,2019,0.486386
KM,TXG_FOB_USD,US,2020,1.238876
KM,TXG_FOB_USD,US,2021,1.972926
KM,TXG_FOB_USD,US,2022,2.870672
KM,TXG_FOB_USD,US,2023,3.131573
KM,TXG_FOB_USD,US,2024,2.39605
KM,TXG_FOB_USD,W00,2015,16.007488
KM,TXG_FOB_USD,W00,2016,33.462766
KM,TXG_FOB_USD,W00,2017,38.724545
KM,TXG_FOB_USD,W00,2018,45.971245
KM,TXG_FOB_USD,W00,2019,48.963184
KM,TXG_FOB_USD,W00,2020,20.683116
KM,TXG_FOB_USD,W00,2021,34.222265
KM,TXG_FOB_USD,W00,2022,45.917965
KM,TXG_FOB_USD,W00,2023,51.974442
KM,TXG_FOB_USD,W00,2024,33.188778
KN,TMG_CIF_USD,CN,2015,7.339674
KN,TMG_CIF_USD,CN,2016,4.703294
KN,TMG_CIF_USD,CN,2017,7.911259
KN,TMG_CIF_USD,CN,2018,9.642168
KN,TMG_CIF_USD,CN,2019,7.715021
KN,TMG_CIF_USD,CN,2020,10.697614
KN,TMG_CIF_USD,CN,2021,10.012204
KN,TMG_CIF_USD,CN,2022,11.05903
KN,TMG_CIF_USD,CN,2023,19.110781
KN,TMG_CIF_USD,CN,2024,20.557979
KN,TMG_CIF_USD,US,2015,178.10719
KN,TMG_CIF_USD,US,2016,228.620253
KN,TMG_CIF_USD,US,2017,207.145403
KN,TMG_CIF_USD,US,2018,177.280702
KN,TMG_CIF_USD,US,2019,182.061185
KN,TMG_CIF_USD,US,2020,130.472106
KN,TMG_CIF_USD,US,2021,140.916223
KN,TMG_CIF_USD,US,2022,170.997287
KN,TMG_CIF_USD,US,2023,176.731418
KN,TMG_CIF_USD,US,2024,158.717964
KN,TMG_CIF_USD,W00,2015,472.000201
KN,TMG_CIF_USD,W00,2016,559.39555
KN,TMG_CIF_USD,W00,2017,514.129891
KN,TMG_CIF_USD,W00,2018,480.313394
KN,TMG_CIF_USD,W00,2019,477.65132
KN,TMG_CIF_USD,W00,2020,404.094112
KN,TMG_CIF_USD,W00,2021,379.22239
KN,TMG_CIF_USD,W00,2022,507.119547
KN,TMG_CIF_USD,W00,2023,498.808353
KN,TMG_CIF_USD,W00,2024,504.316176
KN,TXG_FOB_USD,CN,2015,0.13399
KN,TXG_FOB_USD,CN,2016,0.045145
KN,TXG_FOB_USD,CN,2017,0.14275
KN,TXG_FOB_USD,CN,2018,0.242337
KN,TXG_FOB_USD,CN,2019,0.073924
KN,TXG_FOB_USD,CN,2020,0.07475
KN,TXG_FOB_USD,CN,2021,0.13675
KN,TXG_FOB_USD,CN,2022,0.131519
KN,TXG_FOB_USD,CN,2023,0.043006
KN,TXG_FOB_USD,CN,2024,0.054036
KN,TXG_FOB_USD,US,2015,20.890828
KN,TXG_FOB_USD,US,2016,25.532133
KN,TXG_FOB_USD,US,2017,22.832974
KN,TXG_FOB_USD,US,2018,23.424315
KN,TXG_FOB_USD,US,2019,24.848464
KN,TXG_FOB_USD,US,2020,21.710642
KN,TXG_FOB_USD,US,2021,17.300216
KN,TXG_FOB_USD,US,2022,13.345321
KN,TXG_FOB_USD,US,2023,9.258429
KN,TXG_FOB_USD,US,2024,8.40842
KN,TXG_FOB_USD,W00,2015,74.668852
KN,TXG_FOB_USD,W00,2016,73.396076
KN,TXG_FOB_USD,W00,2017,60.323898
KN,TXG_FOB_USD,W00,2018,81.861654
KN,TXG_FOB_USD,W00,2019,64.92728
KN,TXG_FOB_USD,W00,2020,54.178648
KN,TXG_FOB_USD,W00,2021,65.03428
KN,TXG_FOB_USD,W00,2022,43.843247
KN,TXG_FOB_USD,W00,2023,88.804974
KN,TXG_FOB_USD,W00,2024,54.893408
KP,TMG_CIF_USD,CN,2015,3123.251452
KP,TMG_CIF_USD,CN,2016,3388.61224
KP,TMG_CIF_USD,CN,2017,3527.75242
KP,TMG_CIF_USD,CN,2018,2373.209559
KP,TMG_CIF_USD,CN,2019,2744.219679
KP,TMG_CIF_USD,CN,2020,515.756664
KP,TMG_CIF_USD,CN,2021,276.990789
KP,TMG_CIF_USD,CN,2022,949.056869
KP,TMG_CIF_USD,CN,2023,2152.121416
KP,TMG_CIF_USD,CN,2024,1181.02944
KP,TMG_CIF_USD,US,2015,5.036825
KP,TMG_CIF_USD,US,2016,0.147694
KP,TMG_CIF_USD,US,2023,0.197819
KP,TMG_CIF_USD,US,2024,1.620314
KP,TMG_CIF_USD,W00,2015,4309.382889
KP,TMG_CIF_USD,W00,2016,4039.404674
KP,TMG_CIF_USD,W00,2017,3856.772113
KP,TMG_CIF_USD,W00,2018,2968.098913
KP,TMG_CIF_USD,W00,2019,3471.107922
KP,TMG_CIF_USD,W00,2020,1022.25265
KP,TMG_CIF_USD,W00,2021,725.077632
KP,TMG_CIF_USD,W00,2022,1768.107955
KP,TMG_CIF_USD,W00,2023,2651.463599
KP,TMG_CIF_USD,W00,2024,1766.888363
KP,TXG_FOB_USD,CN,2015,2343.343071
KP,TXG_FOB_USD,CN,2016,2553.759434
KP,TXG_FOB_USD,CN,2017,1607.307808
KP,TXG_FOB_USD,CN,2018,208.690724
KP,TXG_FOB_USD,CN,2019,203.319991
KP,TXG_FOB_USD,CN,2020,52.662498
KP,TXG_FOB_USD,CN,2021,54.610656
KP,TXG_FOB_USD,CN,2022,126.803378
KP,TXG_FOB_USD,CN,2023,275.854917
KP,TXG_FOB_USD,CN,2024,331.760244
KP,TXG_FOB_USD,US,2022,0.027442
KP,TXG_FOB_USD,US,2024,0.054212
KP,TXG_FOB_USD,W00,2015,3067.748994
KP,TXG_FOB_USD,W00,2016,3550.069519
KP,TXG_FOB_USD,W00,2017,1892.194745
KP,TXG_FOB_USD,W00,2018,658.946796
KP,TXG_FOB_USD,W00,2019,427.460828
KP,TXG_FOB_USD,W00,2020,200.089969
KP,TXG_FOB_USD,W00,2021,188.095064
KP,TXG_FOB_USD,W00,2022,311.512972
KP,TXG_FOB_USD,W00,2023,384.375428
KP,TXG_FOB_USD,W00,2024,411.947015
KR,TMG_CIF_USD,CN,2015,90250.274911
KR,TMG_CIF_USD,CN,2016,86971.680364
KR,TMG_CIF_USD,CN,2017,97009.562
KR,TMG_CIF_USD,CN,2018,106449.388828
KR,TMG_CIF_USD,CN,2019,107190.579
KR,TMG_CIF_USD,CN,2020,108855.275
KR,TMG_CIF_USD,CN,2021,138628.127
KR,TMG_CIF_USD,CN,2022,154576.316
KR,TMG_CIF_USD,CN,2023,142852.922
KR,TMG_CIF_USD,CN,2024,139875.901
KR,TMG_CIF_USD,US,2015,44211.628086
KR,TMG_CIF_USD,US,2016,43389.418199
KR,TMG_CIF_USD,US,2017,49799.231
KR,TMG_CIF_USD,US,2018,58981.695324
KR,TMG_CIF_USD,US,2019,62073.404
KR,TMG_CIF_USD,US,2020,57762.952
KR,TMG_CIF_USD,US,2021,73662.472
KR,TMG_CIF_USD,US,2022,82135.268
KR,TMG_CIF_USD,US,2023,71707.771
KR,TMG_CIF_USD,US,2024,72491.17
KR,TMG_CIF_USD,W00,2015,436498.357753
KR,TMG_CIF_USD,W00,2016,406031.714797
KR,TMG_CIF_USD,W00,2017,472574.051
KR,TMG_CIF_USD,W00,2018,534719.583495
KR,TMG_CIF_USD,W00,2019,502757.987
KR,TMG_CIF_USD,W00,2020,467645.458
KR,TMG_CIF_USD,W00,2021,615093.273
KR,TMG_CIF_USD,W00,2022,731369.605
KR,TMG_CIF_USD,W00,2023,642608.258
KR,TMG_CIF_USD,W00,2024,631755.653
KR,TXG_FOB_USD,CN,2015,137123.933893
KR,TXG_FOB_USD,CN,2016,124442.014632
KR,TXG_FOB_USD,CN,2017,141181.121
KR,TXG_FOB_USD,CN,2018,162167.662557
KR,TXG_FOB_USD,CN,2019,136272.849
KR,TXG_FOB_USD,CN,2020,132579.616
KR,TXG_FOB_USD,CN,2021,162912.973
KR,TXG_FOB_USD,CN,2022,155789.389
KR,TXG_FOB_USD,CN,2023,124831.042
KR,TXG_FOB_USD,CN,2024,133013.433
KR,TXG_FOB_USD,US,2015,70117.330592
KR,TXG_FOB_USD,US,2016,66753.910951
KR,TXG_FOB_USD,US,2017,68734.494
KR,TXG_FOB_USD,US,2018,73313.786015
KR,TXG_FOB_USD,US,2019,73891.806
KR,TXG_FOB_USD,US,2020,74531.16
KR,TXG_FOB_USD,US,2021,96306.805
KR,TXG_FOB_USD,US,2022,110177.645
KR,TXG_FOB_USD,US,2023,116340.247
KR,TXG_FOB_USD,US,2024,128411.608
KR,TXG_FOB_USD,W00,2015,526735.576122
KR,TXG_FOB_USD,W00,2016,495836.363718
KR,TXG_FOB_USD,W00,2017,562014.085
KR,TXG_FOB_USD,W00,2018,605703.560745
KR,TXG_FOB_USD,W00,2019,542600.939
KR,TXG_FOB_USD,W00,2020,512644.773
KR,TXG_FOB_USD,W00,2021,644399.39
KR,TXG_FOB_USD,W00,2022,683583.612
KR,TXG_FOB_USD,W00,2023,632602.933
KR,TXG_FOB_USD,W00,2024,683646.128
KW,TMG_CIF_USD,CN,2015,5072.102259
KW,TMG_CIF_USD,CN,2016,4645.019996
KW,TMG_CIF_USD,CN,2017,5505.122622
KW,TMG_CIF_USD,CN,2018,5970.580487
KW,TMG_CIF_USD,CN,2019,5988.346677
KW,TMG_CIF_USD,CN,2020,3883.7386404
KW,TMG_CIF_USD,CN,2021,5726.1546
KW,TMG_CIF_USD,CN,2022,6747.522487
KW,TMG_CIF_USD,CN,2023,7429.338916
KW,TMG_CIF_USD,CN,2024,7244.709757
KW,TMG_CIF_USD,US,2015,2858.751658
KW,TMG_CIF_USD,US,2016,2925.480174
KW,TMG_CIF_USD,US,2017,3441.642182
KW,TMG_CIF_USD,US,2018,3103.790648
KW,TMG_CIF_USD,US,2019,3034.015136
KW,TMG_CIF_USD,US,2020,1847.4094107
KW,TMG_CIF_USD,US,2021,2548.127534
KW,TMG_CIF_USD,US,2022,3090.143869
KW,TMG_CIF_USD,US,2023,3402.536249
KW,TMG_CIF_USD,US,2024,3448.813381
KW,TMG_CIF_USD,W00,2015,30956.92846
KW,TMG_CIF_USD,W00,2016,30668.778781
KW,TMG_CIF_USD,W00,2017,33561.949187
KW,TMG_CIF_USD,W00,2018,35579.729611
KW,TMG_CIF_USD,W00,2019,33470.280628
KW,TMG_CIF_USD,W00,2020,21017.6571538
KW,TMG_CIF_USD,W00,2021,31863.859569
KW,TMG_CIF_USD,W00,2022,35918.239035
KW,TMG_CIF_USD,W00,2023,37487.165533
KW,TMG_CIF_USD,W00,2024,38103.484106
KW,TXG_FOB_USD,CN,2015,807.807118
KW,TXG_FOB_USD,CN,2016,495.528178
KW,TXG_FOB_USD,CN,2017,498.46891
KW,TXG_FOB_USD,CN,2018,951.156222
KW,TXG_FOB_USD,CN,2019,910.810332
KW,TXG_FOB_USD,CN,2020,572.638068
KW,TXG_FOB_USD,CN,2021,712.813843
KW,TXG_FOB_USD,CN,2022,547.87401
KW,TXG_FOB_USD,CN,2023,591.019488
KW,TXG_FOB_USD,CN,2024,688.539234
KW,TXG_FOB_USD,US,2015,202.161891
KW,TXG_FOB_USD,US,2016,125.945478
KW,TXG_FOB_USD,US,2017,136.993303
KW,TXG_FOB_USD,US,2018,109.14998
KW,TXG_FOB_USD,US,2019,51.494511
KW,TXG_FOB_USD,US,2020,57.43294
KW,TXG_FOB_USD,US,2021,40.092355
KW,TXG_FOB_USD,US,2022,176.247924
KW,TXG_FOB_USD,US,2023,72.056163
KW,TXG_FOB_USD,US,2024,36.643438
KW,TXG_FOB_USD,W00,2015,54129.418445
KW,TXG_FOB_USD,W00,2016,46160.318915
KW,TXG_FOB_USD,W00,2017,54985.11796
KW,TXG_FOB_USD,W00,2018,71759.033744
KW,TXG_FOB_USD,W00,2019,64357.821092
KW,TXG_FOB_USD,W00,2020,40014.145537
KW,TXG_FOB_USD,W00,2021,68303.554695
KW,TXG_FOB_USD,W00,2022,100240.734912
KW,TXG_FOB_USD,W00,2023,83979.296604
KW,TXG_FOB_USD,W00,2024,7107.020956
KZ,TMG_CIF_USD,CN,2015,5087.800821
KZ,TMG_CIF_USD,CN,2016,3668.032207
KZ,TMG_CIF_USD,CN,2017,4691.956666
KZ,TMG_CIF_USD,CN,2018,5380.665452
KZ,TMG_CIF_USD,CN,2019,6566.470672
KZ,TMG_CIF_USD,CN,2020,1955.285759
KZ,TMG_CIF_USD,CN,2021,2424.023172
KZ,TMG_CIF_USD,CN,2022,3575.000792
KZ,TMG_CIF_USD,CN,2023,16772.250497
KZ,TMG_CIF_USD,CN,2024,15138.68
KZ,TMG_CIF_USD,US,2015,1484.348597
KZ,TMG_CIF_USD,US,2016,1277.050542
KZ,TMG_CIF_USD,US,2017,1253.308512
KZ,TMG_CIF_USD,US,2018,1499.076543
KZ,TMG_CIF_USD,US,2019,1356.45692
KZ,TMG_CIF_USD,US,2020,401.702932
KZ,TMG_CIF_USD,US,2021,421.245314
KZ,TMG_CIF_USD,US,2022,527.54824
KZ,TMG_CIF_USD,US,2023,2556.763289
KZ,TMG_CIF_USD,US,2024,2268.99
KZ,TMG_CIF_USD,W00,2015,32051.49447
KZ,TMG_CIF_USD,W00,2016,25376.739948
KZ,TMG_CIF_USD,W00,2017,29139.332277
KZ,TMG_CIF_USD,W00,2018,32270.603138
KZ,TMG_CIF_USD,W00,2019,38356.657549
KZ,TMG_CIF_USD,W00,2020,22157.911399
KZ,TMG_CIF_USD,W00,2021,27751.611666
KZ,TMG_CIF_USD,W00,2022,30952.133479
KZ,TMG_CIF_USD,W00,2023,61160.50139
KZ,TMG_CIF_USD,W00,2024,78722.68
KZ,TXG_FOB_USD,CN,2015,5480.137488
KZ,TXG_FOB_USD,CN,2016,4228.410034
KZ,TXG_FOB_USD,CN,2017,5773.39098
KZ,TXG_FOB_USD,CN,2018,6239.96023
KZ,TXG_FOB_USD,CN,2019,7823.406345
KZ,TXG_FOB_USD,CN,2020,6836.749155
KZ,TXG_FOB_USD,CN,2021,6851.90244
KZ,TXG_FOB_USD,CN,2022,10461.770665
KZ,TXG_FOB_USD,CN,2023,14758.685493
KZ,TXG_FOB_USD,CN,2024,15221.32
KZ,TXG_FOB_USD,US,2015,434.394493
KZ,TXG_FOB_USD,US,2016,613.023261
KZ,TXG_FOB_USD,US,2017,462.212265
KZ,TXG_FOB_USD,US,2018,956.759558
KZ,TXG_FOB_USD,US,2019,895.213283
KZ,TXG_FOB_USD,US,2020,390.281982
KZ,TXG_FOB_USD,US,2021,762.765739
KZ,TXG_FOB_USD,US,2022,1063.335728
KZ,TXG_FOB_USD,US,2023,1509.870177
KZ,TXG_FOB_USD,US,2024,1976.13
KZ,TXG_FOB_USD,W00,2015,46388.820581
KZ,TXG_FOB_USD,W00,2016,36736.906559
KZ,TXG_FOB_USD,W00,2017,48348.332338
KZ,TXG_FOB_USD,W00,2018,60653.91031
KZ,TXG_FOB_USD,W00,2019,57722.940887
KZ,TXG_FOB_USD,W00,2020,41874.38671
KZ,TXG_FOB_USD,W00,2021,53068.759299
KZ,TXG_FOB_USD,W00,2022,76139.804998
KZ,TXG_FOB_USD,W00,2023,78735.590873
KZ,TXG_FOB_USD,W00,2024,139130.34
LA,TMG_CIF_USD,CN,2015,1488.480122
LA,TMG_CIF_USD,CN,2016,749.166752
LA,TMG_CIF_USD,CN,2017,1509.649636
LA,TMG_CIF_USD,CN,2018,1283.616056
LA,TMG_CIF_USD,CN,2019,1681.037816
LA,TMG_CIF_USD,CN,2020,1294.97196
LA,TMG_CIF_USD,CN,2021,1585.334266
LA,TMG_CIF_USD,CN,2022,1096.936808
LA,TMG_CIF_USD,CN,2023,1364.592659
LA,TMG_CIF_USD,CN,2024,1279.585706
LA,TMG_CIF_USD,US,2015,15.879693
LA,TMG_CIF_USD,US,2016,19.756985
LA,TMG_CIF_USD,US,2017,40.110618
LA,TMG_CIF_USD,US,2018,21.610128
LA,TMG_CIF_USD,US,2019,78.022523
LA,TMG_CIF_USD,US,2020,123.51502
LA,TMG_CIF_USD,US,2021,228.343549
LA,TMG_CIF_USD,US,2022,157.997242
LA,TMG_CIF_USD,US,2023,196.549041
LA,TMG_CIF_USD,US,2024,184.305066
LA,TMG_CIF_USD,W00,2015,7207.29445
LA,TMG_CIF_USD,W00,2016,4107.068452
LA,TMG_CIF_USD,W00,2017,5159.709476
LA,TMG_CIF_USD,W00,2018,5848.036262
LA,TMG_CIF_USD,W00,2019,5797.444599
LA,TMG_CIF_USD,W00,2020,5013.635862
LA,TMG_CIF_USD,W00,2021,6172.50855
LA,TMG_CIF_USD,W00,2022,4270.933839
LA,TMG_CIF_USD,W00,2023,5312.989275
LA,TMG_CIF_USD,W00,2024,4982.151433
LA,TXG_FOB_USD,CN,2015,747.883935
LA,TXG_FOB_USD,CN,2016,1531.881996
LA,TXG_FOB_USD,CN,2017,1239.830916
LA,TXG_FOB_USD,CN,2018,1546.52014
LA,TXG_FOB_USD,CN,2019,1672.284904
LA,TXG_FOB_USD,CN,2020,1465.948409
LA,TXG_FOB_USD,CN,2021,2570.04504
LA,TXG_FOB_USD,CN,2022,3205.912801
LA,TXG_FOB_USD,CN,2023,3349.031061
LA,TXG_FOB_USD,CN,2024,4412.362039
LA,TXG_FOB_USD,US,2015,19.549893
LA,TXG_FOB_USD,US,2016,19.396056
LA,TXG_FOB_USD,US,2017,22.611018
LA,TXG_FOB_USD,US,2018,26.851317
LA,TXG_FOB_USD,US,2019,29.526978
LA,TXG_FOB_USD,US,2020,31.502852
LA,TXG_FOB_USD,US,2021,44.415644
LA,TXG_FOB_USD,US,2022,55.404746
LA,TXG_FOB_USD,US,2023,57.878122
LA,TXG_FOB_USD,US,2024,76.25466
LA,TXG_FOB_USD,W00,2015,2620.857208
LA,TXG_FOB_USD,W00,2016,3611.481185
LA,TXG_FOB_USD,W00,2017,4909.733653
LA,TXG_FOB_USD,W00,2018,5814.806367
LA,TXG_FOB_USD,W00,2019,5809.346172
LA,TXG_FOB_USD,W00,2020,5086.886927
LA,TXG_FOB_USD,W00,2021,6645.338675
LA,TXG_FOB_USD,W00,2022,8288.241912
LA,TXG_FOB_USD,W00,2023,8658.245353
LA,TXG_FOB_USD,W00,2024,11409.011003
LB,TMG_CIF_USD,CN,2015,2083.297257
LB,TMG_CIF_USD,CN,2016,2100.112582
LB,TMG_CIF_USD,CN,2017,1885.044461
LB,TMG_CIF_USD,CN,2018,2059.874477
LB,TMG_CIF_USD,CN,2019,1641.400461
LB,TMG_CIF_USD,CN,2020,747.979318
LB,TMG_CIF_USD,CN,2021,1269.748618
LB,TMG_CIF_USD,CN,2022,2689.859916
LB,TMG_CIF_USD,CN,2023,2087.969545
LB,TMG_CIF_USD,CN,2024,1979.350953
LB,TMG_CIF_USD,US,2015,1311.436579
LB,TMG_CIF_USD,US,2016,1417.269368
LB,TMG_CIF_USD,US,2017,1460.870341
LB,TMG_CIF_USD,US,2018,1455.126273
LB,TMG_CIF_USD,US,2019,1714.168251
LB,TMG_CIF_USD,US,2020,934.368292
LB,TMG_CIF_USD,US,2021,769.027216
LB,TMG_CIF_USD,US,2022,975.76601
LB,TMG_CIF_USD,US,2023,735.394321
LB,TMG_CIF_USD,US,2024,583.578326
LB,TMG_CIF_USD,W00,2015,18948.09569
LB,TMG_CIF_USD,W00,2016,19361.013783
LB,TMG_CIF_USD,W00,2017,19895.77602
LB,TMG_CIF_USD,W00,2018,20377.711441
LB,TMG_CIF_USD,W00,2019,19619.874854
LB,TMG_CIF_USD,W00,2020,11207.444797
LB,TMG_CIF_USD,W00,2021,13851.853456
LB,TMG_CIF_USD,W00,2022,19488.023834
LB,TMG_CIF_USD,W00,2023,18120.19817
LB,TMG_CIF_USD,W00,2024,17304.523489
LB,TXG_FOB_USD,CN,2015,162.083943
LB,TXG_FOB_USD,CN,2016,244.842528
LB,TXG_FOB_USD,CN,2017,443.210955
LB,TXG_FOB_USD,CN,2018,118.918948
LB,TXG_FOB_USD,CN,2019,135.104372
LB,TXG_FOB_USD,CN,2020,18.110819
LB,TXG_FOB_USD,CN,2021,17.260101
LB,TXG_FOB_USD,CN,2022,15.893616
LB,TXG_FOB_USD,CN,2023,21.907026
LB,TXG_FOB_USD,CN,2024,22.21528
LB,TXG_FOB_USD,US,2015,66.376269
LB,TXG_FOB_USD,US,2016,59.184335
LB,TXG_FOB_USD,US,2017,77.074385
LB,TXG_FOB_USD,US,2018,73.359816
LB,TXG_FOB_USD,US,2019,85.311457
LB,TXG_FOB_USD,US,2020,161.743053
LB,TXG_FOB_USD,US,2021,154.204089
LB,TXG_FOB_USD,US,2022,156.691458
LB,TXG_FOB_USD,US,2023,167.359269
LB,TXG_FOB_USD,US,2024,189.575616
LB,TXG_FOB_USD,W00,2015,3980.993271
LB,TXG_FOB_USD,W00,2016,3929.848308
LB,TXG_FOB_USD,W00,2017,4025.689165
LB,TXG_FOB_USD,W00,2018,3829.734409
LB,TXG_FOB_USD,W00,2019,4828.904397
LB,TXG_FOB_USD,W00,2020,4082.604363
LB,TXG_FOB_USD,W00,2021,4137.771698
LB,TXG_FOB_USD,W00,2022,4485.357762
LB,TXG_FOB_USD,W00,2023,4138.906717
LB,TXG_FOB_USD,W00,2024,3781.273679
LC,TMG_CIF_USD,CN,2015,11.155562
LC,TMG_CIF_USD,CN,2016,13.112602
LC,TMG_CIF_USD,CN,2017,14.760948
LC,TMG_CIF_USD,CN,2018,35.20556
LC,TMG_CIF_USD,CN,2019,33.795026
LC,TMG_CIF_USD,CN,2020,31.991005
LC,TMG_CIF_USD,CN,2021,37.474584
LC,TMG_CIF_USD,CN,2022,55.403188
LC,TMG_CIF_USD,CN,2023,71.297388
LC,TMG_CIF_USD,CN,2024,68.248721
LC,TMG_CIF_USD,US,2015,255.861475
LC,TMG_CIF_USD,US,2016,313.669733
LC,TMG_CIF_USD,US,2017,290.867897
LC,TMG_CIF_USD,US,2018,308.542695
LC,TMG_CIF_USD,US,2019,266.587582
LC,TMG_CIF_USD,US,2020,211.958558
LC,TMG_CIF_USD,US,2021,200.761154
LC,TMG_CIF_USD,US,2022,343.482126
LC,TMG_CIF_USD,US,2023,252.840217
LC,TMG_CIF_USD,US,2024,402.688424
LC,TMG_CIF_USD,W00,2015,824.787119
LC,TMG_CIF_USD,W00,2016,948.552911
LC,TMG_CIF_USD,W00,2017,914.692965
LC,TMG_CIF_USD,W00,2018,974.169398
LC,TMG_CIF_USD,W00,2019,885.768074
LC,TMG_CIF_USD,W00,2020,778.081431
LC,TMG_CIF_USD,W00,2021,1303.015038
LC,TMG_CIF_USD,W00,2022,2127.347911
LC,TMG_CIF_USD,W00,2023,1927.809142
LC,TMG_CIF_USD,W00,2024,2833.721195
LC,TXG_FOB_USD,CN,2015,1.557962
LC,TXG_FOB_USD,CN,2016,1.172839
LC,TXG_FOB_USD,CN,2017,1.8298
LC,TXG_FOB_USD,CN,2018,0.312217
LC,TXG_FOB_USD,CN,2019,0.144096
LC,TXG_FOB_USD,US,2015,85.848512
LC,TXG_FOB_USD,US,2016,51.734676
LC,TXG_FOB_USD,US,2017,45.678789
LC,TXG_FOB_USD,US,2018,47.196284
LC,TXG_FOB_USD,US,2019,32.951069
LC,TXG_FOB_USD,US,2020,18.904088
LC,TXG_FOB_USD,US,2021,22.192673
LC,TXG_FOB_USD,US,2022,23.29993
LC,TXG_FOB_USD,US,2023,21.127027
LC,TXG_FOB_USD,US,2024,14.160737
LC,TXG_FOB_USD,W00,2015,251.55608
LC,TXG_FOB_USD,W00,2016,156.718669
LC,TXG_FOB_USD,W00,2017,176.123057
LC,TXG_FOB_USD,W00,2018,162.260638
LC,TXG_FOB_USD,W00,2019,127.970211
LC,TXG_FOB_USD,W00,2020,84.192152
LC,TXG_FOB_USD,W00,2021,147.792468
LC,TXG_FOB_USD,W00,2022,105.42097
LC,TXG_FOB_USD,W00,2023,108.203871
LC,TXG_FOB_USD,W00,2024,119.386291
LK,TMG_CIF_USD,CN,2016,4270.205045
LK,TMG_CIF_USD,CN,2017,3949.899414
LK,TMG_CIF_USD,CN,2018,4120.975959
LK,TMG_CIF_USD,CN,2019,4031.573519
LK,TMG_CIF_USD,CN,2020,3578.51735
LK,TMG_CIF_USD,CN,2021,4752.836539
LK,TMG_CIF_USD,CN,2022,3491.579715
LK,TMG_CIF_USD,CN,2023,3089.545238
LK,TMG_CIF_USD,CN,2024,4281.096462
LK,TMG_CIF_USD,US,2015,471.568657
LK,TMG_CIF_USD,US,2016,539.278719
LK,TMG_CIF_USD,US,2017,493.66826
LK,TMG_CIF_USD,US,2018,519.831537
LK,TMG_CIF_USD,US,2019,549.015801
LK,TMG_CIF_USD,US,2020,495.243469
LK,TMG_CIF_USD,US,2021,528.384115
LK,TMG_CIF_USD,US,2022,393.719279
LK,TMG_CIF_USD,US,2023,507.396999
LK,TMG_CIF_USD,US,2024,441.152844
LK,TMG_CIF_USD,W00,2015,15124.493652
LK,TMG_CIF_USD,W00,2016,19238.593817
LK,TMG_CIF_USD,W00,2017,20747.954292
LK,TMG_CIF_USD,W00,2018,21938.122684
LK,TMG_CIF_USD,W00,2019,19467.326361
LK,TMG_CIF_USD,W00,2020,15565.533871
LK,TMG_CIF_USD,W00,2021,20052.24887
LK,TMG_CIF_USD,W00,2022,17269.208495
LK,TMG_CIF_USD,W00,2023,16139.688289
LK,TMG_CIF_USD,W00,2024,18848.929639
LK,TXG_FOB_USD,CN,2016,195.880838
LK,TXG_FOB_USD,CN,2017,232.523994
LK,TXG_FOB_USD,CN,2018,230.589069
LK,TXG_FOB_USD,CN,2019,229.062547
LK,TXG_FOB_USD,CN,2020,223.002101
LK,TXG_FOB_USD,CN,2021,273.733146
LK,TXG_FOB_USD,CN,2022,253.108691
LK,TXG_FOB_USD,CN,2023,257.73324
LK,TXG_FOB_USD,CN,2024,261.060726
LK,TXG_FOB_USD,US,2015,2803.411932
LK,TXG_FOB_USD,US,2016,2808.605446
LK,TXG_FOB_USD,US,2017,2911.455291
LK,TXG_FOB_USD,US,2018,3075.824934
LK,TXG_FOB_USD,US,2019,3139.49046
LK,TXG_FOB_USD,US,2020,2507.203944
LK,TXG_FOB_USD,US,2021,3068.797868
LK,TXG_FOB_USD,US,2022,3319.852586
LK,TXG_FOB_USD,US,2023,2758.568406
LK,TXG_FOB_USD,US,2024,2882.245428
LK,TXG_FOB_USD,W00,2015,9744.507213
LK,TXG_FOB_USD,W00,2016,10045.917468
LK,TXG_FOB_USD,W00,2017,11164.503696
LK,TXG_FOB_USD,W00,2018,11556.679951
LK,TXG_FOB_USD,W00,2019,11685.369983
LK,TXG_FOB_USD,W00,2020,9871.375244
LK,TXG_FOB_USD,W00,2021,12242.241652
LK,TXG_FOB_USD,W00,2022,12770.018379
LK,TXG_FOB_USD,W00,2023,11631.045907
LK,TXG_FOB_USD,W00,2024,15003.044396
LR,TMG_CIF_USD,CN,2015,226.656102
LR,TMG_CIF_USD,CN,2016,355.349099
LR,TMG_CIF_USD,CN,2017,207.575795
LR,TMG_CIF_USD,CN,2018,246.778731
LR,TMG_CIF_USD,CN,2019,207.900737
LR,TMG_CIF_USD,CN,2020,197.660184
LR,TMG_CIF_USD,CN,2021,218.59988
LR,TMG_CIF_USD,CN,2022,258.2447
LR,TMG_CIF_USD,CN,2023,361.759673
LR,TMG_CIF_USD,CN,2024,341.214162
LR,TMG_CIF_USD,US,2015,73.689565
LR,TMG_CIF_USD,US,2016,155.234464
LR,TMG_CIF_USD,US,2017,96.954052
LR,TMG_CIF_USD,US,2018,77.817617
LR,TMG_CIF_USD,US,2019,67.711933
LR,TMG_CIF_USD,US,2020,76.631651
LR,TMG_CIF_USD,US,2021,74.233573
LR,TMG_CIF_USD,US,2022,60.502585
LR,TMG_CIF_USD,US,2023,80.600446
LR,TMG_CIF_USD,US,2024,74.692462
LR,TMG_CIF_USD,W00,2015,1212.664007
LR,TMG_CIF_USD,W00,2016,2225.640979
LR,TMG_CIF_USD,W00,2017,1383.589111
LR,TMG_CIF_USD,W00,2018,1156.560779
LR,TMG_CIF_USD,W00,2019,1032.830721
LR,TMG_CIF_USD,W00,2020,1100.106404
LR,TMG_CIF_USD,W00,2021,1479.297004
LR,TMG_CIF_USD,W00,2022,1719.992758
LR,TMG_CIF_USD,W00,2023,2248.34565
LR,TMG_CIF_USD,W00,2024,1970.765339
LR,TXG_FOB_USD,CN,2015,1.617601
LR,TXG_FOB_USD,CN,2016,1.289938
LR,TXG_FOB_USD,CN,2017,1.635046
LR,TXG_FOB_USD,CN,2018,1.195431
LR,TXG_FOB_USD,CN,2019,19.695489
LR,TXG_FOB_USD,CN,2020,0.738876
LR,TXG_FOB_USD,CN,2021,3.17172
LR,TXG_FOB_USD,CN,2022,2.649756
LR,TXG_FOB_USD,CN,2023,0.218404
LR,TXG_FOB_USD,US,2015,2.808177
LR,TXG_FOB_USD,US,2016,2.23935
LR,TXG_FOB_USD,US,2017,2.838464
LR,TXG_FOB_USD,US,2018,58.856164
LR,TXG_FOB_USD,US,2019,52.318029
LR,TXG_FOB_USD,US,2020,42.231336
LR,TXG_FOB_USD,US,2021,74.063084
LR,TXG_FOB_USD,US,2022,74.529537
LR,TXG_FOB_USD,US,2023,57.558431
LR,TXG_FOB_USD,US,2024,71.124744
LR,TXG_FOB_USD,W00,2015,25.158065
LR,TXG_FOB_USD,W00,2016,20.200282
LR,TXG_FOB_USD,W00,2017,40.95585
LR,TXG_FOB_USD,W00,2018,476.536805
LR,TXG_FOB_USD,W00,2019,321.591639
LR,TXG_FOB_USD,W00,2020,443.651472
LR,TXG_FOB_USD,W00,2021,245.723981
LR,TXG_FOB_USD,W00,2022,277.418243
LR,TXG_FOB_USD,W00,2023,211.260981
LR,TXG_FOB_USD,W00,2024,206.511631
LS,TMG_CIF_USD,CN,2015,73.645826
LS,TMG_CIF_USD,CN,2016,69.622581
LS,TMG_CIF_USD,CN,2017,304.622898
LS,TMG_CIF_USD,CN,2018,83.252346
LS,TMG_CIF_USD,CN,2019,88.711407
LS,TMG_CIF_USD,CN,2020,146.669989
LS,TMG_CIF_USD,CN,2021,157.213399
LS,TMG_CIF_USD,CN,2022,90.600243
LS,TMG_CIF_USD,CN,2023,127.03961
LS,TMG_CIF_USD,CN,2024,98.203377
LS,TMG_CIF_USD,US,2015,6.010728
LS,TMG_CIF_USD,US,2016,8.073985
LS,TMG_CIF_USD,US,2017,8.347818
LS,TMG_CIF_USD,US,2018,3.220959
LS,TMG_CIF_USD,US,2019,2.642499
LS,TMG_CIF_USD,US,2020,2.962802
LS,TMG_CIF_USD,US,2021,3.928909
LS,TMG_CIF_USD,US,2022,1.873792
LS,TMG_CIF_USD,US,2023,2.56467
LS,TMG_CIF_USD,US,2024,2.582169
LS,TMG_CIF_USD,W00,2015,1427.245872
LS,TMG_CIF_USD,W00,2016,1359.102056
LS,TMG_CIF_USD,W00,2017,1825.05626
LS,TMG_CIF_USD,W00,2018,1871.785998
LS,TMG_CIF_USD,W00,2019,2296.612554
LS,TMG_CIF_USD,W00,2020,1748.868713
LS,TMG_CIF_USD,W00,2021,1829.385388
LS,TMG_CIF_USD,W00,2022,1799.225656
LS,TMG_CIF_USD,W00,2023,1644.82426
LS,TMG_CIF_USD,W00,2024,1664.412477
LS,TXG_FOB_USD,CN,2015,0.01491
LS,TXG_FOB_USD,CN,2016,0.671653
LS,TXG_FOB_USD,CN,2017,0.026012
LS,TXG_FOB_USD,CN,2018,1.281015
LS,TXG_FOB_USD,CN,2019,2.549676
LS,TXG_FOB_USD,CN,2020,0.932537
LS,TXG_FOB_USD,CN,2021,0.25306
LS,TXG_FOB_USD,CN,2022,0.008184
LS,TXG_FOB_USD,CN,2023,0.049714
LS,TXG_FOB_USD,CN,2024,0.003927
LS,TXG_FOB_USD,US,2015,175.858452
LS,TXG_FOB_USD,US,2016,274.915484
LS,TXG_FOB_USD,US,2017,306.262658
LS,TXG_FOB_USD,US,2018,293.316595
LS,TXG_FOB_USD,US,2019,266.016372
LS,TXG_FOB_USD,US,2020,264.719872
LS,TXG_FOB_USD,US,2021,290.661114
LS,TXG_FOB_USD,US,2022,243.514124
LS,TXG_FOB_USD,US,2023,168.734021
LS,TXG_FOB_USD,US,2024,154.273974
LS,TXG_FOB_USD,W00,2015,714.341678
LS,TXG_FOB_USD,W00,2016,939.024886
LS,TXG_FOB_USD,W00,2017,1030.101022
LS,TXG_FOB_USD,W00,2018,1199.109047
LS,TXG_FOB_USD,W00,2019,1092.602497
LS,TXG_FOB_USD,W00,2020,903.127045
LS,TXG_FOB_USD,W00,2021,1066.980451
LS,TXG_FOB_USD,W00,2022,1052.899125
LS,TXG_FOB_USD,W00,2023,957.673425
LS,TXG_FOB_USD,W00,2024,960.08937
LT,TMG_CIF_USD,CN,2015,805.259312
LT,TMG_CIF_USD,CN,2016,783.786376
LT,TMG_CIF_USD,CN,2017,929.764996
LT,TMG_CIF_USD,CN,2018,1019.453443
LT,TMG_CIF_USD,CN,2019,1039.901476
LT,TMG_CIF_USD,CN,2020,1344.803628
LT,TMG_CIF_USD,CN,2021,1882.095758
LT,TMG_CIF_USD,CN,2022,2096.944637
LT,TMG_CIF_USD,CN,2023,1848.900602
LT,TMG_CIF_USD,CN,2024,2038.395877
LT,TMG_CIF_USD,US,2015,397.947049
LT,TMG_CIF_USD,US,2016,350.433864
LT,TMG_CIF_USD,US,2017,418.465488
LT,TMG_CIF_USD,US,2018,482.529145
LT,TMG_CIF_USD,US,2019,535.586534
LT,TMG_CIF_USD,US,2020,555.439726
LT,TMG_CIF_USD,US,2021,1127.421658
LT,TMG_CIF_USD,US,2022,4115.614672
LT,TMG_CIF_USD,US,2023,3050.108271
LT,TMG_CIF_USD,US,2024,1739.469388
LT,TMG_CIF_USD,W00,2015,28153.428637
LT,TMG_CIF_USD,W00,2016,27375.651161
LT,TMG_CIF_USD,W00,2017,32258.141671
LT,TMG_CIF_USD,W00,2018,36501.939827
LT,TMG_CIF_USD,W00,2019,35756.953833
LT,TMG_CIF_USD,W00,2020,33328.087788
LT,TMG_CIF_USD,W00,2021,44487.754686
LT,TMG_CIF_USD,W00,2022,55051.15394
LT,TMG_CIF_USD,W00,2023,48377.42069
LT,TMG_CIF_USD,W00,2024,44354.107563
LT,TXG_FOB_USD,CN,2015,113.356023
LT,TXG_FOB_USD,CN,2016,136.22956
LT,TXG_FOB_USD,CN,2017,202.292462
LT,TXG_FOB_USD,CN,2018,222.726583
LT,TXG_FOB_USD,CN,2019,309.142468
LT,TXG_FOB_USD,CN,2020,357.893931
LT,TXG_FOB_USD,CN,2021,270.319428
LT,TXG_FOB_USD,CN,2022,103.172052
LT,TXG_FOB_USD,CN,2023,157.691078
LT,TXG_FOB_USD,CN,2024,223.951838
LT,TXG_FOB_USD,US,2015,1104.210623
LT,TXG_FOB_USD,US,2016,1285.281946
LT,TXG_FOB_USD,US,2017,1551.148777
LT,TXG_FOB_USD,US,2018,1675.460736
LT,TXG_FOB_USD,US,2019,1230.676543
LT,TXG_FOB_USD,US,2020,1453.235781
LT,TXG_FOB_USD,US,2021,2556.693041
LT,TXG_FOB_USD,US,2022,2467.535419
LT,TXG_FOB_USD,US,2023,2041.747322
LT,TXG_FOB_USD,US,2024,1997.782063
LT,TXG_FOB_USD,W00,2015,25331.306171
LT,TXG_FOB_USD,W00,2016,24935.695821
LT,TXG_FOB_USD,W00,2017,29784.142608
LT,TXG_FOB_USD,W00,2018,33177.520594
LT,TXG_FOB_USD,W00,2019,32999.260642
LT,TXG_FOB_USD,W00,2020,32713.43221
LT,TXG_FOB_USD,W00,2021,40600.361876
LT,TXG_FOB_USD,W00,2022,46238.231769
LT,TXG_FOB_USD,W00,2023,42783.082153
LT,TXG_FOB_USD,W00,2024,39627.400459
LU,TMG_CIF_USD,CN,2015,2700.590095
LU,TMG_CIF_USD,CN,2016,1260.821777
LU,TMG_CIF_USD,CN,2017,359.814057
LU,TMG_CIF_USD,CN,2018,534.515133
LU,TMG_CIF_USD,CN,2019,1714.458511
LU,TMG_CIF_USD,CN,2020,323.135503
LU,TMG_CIF_USD,CN,2021,335.983713
LU,TMG_CIF_USD,CN,2022,331.335667
LU,TMG_CIF_USD,CN,2023,230.550112
LU,TMG_CIF_USD,CN,2024,169.564135
LU,TMG_CIF_USD,US,2015,1954.640728
LU,TMG_CIF_USD,US,2016,1523.638967
LU,TMG_CIF_USD,US,2017,1286.356585
LU,TMG_CIF_USD,US,2018,956.700881
LU,TMG_CIF_USD,US,2019,758.654888
LU,TMG_CIF_USD,US,2020,616.864315
LU,TMG_CIF_USD,US,2021,872.549217
LU,TMG_CIF_USD,US,2022,579.275077
LU,TMG_CIF_USD,US,2023,654.180646
LU,TMG_CIF_USD,US,2024,647.703974
LU,TMG_CIF_USD,W00,2015,23277.898755
LU,TMG_CIF_USD,W00,2016,21855.941933
LU,TMG_CIF_USD,W00,2017,22831.564196
LU,TMG_CIF_USD,W00,2018,24157.525733
LU,TMG_CIF_USD,W00,2019,24255.461981
LU,TMG_CIF_USD,W00,2020,21157.779935
LU,TMG_CIF_USD,W00,2021,26156.072958
LU,TMG_CIF_USD,W00,2022,26992.474298
LU,TMG_CIF_USD,W00,2023,26220.555177
LU,TMG_CIF_USD,W00,2024,25048.110937
LU,TXG_FOB_USD,CN,2015,256.206873
LU,TXG_FOB_USD,CN,2016,246.200131
LU,TXG_FOB_USD,CN,2017,242.214818
LU,TXG_FOB_USD,CN,2018,262.013797
LU,TXG_FOB_USD,CN,2019,222.965623
LU,TXG_FOB_USD,CN,2020,228.282644
LU,TXG_FOB_USD,CN,2021,267.635806
LU,TXG_FOB_USD,CN,2022,262.447578
LU,TXG_FOB_USD,CN,2023,246.02146
LU,TXG_FOB_USD,CN,2024,256.399723
LU,TXG_FOB_USD,US,2015,448.516079
LU,TXG_FOB_USD,US,2016,424.644793
LU,TXG_FOB_USD,US,2017,420.957558
LU,TXG_FOB_USD,US,2018,440.12326
LU,TXG_FOB_USD,US,2019,454.349238
LU,TXG_FOB_USD,US,2020,314.661249
LU,TXG_FOB_USD,US,2021,449.940077
LU,TXG_FOB_USD,US,2022,543.21616
LU,TXG_FOB_USD,US,2023,557.453609
LU,TXG_FOB_USD,US,2024,457.942489
LU,TXG_FOB_USD,W00,2015,16875.878371
LU,TXG_FOB_USD,W00,2016,15669.961928
LU,TXG_FOB_USD,W00,2017,15647.467137
LU,TXG_FOB_USD,W00,2018,16327.469837
LU,TXG_FOB_USD,W00,2019,16388.653584
LU,TXG_FOB_USD,W00,2020,13772.380493
LU,TXG_FOB_USD,W00,2021,16691.299117
LU,TXG_FOB_USD,W00,2022,17262.701288
LU,TXG_FOB_USD,W00,2023,16909.610788
LU,TXG_FOB_USD,W00,2024,15965.149281
LV,TMG_CIF_USD,CN,2015,462.490405
LV,TMG_CIF_USD,CN,2016,445.289243
LV,TMG_CIF_USD,CN,2017,497.747805
LV,TMG_CIF_USD,CN,2018,580.146274
LV,TMG_CIF_USD,CN,2019,571.649944
LV,TMG_CIF_USD,CN,2020,727.543015
LV,TMG_CIF_USD,CN,2021,1015.84408
LV,TMG_CIF_USD,CN,2022,1049.407315
LV,TMG_CIF_USD,CN,2023,939.858485
LV,TMG_CIF_USD,CN,2024,901.790497
LV,TMG_CIF_USD,US,2015,98.034639
LV,TMG_CIF_USD,US,2016,113.762903
LV,TMG_CIF_USD,US,2017,137.113503
LV,TMG_CIF_USD,US,2018,183.272968
LV,TMG_CIF_USD,US,2019,169.652227
LV,TMG_CIF_USD,US,2020,164.95457
LV,TMG_CIF_USD,US,2021,220.986122
LV,TMG_CIF_USD,US,2022,264.936998
LV,TMG_CIF_USD,US,2023,234.705383
LV,TMG_CIF_USD,US,2024,220.781442
LV,TMG_CIF_USD,W00,2015,14598.195348
LV,TMG_CIF_USD,W00,2016,14414.795361
LV,TMG_CIF_USD,W00,2017,16820.066935
LV,TMG_CIF_USD,W00,2018,18755.91196
LV,TMG_CIF_USD,W00,2019,18290.032622
LV,TMG_CIF_USD,W00,2020,18140.574233
LV,TMG_CIF_USD,W00,2021,23764.782301
LV,TMG_CIF_USD,W00,2022,28770.928043
LV,TMG_CIF_USD,W00,2023,26577.878605
LV,TMG_CIF_USD,W00,2024,23659.000227
LV,TXG_FOB_USD,CN,2015,122.48698
LV,TXG_FOB_USD,CN,2016,134.726441
LV,TXG_FOB_USD,CN,2017,166.878398
LV,TXG_FOB_USD,CN,2018,190.867633
LV,TXG_FOB_USD,CN,2019,182.737074
LV,TXG_FOB_USD,CN,2020,189.814224
LV,TXG_FOB_USD,CN,2021,194.642184
LV,TXG_FOB_USD,CN,2022,246.845754
LV,TXG_FOB_USD,CN,2023,205.102537
LV,TXG_FOB_USD,CN,2024,226.029843
LV,TXG_FOB_USD,US,2015,173.801888
LV,TXG_FOB_USD,US,2016,182.569632
LV,TXG_FOB_USD,US,2017,227.542614
LV,TXG_FOB_USD,US,2018,225.836376
LV,TXG_FOB_USD,US,2019,238.063088
LV,TXG_FOB_USD,US,2020,287.395786
LV,TXG_FOB_USD,US,2021,454.56619
LV,TXG_FOB_USD,US,2022,649.429408
LV,TXG_FOB_USD,US,2023,551.052493
LV,TXG_FOB_USD,US,2024,572.579656
LV,TXG_FOB_USD,W00,2015,12241.054538
LV,TXG_FOB_USD,W00,2016,12245.527826
LV,TXG_FOB_USD,W00,2017,13921.286633
LV,TXG_FOB_USD,W00,2018,15653.835456
LV,TXG_FOB_USD,W00,2019,15623.167421
LV,TXG_FOB_USD,W00,2020,16304.794466
LV,TXG_FOB_USD,W00,2021,20787.410253
LV,TXG_FOB_USD,W00,2022,24035.169686
LV,TXG_FOB_USD,W00,2023,22521.81688
LV,TXG_FOB_USD,W00,2024,20559.169773
LY,TMG_CIF_USD,CN,2015,1995.627564
LY,TMG_CIF_USD,CN,2016,1184.595435
LY,TMG_CIF_USD,CN,2017,1027.967554
LY,TMG_CIF_USD,CN,2018,1433.029027
LY,TMG_CIF_USD,CN,2019,2451.593
LY,TMG_CIF_USD,CN,2020,1880.41
LY,TMG_CIF_USD,CN,2021,2129.032
LY,TMG_CIF_USD,CN,2022,2373.286
LY,TMG_CIF_USD,CN,2023,3917.397
LY,TMG_CIF_USD,CN,2024,3830.678483
LY,TMG_CIF_USD,US,2015,301.816476
LY,TMG_CIF_USD,US,2016,190.917816
LY,TMG_CIF_USD,US,2017,134.952679
LY,TMG_CIF_USD,US,2018,243.776017
LY,TMG_CIF_USD,US,2019,412.01
LY,TMG_CIF_USD,US,2020,289.956
LY,TMG_CIF_USD,US,2021,295.867
LY,TMG_CIF_USD,US,2022,290.963
LY,TMG_CIF_USD,US,2023,446.261
LY,TMG_CIF_USD,US,2024,621.986237
LY,TMG_CIF_USD,W00,2015,13158.954254
LY,TMG_CIF_USD,W00,2016,10657.745824
LY,TMG_CIF_USD,W00,2017,9405.863479
LY,TMG_CIF_USD,W00,2018,13740.999712
LY,TMG_CIF_USD,W00,2019,15104.683974
LY,TMG_CIF_USD,W00,2020,11099.317931
LY,TMG_CIF_USD,W00,2021,14956.275007
LY,TMG_CIF_USD,W00,2022,16127.29702
LY,TMG_CIF_USD,W00,2023,18195.176003
LY,TMG_CIF_USD,W00,2024,17891.627248
LY,TXG_FOB_USD,CN,2015,2523.295258
LY,TXG_FOB_USD,CN,2016,1693.899329
LY,TXG_FOB_USD,CN,2017,1693.899329
LY,TXG_FOB_USD,CN,2018,4981.272457
LY,TXG_FOB_USD,CN,2019,4816.498
LY,TXG_FOB_USD,CN,2020,827.055
LY,TXG_FOB_USD,CN,2021,3271.547
LY,TXG_FOB_USD,CN,2022,2933.437
LY,TXG_FOB_USD,CN,2023,1118.4
LY,TXG_FOB_USD,CN,2024,556.766132
LY,TXG_FOB_USD,US,2015,1060.8975
LY,TXG_FOB_USD,US,2016,744.724583
LY,TXG_FOB_USD,US,2017,744.724583
LY,TXG_FOB_USD,US,2018,952.818131
LY,TXG_FOB_USD,US,2019,1572.466
LY,TXG_FOB_USD,US,2020,224.785
LY,TXG_FOB_USD,US,2021,2220.062
LY,TXG_FOB_USD,US,2022,2245.818
LY,TXG_FOB_USD,US,2023,1568.686
LY,TXG_FOB_USD,US,2024,1461.775763
LY,TXG_FOB_USD,W00,2015,23317.589503
LY,TXG_FOB_USD,W00,2016,20880.455616
LY,TXG_FOB_USD,W00,2017,20880.755938
LY,TXG_FOB_USD,W00,2018,30994.469654
LY,TXG_FOB_USD,W00,2019,29250.238656
LY,TXG_FOB_USD,W00,2020,8443.452121
LY,TXG_FOB_USD,W00,2021,30971.542641
LY,TXG_FOB_USD,W00,2022,39195.533834
LY,TXG_FOB_USD,W00,2023,33079.536882
LY,TXG_FOB_USD,W00,2024,30218.481986
MA,TMG_CIF_USD,CN,2015,3131.727719
MA,TMG_CIF_USD,CN,2016,3802.745799
MA,TMG_CIF_USD,CN,2017,4087.234977
MA,TMG_CIF_USD,CN,2018,5002.310349
MA,TMG_CIF_USD,CN,2019,5179.100204
MA,TMG_CIF_USD,CN,2020,5441.698063
MA,TMG_CIF_USD,CN,2021,6869.527511
MA,TMG_CIF_USD,CN,2022,7291.372618
MA,TMG_CIF_USD,CN,2023,7507.358349
MA,TMG_CIF_USD,CN,2024,7708.786725
MA,TMG_CIF_USD,US,2015,2404.364563
MA,TMG_CIF_USD,US,2016,2652.962649
MA,TMG_CIF_USD,US,2017,3094.856772
MA,TMG_CIF_USD,US,2018,4065.114361
MA,TMG_CIF_USD,US,2019,3775.646432
MA,TMG_CIF_USD,US,2020,2798.712965
MA,TMG_CIF_USD,US,2021,3742.253098
MA,TMG_CIF_USD,US,2022,5394.737519
MA,TMG_CIF_USD,US,2023,5961.303496
MA,TMG_CIF_USD,US,2024,6082.02141
MA,TMG_CIF_USD,W00,2015,37030.049077
MA,TMG_CIF_USD,W00,2016,41686.266516
MA,TMG_CIF_USD,W00,2017,44567.3303
MA,TMG_CIF_USD,W00,2018,50733.294759
MA,TMG_CIF_USD,W00,2019,51046.57269
MA,TMG_CIF_USD,W00,2020,44666.072947
MA,TMG_CIF_USD,W00,2021,58632.189863
MA,TMG_CIF_USD,W00,2022,72645.189182
MA,TMG_CIF_USD,W00,2023,70638.523201
MA,TMG_CIF_USD,W00,2024,76351.729435
MA,TXG_FOB_USD,CN,2015,225.909152
MA,TXG_FOB_USD,CN,2016,228.194228
MA,TXG_FOB_USD,CN,2017,305.602069
MA,TXG_FOB_USD,CN,2018,255.560255
MA,TXG_FOB_USD,CN,2019,283.421029
MA,TXG_FOB_USD,CN,2020,263.423336
MA,TXG_FOB_USD,CN,2021,362.206551
MA,TXG_FOB_USD,CN,2022,340.413746
MA,TXG_FOB_USD,CN,2023,350.06949
MA,TXG_FOB_USD,CN,2024,289.221572
MA,TXG_FOB_USD,US,2015,915.814767
MA,TXG_FOB_USD,US,2016,794.958072
MA,TXG_FOB_USD,US,2017,1020.124239
MA,TXG_FOB_USD,US,2018,1509.710278
MA,TXG_FOB_USD,US,2019,1164.030989
MA,TXG_FOB_USD,US,2020,979.652975
MA,TXG_FOB_USD,US,2021,1100.907346
MA,TXG_FOB_USD,US,2022,1402.901912
MA,TXG_FOB_USD,US,2023,1252.511109
MA,TXG_FOB_USD,US,2024,1563.5045
MA,TXG_FOB_USD,W00,2015,21140.045523
MA,TXG_FOB_USD,W00,2016,22825.542608
MA,TXG_FOB_USD,W00,2017,24585.299079
MA,TXG_FOB_USD,W00,2018,27642.72905
MA,TXG_FOB_USD,W00,2019,29579.707004
MA,TXG_FOB_USD,W00,2020,27838.975265
MA,TXG_FOB_USD,W00,2021,36530.850612
MA,TXG_FOB_USD,W00,2022,41999.045131
MA,TXG_FOB_USD,W00,2023,42429.330063
MA,TXG_FOB_USD,W00,2024,45275.833506
MD,TMG_CIF_USD,CN,2015,366.426129
MD,TMG_CIF_USD,CN,2016,393.689123
MD,TMG_CIF_USD,CN,2017,505.377733
MD,TMG_CIF_USD,CN,2018,600.387355
MD,TMG_CIF_USD,CN,2019,602.294781
MD,TMG_CIF_USD,CN,2020,645.966986
MD,TMG_CIF_USD,CN,2021,836.60944
MD,TMG_CIF_USD,CN,2022,947.164506
MD,TMG_CIF_USD,CN,2023,1017.546301
MD,TMG_CIF_USD,CN,2024,1248.674026
MD,TMG_CIF_USD,US,2015,50.793467
MD,TMG_CIF_USD,US,2016,53.292698
MD,TMG_CIF_USD,US,2017,70.223413
MD,TMG_CIF_USD,US,2018,76.258569
MD,TMG_CIF_USD,US,2019,49.129793
MD,TMG_CIF_USD,US,2020,68.452341
MD,TMG_CIF_USD,US,2021,107.415813
MD,TMG_CIF_USD,US,2022,134.470252
MD,TMG_CIF_USD,US,2023,122.910721
MD,TMG_CIF_USD,US,2024,135.26557
MD,TMG_CIF_USD,W00,2015,4037.899229
MD,TMG_CIF_USD,W00,2016,4067.132362
MD,TMG_CIF_USD,W00,2017,4904.117137
MD,TMG_CIF_USD,W00,2018,5763.741727
MD,TMG_CIF_USD,W00,2019,5845.975246
MD,TMG_CIF_USD,W00,2020,5409.572081
MD,TMG_CIF_USD,W00,2021,7175.313106
MD,TMG_CIF_USD,W00,2022,9218.981583
MD,TMG_CIF_USD,W00,2023,8673.671693
MD,TMG_CIF_USD,W00,2024,9200.346148
MD,TXG_FOB_USD,CN,2015,8.551181
MD,TXG_FOB_USD,CN,2016,14.513049
MD,TXG_FOB_USD,CN,2017,19.000264
MD,TXG_FOB_USD,CN,2018,18.818808
MD,TXG_FOB_USD,CN,2019,17.421882
MD,TXG_FOB_USD,CN,2020,12.488361
MD,TXG_FOB_USD,CN,2021,12.443804
MD,TXG_FOB_USD,CN,2022,9.77333
MD,TXG_FOB_USD,CN,2023,7.879624
MD,TXG_FOB_USD,CN,2024,8.463297
MD,TXG_FOB_USD,US,2015,22.030998
MD,TXG_FOB_USD,US,2016,17.016379
MD,TXG_FOB_USD,US,2017,18.82909
MD,TXG_FOB_USD,US,2018,24.98683
MD,TXG_FOB_USD,US,2019,24.335815
MD,TXG_FOB_USD,US,2020,25.683057
MD,TXG_FOB_USD,US,2021,31.742217
MD,TXG_FOB_USD,US,2022,51.492924
MD,TXG_FOB_USD,US,2023,61.636225
MD,TXG_FOB_USD,US,2024,90.225546
MD,TXG_FOB_USD,W00,2015,1998.57608
MD,TXG_FOB_USD,W00,2016,2066.631759
MD,TXG_FOB_USD,W00,2017,2446.270592
MD,TXG_FOB_USD,W00,2018,2710.622777
MD,TXG_FOB_USD,W00,2019,2779.255974
MD,TXG_FOB_USD,W00,2020,2484.791709
MD,TXG_FOB_USD,W00,2021,3142.979849
MD,TXG_FOB_USD,W00,2022,4332.145453
MD,TXG_FOB_USD,W00,2023,4048.616803
MD,TXG_FOB_USD,W00,2024,3645.018675
ME,TMG_CIF_USD,CN,2015,210.07775
ME,TMG_CIF_USD,CN,2016,204.840421
ME,TMG_CIF_USD,CN,2017,251.469772
ME,TMG_CIF_USD,CN,2018,303.940124
ME,TMG_CIF_USD,CN,2019,247.987742
ME,TMG_CIF_USD,CN,2020,249.384314
ME,TMG_CIF_USD,CN,2021,289.705622
ME,TMG_CIF_USD,CN,2022,346.055032
ME,TMG_CIF_USD,CN,2023,458.583648
ME,TMG_CIF_USD,CN,2024,520.00811
ME,TMG_CIF_USD,US,2015,19.582511
ME,TMG_CIF_USD,US,2016,27.717224
ME,TMG_CIF_USD,US,2017,20.305157
ME,TMG_CIF_USD,US,2018,56.246878
ME,TMG_CIF_USD,US,2019,29.748207
ME,TMG_CIF_USD,US,2020,38.864244
ME,TMG_CIF_USD,US,2021,36.553988
ME,TMG_CIF_USD,US,2022,40.947984
ME,TMG_CIF_USD,US,2023,41.690445
ME,TMG_CIF_USD,US,2024,54.715513
ME,TMG_CIF_USD,W00,2015,2039.258972
ME,TMG_CIF_USD,W00,2016,2282.658937
ME,TMG_CIF_USD,W00,2017,2606.310683
ME,TMG_CIF_USD,W00,2018,3007.294075
ME,TMG_CIF_USD,W00,2019,2908.788343
ME,TMG_CIF_USD,W00,2020,2372.929151
ME,TMG_CIF_USD,W00,2021,2979.448484
ME,TMG_CIF_USD,W00,2022,3703.684488
ME,TMG_CIF_USD,W00,2023,4090.377484
ME,TMG_CIF_USD,W00,2024,4451.69073
ME,TXG_FOB_USD,CN,2015,8.801094
ME,TXG_FOB_USD,CN,2016,21.14644
ME,TXG_FOB_USD,CN,2017,7.300321
ME,TXG_FOB_USD,CN,2018,16.736771
ME,TXG_FOB_USD,CN,2019,19.399714
ME,TXG_FOB_USD,CN,2020,25.223271
ME,TXG_FOB_USD,CN,2021,6.722293
ME,TXG_FOB_USD,CN,2022,14.162602
ME,TXG_FOB_USD,CN,2023,2.696492
ME,TXG_FOB_USD,CN,2024,23.351727
ME,TXG_FOB_USD,US,2015,1.416905
ME,TXG_FOB_USD,US,2016,1.281466
ME,TXG_FOB_USD,US,2017,2.064697
ME,TXG_FOB_USD,US,2018,0.901892
ME,TXG_FOB_USD,US,2019,2.06049
ME,TXG_FOB_USD,US,2020,2.501145
ME,TXG_FOB_USD,US,2021,3.456231
ME,TXG_FOB_USD,US,2022,3.761663
ME,TXG_FOB_USD,US,2023,10.600986
ME,TXG_FOB_USD,US,2024,5.463585
ME,TXG_FOB_USD,W00,2015,351.763674
ME,TXG_FOB_USD,W00,2016,360.533091
ME,TXG_FOB_USD,W00,2017,419.286381
ME,TXG_FOB_USD,W00,2018,467.806604
ME,TXG_FOB_USD,W00,2019,462.953921
ME,TXG_FOB_USD,W00,2020,413.622614
ME,TXG_FOB_USD,W00,2021,509.238037
ME,TXG_FOB_USD,W00,2022,742.312922
ME,TXG_FOB_USD,W00,2023,700.752817
ME,TXG_FOB_USD,W00,2024,665.666043
MG,TMG_CIF_USD,CN,2015,532.45752
MG,TMG_CIF_USD,CN,2016,631.960591
MG,TMG_CIF_USD,CN,2017,758.704883
MG,TMG_CIF_USD,CN,2018,822.71361
MG,TMG_CIF_USD,CN,2019,781.734055
MG,TMG_CIF_USD,CN,2020,813.31994
MG,TMG_CIF_USD,CN,2021,998.020665
MG,TMG_CIF_USD,CN,2022,1189.255021
MG,TMG_CIF_USD,CN,2023,960.516929
MG,TMG_CIF_USD,CN,2024,1188.620869
MG,TMG_CIF_USD,US,2015,125.640579
MG,TMG_CIF_USD,US,2016,104.398014
MG,TMG_CIF_USD,US,2017,103.211621
MG,TMG_CIF_USD,US,2018,105.143455
MG,TMG_CIF_USD,US,2019,63.861313
MG,TMG_CIF_USD,US,2020,76.077813
MG,TMG_CIF_USD,US,2021,104.946575
MG,TMG_CIF_USD,US,2022,145.173691
MG,TMG_CIF_USD,US,2023,158.204685
MG,TMG_CIF_USD,US,2024,92.250796
MG,TMG_CIF_USD,W00,2015,3045.596257
MG,TMG_CIF_USD,W00,2016,3071.181691
MG,TMG_CIF_USD,W00,2017,3795.08583
MG,TMG_CIF_USD,W00,2018,3904.62294
MG,TMG_CIF_USD,W00,2019,3738.017399
MG,TMG_CIF_USD,W00,2020,3207.91423
MG,TMG_CIF_USD,W00,2021,4368.524896
MG,TMG_CIF_USD,W00,2022,5512.255059
MG,TMG_CIF_USD,W00,2023,4793.317422
MG,TMG_CIF_USD,W00,2024,4819.529657
MG,TXG_FOB_USD,CN,2015,140.884783
MG,TXG_FOB_USD,CN,2016,144.326562
MG,TXG_FOB_USD,CN,2017,181.921479
MG,TXG_FOB_USD,CN,2018,168.117729
MG,TXG_FOB_USD,CN,2019,164.807146
MG,TXG_FOB_USD,CN,2020,116.486921
MG,TXG_FOB_USD,CN,2021,364.598128
MG,TXG_FOB_USD,CN,2022,500.9762
MG,TXG_FOB_USD,CN,2023,267.501914
MG,TXG_FOB_USD,CN,2024,261.25032
MG,TXG_FOB_USD,US,2015,231.096972
MG,TXG_FOB_USD,US,2016,292.708247
MG,TXG_FOB_USD,US,2017,540.197333
MG,TXG_FOB_USD,US,2018,507.713075
MG,TXG_FOB_USD,US,2019,496.592863
MG,TXG_FOB_USD,US,2020,439.301291
MG,TXG_FOB_USD,US,2021,505.95555
MG,TXG_FOB_USD,US,2022,588.445963
MG,TXG_FOB_USD,US,2023,416.444651
MG,TXG_FOB_USD,US,2024,353.287124
MG,TXG_FOB_USD,W00,2015,2292.359831
MG,TXG_FOB_USD,W00,2016,2499.208183
MG,TXG_FOB_USD,W00,2017,3409.172165
MG,TXG_FOB_USD,W00,2018,2972.100048
MG,TXG_FOB_USD,W00,2019,2555.649713
MG,TXG_FOB_USD,W00,2020,1948.720566
MG,TXG_FOB_USD,W00,2021,2707.433581
MG,TXG_FOB_USD,W00,2022,3546.314854
MG,TXG_FOB_USD,W00,2023,3095.067946
MG,TXG_FOB_USD,W00,2024,2495.670387
MH,TMG_CIF_USD,CN,2016,1081.22226
MH,TMG_CIF_USD,CN,2017,3269.647205
MH,TMG_CIF_USD,CN,2018,2295.713305
MH,TMG_CIF_USD,CN,2019,2527.798229
MH,TMG_CIF_USD,CN,2020,3567.090628
MH,TMG_CIF_USD,CN,2021,3369.186373
MH,TMG_CIF_USD,CN,2022,3671.337717
MH,TMG_CIF_USD,CN,2023,3709.481678
MH,TMG_CIF_USD,CN,2024,5609.64862
MH,TMG_CIF_USD,US,2016,44.7638
MH,TMG_CIF_USD,US,2017,590.633056
MH,TMG_CIF_USD,US,2018,306.993346
MH,TMG_CIF_USD,US,2019,111.482792
MH,TMG_CIF_USD,US,2020,126.955692
MH,TMG_CIF_USD,US,2021,247.182204
MH,TMG_CIF_USD,US,2022,282.547868
MH,TMG_CIF_USD,US,2023,61.547553
MH,TMG_CIF_USD,US,2024,135.071823
MH,TMG_CIF_USD,W00,2015,1741.352496
MH,TMG_CIF_USD,W00,2016,4665.440387
MH,TMG_CIF_USD,W00,2017,15046.066582
MH,TMG_CIF_USD,W00,2018,13709.038027
MH,TMG_CIF_USD,W00,2019,12334.313572
MH,TMG_CIF_USD,W00,2020,13570.1717
MH,TMG_CIF_USD,W00,2021,14884.151297
MH,TMG_CIF_USD,W00,2022,17683.673449
MH,TMG_CIF_USD,W00,2023,19523.88804
MH,TMG_CIF_USD,W00,2024,18599.97054
MH,TXG_FOB_USD,CN,2016,3.582076
MH,TXG_FOB_USD,CN,2017,17.235839
MH,TXG_FOB_USD,CN,2018,32.013142
MH,TXG_FOB_USD,CN,2019,42.517887
MH,TXG_FOB_USD,CN,2020,7.738803
MH,TXG_FOB_USD,CN,2021,2.593897
MH,TXG_FOB_USD,CN,2022,0.180424
MH,TXG_FOB_USD,CN,2023,0.978219
MH,TXG_FOB_USD,CN,2024,7.482426
MH,TXG_FOB_USD,US,2016,4.39697
MH,TXG_FOB_USD,US,2017,33.367938
MH,TXG_FOB_USD,US,2018,19.796553
MH,TXG_FOB_USD,US,2019,9.92788
MH,TXG_FOB_USD,US,2020,26.250468
MH,TXG_FOB_USD,US,2021,14.48485
MH,TXG_FOB_USD,US,2022,16.061223
MH,TXG_FOB_USD,US,2023,15.868164
MH,TXG_FOB_USD,US,2024,19.291474
MH,TXG_FOB_USD,W00,2015,467.892185
MH,TXG_FOB_USD,W00,2016,208.000193
MH,TXG_FOB_USD,W00,2017,601.006267
MH,TXG_FOB_USD,W00,2018,683.032361
MH,TXG_FOB_USD,W00,2019,932.445872
MH,TXG_FOB_USD,W00,2020,713.809604
MH,TXG_FOB_USD,W00,2021,1533.459999
MH,TXG_FOB_USD,W00,2022,1319.666599
MH,TXG_FOB_USD,W00,2023,953.164568
MH,TXG_FOB_USD,W00,2024,1291.159291
MK,TMG_CIF_USD,CN,2015,393.830152
MK,TMG_CIF_USD,CN,2016,433.307976
MK,TMG_CIF_USD,CN,2017,445.832825
MK,TMG_CIF_USD,CN,2018,523.463509
MK,TMG_CIF_USD,CN,2019,545.265737
MK,TMG_CIF_USD,CN,2020,599.648805
MK,TMG_CIF_USD,CN,2021,760.289708
MK,TMG_CIF_USD,CN,2022,994.437781
MK,TMG_CIF_USD,CN,2023,1070.759688
MK,TMG_CIF_USD,CN,2024,1199.394013
MK,TMG_CIF_USD,US,2015,101.838693
MK,TMG_CIF_USD,US,2016,150.858327
MK,TMG_CIF_USD,US,2017,176.638527
MK,TMG_CIF_USD,US,2018,244.781553
MK,TMG_CIF_USD,US,2019,309.250794
MK,TMG_CIF_USD,US,2020,236.372203
MK,TMG_CIF_USD,US,2021,223.864232
MK,TMG_CIF_USD,US,2022,183.840599
MK,TMG_CIF_USD,US,2023,264.149542
MK,TMG_CIF_USD,US,2024,197.428774
MK,TMG_CIF_USD,W00,2015,6426.812394
MK,TMG_CIF_USD,W00,2016,6834.023576
MK,TMG_CIF_USD,W00,2017,7730.850253
MK,TMG_CIF_USD,W00,2018,9057.263862
MK,TMG_CIF_USD,W00,2019,9445.774454
MK,TMG_CIF_USD,W00,2020,8715.10941
MK,TMG_CIF_USD,W00,2021,11400.882524
MK,TMG_CIF_USD,W00,2022,12756.764552
MK,TMG_CIF_USD,W00,2023,12005.616509
MK,TMG_CIF_USD,W00,2024,12026.699808
MK,TXG_FOB_USD,CN,2015,146.436077
MK,TXG_FOB_USD,CN,2016,47.810227
MK,TXG_FOB_USD,CN,2017,62.256658
MK,TXG_FOB_USD,CN,2018,65.260787
MK,TXG_FOB_USD,CN,2019,166.157868
MK,TXG_FOB_USD,CN,2020,163.685154
MK,TXG_FOB_USD,CN,2021,183.438732
MK,TXG_FOB_USD,CN,2022,57.951958
MK,TXG_FOB_USD,CN,2023,112.350688
MK,TXG_FOB_USD,CN,2024,56.717796
MK,TXG_FOB_USD,US,2015,40.677488
MK,TXG_FOB_USD,US,2016,51.058412
MK,TXG_FOB_USD,US,2017,55.548454
MK,TXG_FOB_USD,US,2018,67.377764
MK,TXG_FOB_USD,US,2019,50.506778
MK,TXG_FOB_USD,US,2020,49.743169
MK,TXG_FOB_USD,US,2021,82.179186
MK,TXG_FOB_USD,US,2022,85.904745
MK,TXG_FOB_USD,US,2023,53.629729
MK,TXG_FOB_USD,US,2024,118.261525
MK,TXG_FOB_USD,W00,2015,4530.076666
MK,TXG_FOB_USD,W00,2016,4854.746042
MK,TXG_FOB_USD,W00,2017,5683.890405
MK,TXG_FOB_USD,W00,2018,6921.53607
MK,TXG_FOB_USD,W00,2019,7198.3018
MK,TXG_FOB_USD,W00,2020,6636.82406
MK,TXG_FOB_USD,W00,2021,8244.915917
MK,TXG_FOB_USD,W00,2022,8729.356237
MK,TXG_FOB_USD,W00,2023,8997.12307
MK,TXG_FOB_USD,W00,2024,8422.900062
ML,TMG_CIF_USD,CN,2015,455.846215
ML,TMG_CIF_USD,CN,2016,600.556778
ML,TMG_CIF_USD,CN,2017,660.057779
ML,TMG_CIF_USD,CN,2018,652.415153
ML,TMG_CIF_USD,CN,2019,795.90542
ML,TMG_CIF_USD,CN,2020,947.755634
ML,TMG_CIF_USD,CN,2021,1111.099522
ML,TMG_CIF_USD,CN,2022,1091.919977
ML,TMG_CIF_USD,CN,2023,1516.490187
ML,TMG_CIF_USD,CN,2024,1892.75263
ML,TMG_CIF_USD,US,2015,110.473718
ML,TMG_CIF_USD,US,2016,101.210485
ML,TMG_CIF_USD,US,2017,144.582886
ML,TMG_CIF_USD,US,2018,143.460046
ML,TMG_CIF_USD,US,2019,142.26214
ML,TMG_CIF_USD,US,2020,206.470904
ML,TMG_CIF_USD,US,2021,206.456392
ML,TMG_CIF_USD,US,2022,183.822753
ML,TMG_CIF_USD,US,2023,208.48741
ML,TMG_CIF_USD,US,2024,106.332182
ML,TMG_CIF_USD,W00,2015,3288.401086
ML,TMG_CIF_USD,W00,2016,3897.325697
ML,TMG_CIF_USD,W00,2017,4481.271345
ML,TMG_CIF_USD,W00,2018,4762.881807
ML,TMG_CIF_USD,W00,2019,5190.918481
ML,TMG_CIF_USD,W00,2020,6689.802381
ML,TMG_CIF_USD,W00,2021,7864.057848
ML,TMG_CIF_USD,W00,2022,8649.693319
ML,TMG_CIF_USD,W00,2023,10114.684393
ML,TMG_CIF_USD,W00,2024,10288.620774
ML,TXG_FOB_USD,CN,2015,25.997771
ML,TXG_FOB_USD,CN,2016,29.525764
ML,TXG_FOB_USD,CN,2017,18.39523
ML,TXG_FOB_USD,CN,2018,29.67372
ML,TXG_FOB_USD,CN,2019,32.9038
ML,TXG_FOB_USD,CN,2020,37.055967
ML,TXG_FOB_USD,CN,2021,30.37035
ML,TXG_FOB_USD,CN,2022,21.45694
ML,TXG_FOB_USD,CN,2023,19.74167
ML,TXG_FOB_USD,CN,2024,18.484796
ML,TXG_FOB_USD,US,2015,9.761038
ML,TXG_FOB_USD,US,2016,7.996122
ML,TXG_FOB_USD,US,2017,9.88115
ML,TXG_FOB_USD,US,2018,20.410582
ML,TXG_FOB_USD,US,2019,11.117413
ML,TXG_FOB_USD,US,2020,5.378218
ML,TXG_FOB_USD,US,2021,9.063327
ML,TXG_FOB_USD,US,2022,17.174081
ML,TXG_FOB_USD,US,2023,25.364437
ML,TXG_FOB_USD,US,2024,18.270188
ML,TXG_FOB_USD,W00,2015,2030.697918
ML,TXG_FOB_USD,W00,2016,2852.932751
ML,TXG_FOB_USD,W00,2017,1913.194461
ML,TXG_FOB_USD,W00,2018,3654.527709
ML,TXG_FOB_USD,W00,2019,3654.832993
ML,TXG_FOB_USD,W00,2020,4608.575966
ML,TXG_FOB_USD,W00,2021,4603.714515
ML,TXG_FOB_USD,W00,2022,4587.486874
ML,TXG_FOB_USD,W00,2023,4367.373654
ML,TXG_FOB_USD,W00,2024,3656.003065
MM,TMG_CIF_USD,CN,2015,6434.884216
MM,TMG_CIF_USD,CN,2016,5390.836905
MM,TMG_CIF_USD,CN,2017,6115.669999
MM,TMG_CIF_USD,CN,2018,6223.539999
MM,TMG_CIF_USD,CN,2019,6446.870002
MM,TMG_CIF_USD,CN,2020,6527.87
MM,TMG_CIF_USD,CN,2021,4206.221353
MM,TMG_CIF_USD,CN,2022,5586.713334
MM,TMG_CIF_USD,CN,2023,5091.043268
MM,TMG_CIF_USD,CN,2024,4174.484037
MM,TMG_CIF_USD,US,2015,103.122739
MM,TMG_CIF_USD,US,2016,163.75
MM,TMG_CIF_USD,US,2017,694.75
MM,TMG_CIF_USD,US,2018,324.809998
MM,TMG_CIF_USD,US,2019,346.550001
MM,TMG_CIF_USD,US,2020,2.300001
MM,TMG_CIF_USD,US,2021,206.493725
MM,TMG_CIF_USD,US,2022,170.754062
MM,TMG_CIF_USD,US,2023,175.408816
MM,TMG_CIF_USD,US,2024,112.536939
MM,TMG_CIF_USD,W00,2015,17016.388238
MM,TMG_CIF_USD,W00,2016,15745.064327
MM,TMG_CIF_USD,W00,2017,19246.84645
MM,TMG_CIF_USD,W00,2018,19351.027473
MM,TMG_CIF_USD,W00,2019,18596.024171
MM,TMG_CIF_USD,W00,2020,17568.258065
MM,TMG_CIF_USD,W00,2021,14532.854354
MM,TMG_CIF_USD,W00,2022,17573.874609
MM,TMG_CIF_USD,W00,2023,16615.853794
MM,TMG_CIF_USD,W00,2024,12564.578155
MM,TXG_FOB_USD,CN,2015,4511.61
MM,TXG_FOB_USD,CN,2016,4931.669999
MM,TXG_FOB_USD,CN,2017,5397.41
MM,TXG_FOB_USD,CN,2018,5573.35
MM,TXG_FOB_USD,CN,2019,5746.450001
MM,TXG_FOB_USD,CN,2020,5375.500001
MM,TXG_FOB_USD,CN,2021,4479.396311
MM,TXG_FOB_USD,CN,2022,3687.329862
MM,TXG_FOB_USD,CN,2023,3428.022333
MM,TXG_FOB_USD,CN,2024,3456.722381
MM,TXG_FOB_USD,US,2015,61.86
MM,TXG_FOB_USD,US,2016,150.31
MM,TXG_FOB_USD,US,2017,275.9
MM,TXG_FOB_USD,US,2018,490.950002
MM,TXG_FOB_USD,US,2019,835.15
MM,TXG_FOB_USD,US,2020,236.96
MM,TXG_FOB_USD,US,2021,593.081465
MM,TXG_FOB_USD,US,2022,761.16308
MM,TXG_FOB_USD,US,2023,587.580058
MM,TXG_FOB_USD,US,2024,473.11575
MM,TXG_FOB_USD,W00,2015,11431.581422
MM,TXG_FOB_USD,W00,2016,11835.188116
MM,TXG_FOB_USD,W00,2017,13878.328866
MM,TXG_FOB_USD,W00,2018,16698.155343
MM,TXG_FOB_USD,W00,2019,18075.75712
MM,TXG_FOB_USD,W00,2020,16294.094507
MM,TXG_FOB_USD,W00,2021,15737.553367
MM,TXG_FOB_USD,W00,2022,17823.565811
MM,TXG_FOB_USD,W00,2023,15268.656124
MM,TXG_FOB_USD,W00,2024,15381.742381
MN,TMG_CIF_USD,CN,2015,1389.9406
MN,TMG_CIF_USD,CN,2016,1061.134899
MN,TMG_CIF_USD,CN,2017,1412.625401
MN,TMG_CIF_USD,CN,2018,1968.833639
MN,TMG_CIF_USD,CN,2019,2036.805068
MN,TMG_CIF_USD,CN,2020,1892.78765
MN,TMG_CIF_USD,CN,2021,2490.422368
MN,TMG_CIF_USD,CN,2022,3072.2354
MN,TMG_CIF_USD,CN,2023,3773.2777
MN,TMG_CIF_USD,CN,2024,4622.204987
MN,TMG_CIF_USD,US,2015,116.597499
MN,TMG_CIF_USD,US,2016,139.377402
MN,TMG_CIF_USD,US,2017,208.563418
MN,TMG_CIF_USD,US,2018,211.54742
MN,TMG_CIF_USD,US,2019,289.626805
MN,TMG_CIF_USD,US,2020,245.40161
MN,TMG_CIF_USD,US,2021,213.493761
MN,TMG_CIF_USD,US,2022,266.263001
MN,TMG_CIF_USD,US,2023,281.042701
MN,TMG_CIF_USD,US,2024,352.630742
MN,TMG_CIF_USD,W00,2015,3896.161994
MN,TMG_CIF_USD,W00,2016,4393.480119
MN,TMG_CIF_USD,W00,2017,4335.436631
MN,TMG_CIF_USD,W00,2018,5874.793767
MN,TMG_CIF_USD,W00,2019,6127.350932
MN,TMG_CIF_USD,W00,2020,5298.767161
MN,TMG_CIF_USD,W00,2021,6844.466405
MN,TMG_CIF_USD,W00,2022,11739.369213
MN,TMG_CIF_USD,W00,2023,12046.623433
MN,TMG_CIF_USD,W00,2024,14400.423382
MN,TXG_FOB_USD,CN,2015,3910.120599
MN,TXG_FOB_USD,CN,2016,3901.611301
MN,TXG_FOB_USD,CN,2017,5269.00511
MN,TXG_FOB_USD,CN,2018,6505.526192
MN,TXG_FOB_USD,CN,2019,6772.662874
MN,TXG_FOB_USD,CN,2020,5489.992847
MN,TXG_FOB_USD,CN,2021,7633.173307
MN,TXG_FOB_USD,CN,2022,11061.5764
MN,TXG_FOB_USD,CN,2023,13940.183099
MN,TXG_FOB_USD,CN,2024,14322.665463
MN,TXG_FOB_USD,US,2015,18.7323
MN,TXG_FOB_USD,US,2016,10.4615
MN,TXG_FOB_USD,US,2017,8.299115
MN,TXG_FOB_USD,US,2018,7.603334
MN,TXG_FOB_USD,US,2019,25.997483
MN,TXG_FOB_USD,US,2020,10.824296
MN,TXG_FOB_USD,US,2021,31.029757
MN,TXG_FOB_USD,US,2022,9.8954
MN,TXG_FOB_USD,US,2023,36.553501
MN,TXG_FOB_USD,US,2024,38.950861
MN,TXG_FOB_USD,W00,2015,5217.830731
MN,TXG_FOB_USD,W00,2016,5781.0496
MN,TXG_FOB_USD,W00,2017,6200.66002
MN,TXG_FOB_USD,W00,2018,7011.764054
MN,TXG_FOB_USD,W00,2019,7619.753904
MN,TXG_FOB_USD,W00,2020,7576.310853
MN,TXG_FOB_USD,W00,2021,9241.12315
MN,TXG_FOB_USD,W00,2022,13706.663513
MN,TXG_FOB_USD,W00,2023,16089.745627
MN,TXG_FOB_USD,W00,2024,16542.758668
MO,TMG_CIF_USD,CN,2015,3586.830607
MO,TMG_CIF_USD,CN,2016,3232.599497
MO,TMG_CIF_USD,CN,2017,3200.910973
MO,TMG_CIF_USD,CN,2018,3904.597303
MO,TMG_CIF_USD,CN,2019,3852.206163
MO,TMG_CIF_USD,CN,2020,3523.948205
MO,TMG_CIF_USD,CN,2021,6228.326775
MO,TMG_CIF_USD,CN,2022,5152.432375
MO,TMG_CIF_USD,CN,2023,5012.390117
MO,TMG_CIF_USD,CN,2024,4781.051064
MO,TMG_CIF_USD,US,2015,710.507993
MO,TMG_CIF_USD,US,2016,429.148892
MO,TMG_CIF_USD,US,2017,413.367148
MO,TMG_CIF_USD,US,2018,454.863453
MO,TMG_CIF_USD,US,2019,556.537955
MO,TMG_CIF_USD,US,2020,1063.183113
MO,TMG_CIF_USD,US,2021,1363.663287
MO,TMG_CIF_USD,US,2022,1223.586227
MO,TMG_CIF_USD,US,2023,1049.520255
MO,TMG_CIF_USD,US,2024,937.272441
MO,TMG_CIF_USD,W00,2015,10603.999782
MO,TMG_CIF_USD,W00,2016,8924.391673
MO,TMG_CIF_USD,W00,2017,9448.36922
MO,TMG_CIF_USD,W00,2018,11161.298397
MO,TMG_CIF_USD,W00,2019,11398.741632
MO,TMG_CIF_USD,W00,2020,11792.101943
MO,TMG_CIF_USD,W00,2021,19701.432042
MO,TMG_CIF_USD,W00,2022,17227.79221
MO,TMG_CIF_USD,W00,2023,17560.681212
MO,TMG_CIF_USD,W00,2024,16829.579974
MO,TXG_FOB_USD,CN,2015,227.994513
MO,TXG_FOB_USD,CN,2016,219.041232
MO,TXG_FOB_USD,CN,2017,264.194195
MO,TXG_FOB_USD,CN,2018,249.328313
MO,TXG_FOB_USD,CN,2019,181.538093
MO,TXG_FOB_USD,CN,2020,118.956348
MO,TXG_FOB_USD,CN,2021,125.73561
MO,TXG_FOB_USD,CN,2022,78.075866
MO,TXG_FOB_USD,CN,2023,52.290598
MO,TXG_FOB_USD,CN,2024,44.743345
MO,TXG_FOB_USD,US,2015,24.609738
MO,TXG_FOB_USD,US,2016,19.529218
MO,TXG_FOB_USD,US,2017,23.12962
MO,TXG_FOB_USD,US,2018,16.007367
MO,TXG_FOB_USD,US,2019,34.024249
MO,TXG_FOB_USD,US,2020,49.437985
MO,TXG_FOB_USD,US,2021,55.997556
MO,TXG_FOB_USD,US,2022,48.063074
MO,TXG_FOB_USD,US,2023,35.391088
MO,TXG_FOB_USD,US,2024,12.442954
MO,TXG_FOB_USD,W00,2015,1279.245472
MO,TXG_FOB_USD,W00,2016,1256.596513
MO,TXG_FOB_USD,W00,2017,1405.868983
MO,TXG_FOB_USD,W00,2018,1510.365279
MO,TXG_FOB_USD,W00,2019,1487.160918
MO,TXG_FOB_USD,W00,2020,991.682975
MO,TXG_FOB_USD,W00,2021,1251.955953
MO,TXG_FOB_USD,W00,2022,1232.378529
MO,TXG_FOB_USD,W00,2023,1084.914659
MO,TXG_FOB_USD,W00,2024,1082.034415
MR,TMG_CIF_USD,CN,2015,191.903324
MR,TMG_CIF_USD,CN,2016,193.898731
MR,TMG_CIF_USD,CN,2017,162.13648
MR,TMG_CIF_USD,CN,2018,242.239547
MR,TMG_CIF_USD,CN,2019,377.888305
MR,TMG_CIF_USD,CN,2020,225.603912
MR,TMG_CIF_USD,CN,2021,224.106677
MR,TMG_CIF_USD,CN,2022,201.335049
MR,TMG_CIF_USD,CN,2023,385.986535
MR,TMG_CIF_USD,CN,2024,359.41989
MR,TMG_CIF_USD,US,2015,870.043333
MR,TMG_CIF_USD,US,2016,292.102929
MR,TMG_CIF_USD,US,2017,150.967159
MR,TMG_CIF_USD,US,2018,70.74734
MR,TMG_CIF_USD,US,2019,119.845973
MR,TMG_CIF_USD,US,2020,66.737631
MR,TMG_CIF_USD,US,2021,86.383928
MR,TMG_CIF_USD,US,2022,151.91067
MR,TMG_CIF_USD,US,2023,185.531894
MR,TMG_CIF_USD,US,2024,142.369003
MR,TMG_CIF_USD,W00,2015,4573.426436
MR,TMG_CIF_USD,W00,2016,2465.926545
MR,TMG_CIF_USD,W00,2017,3673.430151
MR,TMG_CIF_USD,W00,2018,3253.986023
MR,TMG_CIF_USD,W00,2019,3639.696207
MR,TMG_CIF_USD,W00,2020,2810.925323
MR,TMG_CIF_USD,W00,2021,3947.133843
MR,TMG_CIF_USD,W00,2022,5272.133435
MR,TMG_CIF_USD,W00,2023,5003.606506
MR,TMG_CIF_USD,W00,2024,4912.819649
MR,TXG_FOB_USD,CN,2015,579.7582
MR,TXG_FOB_USD,CN,2016,599.495796
MR,TXG_FOB_USD,CN,2017,698.317326
MR,TXG_FOB_USD,CN,2018,654.16649
MR,TXG_FOB_USD,CN,2019,875.592138
MR,TXG_FOB_USD,CN,2020,959.791131
MR,TXG_FOB_USD,CN,2021,1354.264026
MR,TXG_FOB_USD,CN,2022,881.153159
MR,TXG_FOB_USD,CN,2023,922.338968
MR,TXG_FOB_USD,CN,2024,918.914529
MR,TXG_FOB_USD,US,2015,0.515876
MR,TXG_FOB_USD,US,2016,0.276325
MR,TXG_FOB_USD,US,2017,1.242582
MR,TXG_FOB_USD,US,2018,1.292646
MR,TXG_FOB_USD,US,2019,0.635114
MR,TXG_FOB_USD,US,2020,2.58803
MR,TXG_FOB_USD,US,2021,1.968979
MR,TXG_FOB_USD,US,2022,1.783851
MR,TXG_FOB_USD,US,2023,4.146022
MR,TXG_FOB_USD,US,2024,4.218811
MR,TXG_FOB_USD,W00,2015,1836.090277
MR,TXG_FOB_USD,W00,2016,1626.867128
MR,TXG_FOB_USD,W00,2017,1995.577571
MR,TXG_FOB_USD,W00,2018,2067.074738
MR,TXG_FOB_USD,W00,2019,2283.274558
MR,TXG_FOB_USD,W00,2020,2850.511251
MR,TXG_FOB_USD,W00,2021,3292.907322
MR,TXG_FOB_USD,W00,2022,3806.902105
MR,TXG_FOB_USD,W00,2023,4093.803003
MR,TXG_FOB_USD,W00,2024,4140.918246
MS,TMG_CIF_USD,CN,2015,0.326664
MS,TMG_CIF_USD,CN,2016,0.153127
MS,TMG_CIF_USD,CN,2017,0.316853
MS,TMG_CIF_USD,CN,2018,0.261908
MS,TMG_CIF_USD,CN,2019,0.60172
MS,TMG_CIF_USD,CN,2020,0.346707
MS,TMG_CIF_USD,CN,2021,0.215102
MS,TMG_CIF_USD,CN,2022,0.158138
MS,TMG_CIF_USD,CN,2023,0.660931
MS,TMG_CIF_USD,CN,2024,1.86185
MS,TMG_CIF_USD,US,2015,15.722592
MS,TMG_CIF_USD,US,2016,21.720199
MS,TMG_CIF_USD,US,2017,19.328967
MS,TMG_CIF_USD,US,2018,24.285491
MS,TMG_CIF_USD,US,2019,22.073018
MS,TMG_CIF_USD,US,2020,20.782892
MS,TMG_CIF_USD,US,2021,24.23239
MS,TMG_CIF_USD,US,2022,26.298438
MS,TMG_CIF_USD,US,2023,31.997918
MS,TMG_CIF_USD,US,2024,19.367611
MS,TMG_CIF_USD,W00,2015,45.200024
MS,TMG_CIF_USD,W00,2016,57.574693
MS,TMG_CIF_USD,W00,2017,50.039483
MS,TMG_CIF_USD,W00,2018,59.726333
MS,TMG_CIF_USD,W00,2019,54.464465
MS,TMG_CIF_USD,W00,2020,51.322776
MS,TMG_CIF_USD,W00,2021,60.697115
MS,TMG_CIF_USD,W00,2022,65.540028
MS,TMG_CIF_USD,W00,2023,79.520416
MS,TMG_CIF_USD,W00,2024,64.064114
MS,TXG_FOB_USD,CN,2018,5.6e-05
MS,TXG_FOB_USD,US,2015,0.326676
MS,TXG_FOB_USD,US,2016,0.242461
MS,TXG_FOB_USD,US,2017,0.674793
MS,TXG_FOB_USD,US,2018,0.917018
MS,TXG_FOB_USD,US,2019,0.298854
MS,TXG_FOB_USD,US,2020,0.505522
MS,TXG_FOB_USD,US,2021,0.524479
MS,TXG_FOB_USD,US,2022,0.489103
MS,TXG_FOB_USD,US,2023,0.4781
MS,TXG_FOB_USD,US,2024,1.857551
MS,TXG_FOB_USD,W00,2015,4.435841
MS,TXG_FOB_USD,W00,2016,5.073153
MS,TXG_FOB_USD,W00,2017,18.091287
MS,TXG_FOB_USD,W00,2018,8.687124
MS,TXG_FOB_USD,W00,2019,7.863808
MS,TXG_FOB_USD,W00,2020,16.936944
MS,TXG_FOB_USD,W00,2021,15.89473
MS,TXG_FOB_USD,W00,2022,6.065487
MS,TXG_FOB_USD,W00,2023,4.664579
MS,TXG_FOB_USD,W00,2024,10.906301
MT,TMG_CIF_USD,CN,2015,234.962575
MT,TMG_CIF_USD,CN,2016,204.829023
MT,TMG_CIF_USD,CN,2017,192.257809
MT,TMG_CIF_USD,CN,2018,249.957899
MT,TMG_CIF_USD,CN,2019,285.79767
MT,TMG_CIF_USD,CN,2020,399.915251
MT,TMG_CIF_USD,CN,2021,340.861751
MT,TMG_CIF_USD,CN,2022,386.272825
MT,TMG_CIF_USD,CN,2023,378.476003
MT,TMG_CIF_USD,CN,2024,376.433997
MT,TMG_CIF_USD,US,2015,201.821105
MT,TMG_CIF_USD,US,2016,168.854808
MT,TMG_CIF_USD,US,2017,246.842072
MT,TMG_CIF_USD,US,2018,139.219443
MT,TMG_CIF_USD,US,2019,133.967379
MT,TMG_CIF_USD,US,2020,88.842588
MT,TMG_CIF_USD,US,2021,150.841382
MT,TMG_CIF_USD,US,2022,209.36116
MT,TMG_CIF_USD,US,2023,271.418995
MT,TMG_CIF_USD,US,2024,301.097329
MT,TMG_CIF_USD,W00,2015,6009.733122
MT,TMG_CIF_USD,W00,2016,6434.767073
MT,TMG_CIF_USD,W00,2017,5991.524462
MT,TMG_CIF_USD,W00,2018,6768.397381
MT,TMG_CIF_USD,W00,2019,7387.900003
MT,TMG_CIF_USD,W00,2020,5717.063511
MT,TMG_CIF_USD,W00,2021,6918.826657
MT,TMG_CIF_USD,W00,2022,8518.705223
MT,TMG_CIF_USD,W00,2023,8401.572825
MT,TMG_CIF_USD,W00,2024,9461.314831
MT,TXG_FOB_USD,CN,2015,26.955174
MT,TXG_FOB_USD,CN,2016,47.953162
MT,TXG_FOB_USD,CN,2017,42.547177
MT,TXG_FOB_USD,CN,2018,39.266418
MT,TXG_FOB_USD,CN,2019,40.634945
MT,TXG_FOB_USD,CN,2020,47.402053
MT,TXG_FOB_USD,CN,2021,72.301459
MT,TXG_FOB_USD,CN,2022,61.849197
MT,TXG_FOB_USD,CN,2023,39.734994
MT,TXG_FOB_USD,CN,2024,32.856857
MT,TXG_FOB_USD,US,2015,149.526752
MT,TXG_FOB_USD,US,2016,823.470966
MT,TXG_FOB_USD,US,2017,143.000495
MT,TXG_FOB_USD,US,2018,160.197106
MT,TXG_FOB_USD,US,2019,130.069492
MT,TXG_FOB_USD,US,2020,130.613914
MT,TXG_FOB_USD,US,2021,125.637321
MT,TXG_FOB_USD,US,2022,142.401167
MT,TXG_FOB_USD,US,2023,135.669027
MT,TXG_FOB_USD,US,2024,289.770559
MT,TXG_FOB_USD,W00,2015,2417.05505
MT,TXG_FOB_USD,W00,2016,3116.253101
MT,TXG_FOB_USD,W00,2017,2700.277659
MT,TXG_FOB_USD,W00,2018,3016.88483
MT,TXG_FOB_USD,W00,2019,2979.023159
MT,TXG_FOB_USD,W00,2020,2783.648395
MT,TXG_FOB_USD,W00,2021,2932.945067
MT,TXG_FOB_USD,W00,2022,3085.789408
MT,TXG_FOB_USD,W00,2023,3269.561109
MT,TXG_FOB_USD,W00,2024,3612.220662
MU,TMG_CIF_USD,CN,2015,835.076462
MU,TMG_CIF_USD,CN,2016,824.52177
MU,TMG_CIF_USD,CN,2017,863.330239
MU,TMG_CIF_USD,CN,2018,948.246517
MU,TMG_CIF_USD,CN,2019,938.883529
MU,TMG_CIF_USD,CN,2020,748.709534
MU,TMG_CIF_USD,CN,2021,914.506161
MU,TMG_CIF_USD,CN,2023,2.016134
MU,TMG_CIF_USD,US,2015,81.38303
MU,TMG_CIF_USD,US,2016,98.879067
MU,TMG_CIF_USD,US,2017,123.458554
MU,TMG_CIF_USD,US,2018,137.80002
MU,TMG_CIF_USD,US,2019,113.332637
MU,TMG_CIF_USD,US,2020,74.44086
MU,TMG_CIF_USD,US,2021,119.084372
MU,TMG_CIF_USD,US,2022,130.727348
MU,TMG_CIF_USD,US,2023,97.490463
MU,TMG_CIF_USD,US,2024,87.482432
MU,TMG_CIF_USD,W00,2015,4690.029912
MU,TMG_CIF_USD,W00,2016,4654.320917
MU,TMG_CIF_USD,W00,2017,5251.117712
MU,TMG_CIF_USD,W00,2018,5680.541526
MU,TMG_CIF_USD,W00,2019,5610.456083
MU,TMG_CIF_USD,W00,2020,4526.701591
MU,TMG_CIF_USD,W00,2021,5266.31083
MU,TMG_CIF_USD,W00,2022,4780.637725
MU,TMG_CIF_USD,W00,2023,4522.29966
MU,TMG_CIF_USD,W00,2024,4804.496934
MU,TXG_FOB_USD,CN,2015,18.402511
MU,TXG_FOB_USD,CN,2016,45.659459
MU,TXG_FOB_USD,CN,2017,27.135575
MU,TXG_FOB_USD,CN,2018,34.388515
MU,TXG_FOB_USD,CN,2019,32.063659
MU,TXG_FOB_USD,CN,2020,25.569623
MU,TXG_FOB_USD,CN,2021,25.71837
MU,TXG_FOB_USD,US,2015,256.182668
MU,TXG_FOB_USD,US,2016,249.769781
MU,TXG_FOB_USD,US,2017,240.405688
MU,TXG_FOB_USD,US,2018,239.592231
MU,TXG_FOB_USD,US,2019,204.137583
MU,TXG_FOB_USD,US,2020,166.720583
MU,TXG_FOB_USD,US,2021,135.468143
MU,TXG_FOB_USD,US,2022,150.812465
MU,TXG_FOB_USD,US,2023,175.072639
MU,TXG_FOB_USD,US,2024,176.361861
MU,TXG_FOB_USD,W00,2015,2403.14401
MU,TXG_FOB_USD,W00,2016,2193.211017
MU,TXG_FOB_USD,W00,2017,2085.117461
MU,TXG_FOB_USD,W00,2018,2001.278482
MU,TXG_FOB_USD,W00,2019,1887.961317
MU,TXG_FOB_USD,W00,2020,1671.175368
MU,TXG_FOB_USD,W00,2021,1807.231681
MU,TXG_FOB_USD,W00,2022,1646.518796
MU,TXG_FOB_USD,W00,2023,1629.287878
MU,TXG_FOB_USD,W00,2024,1591.36799
MV,TMG_CIF_USD,CN,2015,147.336128
MV,TMG_CIF_USD,CN,2016,285.640656
MV,TMG_CIF_USD,CN,2017,280.574729
MV,TMG_CIF_USD,CN,2018,488.135821
MV,TMG_CIF_USD,CN,2019,469.416039
MV,TMG_CIF_USD,CN,2020,267.597551
MV,TMG_CIF_USD,CN,2021,323.644427
MV,TMG_CIF_USD,CN,2022,382.582146
MV,TMG_CIF_USD,CN,2023,405.64237
MV,TMG_CIF_USD,CN,2024,470.232339
MV,TMG_CIF_USD,US,2015,37.448698
MV,TMG_CIF_USD,US,2016,42.219527
MV,TMG_CIF_USD,US,2017,43.014865
MV,TMG_CIF_USD,US,2018,50.274228
MV,TMG_CIF_USD,US,2019,56.256632
MV,TMG_CIF_USD,US,2020,37.304245
MV,TMG_CIF_USD,US,2021,63.52736
MV,TMG_CIF_USD,US,2022,87.271605
MV,TMG_CIF_USD,US,2023,81.381476
MV,TMG_CIF_USD,US,2024,97.543051
MV,TMG_CIF_USD,W00,2015,1934.298731
MV,TMG_CIF_USD,W00,2016,2170.188105
MV,TMG_CIF_USD,W00,2017,2402.621204
MV,TMG_CIF_USD,W00,2018,2959.822225
MV,TMG_CIF_USD,W00,2019,2887.506074
MV,TMG_CIF_USD,W00,2020,1837.869217
MV,TMG_CIF_USD,W00,2021,2573.061827
MV,TMG_CIF_USD,W00,2022,3515.661244
MV,TMG_CIF_USD,W00,2023,3497.161942
MV,TMG_CIF_USD,W00,2024,3490.146355
MV,TXG_FOB_USD,CN,2015,0.034818
MV,TXG_FOB_USD,CN,2016,0.111406
MV,TXG_FOB_USD,CN,2017,0.536462
MV,TXG_FOB_USD,CN,2018,0.270668
MV,TXG_FOB_USD,CN,2019,0.004001
MV,TXG_FOB_USD,CN,2020,0.889997
MV,TXG_FOB_USD,CN,2021,0.022255
MV,TXG_FOB_USD,CN,2022,0.022204
MV,TXG_FOB_USD,CN,2023,0.039098
MV,TXG_FOB_USD,CN,2024,0.01006
MV,TXG_FOB_USD,US,2015,14.67777
MV,TXG_FOB_USD,US,2016,12.370285
MV,TXG_FOB_USD,US,2017,13.89812
MV,TXG_FOB_USD,US,2018,15.031411
MV,TXG_FOB_USD,US,2019,13.905684
MV,TXG_FOB_USD,US,2020,8.588396
MV,TXG_FOB_USD,US,2021,4.403655
MV,TXG_FOB_USD,US,2022,2.903008
MV,TXG_FOB_USD,US,2023,2.092016
MV,TXG_FOB_USD,US,2024,0.769213
MV,TXG_FOB_USD,W00,2015,158.870085
MV,TXG_FOB_USD,W00,2016,151.993411
MV,TXG_FOB_USD,W00,2017,213.281056
MV,TXG_FOB_USD,W00,2018,181.64678
MV,TXG_FOB_USD,W00,2019,158.047562
MV,TXG_FOB_USD,W00,2020,162.799165
MV,TXG_FOB_USD,W00,2021,151.28117
MV,TXG_FOB_USD,W00,2022,159.010757
MV,TXG_FOB_USD,W00,2023,162.21688
MV,TXG_FOB_USD,W00,2024,89.473815
MW,TMG_CIF_USD,CN,2015,299.784927
MW,TMG_CIF_USD,CN,2016,272.090297
MW,TMG_CIF_USD,CN,2017,350.610128
MW,TMG_CIF_USD,CN,2018,363.564013
MW,TMG_CIF_USD,CN,2019,539.683507
MW,TMG_CIF_USD,CN,2020,424.91897
MW,TMG_CIF_USD,CN,2021,559.331532
MW,TMG_CIF_USD,CN,2022,261.399153
MW,TMG_CIF_USD,CN,2023,546.117694
MW,TMG_CIF_USD,CN,2024,461.685856
MW,TMG_CIF_USD,US,2015,52.668729
MW,TMG_CIF_USD,US,2016,47.913548
MW,TMG_CIF_USD,US,2017,53.336958
MW,TMG_CIF_USD,US,2018,44.129403
MW,TMG_CIF_USD,US,2019,39.692527
MW,TMG_CIF_USD,US,2020,32.00176
MW,TMG_CIF_USD,US,2021,109.575811
MW,TMG_CIF_USD,US,2022,37.396253
MW,TMG_CIF_USD,US,2023,59.500396
MW,TMG_CIF_USD,US,2024,34.939073
MW,TMG_CIF_USD,W00,2015,2274.13201
MW,TMG_CIF_USD,W00,2016,2289.867688
MW,TMG_CIF_USD,W00,2017,2503.688468
MW,TMG_CIF_USD,W00,2018,2954.845627
MW,TMG_CIF_USD,W00,2019,2940.672429
MW,TMG_CIF_USD,W00,2020,2850.300173
MW,TMG_CIF_USD,W00,2021,3076.172729
MW,TMG_CIF_USD,W00,2022,1623.666775
MW,TMG_CIF_USD,W00,2023,3140.741585
MW,TMG_CIF_USD,W00,2024,2713.844554
MW,TXG_FOB_USD,CN,2015,26.658564
MW,TXG_FOB_USD,CN,2016,21.980592
MW,TXG_FOB_USD,CN,2017,18.331305
MW,TXG_FOB_USD,CN,2018,21.878394
MW,TXG_FOB_USD,CN,2019,13.46588
MW,TXG_FOB_USD,CN,2020,7.798148
MW,TXG_FOB_USD,CN,2021,41.230601
MW,TXG_FOB_USD,CN,2022,22.590976
MW,TXG_FOB_USD,CN,2023,54.434926
MW,TXG_FOB_USD,CN,2024,2.170253
MW,TXG_FOB_USD,US,2015,42.85696
MW,TXG_FOB_USD,US,2016,57.008733
MW,TXG_FOB_USD,US,2017,38.528624
MW,TXG_FOB_USD,US,2018,47.729898
MW,TXG_FOB_USD,US,2019,49.145968
MW,TXG_FOB_USD,US,2020,35.207317
MW,TXG_FOB_USD,US,2021,41.340049
MW,TXG_FOB_USD,US,2022,47.260821
MW,TXG_FOB_USD,US,2023,40.385095
MW,TXG_FOB_USD,US,2024,15.307264
MW,TXG_FOB_USD,W00,2015,1001.442798
MW,TXG_FOB_USD,W00,2016,963.234249
MW,TXG_FOB_USD,W00,2017,782.456596
MW,TXG_FOB_USD,W00,2018,811.643537
MW,TXG_FOB_USD,W00,2019,866.870799
MW,TXG_FOB_USD,W00,2020,729.497642
MW,TXG_FOB_USD,W00,2021,1007.079355
MW,TXG_FOB_USD,W00,2022,946.995503
MW,TXG_FOB_USD,W00,2023,965.510285
MW,TXG_FOB_USD,W00,2024,428.491732
MX,TMG_CIF_USD,CN,2015,74191.25606
MX,TMG_CIF_USD,CN,2016,73696.4311
MX,TMG_CIF_USD,CN,2017,78599.47276
MX,TMG_CIF_USD,CN,2018,88521.20526
MX,TMG_CIF_USD,CN,2019,88012.77096
MX,TMG_CIF_USD,CN,2020,77916.03882
MX,TMG_CIF_USD,CN,2021,107075.51204
MX,TMG_CIF_USD,CN,2022,125854.277
MX,TMG_CIF_USD,CN,2023,121557.60092
MX,TMG_CIF_USD,CN,2024,137224.4306
MX,TMG_CIF_USD,US,2015,198021.15036
MX,TMG_CIF_USD,US,2016,190288.86164
MX,TMG_CIF_USD,US,2017,206227.86116
MX,TMG_CIF_USD,US,2018,228777.69908
MX,TMG_CIF_USD,US,2019,218068.72472
MX,TMG_CIF_USD,US,2020,177827.88642
MX,TMG_CIF_USD,US,2021,234243.73642
MX,TMG_CIF_USD,US,2022,281987.0194
MX,TMG_CIF_USD,US,2023,276663.89338
MX,TMG_CIF_USD,US,2024,277144.66486
MX,TMG_CIF_USD,W00,2015,418939.93736
MX,TMG_CIF_USD,W00,2016,410309.05802
MX,TMG_CIF_USD,W00,2017,445611.02136
MX,TMG_CIF_USD,W00,2018,492160.06276
MX,TMG_CIF_USD,W00,2019,482497.96878
MX,TMG_CIF_USD,W00,2020,405947.09442
MX,TMG_CIF_USD,W00,2021,536041.25164
MX,TMG_CIF_USD,W00,2022,642102.12956
MX,TMG_CIF_USD,W00,2023,641596.40356
MX,TMG_CIF_USD,W00,2024,674390.71854
MX,TXG_FOB_USD,CN,2015,4873.184
MX,TXG_FOB_USD,CN,2016,5411.291
MX,TXG_FOB_USD,CN,2017,6712.58
MX,TXG_FOB_USD,CN,2018,7428.917
MX,TXG_FOB_USD,CN,2019,7117.174
MX,TXG_FOB_USD,CN,2020,7891.036
MX,TXG_FOB_USD,CN,2021,9254.995
MX,TXG_FOB_USD,CN,2022,10917.031
MX,TXG_FOB_USD,CN,2023,10057.79
MX,TXG_FOB_USD,CN,2024,9936.951
MX,TXG_FOB_USD,US,2015,308869.534
MX,TXG_FOB_USD,US,2016,302580.857
MX,TXG_FOB_USD,US,2017,326868.566
MX,TXG_FOB_USD,US,2018,358281.301
MX,TXG_FOB_USD,US,2019,370766.932
MX,TXG_FOB_USD,US,2020,338701.085
MX,TXG_FOB_USD,US,2021,399000.718
MX,TXG_FOB_USD,US,2022,472584.148
MX,TXG_FOB_USD,US,2023,490181.841
MX,TXG_FOB_USD,US,2024,512710.518
MX,TXG_FOB_USD,W00,2015,380547.555
MX,TXG_FOB_USD,W00,2016,373948.264
MX,TXG_FOB_USD,W00,2017,409410.812
MX,TXG_FOB_USD,W00,2018,450707.311
MX,TXG_FOB_USD,W00,2019,460598.221
MX,TXG_FOB_USD,W00,2020,417167.585
MX,TXG_FOB_USD,W00,2021,494945.068
MX,TXG_FOB_USD,W00,2022,577692.071
MX,TXG_FOB_USD,W00,2023,592994.955
MX,TXG_FOB_USD,W00,2024,617674.463
MY,TMG_CIF_USD,CN,2015,33155.162002
MY,TMG_CIF_USD,CN,2016,34289.785426
MY,TMG_CIF_USD,CN,2017,38311.258224
MY,TMG_CIF_USD,CN,2018,43456.963886
MY,TMG_CIF_USD,CN,2019,42371.951108
MY,TMG_CIF_USD,CN,2020,40924.061953
MY,TMG_CIF_USD,CN,2021,55517.360567
MY,TMG_CIF_USD,CN,2022,62955.337848
MY,TMG_CIF_USD,CN,2023,56858.623397
MY,TMG_CIF_USD,CN,2024,65072.349032
MY,TMG_CIF_USD,US,2015,14193.521516
MY,TMG_CIF_USD,US,2016,13426.838521
MY,TMG_CIF_USD,US,2017,16102.719931
MY,TMG_CIF_USD,US,2018,16097.209676
MY,TMG_CIF_USD,US,2019,16576.430118
MY,TMG_CIF_USD,US,2020,16651.964073
MY,TMG_CIF_USD,US,2021,18204.969701
MY,TMG_CIF_USD,US,2022,22893.174153
MY,TMG_CIF_USD,US,2023,19732.581707
MY,TMG_CIF_USD,US,2024,27932.387661
MY,TMG_CIF_USD,W00,2015,175965.932137
MY,TMG_CIF_USD,W00,2016,168370.438996
MY,TMG_CIF_USD,W00,2017,195079.497055
MY,TMG_CIF_USD,W00,2018,217908.979553
MY,TMG_CIF_USD,W00,2019,204835.3676
MY,TMG_CIF_USD,W00,2020,190320.713975
MY,TMG_CIF_USD,W00,2021,239208.479631
MY,TMG_CIF_USD,W00,2022,295275.988787
MY,TMG_CIF_USD,W00,2023,266661.389084
MY,TMG_CIF_USD,W00,2024,301360.832087
MY,TXG_FOB_USD,CN,2015,25986.959459
MY,TXG_FOB_USD,CN,2016,23719.678769
MY,TXG_FOB_USD,CN,2017,29402.319781
MY,TXG_FOB_USD,CN,2018,34389.52351
MY,TXG_FOB_USD,CN,2019,33681.050774
MY,TXG_FOB_USD,CN,2020,37774.298752
MY,TXG_FOB_USD,CN,2021,46307.113761
MY,TXG_FOB_USD,CN,2022,47843.68139
MY,TXG_FOB_USD,CN,2023,42110.080156
MY,TXG_FOB_USD,CN,2024,41139.796292
MY,TXG_FOB_USD,US,2015,18879.767165
MY,TXG_FOB_USD,US,2016,19381.159155
MY,TXG_FOB_USD,US,2017,20691.132313
MY,TXG_FOB_USD,US,2018,22530.338064
MY,TXG_FOB_USD,US,2019,23149.785702
MY,TXG_FOB_USD,US,2020,26003.111333
MY,TXG_FOB_USD,US,2021,34347.826417
MY,TXG_FOB_USD,US,2022,37981.621144
MY,TXG_FOB_USD,US,2023,35436.565003
MY,TXG_FOB_USD,US,2024,43676.339762
MY,TXG_FOB_USD,W00,2015,199956.088913
MY,TXG_FOB_USD,W00,2016,189413.440013
MY,TXG_FOB_USD,W00,2017,217836.720111
MY,TXG_FOB_USD,W00,2018,247365.23198
MY,TXG_FOB_USD,W00,2019,238103.532887
MY,TXG_FOB_USD,W00,2020,233959.026511
MY,TXG_FOB_USD,W00,2021,299037.704561
MY,TXG_FOB_USD,W00,2022,352337.923095
MY,TXG_FOB_USD,W00,2023,312649.024121
MY,TXG_FOB_USD,W00,2024,330299.495818
MZ,TMG_CIF_USD,CN,2015,986.859103
MZ,TMG_CIF_USD,CN,2016,417.895494
MZ,TMG_CIF_USD,CN,2017,493.354983
MZ,TMG_CIF_USD,CN,2018,948.740798
MZ,TMG_CIF_USD,CN,2019,864.164037
MZ,TMG_CIF_USD,CN,2020,702.861841
MZ,TMG_CIF_USD,CN,2021,945.520702
MZ,TMG_CIF_USD,CN,2022,1060.884512
MZ,TMG_CIF_USD,CN,2023,1551.711
MZ,TMG_CIF_USD,CN,2024,1561.593344
MZ,TMG_CIF_USD,US,2015,195.018349
MZ,TMG_CIF_USD,US,2016,120.994276
MZ,TMG_CIF_USD,US,2017,111.747766
MZ,TMG_CIF_USD,US,2018,220.37255
MZ,TMG_CIF_USD,US,2019,208.041044
MZ,TMG_CIF_USD,US,2020,154.120555
MZ,TMG_CIF_USD,US,2021,233.099436
MZ,TMG_CIF_USD,US,2022,218.963467
MZ,TMG_CIF_USD,US,2023,179.793
MZ,TMG_CIF_USD,US,2024,198.858303
MZ,TMG_CIF_USD,W00,2015,8102.639907
MZ,TMG_CIF_USD,W00,2016,5295.313259
MZ,TMG_CIF_USD,W00,2017,5741.355884
MZ,TMG_CIF_USD,W00,2018,7729.704946
MZ,TMG_CIF_USD,W00,2019,7698.913031
MZ,TMG_CIF_USD,W00,2020,6514.084016
MZ,TMG_CIF_USD,W00,2021,8758.064534
MZ,TMG_CIF_USD,W00,2022,14670.982862
MZ,TMG_CIF_USD,W00,2023,10091.853
MZ,TMG_CIF_USD,W00,2024,10554.78865
MZ,TXG_FOB_USD,CN,2015,91.718521
MZ,TXG_FOB_USD,CN,2016,142.713547
MZ,TXG_FOB_USD,CN,2017,252.60786
MZ,TXG_FOB_USD,CN,2018,249.012732
MZ,TXG_FOB_USD,CN,2019,326.819811
MZ,TXG_FOB_USD,CN,2020,261.166647
MZ,TXG_FOB_USD,CN,2021,490.775445
MZ,TXG_FOB_USD,CN,2022,428.515793
MZ,TXG_FOB_USD,CN,2023,1175.363
MZ,TXG_FOB_USD,CN,2024,2523.455576
MZ,TXG_FOB_USD,US,2015,58.208624
MZ,TXG_FOB_USD,US,2016,97.84958
MZ,TXG_FOB_USD,US,2017,70.929507
MZ,TXG_FOB_USD,US,2018,91.735796
MZ,TXG_FOB_USD,US,2019,83.102691
MZ,TXG_FOB_USD,US,2020,72.841116
MZ,TXG_FOB_USD,US,2021,95.553305
MZ,TXG_FOB_USD,US,2022,124.255995
MZ,TXG_FOB_USD,US,2023,113.927
MZ,TXG_FOB_USD,US,2024,139.671659
MZ,TXG_FOB_USD,W00,2015,3288.952334
MZ,TXG_FOB_USD,W00,2016,3352.109254
MZ,TXG_FOB_USD,W00,2017,4754.835929
MZ,TXG_FOB_USD,W00,2018,6036.569691
MZ,TXG_FOB_USD,W00,2019,4786.746253
MZ,TXG_FOB_USD,W00,2020,3719.9309
MZ,TXG_FOB_USD,W00,2021,5704.483319
MZ,TXG_FOB_USD,W00,2022,8298.873673
MZ,TXG_FOB_USD,W00,2023,8275.949
MZ,TXG_FOB_USD,W00,2024,9781.541665
NA,TMG_CIF_USD,CN,2015,493.28011
NA,TMG_CIF_USD,CN,2016,197.18507
NA,TMG_CIF_USD,CN,2017,345.669902
NA,TMG_CIF_USD,CN,2018,429.176567
NA,TMG_CIF_USD,CN,2019,307.217981
NA,TMG_CIF_USD,CN,2020,302.101215
NA,TMG_CIF_USD,CN,2021,379.502547
NA,TMG_CIF_USD,CN,2022,720.574663
NA,TMG_CIF_USD,CN,2023,724.438317
NA,TMG_CIF_USD,CN,2024,977.711836
NA,TMG_CIF_USD,US,2015,75.458422
NA,TMG_CIF_USD,US,2016,125.918819
NA,TMG_CIF_USD,US,2017,131.190533
NA,TMG_CIF_USD,US,2018,174.394178
NA,TMG_CIF_USD,US,2019,163.400432
NA,TMG_CIF_USD,US,2020,118.580573
NA,TMG_CIF_USD,US,2021,181.112441
NA,TMG_CIF_USD,US,2022,262.95538
NA,TMG_CIF_USD,US,2023,255.544386
NA,TMG_CIF_USD,US,2024,280.477902
NA,TMG_CIF_USD,W00,2015,7717.97067
NA,TMG_CIF_USD,W00,2016,6672.094657
NA,TMG_CIF_USD,W00,2017,6661.810519
NA,TMG_CIF_USD,W00,2018,6724.994018
NA,TMG_CIF_USD,W00,2019,6168.952316
NA,TMG_CIF_USD,W00,2020,5066.398846
NA,TMG_CIF_USD,W00,2021,7514.040276
NA,TMG_CIF_USD,W00,2022,6839.83489
NA,TMG_CIF_USD,W00,2023,7426.584085
NA,TMG_CIF_USD,W00,2024,8844.797696
NA,TXG_FOB_USD,CN,2015,157.315888
NA,TXG_FOB_USD,CN,2016,163.670945
NA,TXG_FOB_USD,CN,2017,248.826026
NA,TXG_FOB_USD,CN,2018,530.290099
NA,TXG_FOB_USD,CN,2019,616.799526
NA,TXG_FOB_USD,CN,2020,1107.144303
NA,TXG_FOB_USD,CN,2021,1491.948101
NA,TXG_FOB_USD,CN,2022,469.134577
NA,TXG_FOB_USD,CN,2023,684.733421
NA,TXG_FOB_USD,CN,2024,1112.379663
NA,TXG_FOB_USD,US,2015,88.031609
NA,TXG_FOB_USD,US,2016,125.924506
NA,TXG_FOB_USD,US,2017,134.395791
NA,TXG_FOB_USD,US,2018,115.683985
NA,TXG_FOB_USD,US,2019,133.721917
NA,TXG_FOB_USD,US,2020,78.193952
NA,TXG_FOB_USD,US,2021,80.163094
NA,TXG_FOB_USD,US,2022,129.653955
NA,TXG_FOB_USD,US,2023,58.810529
NA,TXG_FOB_USD,US,2024,173.404308
NA,TXG_FOB_USD,W00,2015,4573.996923
NA,TXG_FOB_USD,W00,2016,4643.547854
NA,TXG_FOB_USD,W00,2017,5181.196498
NA,TXG_FOB_USD,W00,2018,4948.599347
NA,TXG_FOB_USD,W00,2019,4523.109852
NA,TXG_FOB_USD,W00,2020,3918.308277
NA,TXG_FOB_USD,W00,2021,5481.237914
NA,TXG_FOB_USD,W00,2022,4897.892271
NA,TXG_FOB_USD,W00,2023,5694.655375
NA,TXG_FOB_USD,W00,2024,6525.818017
NC,TMG_CIF_USD,CN,2015,113.618999
NC,TMG_CIF_USD,CN,2016,97.792
NC,TMG_CIF_USD,CN,2017,95.258002
NC,TMG_CIF_USD,CN,2018,187.238
NC,TMG_CIF_USD,CN,2019,156.71901
NC,TMG_CIF_USD,CN,2020,138.000992
NC,TMG_CIF_USD,CN,2021,161.524993
NC,TMG_CIF_USD,CN,2022,183.602984
NC,TMG_CIF_USD,CN,2023,173.008396
NC,TMG_CIF_USD,CN,2024,105.773268
NC,TMG_CIF_USD,US,2015,70.707
NC,TMG_CIF_USD,US,2016,64.371999
NC,TMG_CIF_USD,US,2017,50.498999
NC,TMG_CIF_USD,US,2018,57.525
NC,TMG_CIF_USD,US,2019,77.152999
NC,TMG_CIF_USD,US,2020,55.672
NC,TMG_CIF_USD,US,2021,47.203002
NC,TMG_CIF_USD,US,2022,58.852574
NC,TMG_CIF_USD,US,2023,61.915247
NC,TMG_CIF_USD,US,2024,39.785163
NC,TMG_CIF_USD,W00,2015,2451.804006
NC,TMG_CIF_USD,W00,2016,2206.715732
NC,TMG_CIF_USD,W00,2017,2290.643299
NC,TMG_CIF_USD,W00,2018,2588.709545
NC,TMG_CIF_USD,W00,2019,2695.691085
NC,TMG_CIF_USD,W00,2020,2351.917987
NC,TMG_CIF_USD,W00,2021,2547.462367
NC,TMG_CIF_USD,W00,2022,2935.56448
NC,TMG_CIF_USD,W00,2023,2823.371339
NC,TMG_CIF_USD,W00,2024,1746.685425
NC,TXG_FOB_USD,CN,2015,355.883999
NC,TXG_FOB_USD,CN,2016,448.883008
NC,TXG_FOB_USD,CN,2017,622.608002
NC,TXG_FOB_USD,CN,2018,1025.484033
NC,TXG_FOB_USD,CN,2019,959.806977
NC,TXG_FOB_USD,CN,2020,984.860031
NC,TXG_FOB_USD,CN,2021,840.019007
NC,TXG_FOB_USD,CN,2022,1091.568883
NC,TXG_FOB_USD,CN,2023,917.201446
NC,TXG_FOB_USD,CN,2024,717.670165
NC,TXG_FOB_USD,US,2015,35.409
NC,TXG_FOB_USD,US,2016,42.400999
NC,TXG_FOB_USD,US,2017,67.776001
NC,TXG_FOB_USD,US,2018,51.296001
NC,TXG_FOB_USD,US,2019,38.980999
NC,TXG_FOB_USD,US,2020,43.912
NC,TXG_FOB_USD,US,2021,59.724999
NC,TXG_FOB_USD,US,2022,72.722706
NC,TXG_FOB_USD,US,2023,53.138814
NC,TXG_FOB_USD,US,2024,38.92101
NC,TXG_FOB_USD,W00,2015,1190.871005
NC,TXG_FOB_USD,W00,2016,1326.472988
NC,TXG_FOB_USD,W00,2017,1548.566894
NC,TXG_FOB_USD,W00,2018,1903.977174
NC,TXG_FOB_USD,W00,2019,1689.3661
NC,TXG_FOB_USD,W00,2020,1709.488427
NC,TXG_FOB_USD,W00,2021,1747.066941
NC,TXG_FOB_USD,W00,2022,2235.118622
NC,TXG_FOB_USD,W00,2023,1785.552821
NC,TXG_FOB_USD,W00,2024,1376.38807
NE,TMG_CIF_USD,CN,2015,565.398161
NE,TMG_CIF_USD,CN,2016,307.044106
NE,TMG_CIF_USD,CN,2017,229.498243
NE,TMG_CIF_USD,CN,2018,525.694323
NE,TMG_CIF_USD,CN,2019,565.334809
NE,TMG_CIF_USD,CN,2020,561.142047
NE,TMG_CIF_USD,CN,2021,511.664387
NE,TMG_CIF_USD,CN,2022,904.214791
NE,TMG_CIF_USD,CN,2023,859.075639
NE,TMG_CIF_USD,CN,2024,546.63118
NE,TMG_CIF_USD,US,2015,132.369342
NE,TMG_CIF_USD,US,2016,117.70553
NE,TMG_CIF_USD,US,2017,163.643437
NE,TMG_CIF_USD,US,2018,160.568048
NE,TMG_CIF_USD,US,2019,159.034699
NE,TMG_CIF_USD,US,2020,199.985681
NE,TMG_CIF_USD,US,2021,174.613075
NE,TMG_CIF_USD,US,2022,120.834546
NE,TMG_CIF_USD,US,2023,63.936471
NE,TMG_CIF_USD,US,2024,38.574872
NE,TMG_CIF_USD,W00,2015,2575.30705
NE,TMG_CIF_USD,W00,2016,1611.647359
NE,TMG_CIF_USD,W00,2017,1897.40153
NE,TMG_CIF_USD,W00,2018,2723.163555
NE,TMG_CIF_USD,W00,2019,2920.807948
NE,TMG_CIF_USD,W00,2020,3114.536884
NE,TMG_CIF_USD,W00,2021,2939.771323
NE,TMG_CIF_USD,W00,2022,3899.144393
NE,TMG_CIF_USD,W00,2023,3211.055749
NE,TMG_CIF_USD,W00,2024,2292.89749
NE,TXG_FOB_USD,CN,2015,7.624025
NE,TXG_FOB_USD,CN,2016,0.386866
NE,TXG_FOB_USD,CN,2017,4.261862
NE,TXG_FOB_USD,CN,2018,0.858939
NE,TXG_FOB_USD,CN,2019,0.279896
NE,TXG_FOB_USD,CN,2020,0.157957
NE,TXG_FOB_USD,CN,2021,0.314246
NE,TXG_FOB_USD,CN,2022,0.579246
NE,TXG_FOB_USD,CN,2023,2.414216
NE,TXG_FOB_USD,CN,2024,4.677845
NE,TXG_FOB_USD,US,2015,142.270778
NE,TXG_FOB_USD,US,2016,33.400114
NE,TXG_FOB_USD,US,2017,53.179377
NE,TXG_FOB_USD,US,2018,29.138086
NE,TXG_FOB_USD,US,2019,3.865605
NE,TXG_FOB_USD,US,2020,21.82353
NE,TXG_FOB_USD,US,2021,0.189634
NE,TXG_FOB_USD,US,2022,4.09389
NE,TXG_FOB_USD,US,2023,0.052908
NE,TXG_FOB_USD,US,2024,0.009352
NE,TXG_FOB_USD,W00,2015,930.0046
NE,TXG_FOB_USD,W00,2016,698.204181
NE,TXG_FOB_USD,W00,2017,924.291668
NE,TXG_FOB_USD,W00,2018,918.395157
NE,TXG_FOB_USD,W00,2019,700.203179
NE,TXG_FOB_USD,W00,2020,728.706192
NE,TXG_FOB_USD,W00,2021,737.375669
NE,TXG_FOB_USD,W00,2022,428.397719
NE,TXG_FOB_USD,W00,2023,468.753051
NE,TXG_FOB_USD,W00,2024,718.507142
NG,TMG_CIF_USD,CN,2015,13141.151164
NG,TMG_CIF_USD,CN,2016,10243.862995
NG,TMG_CIF_USD,CN,2017,12593.456819
NG,TMG_CIF_USD,CN,2018,14364.444409
NG,TMG_CIF_USD,CN,2019,15682.210645
NG,TMG_CIF_USD,CN,2020,15860.374313
NG,TMG_CIF_USD,CN,2021,12826.62463
NG,TMG_CIF_USD,CN,2022,14388.394785
NG,TMG_CIF_USD,CN,2023,11643.889833
NG,TMG_CIF_USD,CN,2024,27256.604619
NG,TMG_CIF_USD,US,2015,6391.433898
NG,TMG_CIF_USD,US,2016,4982.285981
NG,TMG_CIF_USD,US,2017,6125.052959
NG,TMG_CIF_USD,US,2018,6986.404447
NG,TMG_CIF_USD,US,2019,7627.323625
NG,TMG_CIF_USD,US,2020,5058.43883
NG,TMG_CIF_USD,US,2021,3171.098033
NG,TMG_CIF_USD,US,2022,3048.670142
NG,TMG_CIF_USD,US,2023,4168.518464
NG,TMG_CIF_USD,US,2024,6650.112531
NG,TMG_CIF_USD,W00,2015,53582.082482
NG,TMG_CIF_USD,W00,2016,41768.029508
NG,TMG_CIF_USD,W00,2017,53182.268105
NG,TMG_CIF_USD,W00,2018,58569.698238
NG,TMG_CIF_USD,W00,2019,63943.153301
NG,TMG_CIF_USD,W00,2020,55390.124574
NG,TMG_CIF_USD,W00,2021,51916.995518
NG,TMG_CIF_USD,W00,2022,62914.742014
NG,TMG_CIF_USD,W00,2023,64306.1827
NG,TMG_CIF_USD,W00,2024,99039.117168
NG,TXG_FOB_USD,CN,2015,2809.08718
NG,TXG_FOB_USD,CN,2016,1986.332795
NG,TXG_FOB_USD,CN,2017,2571.179472
NG,TXG_FOB_USD,CN,2018,3443.247977
NG,TXG_FOB_USD,CN,2019,3284.723346
NG,TXG_FOB_USD,CN,2020,1773.329727
NG,TXG_FOB_USD,CN,2021,1842.377087
NG,TXG_FOB_USD,CN,2022,1386.44339
NG,TXG_FOB_USD,CN,2023,1545.263969
NG,TXG_FOB_USD,CN,2024,4239.197926
NG,TXG_FOB_USD,US,2015,1609.732603
NG,TXG_FOB_USD,US,2016,1138.257541
NG,TXG_FOB_USD,US,2017,1473.400846
NG,TXG_FOB_USD,US,2018,1973.135107
NG,TXG_FOB_USD,US,2019,1882.293403
NG,TXG_FOB_USD,US,2020,1092.235435
NG,TXG_FOB_USD,US,2021,1981.620213
NG,TXG_FOB_USD,US,2022,3153.886922
NG,TXG_FOB_USD,US,2023,4821.768558
NG,TXG_FOB_USD,US,2024,9507.981404
NG,TXG_FOB_USD,W00,2015,57129.564932
NG,TXG_FOB_USD,W00,2016,39482.43452
NG,TXG_FOB_USD,W00,2017,49783.576194
NG,TXG_FOB_USD,W00,2018,66818.149183
NG,TXG_FOB_USD,W00,2019,65287.918954
NG,TXG_FOB_USD,W00,2020,35633.507237
NG,TXG_FOB_USD,W00,2021,46928.963492
NG,TXG_FOB_USD,W00,2022,84696.842468
NG,TXG_FOB_USD,W00,2023,63224.152266
NG,TXG_FOB_USD,W00,2024,108169.029808
NI,TMG_CIF_USD,CN,2015,845.536264
NI,TMG_CIF_USD,CN,2016,896.265102
NI,TMG_CIF_USD,CN,2017,852.130247
NI,TMG_CIF_USD,CN,2018,621.425168
NI,TMG_CIF_USD,CN,2019,573.992988
NI,TMG_CIF_USD,CN,2020,634.482085
NI,TMG_CIF_USD,CN,2021,908.245061
NI,TMG_CIF_USD,CN,2022,1073.472381
NI,TMG_CIF_USD,CN,2023,420.739937
NI,TMG_CIF_USD,CN,2024,1427.857804
NI,TMG_CIF_USD,US,2015,1058.778447
NI,TMG_CIF_USD,US,2016,1152.330449
NI,TMG_CIF_USD,US,2017,1326.754813
NI,TMG_CIF_USD,US,2018,1285.750395
NI,TMG_CIF_USD,US,2019,1221.042085
NI,TMG_CIF_USD,US,2020,1049.848815
NI,TMG_CIF_USD,US,2021,1763.50947
NI,TMG_CIF_USD,US,2022,2191.429273
NI,TMG_CIF_USD,US,2023,448.0868
NI,TMG_CIF_USD,US,2024,2108.090358
NI,TMG_CIF_USD,W00,2015,5511.418138
NI,TMG_CIF_USD,W00,2016,5887.214828
NI,TMG_CIF_USD,W00,2017,6081.899419
NI,TMG_CIF_USD,W00,2018,5220.010753
NI,TMG_CIF_USD,W00,2019,4680.612438
NI,TMG_CIF_USD,W00,2020,4768.394149
NI,TMG_CIF_USD,W00,2021,6607.619642
NI,TMG_CIF_USD,W00,2022,7973.942511
NI,TMG_CIF_USD,W00,2023,8363.663257
NI,TMG_CIF_USD,W00,2024,9391.52212
NI,TXG_FOB_USD,CN,2015,21.573042
NI,TXG_FOB_USD,CN,2016,9.698329
NI,TXG_FOB_USD,CN,2017,14.857576
NI,TXG_FOB_USD,CN,2018,65.886937
NI,TXG_FOB_USD,CN,2019,24.49043
NI,TXG_FOB_USD,CN,2020,11.004955
NI,TXG_FOB_USD,CN,2023,3.773136
NI,TXG_FOB_USD,CN,2024,47.051021
NI,TXG_FOB_USD,US,2015,2544.751874
NI,TXG_FOB_USD,US,2016,982.286004
NI,TXG_FOB_USD,US,2017,1052.223012
NI,TXG_FOB_USD,US,2018,1119.258356
NI,TXG_FOB_USD,US,2019,1320.298117
NI,TXG_FOB_USD,US,2020,1462.150567
NI,TXG_FOB_USD,US,2021,1756.935521
NI,TXG_FOB_USD,US,2022,1804.439131
NI,TXG_FOB_USD,US,2023,1540.164884
NI,TXG_FOB_USD,US,2024,1568.124441
NI,TXG_FOB_USD,W00,2015,4704.755879
NI,TXG_FOB_USD,W00,2016,2226.357664
NI,TXG_FOB_USD,W00,2017,2500.073975
NI,TXG_FOB_USD,W00,2018,2535.449676
NI,TXG_FOB_USD,W00,2019,2696.767002
NI,TXG_FOB_USD,W00,2020,2851.994639
NI,TXG_FOB_USD,W00,2021,3513.117968
NI,TXG_FOB_USD,W00,2022,3878.440278
NI,TXG_FOB_USD,W00,2023,4034.227046
NI,TXG_FOB_USD,W00,2024,4193.071089
NL,TMG_CIF_USD,CN,2015,74271.731618
NL,TMG_CIF_USD,CN,2016,78881.627778
NL,TMG_CIF_USD,CN,2017,94559.126592
NL,TMG_CIF_USD,CN,2018,100775.369262
NL,TMG_CIF_USD,CN,2019,99312.841611
NL,TMG_CIF_USD,CN,2020,105090.548943
NL,TMG_CIF_USD,CN,2021,131384.889081
NL,TMG_CIF_USD,CN,2022,145873.007371
NL,TMG_CIF_USD,CN,2023,127843.618199
NL,TMG_CIF_USD,CN,2024,118770.383369
NL,TMG_CIF_USD,US,2015,40834.166235
NL,TMG_CIF_USD,US,2016,38316.878989
NL,TMG_CIF_USD,US,2017,39630.207278
NL,TMG_CIF_USD,US,2018,46162.908232
NL,TMG_CIF_USD,US,2019,48698.165427
NL,TMG_CIF_USD,US,2020,45208.391621
NL,TMG_CIF_USD,US,2021,53294.012306
NL,TMG_CIF_USD,US,2022,71526.215461
NL,TMG_CIF_USD,US,2023,82001.278421
NL,TMG_CIF_USD,US,2024,73990.796248
NL,TMG_CIF_USD,W00,2015,509485.407079
NL,TMG_CIF_USD,W00,2016,498230.308352
NL,TMG_CIF_USD,W00,2017,571146.664026
NL,TMG_CIF_USD,W00,2018,640514.199339
NL,TMG_CIF_USD,W00,2019,630767.182808
NL,TMG_CIF_USD,W00,2020,591252.133967
NL,TMG_CIF_USD,W00,2021,752299.780123
NL,TMG_CIF_USD,W00,2022,892466.323245
NL,TMG_CIF_USD,W00,2023,839721.83134
NL,TMG_CIF_USD,W00,2024,810925.571629
NL,TXG_FOB_USD,CN,2015,10586.877223
NL,TXG_FOB_USD,CN,2016,11547.831448
NL,TXG_FOB_USD,CN,2017,13726.85428
NL,TXG_FOB_USD,CN,2018,15004.309502
NL,TXG_FOB_USD,CN,2019,15564.988812
NL,TXG_FOB_USD,CN,2020,17846.318989
NL,TXG_FOB_USD,CN,2021,18881.685006
NL,TXG_FOB_USD,CN,2022,19580.315129
NL,TXG_FOB_USD,CN,2023,24140.849689
NL,TXG_FOB_USD,CN,2024,25625.681261
NL,TXG_FOB_USD,US,2015,20921.47052
NL,TXG_FOB_USD,US,2016,20328.556974
NL,TXG_FOB_USD,US,2017,23271.689225
NL,TXG_FOB_USD,US,2018,31152.070599
NL,TXG_FOB_USD,US,2019,32994.401967
NL,TXG_FOB_USD,US,2020,30074.505185
NL,TXG_FOB_USD,US,2021,35114.238922
NL,TXG_FOB_USD,US,2022,39033.357526
NL,TXG_FOB_USD,US,2023,43795.545857
NL,TXG_FOB_USD,US,2024,46881.109724
NL,TXG_FOB_USD,W00,2015,563104.724857
NL,TXG_FOB_USD,W00,2016,564802.246921
NL,TXG_FOB_USD,W00,2017,642476.020806
NL,TXG_FOB_USD,W00,2018,715400.058608
NL,TXG_FOB_USD,W00,2019,698069.837491
NL,TXG_FOB_USD,W00,2020,666835.920877
NL,TXG_FOB_USD,W00,2021,827842.688667
NL,TXG_FOB_USD,W00,2022,940161.935646
NL,TXG_FOB_USD,W00,2023,913249.091484
NL,TXG_FOB_USD,W00,2024,901055.639791
NO,TMG_CIF_USD,CN,2015,7923.764315
NO,TMG_CIF_USD,CN,2016,7880.268792
NO,TMG_CIF_USD,CN,2017,7996.611798
NO,TMG_CIF_USD,CN,2018,8233.643054
NO,TMG_CIF_USD,CN,2019,8729.137778
NO,TMG_CIF_USD,CN,2020,9850.514005
NO,TMG_CIF_USD,CN,2021,13094.078931
NO,TMG_CIF_USD,CN,2022,13170.665494
NO,TMG_CIF_USD,CN,2023,10796.86158
NO,TMG_CIF_USD,CN,2024,11939.313454
NO,TMG_CIF_USD,US,2015,4790.75603
NO,TMG_CIF_USD,US,2016,4687.021384
NO,TMG_CIF_USD,US,2017,5523.708758
NO,TMG_CIF_USD,US,2018,6425.927733
NO,TMG_CIF_USD,US,2019,6770.048516
NO,TMG_CIF_USD,US,2020,5504.780259
NO,TMG_CIF_USD,US,2021,6252.910771
NO,TMG_CIF_USD,US,2022,6738.153339
NO,TMG_CIF_USD,US,2023,7365.59642
NO,TMG_CIF_USD,US,2024,7694.539199
NO,TMG_CIF_USD,W00,2015,73004.243114
NO,TMG_CIF_USD,W00,2016,70888.513704
NO,TMG_CIF_USD,W00,2017,78501.777723
NO,TMG_CIF_USD,W00,2018,89142.618052
NO,TMG_CIF_USD,W00,2019,85895.40241
NO,TMG_CIF_USD,W00,2020,81229.016811
NO,TMG_CIF_USD,W00,2021,99220.904188
NO,TMG_CIF_USD,W00,2022,107108.572911
NO,TMG_CIF_USD,W00,2023,96776.030274
NO,TMG_CIF_USD,W00,2024,98691.641285
NO,TXG_FOB_USD,CN,2015,2963.682549
NO,TXG_FOB_USD,CN,2016,2294.646926
NO,TXG_FOB_USD,CN,2017,2022.138723
NO,TXG_FOB_USD,CN,2018,2502.232149
NO,TXG_FOB_USD,CN,2019,4195.99288
NO,TXG_FOB_USD,CN,2020,6737.882887
NO,TXG_FOB_USD,CN,2021,9648.286217
NO,TXG_FOB_USD,CN,2022,5467.510866
NO,TXG_FOB_USD,CN,2023,3552.725624
NO,TXG_FOB_USD,CN,2024,3934.096505
NO,TXG_FOB_USD,US,2015,4611.304238
NO,TXG_FOB_USD,US,2016,3705.860521
NO,TXG_FOB_USD,US,2017,4494.354818
NO,TXG_FOB_USD,US,2018,5612.854949
NO,TXG_FOB_USD,US,2019,4495.21369
NO,TXG_FOB_USD,US,2020,3186.204304
NO,TXG_FOB_USD,US,2021,4430.090965
NO,TXG_FOB_USD,US,2022,5237.034309
NO,TXG_FOB_USD,US,2023,5690.27962
NO,TXG_FOB_USD,US,2024,5783.446029
NO,TXG_FOB_USD,W00,2015,103318.831879
NO,TXG_FOB_USD,W00,2016,86975.754458
NO,TXG_FOB_USD,W00,2017,100260.894238
NO,TXG_FOB_USD,W00,2018,122048.738906
NO,TXG_FOB_USD,W00,2019,102824.92672
NO,TXG_FOB_USD,W00,2020,84910.295426
NO,TXG_FOB_USD,W00,2021,172992.465489
NO,TXG_FOB_USD,W00,2022,277041.256599
NO,TXG_FOB_USD,W00,2023,177537.365642
NO,TXG_FOB_USD,W00,2024,167896.560162
NP,TMG_CIF_USD,CN,2015,920.001993
NP,TMG_CIF_USD,CN,2016,1247.157371
NP,TMG_CIF_USD,CN,2017,1267.431963
NP,TMG_CIF_USD,CN,2018,1738.129454
NP,TMG_CIF_USD,CN,2019,1939.889149
NP,TMG_CIF_USD,CN,2020,1339.891442
NP,TMG_CIF_USD,CN,2021,2383.294448
NP,TMG_CIF_USD,CN,2022,1853.795737
NP,TMG_CIF_USD,CN,2023,1978.34661
NP,TMG_CIF_USD,CN,2024,2451.102155
NP,TMG_CIF_USD,US,2015,96.03926
NP,TMG_CIF_USD,US,2016,95.228347
NP,TMG_CIF_USD,US,2017,81.895317
NP,TMG_CIF_USD,US,2018,94.009209
NP,TMG_CIF_USD,US,2019,157.774106
NP,TMG_CIF_USD,US,2020,171.612554
NP,TMG_CIF_USD,US,2021,297.844211
NP,TMG_CIF_USD,US,2022,293.911992
NP,TMG_CIF_USD,US,2023,74.508476
NP,TMG_CIF_USD,US,2024,155.748414
NP,TMG_CIF_USD,W00,2015,6708.133472
NP,TMG_CIF_USD,W00,2016,8954.593815
NP,TMG_CIF_USD,W00,2017,9922.825201
NP,TMG_CIF_USD,W00,2018,12793.462464
NP,TMG_CIF_USD,W00,2019,12434.38721
NP,TMG_CIF_USD,W00,2020,9891.995504
NP,TMG_CIF_USD,W00,2021,16094.300948
NP,TMG_CIF_USD,W00,2022,14011.941929
NP,TMG_CIF_USD,W00,2023,12356.730526
NP,TMG_CIF_USD,W00,2024,12847.206527
NP,TXG_FOB_USD,CN,2015,11.47599
NP,TXG_FOB_USD,CN,2016,18.10727
NP,TXG_FOB_USD,CN,2017,22.332758
NP,TXG_FOB_USD,CN,2018,22.200263
NP,TXG_FOB_USD,CN,2019,18.115855
NP,TXG_FOB_USD,CN,2020,5.748911
NP,TXG_FOB_USD,CN,2021,8.407853
NP,TXG_FOB_USD,CN,2022,5.417336
NP,TXG_FOB_USD,CN,2023,8.638198
NP,TXG_FOB_USD,CN,2024,9.142738
NP,TXG_FOB_USD,US,2015,70.39902
NP,TXG_FOB_USD,US,2016,88.479858
NP,TXG_FOB_USD,US,2017,82.604835
NP,TXG_FOB_USD,US,2018,92.802553
NP,TXG_FOB_USD,US,2019,98.372372
NP,TXG_FOB_USD,US,2020,86.84826
NP,TXG_FOB_USD,US,2021,132.610208
NP,TXG_FOB_USD,US,2022,147.196621
NP,TXG_FOB_USD,US,2023,146.60341
NP,TXG_FOB_USD,US,2024,133.328094
NP,TXG_FOB_USD,W00,2015,762.076208
NP,TXG_FOB_USD,W00,2016,840.926384
NP,TXG_FOB_USD,W00,2017,847.36145
NP,TXG_FOB_USD,W00,2018,899.966479
NP,TXG_FOB_USD,W00,2019,1089.574123
NP,TXG_FOB_USD,W00,2020,970.554286
NP,TXG_FOB_USD,W00,2021,1852.756551
NP,TXG_FOB_USD,W00,2022,1491.429183
NP,TXG_FOB_USD,W00,2023,1375.091552
NP,TXG_FOB_USD,W00,2024,1422.0076
NR,TMG_CIF_USD,CN,2015,5.175546
NR,TMG_CIF_USD,CN,2016,1.74264
NR,TMG_CIF_USD,CN,2017,0.449864
NR,TMG_CIF_USD,CN,2018,2.025735
NR,TMG_CIF_USD,CN,2019,1.295043
NR,TMG_CIF_USD,CN,2020,1.929658
NR,TMG_CIF_USD,CN,2021,11.953886
NR,TMG_CIF_USD,CN,2022,13.871912
NR,TMG_CIF_USD,CN,2023,7.041824
NR,TMG_CIF_USD,CN,2024,12.161843
NR,TMG_CIF_USD,US,2015,1.837669
NR,TMG_CIF_USD,US,2016,0.529223
NR,TMG_CIF_USD,US,2017,0.210863
NR,TMG_CIF_USD,US,2018,0.844775
NR,TMG_CIF_USD,US,2019,1.306196
NR,TMG_CIF_USD,US,2020,0.643449
NR,TMG_CIF_USD,US,2021,1.391801
NR,TMG_CIF_USD,US,2022,1.082787
NR,TMG_CIF_USD,US,2023,1.340654
NR,TMG_CIF_USD,US,2024,0.971697
NR,TMG_CIF_USD,W00,2015,89.258015
NR,TMG_CIF_USD,W00,2016,51.249891
NR,TMG_CIF_USD,W00,2017,51.424101
NR,TMG_CIF_USD,W00,2018,128.597319
NR,TMG_CIF_USD,W00,2019,98.644067
NR,TMG_CIF_USD,W00,2020,118.377802
NR,TMG_CIF_USD,W00,2021,109.886368
NR,TMG_CIF_USD,W00,2022,78.456083
NR,TMG_CIF_USD,W00,2023,70.957514
NR,TMG_CIF_USD,W00,2024,69.217599
NR,TXG_FOB_USD,CN,2015,0.110906
NR,TXG_FOB_USD,CN,2016,0.015094
NR,TXG_FOB_USD,CN,2017,0.241407
NR,TXG_FOB_USD,CN,2018,0.11283
NR,TXG_FOB_USD,CN,2019,0.022122
NR,TXG_FOB_USD,CN,2020,0.076914
NR,TXG_FOB_USD,CN,2021,0.101327
NR,TXG_FOB_USD,CN,2022,0.100925
NR,TXG_FOB_USD,CN,2023,0.003558
NR,TXG_FOB_USD,CN,2024,8.044596
NR,TXG_FOB_USD,US,2015,0.472783
NR,TXG_FOB_USD,US,2016,1.022069
NR,TXG_FOB_USD,US,2017,1.452468
NR,TXG_FOB_USD,US,2018,2.717246
NR,TXG_FOB_USD,US,2019,3.832993
NR,TXG_FOB_USD,US,2020,3.516598
NR,TXG_FOB_USD,US,2021,2.128904
NR,TXG_FOB_USD,US,2022,2.384914
NR,TXG_FOB_USD,US,2023,1.092349
NR,TXG_FOB_USD,US,2024,2.112192
NR,TXG_FOB_USD,W00,2015,27.689684
NR,TXG_FOB_USD,W00,2016,18.533268
NR,TXG_FOB_USD,W00,2017,23.384141
NR,TXG_FOB_USD,W00,2018,15.229386
NR,TXG_FOB_USD,W00,2019,36.730987
NR,TXG_FOB_USD,W00,2020,117.14299
NR,TXG_FOB_USD,W00,2021,205.268483
NR,TXG_FOB_USD,W00,2022,215.232497
NR,TXG_FOB_USD,W00,2023,211.741917
NR,TXG_FOB_USD,W00,2024,227.023691
NZ,TMG_CIF_USD,CN,2015,7125.00329
NZ,TMG_CIF_USD,CN,2016,7232.187064
NZ,TMG_CIF_USD,CN,2017,7749.573646
NZ,TMG_CIF_USD,CN,2018,8626.774492
NZ,TMG_CIF_USD,CN,2019,8540.367972
NZ,TMG_CIF_USD,CN,2020,8394.039431
NZ,TMG_CIF_USD,CN,2021,10587.124924
NZ,TMG_CIF_USD,CN,2022,12655.299327
NZ,TMG_CIF_USD,CN,2023,10454.458643
NZ,TMG_CIF_USD,CN,2024,10197.649419
NZ,TMG_CIF_USD,US,2015,4292.180002
NZ,TMG_CIF_USD,US,2016,3949.282221
NZ,TMG_CIF_USD,US,2017,4290.046331
NZ,TMG_CIF_USD,US,2018,4445.049261
NZ,TMG_CIF_USD,US,2019,4239.16282
NZ,TMG_CIF_USD,US,2020,3597.85641
NZ,TMG_CIF_USD,US,2021,3820.251881
NZ,TMG_CIF_USD,US,2022,4921.844464
NZ,TMG_CIF_USD,US,2023,4906.866129
NZ,TMG_CIF_USD,US,2024,4935.038208
NZ,TMG_CIF_USD,W00,2015,36550.053255
NZ,TMG_CIF_USD,W00,2016,36263.340657
NZ,TMG_CIF_USD,W00,2017,40049.221313
NZ,TMG_CIF_USD,W00,2018,43414.064163
NZ,TMG_CIF_USD,W00,2019,42207.79019
NZ,TMG_CIF_USD,W00,2020,37205.019511
NZ,TMG_CIF_USD,W00,2021,44525.042202
NZ,TMG_CIF_USD,W00,2022,54664.713791
NZ,TMG_CIF_USD,W00,2023,50399.577402
NZ,TMG_CIF_USD,W00,2024,47520.204667
NZ,TXG_FOB_USD,CN,2015,6028.417597
NZ,TXG_FOB_USD,CN,2016,6525.253586
NZ,TXG_FOB_USD,CN,2017,8530.901859
NZ,TXG_FOB_USD,CN,2018,9570.664844
NZ,TXG_FOB_USD,CN,2019,11189.999218
NZ,TXG_FOB_USD,CN,2020,10838.734138
NZ,TXG_FOB_USD,CN,2021,12545.413181
NZ,TXG_FOB_USD,CN,2022,12973.021405
NZ,TXG_FOB_USD,CN,2023,11334.110642
NZ,TXG_FOB_USD,CN,2024,10745.814634
NZ,TXG_FOB_USD,US,2015,4056.636118
NZ,TXG_FOB_USD,US,2016,3680.645927
NZ,TXG_FOB_USD,US,2017,3789.138574
NZ,TXG_FOB_USD,US,2018,3899.327913
NZ,TXG_FOB_USD,US,2019,3774.643488
NZ,TXG_FOB_USD,US,2020,4228.347476
NZ,TXG_FOB_USD,US,2021,4194.031033
NZ,TXG_FOB_USD,US,2022,5041.677914
NZ,TXG_FOB_USD,US,2023,5082.949071
NZ,TXG_FOB_USD,US,2024,5451.258849
NZ,TXG_FOB_USD,W00,2015,34349.759788
NZ,TXG_FOB_USD,W00,2016,33680.607901
NZ,TXG_FOB_USD,W00,2017,38184.162023
NZ,TXG_FOB_USD,W00,2018,40189.082397
NZ,TXG_FOB_USD,W00,2019,40048.499899
NZ,TXG_FOB_USD,W00,2020,38824.427655
NZ,TXG_FOB_USD,W00,2021,39574.133382
NZ,TXG_FOB_USD,W00,2022,46319.748469
NZ,TXG_FOB_USD,W00,2023,42195.694453
NZ,TXG_FOB_USD,W00,2024,42872.736696
OM,TMG_CIF_USD,CN,2015,1518.340703
OM,TMG_CIF_USD,CN,2016,1185.922568
OM,TMG_CIF_USD,CN,2017,1595.682299
OM,TMG_CIF_USD,CN,2018,1522.370551
OM,TMG_CIF_USD,CN,2019,1576.628242
OM,TMG_CIF_USD,CN,2020,2005.026496
OM,TMG_CIF_USD,CN,2021,2166.543808
OM,TMG_CIF_USD,CN,2022,2884.372635
OM,TMG_CIF_USD,CN,2023,2826.744934
OM,TMG_CIF_USD,CN,2024,4713.18896
OM,TMG_CIF_USD,US,2015,1460.286521
OM,TMG_CIF_USD,US,2016,1087.342735
OM,TMG_CIF_USD,US,2017,1056.943712
OM,TMG_CIF_USD,US,2018,826.531081
OM,TMG_CIF_USD,US,2019,662.472128
OM,TMG_CIF_USD,US,2020,685.354104
OM,TMG_CIF_USD,US,2021,715.719211
OM,TMG_CIF_USD,US,2022,1024.041515
OM,TMG_CIF_USD,US,2023,1351.584476
OM,TMG_CIF_USD,US,2024,1318.023626
OM,TMG_CIF_USD,W00,2015,29007.301988
OM,TMG_CIF_USD,W00,2016,23177.613626
OM,TMG_CIF_USD,W00,2017,25878.659878
OM,TMG_CIF_USD,W00,2018,25268.17991
OM,TMG_CIF_USD,W00,2019,22115.018962
OM,TMG_CIF_USD,W00,2020,27966.275143
OM,TMG_CIF_USD,W00,2021,30958.520545
OM,TMG_CIF_USD,W00,2022,38623.255262
OM,TMG_CIF_USD,W00,2023,38702.131671
OM,TMG_CIF_USD,W00,2024,42751.779993
OM,TXG_FOB_USD,CN,2015,14724.706859
OM,TXG_FOB_USD,CN,2016,1007.431458
OM,TXG_FOB_USD,CN,2017,14075.743497
OM,TXG_FOB_USD,CN,2018,7941.12399668781
OM,TXG_FOB_USD,CN,2019,639.743846
OM,TXG_FOB_USD,CN,2020,549.409061
OM,TXG_FOB_USD,CN,2021,997.885392
OM,TXG_FOB_USD,CN,2022,627.774311
OM,TXG_FOB_USD,CN,2023,597.241701
OM,TXG_FOB_USD,CN,2024,473.057841
OM,TXG_FOB_USD,US,2015,532.286431
OM,TXG_FOB_USD,US,2016,336.661325
OM,TXG_FOB_USD,US,2017,352.557805
OM,TXG_FOB_USD,US,2018,642.92004
OM,TXG_FOB_USD,US,2019,645.171437
OM,TXG_FOB_USD,US,2020,953.84345
OM,TXG_FOB_USD,US,2021,1695.710956
OM,TXG_FOB_USD,US,2022,2268.354151
OM,TXG_FOB_USD,US,2023,1343.924558
OM,TXG_FOB_USD,US,2024,1247.793166
OM,TXG_FOB_USD,W00,2015,32952.556645
OM,TXG_FOB_USD,W00,2016,11601.419122
OM,TXG_FOB_USD,W00,2017,27024.383637
OM,TXG_FOB_USD,W00,2018,21641.2783296878
OM,TXG_FOB_USD,W00,2019,12185.716651
OM,TXG_FOB_USD,W00,2020,13600.15069
OM,TXG_FOB_USD,W00,2021,16988.541145
OM,TXG_FOB_USD,W00,2022,23022.648256
OM,TXG_FOB_USD,W00,2023,22742.35754
OM,TXG_FOB_USD,W00,2024,20292.18699
PA,TMG_CIF_USD,CN,2015,1158.895296
PA,TMG_CIF_USD,CN,2016,1070.211864
PA,TMG_CIF_USD,CN,2017,1242.93263
PA,TMG_CIF_USD,CN,2018,1335.462895
PA,TMG_CIF_USD,CN,2019,1290.074549
PA,TMG_CIF_USD,CN,2020,851.029722
PA,TMG_CIF_USD,CN,2021,1578.194528
PA,TMG_CIF_USD,CN,2022,1644.772467
PA,TMG_CIF_USD,CN,2023,1762.30037
PA,TMG_CIF_USD,CN,2024,2150.081132
PA,TMG_CIF_USD,US,2015,3145.112458
PA,TMG_CIF_USD,US,2016,3001.512543
PA,TMG_CIF_USD,US,2017,3098.581063
PA,TMG_CIF_USD,US,2018,3296.197046
PA,TMG_CIF_USD,US,2019,3278.34074
PA,TMG_CIF_USD,US,2020,2081.804177
PA,TMG_CIF_USD,US,2021,3395.263356
PA,TMG_CIF_USD,US,2022,3692.333711
PA,TMG_CIF_USD,US,2023,2751.118221
PA,TMG_CIF_USD,US,2024,2418.629564
PA,TMG_CIF_USD,W00,2015,12136.052317
PA,TMG_CIF_USD,W00,2016,11696.977866
PA,TMG_CIF_USD,W00,2017,12724.361215
PA,TMG_CIF_USD,W00,2018,13232.957117
PA,TMG_CIF_USD,W00,2019,9841.582631
PA,TMG_CIF_USD,W00,2020,6497.250528
PA,TMG_CIF_USD,W00,2021,13656.09914
PA,TMG_CIF_USD,W00,2022,15230.185562
PA,TMG_CIF_USD,W00,2023,14526.993466
PA,TMG_CIF_USD,W00,2024,13992.254929
PA,TXG_FOB_USD,CN,2015,40.944167
PA,TXG_FOB_USD,CN,2016,35.529555
PA,TXG_FOB_USD,CN,2017,42.667955
PA,TXG_FOB_USD,CN,2018,49.410816
PA,TXG_FOB_USD,CN,2019,59.703417
PA,TXG_FOB_USD,CN,2020,370.063029
PA,TXG_FOB_USD,CN,2021,1199.247558
PA,TXG_FOB_USD,CN,2022,1194.502559
PA,TXG_FOB_USD,CN,2023,1316.419741
PA,TXG_FOB_USD,CN,2024,49.32232
PA,TXG_FOB_USD,US,2015,136.852096
PA,TXG_FOB_USD,US,2016,136.009674
PA,TXG_FOB_USD,US,2017,124.815871
PA,TXG_FOB_USD,US,2018,119.723492
PA,TXG_FOB_USD,US,2019,102.424596
PA,TXG_FOB_USD,US,2020,111.685953
PA,TXG_FOB_USD,US,2021,151.333163
PA,TXG_FOB_USD,US,2022,130.123567
PA,TXG_FOB_USD,US,2023,152.297833
PA,TXG_FOB_USD,US,2024,184.496183
PA,TXG_FOB_USD,W00,2015,693.660487
PA,TXG_FOB_USD,W00,2016,636.060873
PA,TXG_FOB_USD,W00,2017,660.015863
PA,TXG_FOB_USD,W00,2018,672.295199
PA,TXG_FOB_USD,W00,2019,713.388063
PA,TXG_FOB_USD,W00,2020,1727.082481
PA,TXG_FOB_USD,W00,2021,3870.832607
PA,TXG_FOB_USD,W00,2022,3768.371265
PA,TXG_FOB_USD,W00,2023,3365.794483
PA,TXG_FOB_USD,W00,2024,963.295354
PE,TMG_CIF_USD,CN,2015,9124.002382
PE,TMG_CIF_USD,CN,2016,8595.733154
PE,TMG_CIF_USD,CN,2017,9295.180433
PE,TMG_CIF_USD,CN,2018,10663.359604
PE,TMG_CIF_USD,CN,2019,11103.227666
PE,TMG_CIF_USD,CN,2020,9738.509359
PE,TMG_CIF_USD,CN,2021,14871.768274
PE,TMG_CIF_USD,CN,2022,17605.46611
PE,TMG_CIF_USD,CN,2023,15721.115744
PE,TMG_CIF_USD,CN,2024,15241.276491
PE,TMG_CIF_USD,US,2015,8299.587615
PE,TMG_CIF_USD,US,2016,7328.014594
PE,TMG_CIF_USD,US,2017,8412.419974
PE,TMG_CIF_USD,US,2018,9724.885375
PE,TMG_CIF_USD,US,2019,9075.010587
PE,TMG_CIF_USD,US,2020,8460.170699
PE,TMG_CIF_USD,US,2021,12395.739569
PE,TMG_CIF_USD,US,2022,14674.298901
PE,TMG_CIF_USD,US,2023,13103.677576
PE,TMG_CIF_USD,US,2024,12703.727666
PE,TMG_CIF_USD,W00,2015,40176.660391
PE,TMG_CIF_USD,W00,2016,37694.3408
PE,TMG_CIF_USD,W00,2017,41861.623215
PE,TMG_CIF_USD,W00,2018,45697.167133
PE,TMG_CIF_USD,W00,2019,44480.593167
PE,TMG_CIF_USD,W00,2020,42281.200152
PE,TMG_CIF_USD,W00,2021,64281.393525
PE,TMG_CIF_USD,W00,2022,76097.467009
PE,TMG_CIF_USD,W00,2023,67952.593771
PE,TMG_CIF_USD,W00,2024,65878.547478
PE,TXG_FOB_USD,CN,2015,7359.469565
PE,TXG_FOB_USD,CN,2016,8487.448084
PE,TXG_FOB_USD,CN,2017,11581.072848
PE,TXG_FOB_USD,CN,2018,13237.915952
PE,TXG_FOB_USD,CN,2019,12929.075821
PE,TXG_FOB_USD,CN,2020,10963.063848
PE,TXG_FOB_USD,CN,2021,17994.760658
PE,TXG_FOB_USD,CN,2022,17489.367601
PE,TXG_FOB_USD,CN,2023,23155.748031
PE,TXG_FOB_USD,CN,2024,25722.144999
PE,TXG_FOB_USD,US,2015,5065.14755
PE,TXG_FOB_USD,US,2016,6232.967803
PE,TXG_FOB_USD,US,2017,6857.979563
PE,TXG_FOB_USD,US,2018,8002.194638
PE,TXG_FOB_USD,US,2019,5698.692952
PE,TXG_FOB_USD,US,2020,6240.5775
PE,TXG_FOB_USD,US,2021,7192.891163
PE,TXG_FOB_USD,US,2022,8431.595005
PE,TXG_FOB_USD,US,2023,9180.565447
PE,TXG_FOB_USD,US,2024,10075.058168
PE,TXG_FOB_USD,W00,2015,33175.475003
PE,TXG_FOB_USD,W00,2016,37019.780721
PE,TXG_FOB_USD,W00,2017,44756.434955
PE,TXG_FOB_USD,W00,2018,47883.3828
PE,TXG_FOB_USD,W00,2019,44648.981082
PE,TXG_FOB_USD,W00,2020,45040.780631
PE,TXG_FOB_USD,W00,2021,63503.583317
PE,TXG_FOB_USD,W00,2022,66598.731174
PE,TXG_FOB_USD,W00,2023,73574.750221
PE,TXG_FOB_USD,W00,2024,81433.513183
PF,TMG_CIF_USD,CN,2015,202.057931
PF,TMG_CIF_USD,CN,2016,165.612483
PF,TMG_CIF_USD,CN,2017,182.751956
PF,TMG_CIF_USD,CN,2018,207.658691
PF,TMG_CIF_USD,CN,2019,243.157784
PF,TMG_CIF_USD,CN,2020,237.056079
PF,TMG_CIF_USD,CN,2021,283.980998
PF,TMG_CIF_USD,CN,2022,318.119438
PF,TMG_CIF_USD,CN,2023,117.33449
PF,TMG_CIF_USD,CN,2024,133.127423
PF,TMG_CIF_USD,US,2015,159.13152
PF,TMG_CIF_USD,US,2016,168.901724
PF,TMG_CIF_USD,US,2017,175.123119
PF,TMG_CIF_USD,US,2018,616.001925
PF,TMG_CIF_USD,US,2019,488.813847
PF,TMG_CIF_USD,US,2020,164.54066
PF,TMG_CIF_USD,US,2021,189.914422
PF,TMG_CIF_USD,US,2022,222.86756
PF,TMG_CIF_USD,US,2023,78.849692
PF,TMG_CIF_USD,US,2024,75.679256
PF,TMG_CIF_USD,W00,2015,1685.802781
PF,TMG_CIF_USD,W00,2016,1524.049738
PF,TMG_CIF_USD,W00,2017,1666.568987
PF,TMG_CIF_USD,W00,2018,2252.184101
PF,TMG_CIF_USD,W00,2019,2117.88791
PF,TMG_CIF_USD,W00,2020,1720.522881
PF,TMG_CIF_USD,W00,2021,2001.261191
PF,TMG_CIF_USD,W00,2022,2214.795034
PF,TMG_CIF_USD,W00,2023,724.613916
PF,TMG_CIF_USD,W00,2024,711.365745
PF,TXG_FOB_USD,CN,2015,1.759292
PF,TXG_FOB_USD,CN,2016,2.784856
PF,TXG_FOB_USD,CN,2017,3.14418
PF,TXG_FOB_USD,CN,2018,4.579088
PF,TXG_FOB_USD,CN,2019,2.656624
PF,TXG_FOB_USD,CN,2020,2.020827
PF,TXG_FOB_USD,CN,2021,2.176253
PF,TXG_FOB_USD,CN,2022,1.831038
PF,TXG_FOB_USD,CN,2023,0.291322
PF,TXG_FOB_USD,CN,2024,0.984679
PF,TXG_FOB_USD,US,2015,23.496654
PF,TXG_FOB_USD,US,2016,18.393724
PF,TXG_FOB_USD,US,2017,21.079305
PF,TXG_FOB_USD,US,2018,21.73953
PF,TXG_FOB_USD,US,2019,34.416945
PF,TXG_FOB_USD,US,2020,16.120952
PF,TXG_FOB_USD,US,2021,23.806048
PF,TXG_FOB_USD,US,2022,26.436571
PF,TXG_FOB_USD,US,2023,0.892892
PF,TXG_FOB_USD,US,2024,25.212067
PF,TXG_FOB_USD,W00,2015,153.69042
PF,TXG_FOB_USD,W00,2016,197.8731
PF,TXG_FOB_USD,W00,2017,169.42512
PF,TXG_FOB_USD,W00,2018,155.555299
PF,TXG_FOB_USD,W00,2019,141.953795
PF,TXG_FOB_USD,W00,2020,81.377017
PF,TXG_FOB_USD,W00,2021,142.569145
PF,TXG_FOB_USD,W00,2022,145.993507
PF,TXG_FOB_USD,W00,2023,4.62574
PF,TXG_FOB_USD,W00,2024,121.961927
PG,TMG_CIF_USD,CN,2015,1112.109293
PG,TMG_CIF_USD,CN,2016,752.142335
PG,TMG_CIF_USD,CN,2017,875.705518
PG,TMG_CIF_USD,CN,2018,888.775398
PG,TMG_CIF_USD,CN,2019,901.049368
PG,TMG_CIF_USD,CN,2020,1009.94134
PG,TMG_CIF_USD,CN,2021,1181.080809
PG,TMG_CIF_USD,CN,2022,1609.618428
PG,TMG_CIF_USD,CN,2023,1471.360971
PG,TMG_CIF_USD,CN,2024,1496.445
PG,TMG_CIF_USD,US,2015,233.145652
PG,TMG_CIF_USD,US,2016,142.484587
PG,TMG_CIF_USD,US,2017,118.935194
PG,TMG_CIF_USD,US,2018,97.752015
PG,TMG_CIF_USD,US,2019,106.955611
PG,TMG_CIF_USD,US,2020,70.243687
PG,TMG_CIF_USD,US,2021,49.567266
PG,TMG_CIF_USD,US,2022,130.598008
PG,TMG_CIF_USD,US,2023,145.145197
PG,TMG_CIF_USD,US,2024,75.506167
PG,TMG_CIF_USD,W00,2015,5602.210998
PG,TMG_CIF_USD,W00,2016,4961.758399
PG,TMG_CIF_USD,W00,2017,5085.247219
PG,TMG_CIF_USD,W00,2018,5252.226551
PG,TMG_CIF_USD,W00,2019,5188.05389
PG,TMG_CIF_USD,W00,2020,4440.21885
PG,TMG_CIF_USD,W00,2021,5098.136242
PG,TMG_CIF_USD,W00,2022,6553.300193
PG,TMG_CIF_USD,W00,2023,6322.178315
PG,TMG_CIF_USD,W00,2024,6357.53445
PG,TXG_FOB_USD,CN,2015,1139.426729
PG,TXG_FOB_USD,CN,2016,1098.791503
PG,TXG_FOB_USD,CN,2017,1194.556008
PG,TXG_FOB_USD,CN,2018,1482.401992
PG,TXG_FOB_USD,CN,2019,2144.488082
PG,TXG_FOB_USD,CN,2020,1857.295221
PG,TXG_FOB_USD,CN,2021,1754.659759
PG,TXG_FOB_USD,CN,2022,2548.739697
PG,TXG_FOB_USD,CN,2023,2149.545863
PG,TXG_FOB_USD,CN,2024,2341.617891
PG,TXG_FOB_USD,US,2015,43.987687
PG,TXG_FOB_USD,US,2016,38.497678
PG,TXG_FOB_USD,US,2017,135.143
PG,TXG_FOB_USD,US,2018,86.559
PG,TXG_FOB_USD,US,2019,55.866827
PG,TXG_FOB_USD,US,2020,64.194635
PG,TXG_FOB_USD,US,2021,72.238917
PG,TXG_FOB_USD,US,2022,97.772568
PG,TXG_FOB_USD,US,2023,76.852853
PG,TXG_FOB_USD,US,2024,80.615221
PG,TXG_FOB_USD,W00,2015,8117.014381
PG,TXG_FOB_USD,W00,2016,6761.409643
PG,TXG_FOB_USD,W00,2017,6499.875
PG,TXG_FOB_USD,W00,2018,6109.722
PG,TXG_FOB_USD,W00,2019,10252.139897
PG,TXG_FOB_USD,W00,2020,10431.083052
PG,TXG_FOB_USD,W00,2021,9722.77997
PG,TXG_FOB_USD,W00,2022,12740.110495
PG,TXG_FOB_USD,W00,2023,11150.513271
PG,TXG_FOB_USD,W00,2024,11865.496773
PH,TMG_CIF_USD,CN,2015,11915.23264
PH,TMG_CIF_USD,CN,2016,15916.070697
PH,TMG_CIF_USD,CN,2017,16831.885045
PH,TMG_CIF_USD,CN,2018,21394.268867
PH,TMG_CIF_USD,CN,2019,26756.381043
PH,TMG_CIF_USD,CN,2020,20396.848394
PH,TMG_CIF_USD,CN,2021,28210.340121
PH,TMG_CIF_USD,CN,2022,29046.581459
PH,TMG_CIF_USD,CN,2023,29383.705175
PH,TMG_CIF_USD,CN,2024,32968.799245
PH,TMG_CIF_USD,US,2015,7940.391748
PH,TMG_CIF_USD,US,2016,7680.898544
PH,TMG_CIF_USD,US,2017,7417.92702
PH,TMG_CIF_USD,US,2018,7820.19283
PH,TMG_CIF_USD,US,2019,8555.65689
PH,TMG_CIF_USD,US,2020,6959.891075
PH,TMG_CIF_USD,US,2021,8277.989063
PH,TMG_CIF_USD,US,2022,9182.936013
PH,TMG_CIF_USD,US,2023,8441.001197
PH,TMG_CIF_USD,US,2024,8246.783793
PH,TMG_CIF_USD,W00,2015,73348.821896
PH,TMG_CIF_USD,W00,2016,93589.464837
PH,TMG_CIF_USD,W00,2017,92838.005261
PH,TMG_CIF_USD,W00,2018,108926.059214
PH,TMG_CIF_USD,W00,2019,125803.180528
PH,TMG_CIF_USD,W00,2020,89819.118304
PH,TMG_CIF_USD,W00,2021,124390.44595
PH,TMG_CIF_USD,W00,2022,142938.907121
PH,TMG_CIF_USD,W00,2023,126105.79705
PH,TMG_CIF_USD,W00,2024,128027.758026
PH,TXG_FOB_USD,CN,2015,6393.072934
PH,TXG_FOB_USD,CN,2016,6192.432904
PH,TXG_FOB_USD,CN,2017,6992.770829
PH,TXG_FOB_USD,CN,2018,8698.668418
PH,TXG_FOB_USD,CN,2019,9814.427518
PH,TXG_FOB_USD,CN,2020,9430.036893
PH,TXG_FOB_USD,CN,2021,11530.840475
PH,TXG_FOB_USD,CN,2022,11142.407374
PH,TXG_FOB_USD,CN,2023,10647.895908
PH,TXG_FOB_USD,CN,2024,9422.725498
PH,TXG_FOB_USD,US,2015,8811.428909
PH,TXG_FOB_USD,US,2016,8670.65413
PH,TXG_FOB_USD,US,2017,9214.80034
PH,TXG_FOB_USD,US,2018,10567.238632
PH,TXG_FOB_USD,US,2019,11573.870586
PH,TXG_FOB_USD,US,2020,9791.192493
PH,TXG_FOB_USD,US,2021,11859.264894
PH,TXG_FOB_USD,US,2022,12784.513126
PH,TXG_FOB_USD,US,2023,11428.992983
PH,TXG_FOB_USD,US,2024,12122.352699
PH,TXG_FOB_USD,W00,2015,58641.305372
PH,TXG_FOB_USD,W00,2016,64983.402064
PH,TXG_FOB_USD,W00,2017,63108.241278
PH,TXG_FOB_USD,W00,2018,67426.696264
PH,TXG_FOB_USD,W00,2019,82500.560339
PH,TXG_FOB_USD,W00,2020,63554.758098
PH,TXG_FOB_USD,W00,2021,74619.43665
PH,TXG_FOB_USD,W00,2022,80778.806806
PH,TXG_FOB_USD,W00,2023,72919.271148
PH,TXG_FOB_USD,W00,2024,72981.711452
PK,TMG_CIF_USD,CN,2015,11019.005362
PK,TMG_CIF_USD,CN,2016,13680.153113
PK,TMG_CIF_USD,CN,2017,15356.32004
PK,TMG_CIF_USD,CN,2018,14213.436591
PK,TMG_CIF_USD,CN,2019,12380.779363
PK,TMG_CIF_USD,CN,2020,12477.182013
PK,TMG_CIF_USD,CN,2021,20505.828217
PK,TMG_CIF_USD,CN,2022,16396.219117
PK,TMG_CIF_USD,CN,2023,11691.843862
PK,TMG_CIF_USD,CN,2024,15584.324617
PK,TMG_CIF_USD,US,2015,1916.775291
PK,TMG_CIF_USD,US,2016,2006.823023
PK,TMG_CIF_USD,US,2017,2773.306822
PK,TMG_CIF_USD,US,2018,2865.455919
PK,TMG_CIF_USD,US,2019,2584.904002
PK,TMG_CIF_USD,US,2020,2594.806206
PK,TMG_CIF_USD,US,2021,3791.902389
PK,TMG_CIF_USD,US,2022,3140.824832
PK,TMG_CIF_USD,US,2023,1670.052687
PK,TMG_CIF_USD,US,2024,1636.442406
PK,TMG_CIF_USD,W00,2015,45906.420008
PK,TMG_CIF_USD,W00,2016,49005.092109
PK,TMG_CIF_USD,W00,2017,57285.801627
PK,TMG_CIF_USD,W00,2018,60055.193814
PK,TMG_CIF_USD,W00,2019,50006.328197
PK,TMG_CIF_USD,W00,2020,45787.704448
PK,TMG_CIF_USD,W00,2021,72438.603259
PK,TMG_CIF_USD,W00,2022,70687.433827
PK,TMG_CIF_USD,W00,2023,50057.386888
PK,TMG_CIF_USD,W00,2024,55529.213547
PK,TXG_FOB_USD,CN,2015,1934.925759
PK,TXG_FOB_USD,CN,2016,1590.858059
PK,TXG_FOB_USD,CN,2017,1459.737498
PK,TXG_FOB_USD,CN,2018,1844.386759
PK,TXG_FOB_USD,CN,2019,2003.771628
PK,TXG_FOB_USD,CN,2020,1870.098351
PK,TXG_FOB_USD,CN,2021,3008.827543
PK,TXG_FOB_USD,CN,2022,2566.709873
PK,TXG_FOB_USD,CN,2023,2714.572635
PK,TXG_FOB_USD,CN,2024,2301.854267
PK,TXG_FOB_USD,US,2015,3661.588348
PK,TXG_FOB_USD,US,2016,3429.743346
PK,TXG_FOB_USD,US,2017,3551.775993
PK,TXG_FOB_USD,US,2018,3740.742543
PK,TXG_FOB_USD,US,2019,4010.583309
PK,TXG_FOB_USD,US,2020,4134.611408
PK,TXG_FOB_USD,US,2021,6044.386442
PK,TXG_FOB_USD,US,2022,6237.104872
PK,TXG_FOB_USD,US,2023,4981.393758
PK,TXG_FOB_USD,US,2024,5717.652857
PK,TXG_FOB_USD,W00,2015,25750.606489
PK,TXG_FOB_USD,W00,2016,23963.536201
PK,TXG_FOB_USD,W00,2017,21503.627606
PK,TXG_FOB_USD,W00,2018,23163.219784
PK,TXG_FOB_USD,W00,2019,23337.824548
PK,TXG_FOB_USD,W00,2020,22235.464198
PK,TXG_FOB_USD,W00,2021,28681.421744
PK,TXG_FOB_USD,W00,2022,30872.794319
PK,TXG_FOB_USD,W00,2023,28426.799621
PK,TXG_FOB_USD,W00,2024,31965.776135
PL,TMG_CIF_USD,CN,2015,14510.36428
PL,TMG_CIF_USD,CN,2016,15570.70795
PL,TMG_CIF_USD,CN,2017,18450.780092
PL,TMG_CIF_USD,CN,2018,21201.581203
PL,TMG_CIF_USD,CN,2019,22987.531584
PL,TMG_CIF_USD,CN,2020,26680.219987
PL,TMG_CIF_USD,CN,2021,36669.45345
PL,TMG_CIF_USD,CN,2022,39482.141396
PL,TMG_CIF_USD,CN,2023,34255.455338
PL,TMG_CIF_USD,CN,2024,37135.068804
PL,TMG_CIF_USD,US,2015,3558.411713
PL,TMG_CIF_USD,US,2016,3864.558808
PL,TMG_CIF_USD,US,2017,4594.694049
PL,TMG_CIF_USD,US,2018,5338.322228
PL,TMG_CIF_USD,US,2019,6113.28572
PL,TMG_CIF_USD,US,2020,4652.464009
PL,TMG_CIF_USD,US,2021,6165.550378
PL,TMG_CIF_USD,US,2022,12232.847622
PL,TMG_CIF_USD,US,2023,11266.44725
PL,TMG_CIF_USD,US,2024,13116.523856
PL,TMG_CIF_USD,W00,2015,195652.848574
PL,TMG_CIF_USD,W00,2016,198806.315152
PL,TMG_CIF_USD,W00,2017,233362.542951
PL,TMG_CIF_USD,W00,2018,268109.763577
PL,TMG_CIF_USD,W00,2019,263865.502518
PL,TMG_CIF_USD,W00,2020,260374.714654
PL,TMG_CIF_USD,W00,2021,340551.988427
PL,TMG_CIF_USD,W00,2022,379400.288215
PL,TMG_CIF_USD,W00,2023,367311.771399
PL,TMG_CIF_USD,W00,2024,376459.298242
PL,TXG_FOB_USD,CN,2015,2014.248108
PL,TXG_FOB_USD,CN,2016,1902.258441
PL,TXG_FOB_USD,CN,2017,2331.761608
PL,TXG_FOB_USD,CN,2018,2484.768979
PL,TXG_FOB_USD,CN,2019,2964.262664
PL,TXG_FOB_USD,CN,2020,3401.223638
PL,TXG_FOB_USD,CN,2021,3622.757873
PL,TXG_FOB_USD,CN,2022,3116.594325
PL,TXG_FOB_USD,CN,2023,3327.287675
PL,TXG_FOB_USD,CN,2024,3583.284869
PL,TXG_FOB_USD,US,2015,4461.003771
PL,TXG_FOB_USD,US,2016,4785.814365
PL,TXG_FOB_USD,US,2017,6206.698276
PL,TXG_FOB_USD,US,2018,7246.01524
PL,TXG_FOB_USD,US,2019,7575.419012
PL,TXG_FOB_USD,US,2020,7655.298193
PL,TXG_FOB_USD,US,2021,9012.45072
PL,TXG_FOB_USD,US,2022,10771.370867
PL,TXG_FOB_USD,US,2023,11895.94181
PL,TXG_FOB_USD,US,2024,12586.314338
PL,TXG_FOB_USD,W00,2015,198461.754555
PL,TXG_FOB_USD,W00,2016,203366.445676
PL,TXG_FOB_USD,W00,2017,234012.288188
PL,TXG_FOB_USD,W00,2018,263132.397078
PL,TXG_FOB_USD,W00,2019,265977.392345
PL,TXG_FOB_USD,W00,2020,272750.268022
PL,TXG_FOB_USD,W00,2021,338087.503148
PL,TXG_FOB_USD,W00,2022,358038.080029
PL,TXG_FOB_USD,W00,2023,379558.930658
PL,TXG_FOB_USD,W00,2024,378037.85342
PS,TMG_CIF_USD,CN,2015,368.037045
PS,TMG_CIF_USD,CN,2016,382.679223
PS,TMG_CIF_USD,CN,2017,428.679504
PS,TMG_CIF_USD,CN,2018,424.917768
PS,TMG_CIF_USD,CN,2019,447.272756
PS,TMG_CIF_USD,CN,2020,400.849872
PS,TMG_CIF_USD,CN,2021,531.694659
PS,TMG_CIF_USD,CN,2022,670.830594
PS,TMG_CIF_USD,CN,2023,701.96205
PS,TMG_CIF_USD,CN,2024,2597.589294
PS,TMG_CIF_USD,US,2015,55.587131
PS,TMG_CIF_USD,US,2016,56.1593
PS,TMG_CIF_USD,US,2017,61.627052
PS,TMG_CIF_USD,US,2018,68.133701
PS,TMG_CIF_USD,US,2019,79.149362
PS,TMG_CIF_USD,US,2020,84.827834
PS,TMG_CIF_USD,US,2021,113.784925
PS,TMG_CIF_USD,US,2022,108.432729
PS,TMG_CIF_USD,US,2023,95.149443
PS,TMG_CIF_USD,US,2024,358.358118
PS,TMG_CIF_USD,W00,2015,5281.053823
PS,TMG_CIF_USD,W00,2016,5419.91369
PS,TMG_CIF_USD,W00,2017,5851.76961
PS,TMG_CIF_USD,W00,2018,6537.205369
PS,TMG_CIF_USD,W00,2019,6612.175951
PS,TMG_CIF_USD,W00,2020,6148.262441
PS,TMG_CIF_USD,W00,2021,7826.758661
PS,TMG_CIF_USD,W00,2022,9195.114858
PS,TMG_CIF_USD,W00,2023,8365.08538
PS,TMG_CIF_USD,W00,2024,31242.857753
PS,TXG_FOB_USD,CN,2015,0.001241
PS,TXG_FOB_USD,CN,2016,0.060889
PS,TXG_FOB_USD,CN,2017,0.018618
PS,TXG_FOB_USD,CN,2018,0.489148
PS,TXG_FOB_USD,CN,2019,0.196972
PS,TXG_FOB_USD,CN,2020,0.009336
PS,TXG_FOB_USD,CN,2022,0.02532
PS,TXG_FOB_USD,CN,2023,0.044772
PS,TXG_FOB_USD,CN,2024,0.044772
PS,TXG_FOB_USD,US,2015,10.700414
PS,TXG_FOB_USD,US,2016,10.426041
PS,TXG_FOB_USD,US,2017,13.870693
PS,TXG_FOB_USD,US,2018,14.531582
PS,TXG_FOB_USD,US,2019,19.83002
PS,TXG_FOB_USD,US,2020,14.452371
PS,TXG_FOB_USD,US,2021,15.428789
PS,TXG_FOB_USD,US,2022,18.115687
PS,TXG_FOB_USD,US,2023,20.844876
PS,TXG_FOB_USD,US,2024,21.481019
PS,TXG_FOB_USD,W00,2015,968.511333
PS,TXG_FOB_USD,W00,2016,936.924975
PS,TXG_FOB_USD,W00,2017,1064.875109
PS,TXG_FOB_USD,W00,2018,1155.634044
PS,TXG_FOB_USD,W00,2019,1103.80841
PS,TXG_FOB_USD,W00,2020,1069.073252
PS,TXG_FOB_USD,W00,2021,1357.640212
PS,TXG_FOB_USD,W00,2022,1543.274528
PS,TXG_FOB_USD,W00,2023,1542.232808
PS,TXG_FOB_USD,W00,2024,1602.599859
PT,TMG_CIF_USD,CN,2015,1974.440375
PT,TMG_CIF_USD,CN,2016,2012.054515
PT,TMG_CIF_USD,CN,2017,2322.136087
PT,TMG_CIF_USD,CN,2018,2770.166027
PT,TMG_CIF_USD,CN,2019,3306.458226
PT,TMG_CIF_USD,CN,2020,3502.116829
PT,TMG_CIF_USD,CN,2021,4646.739805
PT,TMG_CIF_USD,CN,2022,5838.847552
PT,TMG_CIF_USD,CN,2023,5647.284615
PT,TMG_CIF_USD,CN,2024,5547.036779
PT,TMG_CIF_USD,US,2015,1070.792347
PT,TMG_CIF_USD,US,2016,969.375746
PT,TMG_CIF_USD,US,2017,1119.914923
PT,TMG_CIF_USD,US,2018,1547.537429
PT,TMG_CIF_USD,US,2019,1653.813441
PT,TMG_CIF_USD,US,2020,1416.714658
PT,TMG_CIF_USD,US,2021,2354.538926
PT,TMG_CIF_USD,US,2022,3696.945639
PT,TMG_CIF_USD,US,2023,2437.486118
PT,TMG_CIF_USD,US,2024,2608.862118
PT,TMG_CIF_USD,W00,2015,66560.165859
PT,TMG_CIF_USD,W00,2016,67685.331852
PT,TMG_CIF_USD,W00,2017,78286.143764
PT,TMG_CIF_USD,W00,2018,89036.804716
PT,TMG_CIF_USD,W00,2019,89409.86839
PT,TMG_CIF_USD,W00,2020,77764.653876
PT,TMG_CIF_USD,W00,2021,98044.509658
PT,TMG_CIF_USD,W00,2022,114361.608443
PT,TMG_CIF_USD,W00,2023,113614.039667
PT,TMG_CIF_USD,W00,2024,116233.917693
PT,TXG_FOB_USD,CN,2015,928.817714
PT,TXG_FOB_USD,CN,2016,747.599013
PT,TXG_FOB_USD,CN,2017,950.585868
PT,TXG_FOB_USD,CN,2018,776.7332
PT,TXG_FOB_USD,CN,2019,673.764125
PT,TXG_FOB_USD,CN,2020,652.292252
PT,TXG_FOB_USD,CN,2021,808.970404
PT,TXG_FOB_USD,CN,2022,662.145741
PT,TXG_FOB_USD,CN,2023,832.204078
PT,TXG_FOB_USD,CN,2024,664.014454
PT,TXG_FOB_USD,US,2015,2843.992626
PT,TXG_FOB_USD,US,2016,2727.566375
PT,TXG_FOB_USD,US,2017,3209.305319
PT,TXG_FOB_USD,US,2018,3394.434495
PT,TXG_FOB_USD,US,2019,3399.059507
PT,TXG_FOB_USD,US,2020,3051.572655
PT,TXG_FOB_USD,US,2021,4192.14135
PT,TXG_FOB_USD,US,2022,5336.148288
PT,TXG_FOB_USD,US,2023,5663.917982
PT,TXG_FOB_USD,US,2024,5752.716777
PT,TXG_FOB_USD,W00,2015,54009.768023
PT,TXG_FOB_USD,W00,2016,54564.857096
PT,TXG_FOB_USD,W00,2017,61058.30429
PT,TXG_FOB_USD,W00,2018,66874.674733
PT,TXG_FOB_USD,W00,2019,65586.310054
PT,TXG_FOB_USD,W00,2020,60838.967728
PT,TXG_FOB_USD,W00,2021,74404.449706
PT,TXG_FOB_USD,W00,2022,80273.786446
PT,TXG_FOB_USD,W00,2023,81553.810414
PT,TXG_FOB_USD,W00,2024,83854.872018
PW,TMG_CIF_USD,CN,2015,8.269061
PW,TMG_CIF_USD,CN,2016,7.994217
PW,TMG_CIF_USD,CN,2017,11.445825
PW,TMG_CIF_USD,CN,2018,8.806855
PW,TMG_CIF_USD,CN,2019,11.745985
PW,TMG_CIF_USD,CN,2020,17.293985
PW,TMG_CIF_USD,CN,2021,22.751276
PW,TMG_CIF_USD,CN,2022,34.069007
PW,TMG_CIF_USD,CN,2023,26.706609
PW,TMG_CIF_USD,CN,2024,26.751478
PW,TMG_CIF_USD,US,2015,56.701296
PW,TMG_CIF_USD,US,2016,64.44529
PW,TMG_CIF_USD,US,2017,56.562845
PW,TMG_CIF_USD,US,2018,53.673278
PW,TMG_CIF_USD,US,2019,61.062236
PW,TMG_CIF_USD,US,2020,62.588629
PW,TMG_CIF_USD,US,2021,68.084208
PW,TMG_CIF_USD,US,2022,65.94907
PW,TMG_CIF_USD,US,2023,61.713898
PW,TMG_CIF_USD,US,2024,62.475409
PW,TMG_CIF_USD,W00,2015,206.994247
PW,TMG_CIF_USD,W00,2016,217.934213
PW,TMG_CIF_USD,W00,2017,214.17641
PW,TMG_CIF_USD,W00,2018,208.06738
PW,TMG_CIF_USD,W00,2019,233.2155
PW,TMG_CIF_USD,W00,2020,210.912535
PW,TMG_CIF_USD,W00,2021,249.704585
PW,TMG_CIF_USD,W00,2022,314.529809
PW,TMG_CIF_USD,W00,2023,387.223622
PW,TMG_CIF_USD,W00,2024,352.585127
PW,TXG_FOB_USD,CN,2015,0.003061
PW,TXG_FOB_USD,CN,2016,0.00766
PW,TXG_FOB_USD,CN,2018,0.01
PW,TXG_FOB_USD,CN,2019,0.004901
PW,TXG_FOB_USD,CN,2020,0.00061
PW,TXG_FOB_USD,CN,2021,0.007126
PW,TXG_FOB_USD,CN,2022,0.013024
PW,TXG_FOB_USD,CN,2023,0.000229
PW,TXG_FOB_USD,CN,2024,0.000299
PW,TXG_FOB_USD,US,2015,2.16774
PW,TXG_FOB_USD,US,2016,0.575562
PW,TXG_FOB_USD,US,2017,0.540148
PW,TXG_FOB_USD,US,2018,0.226207
PW,TXG_FOB_USD,US,2019,0.255169
PW,TXG_FOB_USD,US,2020,0.079326
PW,TXG_FOB_USD,US,2021,0.094944
PW,TXG_FOB_USD,US,2022,0.128607
PW,TXG_FOB_USD,US,2023,0.086621
PW,TXG_FOB_USD,US,2024,0.386859
PW,TXG_FOB_USD,W00,2015,7.050819
PW,TXG_FOB_USD,W00,2016,9.046731
PW,TXG_FOB_USD,W00,2017,4.714247
PW,TXG_FOB_USD,W00,2018,9.115925
PW,TXG_FOB_USD,W00,2019,7.69218
PW,TXG_FOB_USD,W00,2020,2.595217
PW,TXG_FOB_USD,W00,2021,2.08101
PW,TXG_FOB_USD,W00,2022,4.823958
PW,TXG_FOB_USD,W00,2023,2.024568
PW,TXG_FOB_USD,W00,2024,16.898905
PY,TMG_CIF_USD,CN,2015,2390.579898
PY,TMG_CIF_USD,CN,2016,2641.078953
PY,TMG_CIF_USD,CN,2017,3657.572812
PY,TMG_CIF_USD,CN,2018,3776.225955
PY,TMG_CIF_USD,CN,2019,4238.43843
PY,TMG_CIF_USD,CN,2020,3026.778702
PY,TMG_CIF_USD,CN,2021,4311.3464
PY,TMG_CIF_USD,CN,2022,4971.564509
PY,TMG_CIF_USD,CN,2023,5743.030429
PY,TMG_CIF_USD,CN,2024,5712.857935
PY,TMG_CIF_USD,US,2015,794.622374
PY,TMG_CIF_USD,US,2016,683.030606
PY,TMG_CIF_USD,US,2017,862.578891
PY,TMG_CIF_USD,US,2018,999.234602
PY,TMG_CIF_USD,US,2019,1072.842358
PY,TMG_CIF_USD,US,2020,673.641846
PY,TMG_CIF_USD,US,2021,1019.471737
PY,TMG_CIF_USD,US,2022,1619.779505
PY,TMG_CIF_USD,US,2023,1351.461104
PY,TMG_CIF_USD,US,2024,1166.638048
PY,TMG_CIF_USD,W00,2015,10101.067112
PY,TMG_CIF_USD,W00,2016,9708.207918
PY,TMG_CIF_USD,W00,2017,11497.76048
PY,TMG_CIF_USD,W00,2018,12788.736915
PY,TMG_CIF_USD,W00,2019,12166.755947
PY,TMG_CIF_USD,W00,2020,9811.798471
PY,TMG_CIF_USD,W00,2021,14373.128629
PY,TMG_CIF_USD,W00,2022,16803.879551
PY,TMG_CIF_USD,W00,2023,17070.920147
PY,TMG_CIF_USD,W00,2024,17513.443831
PY,TXG_FOB_USD,CN,2015,30.472863
PY,TXG_FOB_USD,CN,2021,30.564029
PY,TXG_FOB_USD,CN,2022,21.822086
PY,TXG_FOB_USD,CN,2023,20.528727
PY,TXG_FOB_USD,CN,2024,25.069723
PY,TXG_FOB_USD,US,2015,151.519857
PY,TXG_FOB_USD,US,2016,143.338746
PY,TXG_FOB_USD,US,2017,117.841669
PY,TXG_FOB_USD,US,2018,122.011733
PY,TXG_FOB_USD,US,2019,161.112298
PY,TXG_FOB_USD,US,2020,172.354577
PY,TXG_FOB_USD,US,2021,218.034
PY,TXG_FOB_USD,US,2022,256.812352
PY,TXG_FOB_USD,US,2023,276.853686
PY,TXG_FOB_USD,US,2024,414.066237
PY,TXG_FOB_USD,W00,2015,8354.002323
PY,TXG_FOB_USD,W00,2016,8490.038195
PY,TXG_FOB_USD,W00,2017,8387.920515
PY,TXG_FOB_USD,W00,2018,8672.251805
PY,TXG_FOB_USD,W00,2019,7682.208225
PY,TXG_FOB_USD,W00,2020,8239.240832
PY,TXG_FOB_USD,W00,2021,10559.535045
PY,TXG_FOB_USD,W00,2022,9957.013974
PY,TXG_FOB_USD,W00,2023,11890.5368
PY,TXG_FOB_USD,W00,2024,10915.969075
QA,TMG_CIF_USD,CN,2015,3710.164364
QA,TMG_CIF_USD,CN,2016,3261.139272
QA,TMG_CIF_USD,CN,2017,3333.857286
QA,TMG_CIF_USD,CN,2018,3851.058544
QA,TMG_CIF_USD,CN,2019,3485.372224
QA,TMG_CIF_USD,CN,2020,3850.246837
QA,TMG_CIF_USD,CN,2021,4550.057882
QA,TMG_CIF_USD,CN,2022,5438.552898
QA,TMG_CIF_USD,CN,2023,4549.02981
QA,TMG_CIF_USD,CN,2024,5384.982775
QA,TMG_CIF_USD,US,2015,3523.781686
QA,TMG_CIF_USD,US,2016,4552.306863
QA,TMG_CIF_USD,US,2017,4856.763896
QA,TMG_CIF_USD,US,2018,6117.845735
QA,TMG_CIF_USD,US,2019,5442.91902
QA,TMG_CIF_USD,US,2020,4059.011713
QA,TMG_CIF_USD,US,2021,3312.148057
QA,TMG_CIF_USD,US,2022,4900.815441
QA,TMG_CIF_USD,US,2023,5008.478536
QA,TMG_CIF_USD,US,2024,4610.019732
QA,TMG_CIF_USD,W00,2015,31778.704021
QA,TMG_CIF_USD,W00,2016,31198.23792
QA,TMG_CIF_USD,W00,2017,29014.765398
QA,TMG_CIF_USD,W00,2018,30812.924798
QA,TMG_CIF_USD,W00,2019,28291.585355
QA,TMG_CIF_USD,W00,2020,24977.754822
QA,TMG_CIF_USD,W00,2021,27092.150834
QA,TMG_CIF_USD,W00,2022,32558.792645
QA,TMG_CIF_USD,W00,2023,30543.792909
QA,TMG_CIF_USD,W00,2024,33001.989924
QA,TXG_FOB_USD,CN,2015,5278.425529
QA,TXG_FOB_USD,CN,2016,4485.60995
QA,TXG_FOB_USD,CN,2017,7244.552513
QA,TXG_FOB_USD,CN,2018,9608.646469
QA,TXG_FOB_USD,CN,2019,9018.816796
QA,TXG_FOB_USD,CN,2020,7815.70989
QA,TXG_FOB_USD,CN,2021,13472.961558
QA,TXG_FOB_USD,CN,2022,20782.196562
QA,TXG_FOB_USD,CN,2023,19279.222311
QA,TXG_FOB_USD,CN,2024,18925.002669
QA,TXG_FOB_USD,US,2015,914.451809
QA,TXG_FOB_USD,US,2016,682.647059
QA,TXG_FOB_USD,US,2017,881.064119
QA,TXG_FOB_USD,US,2018,1099.923345
QA,TXG_FOB_USD,US,2019,991.590619
QA,TXG_FOB_USD,US,2020,1247.476004
QA,TXG_FOB_USD,US,2021,1689.710933
QA,TXG_FOB_USD,US,2022,1728.23823
QA,TXG_FOB_USD,US,2023,1480.342284
QA,TXG_FOB_USD,US,2024,1503.551937
QA,TXG_FOB_USD,W00,2015,77053.635539
QA,TXG_FOB_USD,W00,2016,57268.555547
QA,TXG_FOB_USD,W00,2017,67464.629327
QA,TXG_FOB_USD,W00,2018,84260.449545
QA,TXG_FOB_USD,W00,2019,72895.776088
QA,TXG_FOB_USD,W00,2020,51473.424475
QA,TXG_FOB_USD,W00,2021,87165.659554
QA,TXG_FOB_USD,W00,2022,130920.851816
QA,TXG_FOB_USD,W00,2023,97701.665704
QA,TXG_FOB_USD,W00,2024,90101.977069
R14,TMG_CIF_USD,CN,2015,54925.696687
R14,TMG_CIF_USD,CN,2016,55476.218436
R14,TMG_CIF_USD,CN,2017,68538.336573
R14,TMG_CIF_USD,CN,2018,78003.912048
R14,TMG_CIF_USD,CN,2019,84909.956364
R14,TMG_CIF_USD,CN,2020,78381.867531
R14,TMG_CIF_USD,CN,2021,101702.837144
R14,TMG_CIF_USD,CN,2022,116606.902275887
R14,TMG_CIF_USD,CN,2023,177888.074177653
R14,TMG_CIF_USD,CN,2024,187161.845275214
R14,TMG_CIF_USD,US,2015,16785.875465
R14,TMG_CIF_USD,US,2016,15896.541955
R14,TMG_CIF_USD,US,2017,18686.464038
R14,TMG_CIF_USD,US,2018,19441.426543
R14,TMG_CIF_USD,US,2019,20915.451462
R14,TMG_CIF_USD,US,2020,18869.821259
R14,TMG_CIF_USD,US,2021,23694.692087
R14,TMG_CIF_USD,US,2022,10282.1214602074
R14,TMG_CIF_USD,US,2023,12102.2266212599
R14,TMG_CIF_USD,US,2024,13089.1142426097
R14,TMG_CIF_USD,W00,2015,342274.773433
R14,TMG_CIF_USD,W00,2016,321454.684448
R14,TMG_CIF_USD,W00,2017,387568.503806
R14,TMG_CIF_USD,W00,2018,424604.844345
R14,TMG_CIF_USD,W00,2019,448629.463661
R14,TMG_CIF_USD,W00,2020,401808.29649
R14,TMG_CIF_USD,W00,2021,505212.753994
R14,TMG_CIF_USD,W00,2022,460854.75087589
R14,TMG_CIF_USD,W00,2023,553600.442262135
R14,TMG_CIF_USD,W00,2024,593628.650534037
R14,TXG_FOB_USD,CN,2015,46785.179338
R14,TXG_FOB_USD,CN,2016,42389.241695
R14,TXG_FOB_USD,CN,2017,55508.365576
R14,TXG_FOB_USD,CN,2018,74945.326291
R14,TXG_FOB_USD,CN,2019,78389.807685
R14,TXG_FOB_USD,CN,2020,71225.220338
R14,TXG_FOB_USD,CN,2021,93741.435975
R14,TXG_FOB_USD,CN,2022,125515.752855735
R14,TXG_FOB_USD,CN,2023,142197.402720718
R14,TXG_FOB_USD,CN,2024,143864.452665071
R14,TXG_FOB_USD,US,2015,11154.585582
R14,TXG_FOB_USD,US,2016,10907.02855
R14,TXG_FOB_USD,US,2017,12775.319655
R14,TXG_FOB_USD,US,2018,15664.802025
R14,TXG_FOB_USD,US,2019,15560.557519
R14,TXG_FOB_USD,US,2020,12626.602594
R14,TXG_FOB_USD,US,2021,21076.999873
R14,TXG_FOB_USD,US,2022,11356.3240716285
R14,TXG_FOB_USD,US,2023,5084.68404435241
R14,TXG_FOB_USD,US,2024,5488.11681222566
R14,TXG_FOB_USD,W00,2015,490038.466206
R14,TXG_FOB_USD,W00,2016,420705.142453
R14,TXG_FOB_USD,W00,2017,519481.79709
R14,TXG_FOB_USD,W00,2018,642426.570727
R14,TXG_FOB_USD,W00,2019,616685.843926
R14,TXG_FOB_USD,W00,2020,503540.44795
R14,TXG_FOB_USD,W00,2021,710202.434548
R14,TXG_FOB_USD,W00,2022,833314.543546646
R14,TXG_FOB_USD,W00,2023,700585.664868568
R14,TXG_FOB_USD,W00,2024,741047.123730836
RO,TMG_CIF_USD,CN,2015,3203.145365
RO,TMG_CIF_USD,CN,2016,3806.159196
RO,TMG_CIF_USD,CN,2017,4285.326448
RO,TMG_CIF_USD,CN,2018,5196.543784
RO,TMG_CIF_USD,CN,2019,5078.845107
RO,TMG_CIF_USD,CN,2020,5777.300525
RO,TMG_CIF_USD,CN,2021,7318.583736
RO,TMG_CIF_USD,CN,2022,7772.979579
RO,TMG_CIF_USD,CN,2023,7307.72499
RO,TMG_CIF_USD,CN,2024,8486.351063
RO,TMG_CIF_USD,US,2015,752.678772
RO,TMG_CIF_USD,US,2016,705.37838
RO,TMG_CIF_USD,US,2017,1232.40289
RO,TMG_CIF_USD,US,2018,1041.659548
RO,TMG_CIF_USD,US,2019,902.53876
RO,TMG_CIF_USD,US,2020,1025.272553
RO,TMG_CIF_USD,US,2021,1097.337964
RO,TMG_CIF_USD,US,2022,1406.298411
RO,TMG_CIF_USD,US,2023,1486.364706
RO,TMG_CIF_USD,US,2024,1421.137822
RO,TMG_CIF_USD,W00,2015,69790.804111
RO,TMG_CIF_USD,W00,2016,74538.819349
RO,TMG_CIF_USD,W00,2017,85463.435934
RO,TMG_CIF_USD,W00,2018,97724.843556
RO,TMG_CIF_USD,W00,2019,96537.503841
RO,TMG_CIF_USD,W00,2020,92125.997004
RO,TMG_CIF_USD,W00,2021,116189.606082
RO,TMG_CIF_USD,W00,2022,132451.291631
RO,TMG_CIF_USD,W00,2023,131916.19193
RO,TMG_CIF_USD,W00,2024,136394.064829
RO,TXG_FOB_USD,CN,2015,582.380031
RO,TXG_FOB_USD,CN,2016,679.776091
RO,TXG_FOB_USD,CN,2017,833.196697
RO,TXG_FOB_USD,CN,2018,762.056313
RO,TXG_FOB_USD,CN,2019,684.911049
RO,TXG_FOB_USD,CN,2020,739.24348
RO,TXG_FOB_USD,CN,2021,1067.752936
RO,TXG_FOB_USD,CN,2022,1142.428511
RO,TXG_FOB_USD,CN,2023,925.199004
RO,TXG_FOB_USD,CN,2024,777.989511
RO,TXG_FOB_USD,US,2015,1167.262855
RO,TXG_FOB_USD,US,2016,1058.024155
RO,TXG_FOB_USD,US,2017,1253.269562
RO,TXG_FOB_USD,US,2018,1544.201015
RO,TXG_FOB_USD,US,2019,1437.528952
RO,TXG_FOB_USD,US,2020,1197.813126
RO,TXG_FOB_USD,US,2021,1761.753246
RO,TXG_FOB_USD,US,2022,2383.774005
RO,TXG_FOB_USD,US,2023,2323.094034
RO,TXG_FOB_USD,US,2024,2473.741046
RO,TXG_FOB_USD,W00,2015,60504.472401
RO,TXG_FOB_USD,W00,2016,63428.934807
RO,TXG_FOB_USD,W00,2017,70641.084153
RO,TXG_FOB_USD,W00,2018,79529.987442
RO,TXG_FOB_USD,W00,2019,76771.417344
RO,TXG_FOB_USD,W00,2020,70673.827979
RO,TXG_FOB_USD,W00,2021,87301.909663
RO,TXG_FOB_USD,W00,2022,96378.832105
RO,TXG_FOB_USD,W00,2023,100272.037031
RO,TXG_FOB_USD,W00,2024,99876.863837
RS,TMG_CIF_USD,CN,2015,1535.015309
RS,TMG_CIF_USD,CN,2016,1486.114615
RS,TMG_CIF_USD,CN,2017,1845.520926
RS,TMG_CIF_USD,CN,2018,2167.517667
RS,TMG_CIF_USD,CN,2019,2506.953885
RS,TMG_CIF_USD,CN,2020,1782.633232
RS,TMG_CIF_USD,CN,2021,4229.333493
RS,TMG_CIF_USD,CN,2022,4982.4202
RS,TMG_CIF_USD,CN,2023,4861.508362
RS,TMG_CIF_USD,CN,2024,5552.885435
RS,TMG_CIF_USD,US,2015,284.695999
RS,TMG_CIF_USD,US,2016,318.701017
RS,TMG_CIF_USD,US,2017,313.663871
RS,TMG_CIF_USD,US,2018,473.861993
RS,TMG_CIF_USD,US,2019,554.259359
RS,TMG_CIF_USD,US,2020,286.636513
RS,TMG_CIF_USD,US,2021,483.124653
RS,TMG_CIF_USD,US,2022,727.886
RS,TMG_CIF_USD,US,2023,592.401099
RS,TMG_CIF_USD,US,2024,745.287701
RS,TMG_CIF_USD,W00,2015,18168.573866
RS,TMG_CIF_USD,W00,2016,19182.91393
RS,TMG_CIF_USD,W00,2017,22395.911755
RS,TMG_CIF_USD,W00,2018,25811.454868
RS,TMG_CIF_USD,W00,2019,26668.7846
RS,TMG_CIF_USD,W00,2020,26218.812532
RS,TMG_CIF_USD,W00,2021,33643.863377
RS,TMG_CIF_USD,W00,2022,41148.448639
RS,TMG_CIF_USD,W00,2023,39829.614387
RS,TMG_CIF_USD,W00,2024,42247.818008
RS,TXG_FOB_USD,CN,2015,20.567363
RS,TXG_FOB_USD,CN,2016,26.653037
RS,TXG_FOB_USD,CN,2017,62.158124
RS,TXG_FOB_USD,CN,2018,91.725299
RS,TXG_FOB_USD,CN,2019,329.725442
RS,TXG_FOB_USD,CN,2020,374.625863
RS,TXG_FOB_USD,CN,2021,956.460735
RS,TXG_FOB_USD,CN,2022,1166.4979
RS,TXG_FOB_USD,CN,2023,1223.337023
RS,TXG_FOB_USD,CN,2024,1899.062401
RS,TXG_FOB_USD,US,2015,250.702906
RS,TXG_FOB_USD,US,2016,231.659513
RS,TXG_FOB_USD,US,2017,258.303043
RS,TXG_FOB_USD,US,2018,266.429499
RS,TXG_FOB_USD,US,2019,305.220926
RS,TXG_FOB_USD,US,2020,369.968675
RS,TXG_FOB_USD,US,2021,512.938275
RS,TXG_FOB_USD,US,2022,541.4847
RS,TXG_FOB_USD,US,2023,558.001398
RS,TXG_FOB_USD,US,2024,671.585198
RS,TXG_FOB_USD,W00,2015,13355.062477
RS,TXG_FOB_USD,W00,2016,14872.6291
RS,TXG_FOB_USD,W00,2017,16598.016574
RS,TXG_FOB_USD,W00,2018,18324.240448
RS,TXG_FOB_USD,W00,2019,18942.108657
RS,TXG_FOB_USD,W00,2020,19490.703948
RS,TXG_FOB_USD,W00,2021,25559.357547
RS,TXG_FOB_USD,W00,2022,29056.97941
RS,TXG_FOB_USD,W00,2023,30902.140225
RS,TXG_FOB_USD,W00,2024,31594.82162
RU,TMG_CIF_USD,CN,2015,34945.804377
RU,TMG_CIF_USD,CN,2016,38097.732658
RU,TMG_CIF_USD,CN,2017,48007.199648
RU,TMG_CIF_USD,CN,2018,52167.592203
RU,TMG_CIF_USD,CN,2019,54066.431304
RU,TMG_CIF_USD,CN,2020,54908.217568
RU,TMG_CIF_USD,CN,2021,72685.740904
RU,TMG_CIF_USD,CN,2022,82007.512410887
RU,TMG_CIF_USD,CN,2023,119833.579266653
RU,TMG_CIF_USD,CN,2024,124272.105808214
RU,TMG_CIF_USD,US,2015,11580.660164
RU,TMG_CIF_USD,US,2016,11047.049776
RU,TMG_CIF_USD,US,2017,12664.066688
RU,TMG_CIF_USD,US,2018,12690.728976
RU,TMG_CIF_USD,US,2019,13422.179565
RU,TMG_CIF_USD,US,2020,13222.316479
RU,TMG_CIF_USD,US,2021,17519.530668
RU,TMG_CIF_USD,US,2022,4561.69705820735
RU,TMG_CIF_USD,US,2023,1638.58095525987
RU,TMG_CIF_USD,US,2024,1443.2266126097
RU,TMG_CIF_USD,W00,2015,182403.530303
RU,TMG_CIF_USD,W00,2016,182267.576704
RU,TMG_CIF_USD,W00,2017,226098.170856
RU,TMG_CIF_USD,W00,2018,237509.707808
RU,TMG_CIF_USD,W00,2019,242627.666419
RU,TMG_CIF_USD,W00,2020,231429.507465
RU,TMG_CIF_USD,W00,2021,293656.038258
RU,TMG_CIF_USD,W00,2022,236853.09821689
RU,TMG_CIF_USD,W00,2023,258587.660397135
RU,TMG_CIF_USD,W00,2024,255438.338747037
RU,TXG_FOB_USD,CN,2015,28606.412842
RU,TXG_FOB_USD,CN,2016,28019.903467
RU,TXG_FOB_USD,CN,2017,38932.476026
RU,TXG_FOB_USD,CN,2018,56079.088096
RU,TXG_FOB_USD,CN,2019,54937.483432
RU,TXG_FOB_USD,CN,2020,49583.127513
RU,TXG_FOB_USD,CN,2021,68422.666053
RU,TXG_FOB_USD,CN,2022,98004.8037807353
RU,TXG_FOB_USD,CN,2023,111455.315101718
RU,TXG_FOB_USD,CN,2024,112058.697022071
RU,TXG_FOB_USD,US,2015,9536.528453
RU,TXG_FOB_USD,US,2016,9468.553083
RU,TXG_FOB_USD,US,2017,10977.890079
RU,TXG_FOB_USD,US,2018,12742.598542
RU,TXG_FOB_USD,US,2019,13227.470788
RU,TXG_FOB_USD,US,2020,10827.407392
RU,TXG_FOB_USD,US,2021,17825.671285
RU,TXG_FOB_USD,US,2022,8683.44628362854
RU,TXG_FOB_USD,US,2023,2746.03399835241
RU,TXG_FOB_USD,US,2024,1808.83012122566
RU,TXG_FOB_USD,W00,2015,343426.722931
RU,TXG_FOB_USD,W00,2016,285499.878698
RU,TXG_FOB_USD,W00,2017,355720.095268
RU,TXG_FOB_USD,W00,2018,449185.26724
RU,TXG_FOB_USD,W00,2019,419731.678988
RU,TXG_FOB_USD,W00,2020,337884.789154
RU,TXG_FOB_USD,W00,2021,492048.058908
RU,TXG_FOB_USD,W00,2022,593033.988081646
RU,TXG_FOB_USD,W00,2023,468844.794345568
RU,TXG_FOB_USD,W00,2024,437977.268695836
RW,TMG_CIF_USD,CN,2015,358.219057
RW,TMG_CIF_USD,CN,2016,379.16315
RW,TMG_CIF_USD,CN,2017,363.580727
RW,TMG_CIF_USD,CN,2018,564.890791
RW,TMG_CIF_USD,CN,2019,635.351325
RW,TMG_CIF_USD,CN,2020,762.651093
RW,TMG_CIF_USD,CN,2021,646.057323
RW,TMG_CIF_USD,CN,2022,715.757075
RW,TMG_CIF_USD,CN,2023,642.307826
RW,TMG_CIF_USD,CN,2024,834.924265
RW,TMG_CIF_USD,US,2015,44.644103
RW,TMG_CIF_USD,US,2016,47.249471
RW,TMG_CIF_USD,US,2017,47.830419
RW,TMG_CIF_USD,US,2018,40.87377
RW,TMG_CIF_USD,US,2019,53.931437
RW,TMG_CIF_USD,US,2020,84.271951
RW,TMG_CIF_USD,US,2021,97.371065
RW,TMG_CIF_USD,US,2022,79.483226
RW,TMG_CIF_USD,US,2023,68.006071
RW,TMG_CIF_USD,US,2024,81.940197
RW,TMG_CIF_USD,W00,2015,1857.003262
RW,TMG_CIF_USD,W00,2016,1794.782592
RW,TMG_CIF_USD,W00,2017,1782.041894
RW,TMG_CIF_USD,W00,2018,2933.324789
RW,TMG_CIF_USD,W00,2019,3194.456055
RW,TMG_CIF_USD,W00,2020,4213.480326
RW,TMG_CIF_USD,W00,2021,3335.790144
RW,TMG_CIF_USD,W00,2022,3737.082423
RW,TMG_CIF_USD,W00,2023,3825.376238
RW,TMG_CIF_USD,W00,2024,4662.433641
RW,TXG_FOB_USD,CN,2015,12.817525
RW,TXG_FOB_USD,CN,2016,4.826466
RW,TXG_FOB_USD,CN,2017,3.161148
RW,TXG_FOB_USD,CN,2018,10.411283
RW,TXG_FOB_USD,CN,2019,6.65406
RW,TXG_FOB_USD,CN,2020,8.174683
RW,TXG_FOB_USD,CN,2021,16.460775
RW,TXG_FOB_USD,CN,2022,16.462963
RW,TXG_FOB_USD,CN,2023,95.243109
RW,TXG_FOB_USD,CN,2024,104.453178
RW,TXG_FOB_USD,US,2015,23.810247
RW,TXG_FOB_USD,US,2016,18.468605
RW,TXG_FOB_USD,US,2017,32.369475
RW,TXG_FOB_USD,US,2018,32.490032
RW,TXG_FOB_USD,US,2019,12.681951
RW,TXG_FOB_USD,US,2020,20.751463
RW,TXG_FOB_USD,US,2021,28.840703
RW,TXG_FOB_USD,US,2022,28.866785
RW,TXG_FOB_USD,US,2023,9.346936
RW,TXG_FOB_USD,US,2024,11.812591
RW,TXG_FOB_USD,W00,2015,428.643627
RW,TXG_FOB_USD,W00,2016,419.021671
RW,TXG_FOB_USD,W00,2017,660.643654
RW,TXG_FOB_USD,W00,2018,846.756299
RW,TXG_FOB_USD,W00,2019,1162.32592
RW,TXG_FOB_USD,W00,2020,1643.102991
RW,TXG_FOB_USD,W00,2021,1196.671397
RW,TXG_FOB_USD,W00,2022,1562.504485
RW,TXG_FOB_USD,W00,2023,1576.917613
RW,TXG_FOB_USD,W00,2024,1945.449073
SA,TMG_CIF_USD,CN,2015,24639.441864
SA,TMG_CIF_USD,CN,2016,20082.363986
SA,TMG_CIF_USD,CN,2017,19723.474423
SA,TMG_CIF_USD,CN,2018,21048.563866
SA,TMG_CIF_USD,CN,2019,25261.893456
SA,TMG_CIF_USD,CN,2020,27083.216707
SA,TMG_CIF_USD,CN,2021,30843.733677
SA,TMG_CIF_USD,CN,2022,39083.077064
SA,TMG_CIF_USD,CN,2023,44587.639433
SA,TMG_CIF_USD,CN,2024,52162.840386
SA,TMG_CIF_USD,US,2015,23953.826197
SA,TMG_CIF_USD,US,2016,20774.724063
SA,TMG_CIF_USD,US,2017,17373.55215
SA,TMG_CIF_USD,US,2018,17189.044239
SA,TMG_CIF_USD,US,2019,15491.422572
SA,TMG_CIF_USD,US,2020,14752.421418
SA,TMG_CIF_USD,US,2021,15767.269342
SA,TMG_CIF_USD,US,2022,16953.43984
SA,TMG_CIF_USD,US,2023,18931.643408
SA,TMG_CIF_USD,US,2024,18736.121586
SA,TMG_CIF_USD,W00,2015,174674.737287
SA,TMG_CIF_USD,W00,2016,140169.333084
SA,TMG_CIF_USD,W00,2017,127909.736671
SA,TMG_CIF_USD,W00,2018,126629.400057
SA,TMG_CIF_USD,W00,2019,132156.499095
SA,TMG_CIF_USD,W00,2020,152734.89681
SA,TMG_CIF_USD,W00,2021,151537.002507
SA,TMG_CIF_USD,W00,2022,183637.481565
SA,TMG_CIF_USD,W00,2023,211020.822909
SA,TMG_CIF_USD,W00,2024,221603.795239
SA,TXG_FOB_USD,CN,2015,33972.341758
SA,TXG_FOB_USD,CN,2016,28704.616697
SA,TXG_FOB_USD,CN,2017,25827.129074
SA,TXG_FOB_USD,CN,2018,38386.319064
SA,TXG_FOB_USD,CN,2019,47588.32672
SA,TXG_FOB_USD,CN,2020,32363.496023
SA,TXG_FOB_USD,CN,2021,51272.171498
SA,TXG_FOB_USD,CN,2022,66182.523097
SA,TXG_FOB_USD,CN,2023,53488.839695
SA,TXG_FOB_USD,CN,2024,46302.068472
SA,TXG_FOB_USD,US,2015,22797.94755
SA,TXG_FOB_USD,US,2016,19262.915418
SA,TXG_FOB_USD,US,2017,18219.306274
SA,TXG_FOB_USD,US,2018,26020.925996
SA,TXG_FOB_USD,US,2019,13300.567251
SA,TXG_FOB_USD,US,2020,8819.922385
SA,TXG_FOB_USD,US,2021,14549.154496
SA,TXG_FOB_USD,US,2022,23010.884018
SA,TXG_FOB_USD,US,2023,15549.835221
SA,TXG_FOB_USD,US,2024,12793.395454
SA,TXG_FOB_USD,W00,2015,244612.233261
SA,TXG_FOB_USD,W00,2016,206681.876046
SA,TXG_FOB_USD,W00,2017,220358.740291
SA,TXG_FOB_USD,W00,2018,295387.171148
SA,TXG_FOB_USD,W00,2019,259426.780794
SA,TXG_FOB_USD,W00,2020,181365.358194
SA,TXG_FOB_USD,W00,2021,278924.567991
SA,TXG_FOB_USD,W00,2022,407429.581914
SA,TXG_FOB_USD,W00,2023,322250.645479
SA,TXG_FOB_USD,W00,2024,303891.46496
SB,TMG_CIF_USD,CN,2015,92.425042
SB,TMG_CIF_USD,CN,2016,115.753272
SB,TMG_CIF_USD,CN,2017,111.846207
SB,TMG_CIF_USD,CN,2018,134.08475
SB,TMG_CIF_USD,CN,2019,110.749375
SB,TMG_CIF_USD,CN,2020,133.533434
SB,TMG_CIF_USD,CN,2021,187.969319
SB,TMG_CIF_USD,CN,2022,224.607416
SB,TMG_CIF_USD,CN,2023,271.647244
SB,TMG_CIF_USD,CN,2024,234.579875
SB,TMG_CIF_USD,US,2015,6.585767
SB,TMG_CIF_USD,US,2016,11.117211
SB,TMG_CIF_USD,US,2017,10.45384
SB,TMG_CIF_USD,US,2018,13.168847
SB,TMG_CIF_USD,US,2019,22.27738
SB,TMG_CIF_USD,US,2020,5.24446
SB,TMG_CIF_USD,US,2021,16.560649
SB,TMG_CIF_USD,US,2022,11.676746
SB,TMG_CIF_USD,US,2023,10.79956
SB,TMG_CIF_USD,US,2024,14.772232
SB,TMG_CIF_USD,W00,2015,437.127782
SB,TMG_CIF_USD,W00,2016,463.762445
SB,TMG_CIF_USD,W00,2017,476.551724
SB,TMG_CIF_USD,W00,2018,549.129228
SB,TMG_CIF_USD,W00,2019,516.317404
SB,TMG_CIF_USD,W00,2020,426.654014
SB,TMG_CIF_USD,W00,2021,552.849949
SB,TMG_CIF_USD,W00,2022,623.167215
SB,TMG_CIF_USD,W00,2023,655.24158
SB,TMG_CIF_USD,W00,2024,660.158131
SB,TXG_FOB_USD,CN,2015,232.210661
SB,TXG_FOB_USD,CN,2016,273.317892
SB,TXG_FOB_USD,CN,2017,325.830019
SB,TXG_FOB_USD,CN,2018,380.352738
SB,TXG_FOB_USD,CN,2019,287.296954
SB,TXG_FOB_USD,CN,2020,244.199102
SB,TXG_FOB_USD,CN,2021,200.346439
SB,TXG_FOB_USD,CN,2022,188.514759
SB,TXG_FOB_USD,CN,2023,191.250652
SB,TXG_FOB_USD,CN,2024,241.885474
SB,TXG_FOB_USD,US,2015,0.961813
SB,TXG_FOB_USD,US,2016,1.89755
SB,TXG_FOB_USD,US,2017,3.55672
SB,TXG_FOB_USD,US,2018,2.933204
SB,TXG_FOB_USD,US,2019,4.186468
SB,TXG_FOB_USD,US,2020,2.385953
SB,TXG_FOB_USD,US,2021,1.476462
SB,TXG_FOB_USD,US,2022,5.808782
SB,TXG_FOB_USD,US,2023,0.823776
SB,TXG_FOB_USD,US,2024,0.966754
SB,TXG_FOB_USD,W00,2015,411.169285
SB,TXG_FOB_USD,W00,2016,440.537474
SB,TXG_FOB_USD,W00,2017,506.181309
SB,TXG_FOB_USD,W00,2018,573.664786
SB,TXG_FOB_USD,W00,2019,443.505716
SB,TXG_FOB_USD,W00,2020,379.219589
SB,TXG_FOB_USD,W00,2021,366.089728
SB,TXG_FOB_USD,W00,2022,395.922522
SB,TXG_FOB_USD,W00,2023,398.481475
SB,TXG_FOB_USD,W00,2024,458.319068
SC,TMG_CIF_USD,CN,2015,48.398636
SC,TMG_CIF_USD,CN,2016,38.872648
SC,TMG_CIF_USD,CN,2017,49.019499
SC,TMG_CIF_USD,CN,2018,66.723849
SC,TMG_CIF_USD,CN,2019,67.350151
SC,TMG_CIF_USD,CN,2020,42.823526
SC,TMG_CIF_USD,CN,2021,48.815466
SC,TMG_CIF_USD,CN,2022,68.813759
SC,TMG_CIF_USD,CN,2023,61.137295
SC,TMG_CIF_USD,CN,2024,52.201937
SC,TMG_CIF_USD,US,2015,18.009871
SC,TMG_CIF_USD,US,2016,15.229708
SC,TMG_CIF_USD,US,2017,19.643209
SC,TMG_CIF_USD,US,2018,19.203231
SC,TMG_CIF_USD,US,2019,22.571944
SC,TMG_CIF_USD,US,2020,15.307529
SC,TMG_CIF_USD,US,2021,18.747183
SC,TMG_CIF_USD,US,2022,22.319107
SC,TMG_CIF_USD,US,2023,22.682386
SC,TMG_CIF_USD,US,2024,13.405233
SC,TMG_CIF_USD,W00,2015,994.09955
SC,TMG_CIF_USD,W00,2016,1547.222399
SC,TMG_CIF_USD,W00,2017,3471.951398
SC,TMG_CIF_USD,W00,2018,1762.962787
SC,TMG_CIF_USD,W00,2019,1458.05249
SC,TMG_CIF_USD,W00,2020,2059.916426
SC,TMG_CIF_USD,W00,2021,1864.301709
SC,TMG_CIF_USD,W00,2022,2141.200636
SC,TMG_CIF_USD,W00,2023,1487.599556
SC,TMG_CIF_USD,W00,2024,1660.030711
SC,TXG_FOB_USD,CN,2015,0.023669
SC,TXG_FOB_USD,CN,2016,1.070346
SC,TXG_FOB_USD,CN,2017,0.581751
SC,TXG_FOB_USD,CN,2018,0.975904
SC,TXG_FOB_USD,CN,2019,2.701276
SC,TXG_FOB_USD,CN,2020,0.312466
SC,TXG_FOB_USD,CN,2021,0.029752
SC,TXG_FOB_USD,CN,2022,0.072326
SC,TXG_FOB_USD,CN,2023,0.054877
SC,TXG_FOB_USD,CN,2024,0.002308
SC,TXG_FOB_USD,US,2015,6.56368
SC,TXG_FOB_USD,US,2016,2.594918
SC,TXG_FOB_USD,US,2017,4.04714
SC,TXG_FOB_USD,US,2018,4.294802
SC,TXG_FOB_USD,US,2019,4.953734
SC,TXG_FOB_USD,US,2020,3.734763
SC,TXG_FOB_USD,US,2021,4.055711
SC,TXG_FOB_USD,US,2022,4.278714
SC,TXG_FOB_USD,US,2023,2.749132
SC,TXG_FOB_USD,US,2024,1.925855
SC,TXG_FOB_USD,W00,2015,483.444796
SC,TXG_FOB_USD,W00,2016,487.539854
SC,TXG_FOB_USD,W00,2017,3165.642723
SC,TXG_FOB_USD,W00,2018,851.710406
SC,TXG_FOB_USD,W00,2019,819.804639
SC,TXG_FOB_USD,W00,2020,959.562715
SC,TXG_FOB_USD,W00,2021,628.251917
SC,TXG_FOB_USD,W00,2022,606.920467
SC,TXG_FOB_USD,W00,2023,552.740299
SC,TXG_FOB_USD,W00,2024,476.459834
SD,TMG_CIF_USD,CN,2019,1801.602151
SD,TMG_CIF_USD,CN,2020,2317.394398
SD,TMG_CIF_USD,CN,2021,2226.841107
SD,TMG_CIF_USD,CN,2022,1725.858987
SD,TMG_CIF_USD,CN,2023,2029.949789
SD,TMG_CIF_USD,CN,2024,911.891
SD,TMG_CIF_USD,US,2015,28.653
SD,TMG_CIF_USD,US,2016,23.054
SD,TMG_CIF_USD,US,2017,57.155838
SD,TMG_CIF_USD,US,2018,35.593623
SD,TMG_CIF_USD,US,2019,32.693
SD,TMG_CIF_USD,US,2020,64.967
SD,TMG_CIF_USD,US,2021,164.382
SD,TMG_CIF_USD,US,2022,153.79
SD,TMG_CIF_USD,US,2023,69.273777
SD,TMG_CIF_USD,US,2024,19.664
SD,TMG_CIF_USD,W00,2015,9508.653
SD,TMG_CIF_USD,W00,2016,5662.298
SD,TMG_CIF_USD,W00,2017,9163.003922
SD,TMG_CIF_USD,W00,2018,7850.068332
SD,TMG_CIF_USD,W00,2019,9290.52915
SD,TMG_CIF_USD,W00,2020,9837.679399
SD,TMG_CIF_USD,W00,2021,9894.047103
SD,TMG_CIF_USD,W00,2022,11094.739987
SD,TMG_CIF_USD,W00,2023,8497.569537
SD,TMG_CIF_USD,W00,2024,4909.157
SD,TXG_FOB_USD,CN,2019,747.652902
SD,TXG_FOB_USD,CN,2020,752.345142
SD,TXG_FOB_USD,CN,2021,614.492617
SD,TXG_FOB_USD,CN,2022,576.108897
SD,TXG_FOB_USD,CN,2023,593.150007
SD,TXG_FOB_USD,CN,2024,287.163
SD,TXG_FOB_USD,US,2015,2.799
SD,TXG_FOB_USD,US,2016,9.803
SD,TXG_FOB_USD,US,2017,16.33357
SD,TXG_FOB_USD,US,2018,18.263837
SD,TXG_FOB_USD,US,2019,6.904
SD,TXG_FOB_USD,US,2020,8.583
SD,TXG_FOB_USD,US,2021,9.806
SD,TXG_FOB_USD,US,2022,19.709
SD,TXG_FOB_USD,US,2023,43.257696
SD,TXG_FOB_USD,US,2024,8.704
SD,TXG_FOB_USD,W00,2015,3168.355
SD,TXG_FOB_USD,W00,2016,2598.726
SD,TXG_FOB_USD,W00,2017,4100.380502
SD,TXG_FOB_USD,W00,2018,3484.681535
SD,TXG_FOB_USD,W00,2019,3744.06038
SD,TXG_FOB_USD,W00,2020,3802.378142
SD,TXG_FOB_USD,W00,2021,5027.384617
SD,TXG_FOB_USD,W00,2022,4357.419897
SD,TXG_FOB_USD,W00,2023,6299.145139
SD,TXG_FOB_USD,W00,2024,3134.486
SE,TMG_CIF_USD,CN,2015,8229.433468
SE,TMG_CIF_USD,CN,2016,7892.716336
SE,TMG_CIF_USD,CN,2017,8351.606249
SE,TMG_CIF_USD,CN,2018,9135.110825
SE,TMG_CIF_USD,CN,2019,9604.74341
SE,TMG_CIF_USD,CN,2020,9265.526422
SE,TMG_CIF_USD,CN,2021,12791.686487
SE,TMG_CIF_USD,CN,2022,14022.620767
SE,TMG_CIF_USD,CN,2023,10555.904435
SE,TMG_CIF_USD,CN,2024,11233.657887
SE,TMG_CIF_USD,US,2015,3807.884535
SE,TMG_CIF_USD,US,2016,3787.086267
SE,TMG_CIF_USD,US,2017,3759.064447
SE,TMG_CIF_USD,US,2018,4664.117996
SE,TMG_CIF_USD,US,2019,4747.043874
SE,TMG_CIF_USD,US,2020,4293.086823
SE,TMG_CIF_USD,US,2021,5497.850667
SE,TMG_CIF_USD,US,2022,7299.418908
SE,TMG_CIF_USD,US,2023,6806.962895
SE,TMG_CIF_USD,US,2024,7092.530976
SE,TMG_CIF_USD,W00,2015,138397.104386
SE,TMG_CIF_USD,W00,2016,140953.312159
SE,TMG_CIF_USD,W00,2017,154126.552049
SE,TMG_CIF_USD,W00,2018,170573.970077
SE,TMG_CIF_USD,W00,2019,158834.343885
SE,TMG_CIF_USD,W00,2020,149876.646272
SE,TMG_CIF_USD,W00,2021,187092.027673
SE,TMG_CIF_USD,W00,2022,202515.530892
SE,TMG_CIF_USD,W00,2023,192823.799639
SE,TMG_CIF_USD,W00,2024,188870.148085
SE,TXG_FOB_USD,CN,2015,5358.138956
SE,TXG_FOB_USD,CN,2016,5366.034177
SE,TXG_FOB_USD,CN,2017,6855.78364
SE,TXG_FOB_USD,CN,2018,7739.057478
SE,TXG_FOB_USD,CN,2019,7566.427611
SE,TXG_FOB_USD,CN,2020,8448.544702
SE,TXG_FOB_USD,CN,2021,7874.727533
SE,TXG_FOB_USD,CN,2022,7043.81385
SE,TXG_FOB_USD,CN,2023,7236.958541
SE,TXG_FOB_USD,CN,2024,7207.366226
SE,TXG_FOB_USD,US,2015,10737.885656
SE,TXG_FOB_USD,US,2016,10190.947956
SE,TXG_FOB_USD,US,2017,10540.343896
SE,TXG_FOB_USD,US,2018,11266.688861
SE,TXG_FOB_USD,US,2019,12785.869291
SE,TXG_FOB_USD,US,2020,13129.329215
SE,TXG_FOB_USD,US,2021,16028.188705
SE,TXG_FOB_USD,US,2022,18153.387078
SE,TXG_FOB_USD,US,2023,17593.011184
SE,TXG_FOB_USD,US,2024,17436.606148
SE,TXG_FOB_USD,W00,2015,139246.880514
SE,TXG_FOB_USD,W00,2016,138592.424715
SE,TXG_FOB_USD,W00,2017,151914.302279
SE,TXG_FOB_USD,W00,2018,164677.789302
SE,TXG_FOB_USD,W00,2019,159075.600321
SE,TXG_FOB_USD,W00,2020,154624.801887
SE,TXG_FOB_USD,W00,2021,188305.622602
SE,TXG_FOB_USD,W00,2022,195264.455652
SE,TXG_FOB_USD,W00,2023,194910.27856
SE,TXG_FOB_USD,W00,2024,193634.068032
SG,TMG_CIF_USD,CN,2015,42191.294055
SG,TMG_CIF_USD,CN,2016,40229.042338
SG,TMG_CIF_USD,CN,2017,45183.293422
SG,TMG_CIF_USD,CN,2018,49666.408844
SG,TMG_CIF_USD,CN,2019,49085.657839
SG,TMG_CIF_USD,CN,2020,37802.130079
SG,TMG_CIF_USD,CN,2021,54556.27746
SG,TMG_CIF_USD,CN,2022,62934.282703
SG,TMG_CIF_USD,CN,2023,58774.57595
SG,TMG_CIF_USD,CN,2024,56676.673384
SG,TMG_CIF_USD,US,2015,33370.930752
SG,TMG_CIF_USD,US,2016,30457.971896
SG,TMG_CIF_USD,US,2017,34736.948524
SG,TMG_CIF_USD,US,2018,42119.791425
SG,TMG_CIF_USD,US,2019,43918.572556
SG,TMG_CIF_USD,US,2020,27685.441521
SG,TMG_CIF_USD,US,2021,40635.204655
SG,TMG_CIF_USD,US,2022,51720.90263
SG,TMG_CIF_USD,US,2023,52208.736226
SG,TMG_CIF_USD,US,2024,55931.528939
SG,TMG_CIF_USD,W00,2015,296996.93953
SG,TMG_CIF_USD,W00,2016,282126.274455
SG,TMG_CIF_USD,W00,2017,323715.4681
SG,TMG_CIF_USD,W00,2018,370838.372344
SG,TMG_CIF_USD,W00,2019,359203.538899
SG,TMG_CIF_USD,W00,2020,261351.571803
SG,TMG_CIF_USD,W00,2021,406291.490156
SG,TMG_CIF_USD,W00,2022,475832.490409
SG,TMG_CIF_USD,W00,2023,423335.527202
SG,TMG_CIF_USD,W00,2024,458726.949933
SG,TXG_FOB_USD,CN,2015,48253.865669
SG,TXG_FOB_USD,CN,2016,42249.180003
SG,TXG_FOB_USD,CN,2017,53870.880715
SG,TXG_FOB_USD,CN,2018,50619.190107
SG,TXG_FOB_USD,CN,2019,51662.679987
SG,TXG_FOB_USD,CN,2020,41290.262702
SG,TXG_FOB_USD,CN,2021,67624.311531
SG,TXG_FOB_USD,CN,2022,64113.498202
SG,TXG_FOB_USD,CN,2023,65636.989474
SG,TXG_FOB_USD,CN,2024,70707.593096
SG,TXG_FOB_USD,US,2015,24115.498224
SG,TXG_FOB_USD,US,2016,22588.863248
SG,TXG_FOB_USD,US,2017,24254.236724
SG,TXG_FOB_USD,US,2018,31890.254223
SG,TXG_FOB_USD,US,2019,34410.972214
SG,TXG_FOB_USD,US,2020,31639.680057
SG,TXG_FOB_USD,US,2021,39642.939212
SG,TXG_FOB_USD,US,2022,45591.062585
SG,TXG_FOB_USD,US,2023,44997.73623
SG,TXG_FOB_USD,US,2024,44081.037429
SG,TXG_FOB_USD,W00,2015,351471.647543
SG,TXG_FOB_USD,W00,2016,330837.110469
SG,TXG_FOB_USD,W00,2017,366050.607175
SG,TXG_FOB_USD,W00,2018,412959.258267
SG,TXG_FOB_USD,W00,2019,390683.808164
SG,TXG_FOB_USD,W00,2020,287884.218255
SG,TXG_FOB_USD,W00,2021,457406.963375
SG,TXG_FOB_USD,W00,2022,516016.208516
SG,TXG_FOB_USD,W00,2023,476019.597481
SG,TXG_FOB_USD,W00,2024,505698.057026
SI,TMG_CIF_USD,CN,2015,1618.438778
SI,TMG_CIF_USD,CN,2016,1461.488256
SI,TMG_CIF_USD,CN,2017,1623.446006
SI,TMG_CIF_USD,CN,2018,2097.505195
SI,TMG_CIF_USD,CN,2019,2257.893369
SI,TMG_CIF_USD,CN,2020,2459.459138
SI,TMG_CIF_USD,CN,2021,6898.197076
SI,TMG_CIF_USD,CN,2022,8286.625953
SI,TMG_CIF_USD,CN,2023,10648.064489
SI,TMG_CIF_USD,CN,2024,9977.36145
SI,TMG_CIF_USD,US,2015,451.503446
SI,TMG_CIF_USD,US,2016,408.373718
SI,TMG_CIF_USD,US,2017,465.569258
SI,TMG_CIF_USD,US,2018,657.837022
SI,TMG_CIF_USD,US,2019,381.007924
SI,TMG_CIF_USD,US,2020,284.874723
SI,TMG_CIF_USD,US,2021,245.695034
SI,TMG_CIF_USD,US,2022,385.976764
SI,TMG_CIF_USD,US,2023,318.632091
SI,TMG_CIF_USD,US,2024,1334.900636
SI,TMG_CIF_USD,W00,2015,29635.443748
SI,TMG_CIF_USD,W00,2016,30438.327451
SI,TMG_CIF_USD,W00,2017,35853.825109
SI,TMG_CIF_USD,W00,2018,41958.104729
SI,TMG_CIF_USD,W00,2019,43765.310967
SI,TMG_CIF_USD,W00,2020,42069.320363
SI,TMG_CIF_USD,W00,2021,57478.578606
SI,TMG_CIF_USD,W00,2022,69426.019801
SI,TMG_CIF_USD,W00,2023,71374.67676
SI,TMG_CIF_USD,W00,2024,83839.598634
SI,TXG_FOB_USD,CN,2015,325.435937
SI,TXG_FOB_USD,CN,2016,510.062743
SI,TXG_FOB_USD,CN,2017,635.584312
SI,TXG_FOB_USD,CN,2018,625.76623
SI,TXG_FOB_USD,CN,2019,486.500071
SI,TXG_FOB_USD,CN,2020,516.296238
SI,TXG_FOB_USD,CN,2021,530.15947
SI,TXG_FOB_USD,CN,2022,467.227863
SI,TXG_FOB_USD,CN,2023,425.996249
SI,TXG_FOB_USD,CN,2024,324.331317
SI,TXG_FOB_USD,US,2015,569.939554
SI,TXG_FOB_USD,US,2016,584.479074
SI,TXG_FOB_USD,US,2017,641.022635
SI,TXG_FOB_USD,US,2018,683.948635
SI,TXG_FOB_USD,US,2019,670.961001
SI,TXG_FOB_USD,US,2020,696.096739
SI,TXG_FOB_USD,US,2021,916.21669
SI,TXG_FOB_USD,US,2022,944.342149
SI,TXG_FOB_USD,US,2023,938.107311
SI,TXG_FOB_USD,US,2024,1020.342089
SI,TXG_FOB_USD,W00,2015,31914.861791
SI,TXG_FOB_USD,W00,2016,32912.539358
SI,TXG_FOB_USD,W00,2017,38437.319072
SI,TXG_FOB_USD,W00,2018,44191.885709
SI,TXG_FOB_USD,W00,2019,44931.325497
SI,TXG_FOB_USD,W00,2020,44823.737781
SI,TXG_FOB_USD,W00,2021,57330.927839
SI,TXG_FOB_USD,W00,2022,69631.365781
SI,TXG_FOB_USD,W00,2023,72930.470987
SI,TXG_FOB_USD,W00,2024,78611.224681
SK,TMG_CIF_USD,CN,2015,3045.000047
SK,TMG_CIF_USD,CN,2016,3416.298006
SK,TMG_CIF_USD,CN,2017,3426.228315
SK,TMG_CIF_USD,CN,2018,3357.600541
SK,TMG_CIF_USD,CN,2019,3243.297968
SK,TMG_CIF_USD,CN,2020,3170.198997
SK,TMG_CIF_USD,CN,2021,4233.707702
SK,TMG_CIF_USD,CN,2022,4805.223259
SK,TMG_CIF_USD,CN,2023,4661.434449
SK,TMG_CIF_USD,CN,2024,4216.01034
SK,TMG_CIF_USD,US,2015,380.745913
SK,TMG_CIF_USD,US,2016,364.351593
SK,TMG_CIF_USD,US,2017,501.121385
SK,TMG_CIF_USD,US,2018,408.220556
SK,TMG_CIF_USD,US,2019,563.388596
SK,TMG_CIF_USD,US,2020,530.5497
SK,TMG_CIF_USD,US,2021,483.085049
SK,TMG_CIF_USD,US,2022,687.500643
SK,TMG_CIF_USD,US,2023,710.439605
SK,TMG_CIF_USD,US,2024,827.805909
SK,TMG_CIF_USD,W00,2015,72821.120765
SK,TMG_CIF_USD,W00,2016,74667.972995
SK,TMG_CIF_USD,W00,2017,81607.561059
SK,TMG_CIF_USD,W00,2018,92898.405018
SK,TMG_CIF_USD,W00,2019,89977.931632
SK,TMG_CIF_USD,W00,2020,84383.313388
SK,TMG_CIF_USD,W00,2021,103878.776311
SK,TMG_CIF_USD,W00,2022,112405.271565
SK,TMG_CIF_USD,W00,2023,113385.710547
SK,TMG_CIF_USD,W00,2024,113616.374506
SK,TXG_FOB_USD,CN,2015,1130.901739
SK,TXG_FOB_USD,CN,2016,1257.396146
SK,TXG_FOB_USD,CN,2017,1369.837062
SK,TXG_FOB_USD,CN,2018,1590.212411
SK,TXG_FOB_USD,CN,2019,1889.094745
SK,TXG_FOB_USD,CN,2020,2357.424001
SK,TXG_FOB_USD,CN,2021,2588.729126
SK,TXG_FOB_USD,CN,2022,2745.266641
SK,TXG_FOB_USD,CN,2023,3107.887407
SK,TXG_FOB_USD,CN,2024,2762.119801
SK,TXG_FOB_USD,US,2015,1626.770308
SK,TXG_FOB_USD,US,2016,1854.141194
SK,TXG_FOB_USD,US,2017,2326.656186
SK,TXG_FOB_USD,US,2018,3040.910891
SK,TXG_FOB_USD,US,2019,2783.601232
SK,TXG_FOB_USD,US,2020,3239.329973
SK,TXG_FOB_USD,US,2021,3246.495328
SK,TXG_FOB_USD,US,2022,3659.350554
SK,TXG_FOB_USD,US,2023,5267.373992
SK,TXG_FOB_USD,US,2024,4839.260334
SK,TXG_FOB_USD,W00,2015,75135.88426
SK,TXG_FOB_USD,W00,2016,77023.825141
SK,TXG_FOB_USD,W00,2017,83386.876953
SK,TXG_FOB_USD,W00,2018,93401.910643
SK,TXG_FOB_USD,W00,2019,89485.300783
SK,TXG_FOB_USD,W00,2020,86629.835247
SK,TXG_FOB_USD,W00,2021,103873.162164
SK,TXG_FOB_USD,W00,2022,108340.719893
SK,TXG_FOB_USD,W00,2023,117453.128197
SK,TXG_FOB_USD,W00,2024,115702.290468
SL,TMG_CIF_USD,CN,2015,203.132722
SL,TMG_CIF_USD,CN,2016,120.3632
SL,TMG_CIF_USD,CN,2017,180.165624
SL,TMG_CIF_USD,CN,2018,197.953316
SL,TMG_CIF_USD,CN,2019,224.77455
SL,TMG_CIF_USD,CN,2020,262.342005
SL,TMG_CIF_USD,CN,2021,326.064785
SL,TMG_CIF_USD,CN,2022,380.886008
SL,TMG_CIF_USD,CN,2023,410.469898
SL,TMG_CIF_USD,CN,2024,531.158612
SL,TMG_CIF_USD,US,2015,45.338276
SL,TMG_CIF_USD,US,2016,93.441166
SL,TMG_CIF_USD,US,2017,51.828106
SL,TMG_CIF_USD,US,2018,53.112004
SL,TMG_CIF_USD,US,2019,67.722753
SL,TMG_CIF_USD,US,2020,66.466036
SL,TMG_CIF_USD,US,2021,104.903569
SL,TMG_CIF_USD,US,2022,97.672588
SL,TMG_CIF_USD,US,2023,96.067341
SL,TMG_CIF_USD,US,2024,111.056786
SL,TMG_CIF_USD,W00,2015,1863.933334
SL,TMG_CIF_USD,W00,2016,1121.421127
SL,TMG_CIF_USD,W00,2017,1206.340881
SL,TMG_CIF_USD,W00,2018,1137.20888
SL,TMG_CIF_USD,W00,2019,1238.899051
SL,TMG_CIF_USD,W00,2020,1271.259845
SL,TMG_CIF_USD,W00,2021,1800.418324
SL,TMG_CIF_USD,W00,2022,2001.7605
SL,TMG_CIF_USD,W00,2023,1921.911501
SL,TMG_CIF_USD,W00,2024,2024.392928
SL,TXG_FOB_USD,CN,2015,1.081069
SL,TXG_FOB_USD,CN,2016,33.424547
SL,TXG_FOB_USD,CN,2017,13.368857
SL,TXG_FOB_USD,CN,2018,37.479727
SL,TXG_FOB_USD,CN,2019,41.798952
SL,TXG_FOB_USD,CN,2020,33.165593
SL,TXG_FOB_USD,CN,2021,87.350131
SL,TXG_FOB_USD,CN,2022,165.659315
SL,TXG_FOB_USD,CN,2023,212.137814
SL,TXG_FOB_USD,CN,2024,208.458092
SL,TXG_FOB_USD,US,2015,0.756006
SL,TXG_FOB_USD,US,2016,144.365332
SL,TXG_FOB_USD,US,2017,1.206898
SL,TXG_FOB_USD,US,2018,0.954858
SL,TXG_FOB_USD,US,2019,0.471095
SL,TXG_FOB_USD,US,2020,0.502799
SL,TXG_FOB_USD,US,2021,0.264133
SL,TXG_FOB_USD,US,2022,0.277427
SL,TXG_FOB_USD,US,2023,0.348999
SL,TXG_FOB_USD,US,2024,0.451984
SL,TXG_FOB_USD,W00,2015,229.763648
SL,TXG_FOB_USD,W00,2016,769.773961
SL,TXG_FOB_USD,W00,2017,274.768104
SL,TXG_FOB_USD,W00,2018,374.463718
SL,TXG_FOB_USD,W00,2019,381.929081
SL,TXG_FOB_USD,W00,2020,322.965815
SL,TXG_FOB_USD,W00,2021,417.021045
SL,TXG_FOB_USD,W00,2022,484.414661
SL,TXG_FOB_USD,W00,2023,345.357211
SL,TXG_FOB_USD,W00,2024,396.745607
SM,TMG_CIF_USD,CN,2016,1.59636
SM,TMG_CIF_USD,CN,2017,5.891628
SM,TMG_CIF_USD,CN,2018,4.01563
SM,TMG_CIF_USD,CN,2019,4.022743
SM,TMG_CIF_USD,CN,2020,6.355875
SM,TMG_CIF_USD,CN,2021,9.157198
SM,TMG_CIF_USD,CN,2022,10.279426
SM,TMG_CIF_USD,CN,2023,13.235228
SM,TMG_CIF_USD,CN,2024,12.57345
SM,TMG_CIF_USD,US,2016,1.0388
SM,TMG_CIF_USD,US,2017,2.225495
SM,TMG_CIF_USD,US,2018,1.661229
SM,TMG_CIF_USD,US,2019,33.596668
SM,TMG_CIF_USD,US,2020,2.18425
SM,TMG_CIF_USD,US,2021,65.428364
SM,TMG_CIF_USD,US,2022,0.945567
SM,TMG_CIF_USD,US,2023,2.04612
SM,TMG_CIF_USD,US,2024,84.824876
SM,TMG_CIF_USD,W00,2015,289.572472
SM,TMG_CIF_USD,W00,2016,282.995624
SM,TMG_CIF_USD,W00,2017,322.253921
SM,TMG_CIF_USD,W00,2018,338.54341
SM,TMG_CIF_USD,W00,2019,352.894701
SM,TMG_CIF_USD,W00,2020,309.595039
SM,TMG_CIF_USD,W00,2021,487.247461
SM,TMG_CIF_USD,W00,2022,483.79851
SM,TMG_CIF_USD,W00,2023,432.262618
SM,TMG_CIF_USD,W00,2024,520.618791
SM,TXG_FOB_USD,CN,2016,0.959433
SM,TXG_FOB_USD,CN,2017,2.958251
SM,TXG_FOB_USD,CN,2018,4.304368
SM,TXG_FOB_USD,CN,2019,3.10569
SM,TXG_FOB_USD,CN,2020,3.088264
SM,TXG_FOB_USD,CN,2021,5.143721
SM,TXG_FOB_USD,CN,2022,4.733445
SM,TXG_FOB_USD,CN,2023,5.327406
SM,TXG_FOB_USD,CN,2024,5.092544
SM,TXG_FOB_USD,US,2016,0.240974
SM,TXG_FOB_USD,US,2017,4.453499
SM,TXG_FOB_USD,US,2018,10.586029
SM,TXG_FOB_USD,US,2019,10.746782
SM,TXG_FOB_USD,US,2020,10.978086
SM,TXG_FOB_USD,US,2021,12.712774
SM,TXG_FOB_USD,US,2022,18.186838
SM,TXG_FOB_USD,US,2023,17.595564
SM,TXG_FOB_USD,US,2024,23.804746
SM,TXG_FOB_USD,W00,2015,99.492397
SM,TXG_FOB_USD,W00,2016,115.730994
SM,TXG_FOB_USD,W00,2017,130.300739
SM,TXG_FOB_USD,W00,2018,152.020279
SM,TXG_FOB_USD,W00,2019,150.138475
SM,TXG_FOB_USD,W00,2020,150.49824
SM,TXG_FOB_USD,W00,2021,216.936311
SM,TXG_FOB_USD,W00,2022,202.66143
SM,TXG_FOB_USD,W00,2023,213.300449
SM,TXG_FOB_USD,W00,2024,258.519902
SN,TMG_CIF_USD,CN,2015,525.557198
SN,TMG_CIF_USD,CN,2016,564.595236
SN,TMG_CIF_USD,CN,2017,623.649891
SN,TMG_CIF_USD,CN,2018,874.745218
SN,TMG_CIF_USD,CN,2019,870.638743
SN,TMG_CIF_USD,CN,2020,721.217824
SN,TMG_CIF_USD,CN,2021,937.633646
SN,TMG_CIF_USD,CN,2022,1219.094321
SN,TMG_CIF_USD,CN,2023,1292.346386
SN,TMG_CIF_USD,CN,2024,1346.242586
SN,TMG_CIF_USD,US,2015,133.764463
SN,TMG_CIF_USD,US,2016,122.66793
SN,TMG_CIF_USD,US,2017,146.146429
SN,TMG_CIF_USD,US,2018,188.359095
SN,TMG_CIF_USD,US,2019,160.951023
SN,TMG_CIF_USD,US,2020,211.051643
SN,TMG_CIF_USD,US,2021,273.489641
SN,TMG_CIF_USD,US,2022,330.239125
SN,TMG_CIF_USD,US,2023,287.604155
SN,TMG_CIF_USD,US,2024,480.876393
SN,TMG_CIF_USD,W00,2015,5254.013078
SN,TMG_CIF_USD,W00,2016,5592.029867
SN,TMG_CIF_USD,W00,2017,6002.181404
SN,TMG_CIF_USD,W00,2018,7087.666659
SN,TMG_CIF_USD,W00,2019,8304.251083
SN,TMG_CIF_USD,W00,2020,7812.731338
SN,TMG_CIF_USD,W00,2021,9677.420015
SN,TMG_CIF_USD,W00,2022,12064.413169
SN,TMG_CIF_USD,W00,2023,11886.367463
SN,TMG_CIF_USD,W00,2024,11808.976155
SN,TXG_FOB_USD,CN,2015,117.67893
SN,TXG_FOB_USD,CN,2016,127.229831
SN,TXG_FOB_USD,CN,2017,89.13753
SN,TXG_FOB_USD,CN,2018,112.79071
SN,TXG_FOB_USD,CN,2019,276.490717
SN,TXG_FOB_USD,CN,2020,260.602854
SN,TXG_FOB_USD,CN,2021,347.062447
SN,TXG_FOB_USD,CN,2022,233.774818
SN,TXG_FOB_USD,CN,2023,223.092832
SN,TXG_FOB_USD,CN,2024,432.706851
SN,TXG_FOB_USD,US,2015,30.104818
SN,TXG_FOB_USD,US,2016,62.73953
SN,TXG_FOB_USD,US,2017,38.207388
SN,TXG_FOB_USD,US,2018,53.391699
SN,TXG_FOB_USD,US,2019,132.520794
SN,TXG_FOB_USD,US,2020,117.87066
SN,TXG_FOB_USD,US,2021,123.976971
SN,TXG_FOB_USD,US,2022,165.513267
SN,TXG_FOB_USD,US,2023,156.737421
SN,TXG_FOB_USD,US,2024,222.807244
SN,TXG_FOB_USD,W00,2015,2321.527807
SN,TXG_FOB_USD,W00,2016,2743.647133
SN,TXG_FOB_USD,W00,2017,2465.885018
SN,TXG_FOB_USD,W00,2018,3042.335874
SN,TXG_FOB_USD,W00,2019,4355.325267
SN,TXG_FOB_USD,W00,2020,3927.959976
SN,TXG_FOB_USD,W00,2021,5194.857137
SN,TXG_FOB_USD,W00,2022,5710.112229
SN,TXG_FOB_USD,W00,2023,5316.166343
SN,TXG_FOB_USD,W00,2024,6443.14259
SO,TMG_CIF_USD,CN,2015,318.0172
SO,TMG_CIF_USD,CN,2016,425.50838
SO,TMG_CIF_USD,CN,2017,502.710274
SO,TMG_CIF_USD,CN,2018,678.947926
SO,TMG_CIF_USD,CN,2019,775.98185
SO,TMG_CIF_USD,CN,2020,939.400697
SO,TMG_CIF_USD,CN,2021,1060.177724
SO,TMG_CIF_USD,CN,2022,1111.420525
SO,TMG_CIF_USD,CN,2023,1098.157373
SO,TMG_CIF_USD,CN,2024,1027.280871
SO,TMG_CIF_USD,US,2015,48.547204
SO,TMG_CIF_USD,US,2016,39.083472
SO,TMG_CIF_USD,US,2017,74.830614
SO,TMG_CIF_USD,US,2018,52.42907
SO,TMG_CIF_USD,US,2019,111.545926
SO,TMG_CIF_USD,US,2020,60.2645
SO,TMG_CIF_USD,US,2021,55.449615
SO,TMG_CIF_USD,US,2022,90.209593
SO,TMG_CIF_USD,US,2023,56.252511
SO,TMG_CIF_USD,US,2024,52.071128
SO,TMG_CIF_USD,W00,2015,1814.992044
SO,TMG_CIF_USD,W00,2016,2059.204987
SO,TMG_CIF_USD,W00,2017,2568.895873
SO,TMG_CIF_USD,W00,2018,2636.028603
SO,TMG_CIF_USD,W00,2019,3209.068904
SO,TMG_CIF_USD,W00,2020,3494.32061
SO,TMG_CIF_USD,W00,2021,3838.927134
SO,TMG_CIF_USD,W00,2022,4155.641915
SO,TMG_CIF_USD,W00,2023,4014.928433
SO,TMG_CIF_USD,W00,2024,3999.715093
SO,TXG_FOB_USD,CN,2015,23.280131
SO,TXG_FOB_USD,CN,2016,11.023586
SO,TXG_FOB_USD,CN,2017,11.133464
SO,TXG_FOB_USD,CN,2018,15.615424
SO,TXG_FOB_USD,CN,2019,17.582744
SO,TXG_FOB_USD,CN,2020,8.04707
SO,TXG_FOB_USD,CN,2021,10.391771
SO,TXG_FOB_USD,CN,2022,6.965735
SO,TXG_FOB_USD,CN,2023,6.318391
SO,TXG_FOB_USD,CN,2024,2.938212
SO,TXG_FOB_USD,US,2015,0.941567
SO,TXG_FOB_USD,US,2016,0.934524
SO,TXG_FOB_USD,US,2017,0.931009
SO,TXG_FOB_USD,US,2018,1.259959
SO,TXG_FOB_USD,US,2019,0.935556
SO,TXG_FOB_USD,US,2020,0.475066
SO,TXG_FOB_USD,US,2021,1.0949
SO,TXG_FOB_USD,US,2022,1.076877
SO,TXG_FOB_USD,US,2023,2.999552
SO,TXG_FOB_USD,US,2024,2.342199
SO,TXG_FOB_USD,W00,2015,667.967859
SO,TXG_FOB_USD,W00,2016,614.51025
SO,TXG_FOB_USD,W00,2017,459.997029
SO,TXG_FOB_USD,W00,2018,529.568245
SO,TXG_FOB_USD,W00,2019,555.813573
SO,TXG_FOB_USD,W00,2020,498.354523
SO,TXG_FOB_USD,W00,2021,501.993674
SO,TXG_FOB_USD,W00,2022,732.941588
SO,TXG_FOB_USD,W00,2023,992.51069
SO,TXG_FOB_USD,W00,2024,1111.494319
SR,TMG_CIF_USD,CN,2015,103.862469
SR,TMG_CIF_USD,CN,2016,60.137626
SR,TMG_CIF_USD,CN,2017,62.60674
SR,TMG_CIF_USD,CN,2018,119.808833
SR,TMG_CIF_USD,CN,2019,154.010501
SR,TMG_CIF_USD,CN,2020,124.599495
SR,TMG_CIF_USD,CN,2021,117.763876
SR,TMG_CIF_USD,CN,2022,173.776281
SR,TMG_CIF_USD,CN,2023,166.582706
SR,TMG_CIF_USD,CN,2024,239.908263
SR,TMG_CIF_USD,US,2015,402.469412
SR,TMG_CIF_USD,US,2016,232.329707
SR,TMG_CIF_USD,US,2017,369.997756
SR,TMG_CIF_USD,US,2018,375.162758
SR,TMG_CIF_USD,US,2019,394.786082
SR,TMG_CIF_USD,US,2020,374.705598
SR,TMG_CIF_USD,US,2021,340.23723
SR,TMG_CIF_USD,US,2022,439.869304
SR,TMG_CIF_USD,US,2023,448.824678
SR,TMG_CIF_USD,US,2024,394.466487
SR,TMG_CIF_USD,W00,2015,1768.775962
SR,TMG_CIF_USD,W00,2016,1137.633305
SR,TMG_CIF_USD,W00,2017,1075.001663
SR,TMG_CIF_USD,W00,2018,1694.025029
SR,TMG_CIF_USD,W00,2019,1854.669461
SR,TMG_CIF_USD,W00,2020,1868.68448
SR,TMG_CIF_USD,W00,2021,1721.408511
SR,TMG_CIF_USD,W00,2022,2237.628999
SR,TMG_CIF_USD,W00,2023,2108.227485
SR,TMG_CIF_USD,W00,2024,2078.794212
SR,TXG_FOB_USD,CN,2015,13.191242
SR,TXG_FOB_USD,CN,2016,10.906197
SR,TXG_FOB_USD,CN,2017,10.241521
SR,TXG_FOB_USD,CN,2018,19.732842
SR,TXG_FOB_USD,CN,2019,24.487305
SR,TXG_FOB_USD,CN,2020,36.953791
SR,TXG_FOB_USD,CN,2021,25.81257
SR,TXG_FOB_USD,CN,2022,26.759938
SR,TXG_FOB_USD,CN,2023,7.146477
SR,TXG_FOB_USD,CN,2024,5.52224
SR,TXG_FOB_USD,US,2015,24.698193
SR,TXG_FOB_USD,US,2016,13.912471
SR,TXG_FOB_USD,US,2017,23.399976
SR,TXG_FOB_USD,US,2018,3.751798
SR,TXG_FOB_USD,US,2019,17.232102
SR,TXG_FOB_USD,US,2020,118.739457
SR,TXG_FOB_USD,US,2021,29.544206
SR,TXG_FOB_USD,US,2022,57.276722
SR,TXG_FOB_USD,US,2023,74.071661
SR,TXG_FOB_USD,US,2024,42.941408
SR,TXG_FOB_USD,W00,2015,730.698675
SR,TXG_FOB_USD,W00,2016,989.693079
SR,TXG_FOB_USD,W00,2017,1001.936944
SR,TXG_FOB_USD,W00,2018,1794.445974
SR,TXG_FOB_USD,W00,2019,1595.503118
SR,TXG_FOB_USD,W00,2020,2004.396052
SR,TXG_FOB_USD,W00,2021,2313.929288
SR,TXG_FOB_USD,W00,2022,2879.136199
SR,TXG_FOB_USD,W00,2023,243.104355
SR,TXG_FOB_USD,W00,2024,169.04491
SS,TMG_CIF_USD,CN,2015,164.652531
SS,TMG_CIF_USD,CN,2016,48.50984
SS,TMG_CIF_USD,CN,2017,54.870744
SS,TMG_CIF_USD,CN,2018,81.878904
SS,TMG_CIF_USD,CN,2019,129.987855
SS,TMG_CIF_USD,CN,2020,173.029299
SS,TMG_CIF_USD,CN,2021,150.78865
SS,TMG_CIF_USD,CN,2022,166.006462
SS,TMG_CIF_USD,CN,2023,170.862388
SS,TMG_CIF_USD,CN,2024,176.46353
SS,TMG_CIF_USD,US,2015,20.209402
SS,TMG_CIF_USD,US,2016,10.416771
SS,TMG_CIF_USD,US,2017,14.388769
SS,TMG_CIF_USD,US,2018,24.868652
SS,TMG_CIF_USD,US,2019,23.128412
SS,TMG_CIF_USD,US,2020,48.124773
SS,TMG_CIF_USD,US,2021,62.468363
SS,TMG_CIF_USD,US,2022,44.743837
SS,TMG_CIF_USD,US,2023,55.18076
SS,TMG_CIF_USD,US,2024,62.833305
SS,TMG_CIF_USD,W00,2015,813.888218
SS,TMG_CIF_USD,W00,2016,579.664697
SS,TMG_CIF_USD,W00,2017,663.509691
SS,TMG_CIF_USD,W00,2018,740.706592
SS,TMG_CIF_USD,W00,2019,794.969411
SS,TMG_CIF_USD,W00,2020,993.311976
SS,TMG_CIF_USD,W00,2021,1123.710361
SS,TMG_CIF_USD,W00,2022,1290.620605
SS,TMG_CIF_USD,W00,2023,1350.959829
SS,TMG_CIF_USD,W00,2024,1547.216423
SS,TXG_FOB_USD,CN,2015,2190.485877
SS,TXG_FOB_USD,CN,2016,1366.737734
SS,TXG_FOB_USD,CN,2017,1194.60388
SS,TXG_FOB_USD,CN,2018,1496.032
SS,TXG_FOB_USD,CN,2019,1425.413142
SS,TXG_FOB_USD,CN,2020,530.689753
SS,TXG_FOB_USD,CN,2021,275.971567
SS,TXG_FOB_USD,CN,2022,216.104253
SS,TXG_FOB_USD,CN,2023,334.216821
SS,TXG_FOB_USD,CN,2024,283.418697
SS,TXG_FOB_USD,US,2015,0.177633
SS,TXG_FOB_USD,US,2016,0.125768
SS,TXG_FOB_USD,US,2017,0.264079
SS,TXG_FOB_USD,US,2018,0.017418
SS,TXG_FOB_USD,US,2019,62.632666
SS,TXG_FOB_USD,US,2020,0.09868
SS,TXG_FOB_USD,US,2021,0.078518
SS,TXG_FOB_USD,US,2022,0.027045
SS,TXG_FOB_USD,US,2023,0.291171
SS,TXG_FOB_USD,US,2024,0.759624
SS,TXG_FOB_USD,W00,2015,2193.229969
SS,TXG_FOB_USD,W00,2016,1375.847377
SS,TXG_FOB_USD,W00,2017,1259.173608
SS,TXG_FOB_USD,W00,2018,1612.958504
SS,TXG_FOB_USD,W00,2019,1613.32039
SS,TXG_FOB_USD,W00,2020,782.727557
SS,TXG_FOB_USD,W00,2021,525.225309
SS,TXG_FOB_USD,W00,2022,531.537048
SS,TXG_FOB_USD,W00,2023,651.758879
SS,TXG_FOB_USD,W00,2024,525.948351
ST,TMG_CIF_USD,CN,2015,4.578334
ST,TMG_CIF_USD,CN,2016,7.507583
ST,TMG_CIF_USD,CN,2017,7.647131
ST,TMG_CIF_USD,CN,2018,8.638576
ST,TMG_CIF_USD,CN,2019,8.979191
ST,TMG_CIF_USD,CN,2020,6.73788
ST,TMG_CIF_USD,CN,2021,12.060702
ST,TMG_CIF_USD,CN,2022,8.200719
ST,TMG_CIF_USD,CN,2023,8.218491
ST,TMG_CIF_USD,CN,2024,23.093223
ST,TMG_CIF_USD,US,2015,2.145409
ST,TMG_CIF_USD,US,2016,2.498357
ST,TMG_CIF_USD,US,2017,2.800564
ST,TMG_CIF_USD,US,2018,2.245541
ST,TMG_CIF_USD,US,2019,2.54191
ST,TMG_CIF_USD,US,2020,1.421895
ST,TMG_CIF_USD,US,2021,2.993545
ST,TMG_CIF_USD,US,2022,1.311137
ST,TMG_CIF_USD,US,2023,4.563656
ST,TMG_CIF_USD,US,2024,1.531644
ST,TMG_CIF_USD,W00,2015,143.990046
ST,TMG_CIF_USD,W00,2016,139.836236
ST,TMG_CIF_USD,W00,2017,150.956723
ST,TMG_CIF_USD,W00,2018,148.30596
ST,TMG_CIF_USD,W00,2019,147.66694
ST,TMG_CIF_USD,W00,2020,138.257853
ST,TMG_CIF_USD,W00,2021,167.801011
ST,TMG_CIF_USD,W00,2022,192.403304
ST,TMG_CIF_USD,W00,2023,181.679574
ST,TMG_CIF_USD,W00,2024,340.181024
ST,TXG_FOB_USD,CN,2017,0.1174
ST,TXG_FOB_USD,CN,2022,0.01848
ST,TXG_FOB_USD,CN,2023,0.000313
ST,TXG_FOB_USD,US,2015,0.071472
ST,TXG_FOB_USD,US,2016,0.055152
ST,TXG_FOB_USD,US,2017,0.105531
ST,TXG_FOB_USD,US,2018,0.048182
ST,TXG_FOB_USD,US,2019,0.072177
ST,TXG_FOB_USD,US,2020,0.009603
ST,TXG_FOB_USD,US,2021,0.045423
ST,TXG_FOB_USD,US,2022,0.132969
ST,TXG_FOB_USD,US,2023,0.08713
ST,TXG_FOB_USD,US,2024,0.089826
ST,TXG_FOB_USD,W00,2015,9.294664
ST,TXG_FOB_USD,W00,2016,10.495991
ST,TXG_FOB_USD,W00,2017,10.939198
ST,TXG_FOB_USD,W00,2018,12.0873
ST,TXG_FOB_USD,W00,2019,9.858893
ST,TXG_FOB_USD,W00,2020,12.510943
ST,TXG_FOB_USD,W00,2021,19.28106
ST,TXG_FOB_USD,W00,2022,21.938283
ST,TXG_FOB_USD,W00,2023,16.338794
ST,TXG_FOB_USD,W00,2024,2.624462
SV,TMG_CIF_USD,CN,2015,1397.13673
SV,TMG_CIF_USD,CN,2016,1401.918438
SV,TMG_CIF_USD,CN,2017,1443.800776
SV,TMG_CIF_USD,CN,2018,1616.376814
SV,TMG_CIF_USD,CN,2019,1656.472024
SV,TMG_CIF_USD,CN,2020,1447.787492
SV,TMG_CIF_USD,CN,2021,2492.983931
SV,TMG_CIF_USD,CN,2022,2846.910358
SV,TMG_CIF_USD,CN,2023,2384.54144
SV,TMG_CIF_USD,CN,2024,2731.786931
SV,TMG_CIF_USD,US,2015,3479.730059
SV,TMG_CIF_USD,US,2016,3177.294397
SV,TMG_CIF_USD,US,2017,3359.698609
SV,TMG_CIF_USD,US,2018,3607.297445
SV,TMG_CIF_USD,US,2019,3453.43261
SV,TMG_CIF_USD,US,2020,2628.504952
SV,TMG_CIF_USD,US,2021,4033.465292
SV,TMG_CIF_USD,US,2022,5103.975704
SV,TMG_CIF_USD,US,2023,4496.740262
SV,TMG_CIF_USD,US,2024,4431.848576
SV,TMG_CIF_USD,W00,2015,10219.560681
SV,TMG_CIF_USD,W00,2016,9794.038278
SV,TMG_CIF_USD,W00,2017,10564.200282
SV,TMG_CIF_USD,W00,2018,11454.55408
SV,TMG_CIF_USD,W00,2019,11590.036925
SV,TMG_CIF_USD,W00,2020,9872.293673
SV,TMG_CIF_USD,W00,2021,14600.487357
SV,TMG_CIF_USD,W00,2022,17092.494926
SV,TMG_CIF_USD,W00,2023,15631.894596
SV,TMG_CIF_USD,W00,2024,15956.186051
SV,TXG_FOB_USD,CN,2015,43.906717
SV,TXG_FOB_USD,CN,2016,6.084567
SV,TXG_FOB_USD,CN,2017,47.193833
SV,TXG_FOB_USD,CN,2018,85.631739
SV,TXG_FOB_USD,CN,2019,51.798143
SV,TXG_FOB_USD,CN,2020,50.006698
SV,TXG_FOB_USD,CN,2021,61.18851
SV,TXG_FOB_USD,CN,2022,47.497585
SV,TXG_FOB_USD,CN,2023,11.312855
SV,TXG_FOB_USD,CN,2024,52.819668
SV,TXG_FOB_USD,US,2015,2581.073788
SV,TXG_FOB_USD,US,2016,2572.181309
SV,TXG_FOB_USD,US,2017,2588.431126
SV,TXG_FOB_USD,US,2018,2624.677076
SV,TXG_FOB_USD,US,2019,2502.939134
SV,TXG_FOB_USD,US,2020,1975.160425
SV,TXG_FOB_USD,US,2021,2615.75758
SV,TXG_FOB_USD,US,2022,2792.39543
SV,TXG_FOB_USD,US,2023,2339.34335
SV,TXG_FOB_USD,US,2024,2164.079479
SV,TXG_FOB_USD,W00,2015,5508.512486
SV,TXG_FOB_USD,W00,2016,5419.678255
SV,TXG_FOB_USD,W00,2017,5759.584445
SV,TXG_FOB_USD,W00,2018,5905.073728
SV,TXG_FOB_USD,W00,2019,5904.818039
SV,TXG_FOB_USD,W00,2020,4805.449518
SV,TXG_FOB_USD,W00,2021,6394.888919
SV,TXG_FOB_USD,W00,2022,7115.101783
SV,TXG_FOB_USD,W00,2023,6498.134869
SV,TXG_FOB_USD,W00,2024,6447.500874
SX,TMG_CIF_USD,CN,2017,9.045934
SX,TMG_CIF_USD,CN,2018,14.011704
SX,TMG_CIF_USD,CN,2019,6.978394
SX,TMG_CIF_USD,CN,2020,5.368787
SX,TMG_CIF_USD,CN,2021,5.960465
SX,TMG_CIF_USD,CN,2022,5.254241
SX,TMG_CIF_USD,CN,2023,29.307297
SX,TMG_CIF_USD,CN,2024,59.173972
SX,TMG_CIF_USD,US,2017,587.56999
SX,TMG_CIF_USD,US,2018,717.759109
SX,TMG_CIF_USD,US,2019,733.471627
SX,TMG_CIF_USD,US,2020,354.982339
SX,TMG_CIF_USD,US,2021,405.483765
SX,TMG_CIF_USD,US,2022,740.300482
SX,TMG_CIF_USD,US,2023,902.206779
SX,TMG_CIF_USD,US,2024,799.170399
SX,TMG_CIF_USD,W00,2015,162.263329
SX,TMG_CIF_USD,W00,2016,166.675899
SX,TMG_CIF_USD,W00,2017,793.417823
SX,TMG_CIF_USD,W00,2018,964.730403
SX,TMG_CIF_USD,W00,2019,984.17949
SX,TMG_CIF_USD,W00,2020,510.282022
SX,TMG_CIF_USD,W00,2021,621.901733
SX,TMG_CIF_USD,W00,2022,969.478684
SX,TMG_CIF_USD,W00,2023,1173.304037
SX,TMG_CIF_USD,W00,2024,1081.069716
SX,TXG_FOB_USD,CN,2017,0.000161
SX,TXG_FOB_USD,CN,2018,0.000745
SX,TXG_FOB_USD,CN,2019,0.006472
SX,TXG_FOB_USD,CN,2020,0.075566
SX,TXG_FOB_USD,CN,2021,0.00267
SX,TXG_FOB_USD,CN,2022,0.003332
SX,TXG_FOB_USD,CN,2023,0.00362
SX,TXG_FOB_USD,CN,2024,0.006793
SX,TXG_FOB_USD,US,2017,67.112235
SX,TXG_FOB_USD,US,2018,90.767586
SX,TXG_FOB_USD,US,2019,122.258165
SX,TXG_FOB_USD,US,2020,44.1468
SX,TXG_FOB_USD,US,2021,46.268114
SX,TXG_FOB_USD,US,2022,75.240079
SX,TXG_FOB_USD,US,2023,84.749962
SX,TXG_FOB_USD,US,2024,95.787942
SX,TXG_FOB_USD,W00,2015,20.911151
SX,TXG_FOB_USD,W00,2016,35.591827
SX,TXG_FOB_USD,W00,2017,140.225518
SX,TXG_FOB_USD,W00,2018,108.393211
SX,TXG_FOB_USD,W00,2019,1190.534474
SX,TXG_FOB_USD,W00,2020,170.327649
SX,TXG_FOB_USD,W00,2021,74.422764
SX,TXG_FOB_USD,W00,2022,102.361435
SX,TXG_FOB_USD,W00,2023,103.909854
SX,TXG_FOB_USD,W00,2024,116.389255
SY,TMG_CIF_USD,CN,2015,413.866919
SY,TMG_CIF_USD,CN,2016,463.379623
SY,TMG_CIF_USD,CN,2017,563.733621
SY,TMG_CIF_USD,CN,2018,671.12458
SY,TMG_CIF_USD,CN,2019,755.931039
SY,TMG_CIF_USD,CN,2020,613.2946
SY,TMG_CIF_USD,CN,2021,560.744568
SY,TMG_CIF_USD,CN,2022,569.425104
SY,TMG_CIF_USD,CN,2023,509.380915
SY,TMG_CIF_USD,CN,2024,547.902115
SY,TMG_CIF_USD,US,2015,9.704927
SY,TMG_CIF_USD,US,2016,6.078016
SY,TMG_CIF_USD,US,2017,12.435651
SY,TMG_CIF_USD,US,2018,11.666704
SY,TMG_CIF_USD,US,2019,16.164569
SY,TMG_CIF_USD,US,2020,11.152637
SY,TMG_CIF_USD,US,2021,8.355696
SY,TMG_CIF_USD,US,2022,8.485047
SY,TMG_CIF_USD,US,2023,7.590323
SY,TMG_CIF_USD,US,2024,8.16433
SY,TMG_CIF_USD,W00,2015,6274.75794
SY,TMG_CIF_USD,W00,2016,4933.6175
SY,TMG_CIF_USD,W00,2017,6153.321006
SY,TMG_CIF_USD,W00,2018,7163.819548
SY,TMG_CIF_USD,W00,2019,6833.148581
SY,TMG_CIF_USD,W00,2020,5696.437574
SY,TMG_CIF_USD,W00,2021,6605.792385
SY,TMG_CIF_USD,W00,2022,6708.052506
SY,TMG_CIF_USD,W00,2023,6000.708292
SY,TMG_CIF_USD,W00,2024,6454.503218
SY,TXG_FOB_USD,CN,2015,3.454042
SY,TXG_FOB_USD,CN,2016,2.056433
SY,TXG_FOB_USD,CN,2017,1.277737
SY,TXG_FOB_USD,CN,2018,0.995149
SY,TXG_FOB_USD,CN,2019,5.40611
SY,TXG_FOB_USD,CN,2020,7.867085
SY,TXG_FOB_USD,CN,2021,1.268624
SY,TXG_FOB_USD,CN,2022,1.427212
SY,TXG_FOB_USD,CN,2023,2.370382
SY,TXG_FOB_USD,CN,2024,2.450391
SY,TXG_FOB_USD,US,2015,8.689403
SY,TXG_FOB_USD,US,2016,5.350701
SY,TXG_FOB_USD,US,2017,10.309589
SY,TXG_FOB_USD,US,2018,7.251754
SY,TXG_FOB_USD,US,2019,8.962887
SY,TXG_FOB_USD,US,2020,9.072378
SY,TXG_FOB_USD,US,2021,6.123404
SY,TXG_FOB_USD,US,2022,6.888863
SY,TXG_FOB_USD,US,2023,11.441359
SY,TXG_FOB_USD,US,2024,11.827555
SY,TXG_FOB_USD,W00,2015,2356.647979
SY,TXG_FOB_USD,W00,2016,2376.528338
SY,TXG_FOB_USD,W00,2017,2555.119313
SY,TXG_FOB_USD,W00,2018,2400.141677
SY,TXG_FOB_USD,W00,2019,2609.140379
SY,TXG_FOB_USD,W00,2020,2727.183696
SY,TXG_FOB_USD,W00,2021,1718.339302
SY,TXG_FOB_USD,W00,2022,1933.141319
SY,TXG_FOB_USD,W00,2023,3210.655355
SY,TXG_FOB_USD,W00,2024,3319.028908
SZ,TMG_CIF_USD,CN,2015,62.32743
SZ,TMG_CIF_USD,CN,2016,66.444554
SZ,TMG_CIF_USD,CN,2017,104.901175
SZ,TMG_CIF_USD,CN,2018,115.278876
SZ,TMG_CIF_USD,CN,2019,131.196841
SZ,TMG_CIF_USD,CN,2020,117.961157
SZ,TMG_CIF_USD,CN,2021,206.139375
SZ,TMG_CIF_USD,CN,2022,182.863212
SZ,TMG_CIF_USD,CN,2023,154.335574
SZ,TMG_CIF_USD,CN,2024,177.151895
SZ,TMG_CIF_USD,US,2015,29.492454
SZ,TMG_CIF_USD,US,2016,20.018486
SZ,TMG_CIF_USD,US,2017,20.778267
SZ,TMG_CIF_USD,US,2018,23.045048
SZ,TMG_CIF_USD,US,2019,29.310678
SZ,TMG_CIF_USD,US,2020,31.161659
SZ,TMG_CIF_USD,US,2021,32.480564
SZ,TMG_CIF_USD,US,2022,31.198843
SZ,TMG_CIF_USD,US,2023,31.515221
SZ,TMG_CIF_USD,US,2024,37.652281
SZ,TMG_CIF_USD,W00,2015,1538.004994
SZ,TMG_CIF_USD,W00,2016,1556.568605
SZ,TMG_CIF_USD,W00,2017,1632.569002
SZ,TMG_CIF_USD,W00,2018,1880.589818
SZ,TMG_CIF_USD,W00,2019,1861.746415
SZ,TMG_CIF_USD,W00,2020,1636.434987
SZ,TMG_CIF_USD,W00,2021,2155.340373
SZ,TMG_CIF_USD,W00,2022,2155.007313
SZ,TMG_CIF_USD,W00,2023,2070.081204
SZ,TMG_CIF_USD,W00,2024,2621.467427
SZ,TXG_FOB_USD,CN,2015,0.031276
SZ,TXG_FOB_USD,CN,2016,0.007957
SZ,TXG_FOB_USD,CN,2017,0.613017
SZ,TXG_FOB_USD,CN,2018,23.84115
SZ,TXG_FOB_USD,CN,2019,0.259607
SZ,TXG_FOB_USD,CN,2020,0.003018
SZ,TXG_FOB_USD,CN,2021,0.001873
SZ,TXG_FOB_USD,CN,2022,0.167744
SZ,TXG_FOB_USD,CN,2023,0.002619
SZ,TXG_FOB_USD,CN,2024,0.002895
SZ,TXG_FOB_USD,US,2015,17.937365
SZ,TXG_FOB_USD,US,2016,17.485361
SZ,TXG_FOB_USD,US,2017,15.142534
SZ,TXG_FOB_USD,US,2018,12.130843
SZ,TXG_FOB_USD,US,2019,22.272109
SZ,TXG_FOB_USD,US,2020,25.917213
SZ,TXG_FOB_USD,US,2021,18.243737
SZ,TXG_FOB_USD,US,2022,31.573361
SZ,TXG_FOB_USD,US,2023,29.200412
SZ,TXG_FOB_USD,US,2024,21.557378
SZ,TXG_FOB_USD,W00,2015,1840.284002
SZ,TXG_FOB_USD,W00,2016,1734.597392
SZ,TXG_FOB_USD,W00,2017,1816.05226
SZ,TXG_FOB_USD,W00,2018,1854.87397
SZ,TXG_FOB_USD,W00,2019,2025.184124
SZ,TXG_FOB_USD,W00,2020,1780.18077
SZ,TXG_FOB_USD,W00,2021,2089.934445
SZ,TXG_FOB_USD,W00,2022,2024.474546
SZ,TXG_FOB_USD,W00,2023,2127.977125
SZ,TXG_FOB_USD,W00,2024,2485.509731
TD,TMG_CIF_USD,CN,2015,132.764977
TD,TMG_CIF_USD,CN,2016,102.26138
TD,TMG_CIF_USD,CN,2017,122.248803
TD,TMG_CIF_USD,CN,2018,196.696379
TD,TMG_CIF_USD,CN,2019,295.494841
TD,TMG_CIF_USD,CN,2020,328.956826
TD,TMG_CIF_USD,CN,2021,387.705753
TD,TMG_CIF_USD,CN,2022,298.835434
TD,TMG_CIF_USD,CN,2023,401.124232
TD,TMG_CIF_USD,CN,2024,397.372384
TD,TMG_CIF_USD,US,2015,59.924432
TD,TMG_CIF_USD,US,2016,34.860136
TD,TMG_CIF_USD,US,2017,33.218796
TD,TMG_CIF_USD,US,2018,54.463108
TD,TMG_CIF_USD,US,2019,89.710749
TD,TMG_CIF_USD,US,2020,48.877595
TD,TMG_CIF_USD,US,2021,44.288703
TD,TMG_CIF_USD,US,2022,86.407141
TD,TMG_CIF_USD,US,2023,33.446943
TD,TMG_CIF_USD,US,2024,63.536244
TD,TMG_CIF_USD,W00,2015,883.009078
TD,TMG_CIF_USD,W00,2016,629.750858
TD,TMG_CIF_USD,W00,2017,577.850961
TD,TMG_CIF_USD,W00,2018,852.726757
TD,TMG_CIF_USD,W00,2019,1029.446864
TD,TMG_CIF_USD,W00,2020,1056.861211
TD,TMG_CIF_USD,W00,2021,1108.086103
TD,TMG_CIF_USD,W00,2022,1283.748974
TD,TMG_CIF_USD,W00,2023,1391.028216
TD,TMG_CIF_USD,W00,2024,1450.353275
TD,TXG_FOB_USD,CN,2015,85.558829
TD,TXG_FOB_USD,CN,2016,98.843394
TD,TXG_FOB_USD,CN,2017,213.336675
TD,TXG_FOB_USD,CN,2018,89.868783
TD,TXG_FOB_USD,CN,2019,414.930831
TD,TXG_FOB_USD,CN,2020,435.825566
TD,TXG_FOB_USD,CN,2021,187.462445
TD,TXG_FOB_USD,CN,2022,1004.035198
TD,TXG_FOB_USD,CN,2023,766.858097
TD,TXG_FOB_USD,CN,2024,708.948352
TD,TXG_FOB_USD,US,2015,1229.545823
TD,TXG_FOB_USD,US,2016,847.806737
TD,TXG_FOB_USD,US,2017,495.802318
TD,TXG_FOB_USD,US,2018,452.265411
TD,TXG_FOB_USD,US,2019,125.317695
TD,TXG_FOB_USD,US,2020,3.134147
TD,TXG_FOB_USD,US,2021,3.83078
TD,TXG_FOB_USD,US,2022,4.356236
TD,TXG_FOB_USD,US,2023,79.525966
TD,TXG_FOB_USD,US,2024,76.239659
TD,TXG_FOB_USD,W00,2015,2222.548571
TD,TXG_FOB_USD,W00,2016,1568.51735
TD,TXG_FOB_USD,W00,2017,1241.902157
TD,TXG_FOB_USD,W00,2018,1649.722954
TD,TXG_FOB_USD,W00,2019,1263.378653
TD,TXG_FOB_USD,W00,2020,1677.124361
TD,TXG_FOB_USD,W00,2021,2870.814215
TD,TXG_FOB_USD,W00,2022,4572.413993
TD,TXG_FOB_USD,W00,2023,4224.712713
TD,TXG_FOB_USD,W00,2024,4728.770073
TG,TMG_CIF_USD,CN,2015,371.464954
TG,TMG_CIF_USD,CN,2016,528.014195
TG,TMG_CIF_USD,CN,2017,341.50941
TG,TMG_CIF_USD,CN,2018,341.650528
TG,TMG_CIF_USD,CN,2019,367.848521
TG,TMG_CIF_USD,CN,2020,442.640608
TG,TMG_CIF_USD,CN,2021,556.843709
TG,TMG_CIF_USD,CN,2022,550.084939
TG,TMG_CIF_USD,CN,2023,580.21041
TG,TMG_CIF_USD,CN,2024,691.822441
TG,TMG_CIF_USD,US,2015,50.419696
TG,TMG_CIF_USD,US,2016,41.67156
TG,TMG_CIF_USD,US,2017,49.277632
TG,TMG_CIF_USD,US,2018,96.834116
TG,TMG_CIF_USD,US,2019,74.833416
TG,TMG_CIF_USD,US,2020,58.427682
TG,TMG_CIF_USD,US,2021,60.020373
TG,TMG_CIF_USD,US,2022,66.842185
TG,TMG_CIF_USD,US,2023,52.66215
TG,TMG_CIF_USD,US,2024,60.804212
TG,TMG_CIF_USD,W00,2015,1877.717373
TG,TMG_CIF_USD,W00,2016,1858.070202
TG,TMG_CIF_USD,W00,2017,1635.602261
TG,TMG_CIF_USD,W00,2018,1733.471563
TG,TMG_CIF_USD,W00,2019,1790.915687
TG,TMG_CIF_USD,W00,2020,2169.376179
TG,TMG_CIF_USD,W00,2021,2550.437886
TG,TMG_CIF_USD,W00,2022,2789.339286
TG,TMG_CIF_USD,W00,2023,3050.258509
TG,TMG_CIF_USD,W00,2024,3281.678583
TG,TXG_FOB_USD,CN,2015,7.671931
TG,TXG_FOB_USD,CN,2016,9.245495
TG,TXG_FOB_USD,CN,2017,14.570417
TG,TXG_FOB_USD,CN,2018,8.73578
TG,TXG_FOB_USD,CN,2019,9.351655
TG,TXG_FOB_USD,CN,2020,24.334406
TG,TXG_FOB_USD,CN,2021,9.051489
TG,TXG_FOB_USD,CN,2022,2.879106
TG,TXG_FOB_USD,CN,2023,11.647581
TG,TXG_FOB_USD,CN,2024,15.312602
TG,TXG_FOB_USD,US,2015,5.100922
TG,TXG_FOB_USD,US,2016,4.827847
TG,TXG_FOB_USD,US,2017,6.318463
TG,TXG_FOB_USD,US,2018,5.651975
TG,TXG_FOB_USD,US,2019,4.66657
TG,TXG_FOB_USD,US,2020,11.771307
TG,TXG_FOB_USD,US,2021,10.994898
TG,TXG_FOB_USD,US,2022,46.662287
TG,TXG_FOB_USD,US,2023,60.50255
TG,TXG_FOB_USD,US,2024,49.341022
TG,TXG_FOB_USD,W00,2015,793.105132
TG,TXG_FOB_USD,W00,2016,849.571791
TG,TXG_FOB_USD,W00,2017,867.016674
TG,TXG_FOB_USD,W00,2018,1025.238835
TG,TXG_FOB_USD,W00,2019,1011.474485
TG,TXG_FOB_USD,W00,2020,982.542405
TG,TXG_FOB_USD,W00,2021,1059.461441
TG,TXG_FOB_USD,W00,2022,1345.751735
TG,TXG_FOB_USD,W00,2023,1455.166323
TG,TXG_FOB_USD,W00,2024,1387.651638
TH,TMG_CIF_USD,CN,2015,40901.875214
TH,TMG_CIF_USD,CN,2016,42247.083995
TH,TMG_CIF_USD,CN,2017,44700.689245
TH,TMG_CIF_USD,CN,2018,50157.860116
TH,TMG_CIF_USD,CN,2019,50865.378451
TH,TMG_CIF_USD,CN,2020,50159.553807
TH,TMG_CIF_USD,CN,2021,66374.625349
TH,TMG_CIF_USD,CN,2022,70951.003306
TH,TMG_CIF_USD,CN,2023,71078.490111
TH,TMG_CIF_USD,CN,2024,81178.847428
TH,TMG_CIF_USD,US,2015,13814.966119
TH,TMG_CIF_USD,US,2016,12103.760904
TH,TMG_CIF_USD,US,2017,14957.117602
TH,TMG_CIF_USD,US,2018,15052.519664
TH,TMG_CIF_USD,US,2019,17524.387904
TH,TMG_CIF_USD,US,2020,14832.667274
TH,TMG_CIF_USD,US,2021,14379.322283
TH,TMG_CIF_USD,US,2022,17774.68158
TH,TMG_CIF_USD,US,2023,19354.799594
TH,TMG_CIF_USD,US,2024,19691.257968
TH,TMG_CIF_USD,W00,2015,201790.336767
TH,TMG_CIF_USD,W00,2016,195102.781832
TH,TMG_CIF_USD,W00,2017,223707.34508
TH,TMG_CIF_USD,W00,2018,249373.17077
TH,TMG_CIF_USD,W00,2019,238923.533227
TH,TMG_CIF_USD,W00,2020,207092.240864
TH,TMG_CIF_USD,W00,2021,266713.360264
TH,TMG_CIF_USD,W00,2022,301411.348521
TH,TMG_CIF_USD,W00,2023,289238.489276
TH,TMG_CIF_USD,W00,2024,308870.530225
TH,TXG_FOB_USD,CN,2015,23356.265513
TH,TXG_FOB_USD,CN,2016,23625.278513
TH,TXG_FOB_USD,CN,2017,29447.415294
TH,TXG_FOB_USD,CN,2018,30071.540253
TH,TXG_FOB_USD,CN,2019,29083.482542
TH,TXG_FOB_USD,CN,2020,29600.949688
TH,TXG_FOB_USD,CN,2021,36583.681644
TH,TXG_FOB_USD,CN,2022,34051.754063
TH,TXG_FOB_USD,CN,2023,33807.68075
TH,TXG_FOB_USD,CN,2024,35073.176769
TH,TXG_FOB_USD,US,2015,23681.673941
TH,TXG_FOB_USD,US,2016,24333.632887
TH,TXG_FOB_USD,US,2017,26518.858744
TH,TXG_FOB_USD,US,2018,27809.381419
TH,TXG_FOB_USD,US,2019,31289.151079
TH,TXG_FOB_USD,US,2020,34102.622575
TH,TXG_FOB_USD,US,2021,41079.627674
TH,TXG_FOB_USD,US,2022,47033.624457
TH,TXG_FOB_USD,US,2023,48377.527888
TH,TXG_FOB_USD,US,2024,54735.983198
TH,TXG_FOB_USD,W00,2015,210684.843219
TH,TXG_FOB_USD,W00,2016,213761.91107
TH,TXG_FOB_USD,W00,2017,235925.097351
TH,TXG_FOB_USD,W00,2018,250607.211853
TH,TXG_FOB_USD,W00,2019,245369.649807
TH,TXG_FOB_USD,W00,2020,229256.11708
TH,TXG_FOB_USD,W00,2021,266291.81122
TH,TXG_FOB_USD,W00,2022,283862.758108
TH,TXG_FOB_USD,W00,2023,281518.457334
TH,TXG_FOB_USD,W00,2024,298775.140356
TJ,TMG_CIF_USD,CN,2015,760.443762
TJ,TMG_CIF_USD,CN,2016,841.304899
TJ,TMG_CIF_USD,CN,2017,556.182373
TJ,TMG_CIF_USD,CN,2018,594.154339
TJ,TMG_CIF_USD,CN,2019,605.467574
TJ,TMG_CIF_USD,CN,2020,438.392052
TJ,TMG_CIF_USD,CN,2021,679.719896
TJ,TMG_CIF_USD,CN,2022,841.707329
TJ,TMG_CIF_USD,CN,2023,775.100774
TJ,TMG_CIF_USD,CN,2024,793.003484
TJ,TMG_CIF_USD,US,2015,25.083953
TJ,TMG_CIF_USD,US,2016,24.902764
TJ,TMG_CIF_USD,US,2017,23.497624
TJ,TMG_CIF_USD,US,2018,42.310189
TJ,TMG_CIF_USD,US,2019,44.371637
TJ,TMG_CIF_USD,US,2020,38.045
TJ,TMG_CIF_USD,US,2021,44.84428
TJ,TMG_CIF_USD,US,2022,151.698009
TJ,TMG_CIF_USD,US,2023,199.636823
TJ,TMG_CIF_USD,US,2024,92.645926
TJ,TMG_CIF_USD,W00,2015,2925.303569
TJ,TMG_CIF_USD,W00,2016,3053.39339
TJ,TMG_CIF_USD,W00,2017,2794.08328
TJ,TMG_CIF_USD,W00,2018,3215.841787
TJ,TMG_CIF_USD,W00,2019,3364.911375
TJ,TMG_CIF_USD,W00,2020,3169.919091
TJ,TMG_CIF_USD,W00,2021,4260.741604
TJ,TMG_CIF_USD,W00,2022,5335.044552
TJ,TMG_CIF_USD,W00,2023,4449.92234
TJ,TMG_CIF_USD,W00,2024,4236.068725
TJ,TXG_FOB_USD,CN,2015,59.991771
TJ,TXG_FOB_USD,CN,2016,44.044998
TJ,TXG_FOB_USD,CN,2017,35.38074
TJ,TXG_FOB_USD,CN,2018,57.075661
TJ,TXG_FOB_USD,CN,2019,55.419207
TJ,TXG_FOB_USD,CN,2020,34.411308
TJ,TXG_FOB_USD,CN,2021,30.645777
TJ,TXG_FOB_USD,CN,2022,226.232315
TJ,TXG_FOB_USD,CN,2023,312.795946
TJ,TXG_FOB_USD,CN,2024,387.718712
TJ,TXG_FOB_USD,US,2015,4.614284
TJ,TXG_FOB_USD,US,2016,0.119904
TJ,TXG_FOB_USD,US,2017,15.211713
TJ,TXG_FOB_USD,US,2018,0.786434
TJ,TXG_FOB_USD,US,2019,1.145962
TJ,TXG_FOB_USD,US,2020,0.102877
TJ,TXG_FOB_USD,US,2021,0.072269
TJ,TXG_FOB_USD,US,2022,0.747264
TJ,TXG_FOB_USD,US,2023,0.186101
TJ,TXG_FOB_USD,US,2024,0.850982
TJ,TXG_FOB_USD,W00,2015,1043.592238
TJ,TXG_FOB_USD,W00,2016,949.858245
TJ,TXG_FOB_USD,W00,2017,1118.480839
TJ,TXG_FOB_USD,W00,2018,1197.318881
TJ,TXG_FOB_USD,W00,2019,919.007606
TJ,TXG_FOB_USD,W00,2020,730.092603
TJ,TXG_FOB_USD,W00,2021,1477.326201
TJ,TXG_FOB_USD,W00,2022,1672.103833
TJ,TXG_FOB_USD,W00,2023,1313.957788
TJ,TXG_FOB_USD,W00,2024,1661.683911
TL,TMG_CIF_USD,CN,2015,52.860722
TL,TMG_CIF_USD,CN,2016,101.849312
TL,TMG_CIF_USD,CN,2017,88.93728
TL,TMG_CIF_USD,CN,2018,65.157299
TL,TMG_CIF_USD,CN,2019,69.378631
TL,TMG_CIF_USD,CN,2020,78.407414
TL,TMG_CIF_USD,CN,2021,72.790051
TL,TMG_CIF_USD,CN,2022,138.286425
TL,TMG_CIF_USD,CN,2023,128.629752
TL,TMG_CIF_USD,CN,2024,116.839552
TL,TMG_CIF_USD,US,2015,4.104431
TL,TMG_CIF_USD,US,2016,3.11813
TL,TMG_CIF_USD,US,2017,7.481344
TL,TMG_CIF_USD,US,2018,5.925462
TL,TMG_CIF_USD,US,2019,7.332821
TL,TMG_CIF_USD,US,2020,12.488328
TL,TMG_CIF_USD,US,2021,11.181772
TL,TMG_CIF_USD,US,2022,25.01442
TL,TMG_CIF_USD,US,2023,21.289928
TL,TMG_CIF_USD,US,2024,18.983735
TL,TMG_CIF_USD,W00,2015,635.410556
TL,TMG_CIF_USD,W00,2016,564.290094
TL,TMG_CIF_USD,W00,2017,595.295387
TL,TMG_CIF_USD,W00,2018,525.36105
TL,TMG_CIF_USD,W00,2019,542.968527
TL,TMG_CIF_USD,W00,2020,509.384299
TL,TMG_CIF_USD,W00,2021,553.501323
TL,TMG_CIF_USD,W00,2022,958.468016
TL,TMG_CIF_USD,W00,2023,930.715855
TL,TMG_CIF_USD,W00,2024,931.064422
TL,TXG_FOB_USD,CN,2015,0.76575
TL,TXG_FOB_USD,CN,2016,0.364304
TL,TXG_FOB_USD,CN,2017,2.051519
TL,TXG_FOB_USD,CN,2018,2.187161
TL,TXG_FOB_USD,CN,2019,19.55769
TL,TXG_FOB_USD,CN,2020,1.274456
TL,TXG_FOB_USD,CN,2021,108.911277
TL,TXG_FOB_USD,CN,2022,123.178288
TL,TXG_FOB_USD,CN,2023,76.212751
TL,TXG_FOB_USD,CN,2024,0.871899
TL,TXG_FOB_USD,US,2015,3.152575
TL,TXG_FOB_USD,US,2016,5.259366
TL,TXG_FOB_USD,US,2017,5.390335
TL,TXG_FOB_USD,US,2018,6.398554
TL,TXG_FOB_USD,US,2019,4.077251
TL,TXG_FOB_USD,US,2020,3.706208
TL,TXG_FOB_USD,US,2021,9.41673
TL,TXG_FOB_USD,US,2022,8.063834
TL,TXG_FOB_USD,US,2023,2.623753
TL,TXG_FOB_USD,US,2024,4.308374
TL,TXG_FOB_USD,W00,2015,29.132287
TL,TXG_FOB_USD,W00,2016,21.175039
TL,TXG_FOB_USD,W00,2017,29.617651
TL,TXG_FOB_USD,W00,2018,30.043287
TL,TXG_FOB_USD,W00,2019,152.722649
TL,TXG_FOB_USD,W00,2020,255.678365
TL,TXG_FOB_USD,W00,2021,468.650564
TL,TXG_FOB_USD,W00,2022,480.398806
TL,TXG_FOB_USD,W00,2023,168.176979
TL,TXG_FOB_USD,W00,2024,35.023533
TM,TMG_CIF_USD,CN,2015,862.593866
TM,TMG_CIF_USD,CN,2016,361.40806
TM,TMG_CIF_USD,CN,2017,403.239161
TM,TMG_CIF_USD,CN,2018,336.554441
TM,TMG_CIF_USD,CN,2019,456.885641
TM,TMG_CIF_USD,CN,2020,426.487894
TM,TMG_CIF_USD,CN,2021,545.767614
TM,TMG_CIF_USD,CN,2022,920.315149
TM,TMG_CIF_USD,CN,2023,1027.020326
TM,TMG_CIF_USD,CN,2024,1092.158842
TM,TMG_CIF_USD,US,2015,85.420502
TM,TMG_CIF_USD,US,2016,112.752981
TM,TMG_CIF_USD,US,2017,299.109681
TM,TMG_CIF_USD,US,2018,32.75708
TM,TMG_CIF_USD,US,2019,30.225335
TM,TMG_CIF_USD,US,2020,34.869003
TM,TMG_CIF_USD,US,2021,83.258378
TM,TMG_CIF_USD,US,2022,51.925407
TM,TMG_CIF_USD,US,2023,60.273413
TM,TMG_CIF_USD,US,2024,87.168485
TM,TMG_CIF_USD,W00,2015,6194.821421
TM,TMG_CIF_USD,W00,2016,5430.96087
TM,TMG_CIF_USD,W00,2017,4065.723301
TM,TMG_CIF_USD,W00,2018,2379.349534
TM,TMG_CIF_USD,W00,2019,2987.891766
TM,TMG_CIF_USD,W00,2020,3223.369104
TM,TMG_CIF_USD,W00,2021,4147.368503
TM,TMG_CIF_USD,W00,2022,3455.77692
TM,TMG_CIF_USD,W00,2023,4011.5118
TM,TMG_CIF_USD,W00,2024,4191.47037
TM,TXG_FOB_USD,CN,2015,7384.526254
TM,TXG_FOB_USD,CN,2016,5248.393398
TM,TXG_FOB_USD,CN,2017,6202.947899
TM,TXG_FOB_USD,CN,2018,7659.783142
TM,TXG_FOB_USD,CN,2019,8194.054529
TM,TXG_FOB_USD,CN,2020,4444.088132
TM,TXG_FOB_USD,CN,2021,6457.039458
TM,TXG_FOB_USD,CN,2022,9729.772491
TM,TXG_FOB_USD,CN,2023,9085.08012
TM,TXG_FOB_USD,CN,2024,9072.847975
TM,TXG_FOB_USD,US,2015,52.802524
TM,TXG_FOB_USD,US,2016,16.820996
TM,TXG_FOB_USD,US,2017,13.034224
TM,TXG_FOB_USD,US,2018,10.886607
TM,TXG_FOB_USD,US,2019,15.313522
TM,TXG_FOB_USD,US,2020,13.101043
TM,TXG_FOB_USD,US,2021,38.134079
TM,TXG_FOB_USD,US,2022,43.628042
TM,TXG_FOB_USD,US,2023,1.604615
TM,TXG_FOB_USD,US,2024,13.764702
TM,TXG_FOB_USD,W00,2015,9667.476357
TM,TXG_FOB_USD,W00,2016,7875.477449
TM,TXG_FOB_USD,W00,2017,8128.483561
TM,TXG_FOB_USD,W00,2018,9706.354249
TM,TXG_FOB_USD,W00,2019,10622.039352
TM,TXG_FOB_USD,W00,2020,6476.629909
TM,TXG_FOB_USD,W00,2021,9445.395308
TM,TXG_FOB_USD,W00,2022,13550.486999
TM,TXG_FOB_USD,W00,2023,14426.527606
TM,TXG_FOB_USD,W00,2024,12577.041098
TN,TMG_CIF_USD,CN,2015,1692.094267
TN,TMG_CIF_USD,CN,2016,1818.506987
TN,TMG_CIF_USD,CN,2017,1849.023383
TN,TMG_CIF_USD,CN,2018,2162.656549
TN,TMG_CIF_USD,CN,2019,2041.464329
TN,TMG_CIF_USD,CN,2020,2451.517784
TN,TMG_CIF_USD,CN,2021,2850.577248
TN,TMG_CIF_USD,CN,2022,3047.340766
TN,TMG_CIF_USD,CN,2023,2740.226525
TN,TMG_CIF_USD,CN,2024,2276.938991
TN,TMG_CIF_USD,US,2015,618.049009
TN,TMG_CIF_USD,US,2016,688.590654
TN,TMG_CIF_USD,US,2017,694.704438
TN,TMG_CIF_USD,US,2018,771.372841
TN,TMG_CIF_USD,US,2019,697.776394
TN,TMG_CIF_USD,US,2020,531.778976
TN,TMG_CIF_USD,US,2021,567.156952
TN,TMG_CIF_USD,US,2022,762.40052
TN,TMG_CIF_USD,US,2023,655.909588
TN,TMG_CIF_USD,US,2024,591.123789
TN,TMG_CIF_USD,W00,2015,20420.46365
TN,TMG_CIF_USD,W00,2016,18981.868492
TN,TMG_CIF_USD,W00,2017,20654.951896
TN,TMG_CIF_USD,W00,2018,22625.984466
TN,TMG_CIF_USD,W00,2019,21564.06196
TN,TMG_CIF_USD,W00,2020,18359.658516
TN,TMG_CIF_USD,W00,2021,22469.564134
TN,TMG_CIF_USD,W00,2022,26656.187138
TN,TMG_CIF_USD,W00,2023,26579.263602
TN,TMG_CIF_USD,W00,2024,26485.123585
TN,TXG_FOB_USD,CN,2015,28.305152
TN,TXG_FOB_USD,CN,2016,28.785545
TN,TXG_FOB_USD,CN,2017,30.997626
TN,TXG_FOB_USD,CN,2018,114.396464
TN,TXG_FOB_USD,CN,2019,46.696776
TN,TXG_FOB_USD,CN,2020,47.6924
TN,TXG_FOB_USD,CN,2021,79.377323
TN,TXG_FOB_USD,CN,2022,57.404325
TN,TXG_FOB_USD,CN,2023,20.928395
TN,TXG_FOB_USD,CN,2024,18.586008
TN,TXG_FOB_USD,US,2015,353.604132
TN,TXG_FOB_USD,US,2016,246.873305
TN,TXG_FOB_USD,US,2017,315.112599
TN,TXG_FOB_USD,US,2018,433.778414
TN,TXG_FOB_USD,US,2019,274.831918
TN,TXG_FOB_USD,US,2020,293.965433
TN,TXG_FOB_USD,US,2021,382.997114
TN,TXG_FOB_USD,US,2022,438.785007
TN,TXG_FOB_USD,US,2023,627.160037
TN,TXG_FOB_USD,US,2024,792.70443
TN,TXG_FOB_USD,W00,2015,13795.052966
TN,TXG_FOB_USD,W00,2016,12892.90398
TN,TXG_FOB_USD,W00,2017,14203.892889
TN,TXG_FOB_USD,W00,2018,15534.663052
TN,TXG_FOB_USD,W00,2019,14933.25254
TN,TXG_FOB_USD,W00,2020,13798.654132
TN,TXG_FOB_USD,W00,2021,16676.579506
TN,TXG_FOB_USD,W00,2022,18561.197627
TN,TXG_FOB_USD,W00,2023,20684.866868
TN,TXG_FOB_USD,W00,2024,20692.759182
TO,TMG_CIF_USD,CN,2015,19.706999
TO,TMG_CIF_USD,CN,2016,25.534
TO,TMG_CIF_USD,CN,2017,20.403
TO,TMG_CIF_USD,CN,2018,21.082
TO,TMG_CIF_USD,CN,2019,22.546
TO,TMG_CIF_USD,CN,2020,20.347
TO,TMG_CIF_USD,CN,2021,28.966
TO,TMG_CIF_USD,CN,2022,33.902
TO,TMG_CIF_USD,CN,2023,33.792
TO,TMG_CIF_USD,CN,2024,28.633562
TO,TMG_CIF_USD,US,2015,20.144
TO,TMG_CIF_USD,US,2016,22.601
TO,TMG_CIF_USD,US,2017,22.654
TO,TMG_CIF_USD,US,2018,22.602
TO,TMG_CIF_USD,US,2019,38.302
TO,TMG_CIF_USD,US,2020,18.45
TO,TMG_CIF_USD,US,2021,27.133
TO,TMG_CIF_USD,US,2022,28.781
TO,TMG_CIF_USD,US,2023,21.641
TO,TMG_CIF_USD,US,2024,28.85382
TO,TMG_CIF_USD,W00,2015,197.738002
TO,TMG_CIF_USD,W00,2016,218.443
TO,TMG_CIF_USD,W00,2017,227.994
TO,TMG_CIF_USD,W00,2018,220.732
TO,TMG_CIF_USD,W00,2019,249.461
TO,TMG_CIF_USD,W00,2020,214.584
TO,TMG_CIF_USD,W00,2021,237.588
TO,TMG_CIF_USD,W00,2022,257.961
TO,TMG_CIF_USD,W00,2023,257.534
TO,TMG_CIF_USD,W00,2024,327.344938
TO,TXG_FOB_USD,CN,2015,0.015001
TO,TXG_FOB_USD,CN,2016,0.07
TO,TXG_FOB_USD,CN,2017,0.214
TO,TXG_FOB_USD,CN,2018,0.216
TO,TXG_FOB_USD,CN,2019,0.378
TO,TXG_FOB_USD,CN,2020,0.183
TO,TXG_FOB_USD,CN,2021,0.005
TO,TXG_FOB_USD,CN,2022,0.005
TO,TXG_FOB_USD,CN,2023,0.134
TO,TXG_FOB_USD,CN,2024,0.126721
TO,TXG_FOB_USD,US,2015,5.297001
TO,TXG_FOB_USD,US,2016,4.291
TO,TXG_FOB_USD,US,2017,3.378
TO,TXG_FOB_USD,US,2018,3.088
TO,TXG_FOB_USD,US,2019,3.891
TO,TXG_FOB_USD,US,2020,2.89
TO,TXG_FOB_USD,US,2021,2.73
TO,TXG_FOB_USD,US,2022,2.81
TO,TXG_FOB_USD,US,2023,1.507
TO,TXG_FOB_USD,US,2024,3.674944
TO,TXG_FOB_USD,W00,2015,15.693005
TO,TXG_FOB_USD,W00,2016,19.052
TO,TXG_FOB_USD,W00,2017,17.78
TO,TXG_FOB_USD,W00,2018,12.504
TO,TXG_FOB_USD,W00,2019,18.461
TO,TXG_FOB_USD,W00,2020,13.564
TO,TXG_FOB_USD,W00,2021,14.381
TO,TXG_FOB_USD,W00,2022,12.316
TO,TXG_FOB_USD,W00,2023,9.378
TO,TXG_FOB_USD,W00,2024,16.838214
TR,TMG_CIF_USD,CN,2015,25283.734393
TR,TMG_CIF_USD,CN,2016,24852.474113
TR,TMG_CIF_USD,CN,2017,23753.643673
TR,TMG_CIF_USD,CN,2018,21506.001136
TR,TMG_CIF_USD,CN,2019,19128.159865
TR,TMG_CIF_USD,CN,2020,23041.354105
TR,TMG_CIF_USD,CN,2021,32238.051683
TR,TMG_CIF_USD,CN,2022,41354.561249
TR,TMG_CIF_USD,CN,2023,44980.250278
TR,TMG_CIF_USD,CN,2024,44928.378165
TR,TMG_CIF_USD,US,2015,11603.110677
TR,TMG_CIF_USD,US,2016,11275.869151
TR,TMG_CIF_USD,US,2017,12288.503154
TR,TMG_CIF_USD,US,2018,12995.754408
TR,TMG_CIF_USD,US,2019,11847.373367
TR,TMG_CIF_USD,US,2020,11524.950889
TR,TMG_CIF_USD,US,2021,13147.623328
TR,TMG_CIF_USD,US,2022,15228.077617
TR,TMG_CIF_USD,US,2023,15777.613505
TR,TMG_CIF_USD,US,2024,16226.247941
TR,TMG_CIF_USD,W00,2015,213619.211455
TR,TMG_CIF_USD,W00,2016,202189.241859
TR,TMG_CIF_USD,W00,2017,238715.127912
TR,TMG_CIF_USD,W00,2018,231152.482645
TR,TMG_CIF_USD,W00,2019,210345.202552
TR,TMG_CIF_USD,W00,2020,219516.806838
TR,TMG_CIF_USD,W00,2021,271425.553032
TR,TMG_CIF_USD,W00,2022,363710.574763
TR,TMG_CIF_USD,W00,2023,361766.457373
TR,TMG_CIF_USD,W00,2024,344010.273402
TR,TXG_FOB_USD,CN,2015,2500.618224
TR,TXG_FOB_USD,CN,2016,2378.537723
TR,TXG_FOB_USD,CN,2017,3037.675041
TR,TXG_FOB_USD,CN,2018,3078.644213
TR,TXG_FOB_USD,CN,2019,2726.0775
TR,TXG_FOB_USD,CN,2020,2865.865809
TR,TXG_FOB_USD,CN,2021,3662.747787
TR,TXG_FOB_USD,CN,2022,3281.335253
TR,TXG_FOB_USD,CN,2023,3305.697066
TR,TXG_FOB_USD,CN,2024,3388.41825
TR,TXG_FOB_USD,US,2015,7019.677522
TR,TXG_FOB_USD,US,2016,7262.305664
TR,TXG_FOB_USD,US,2017,9259.582787
TR,TXG_FOB_USD,US,2018,9072.756255
TR,TXG_FOB_USD,US,2019,8970.657918
TR,TXG_FOB_USD,US,2020,10182.965823
TR,TXG_FOB_USD,US,2021,14720.364293
TR,TXG_FOB_USD,US,2022,16885.324721
TR,TXG_FOB_USD,US,2023,14824.004675
TR,TXG_FOB_USD,US,2024,16351.106123
TR,TXG_FOB_USD,W00,2015,150982.113766
TR,TXG_FOB_USD,W00,2016,149246.999263
TR,TXG_FOB_USD,W00,2017,164494.619316
TR,TXG_FOB_USD,W00,2018,177168.756288
TR,TXG_FOB_USD,W00,2019,180832.721702
TR,TXG_FOB_USD,W00,2020,169637.75531
TR,TXG_FOB_USD,W00,2021,225214.458038
TR,TXG_FOB_USD,W00,2022,254169.747663
TR,TXG_FOB_USD,W00,2023,255538.193456
TR,TXG_FOB_USD,W00,2024,261778.131124
TT,TMG_CIF_USD,CN,2015,659.248272
TT,TMG_CIF_USD,CN,2016,596.740448
TT,TMG_CIF_USD,CN,2017,622.371612
TT,TMG_CIF_USD,CN,2018,660.072092
TT,TMG_CIF_USD,CN,2019,752.959302
TT,TMG_CIF_USD,CN,2020,490.865016
TT,TMG_CIF_USD,CN,2021,599.847089
TT,TMG_CIF_USD,CN,2022,752.963711
TT,TMG_CIF_USD,CN,2023,694.698709
TT,TMG_CIF_USD,CN,2024,1062.906709
TT,TMG_CIF_USD,US,2015,2970.737902
TT,TMG_CIF_USD,US,2016,2533.567605
TT,TMG_CIF_USD,US,2017,1801.809775
TT,TMG_CIF_USD,US,2018,1764.920477
TT,TMG_CIF_USD,US,2019,2458.841042
TT,TMG_CIF_USD,US,2020,1828.343912
TT,TMG_CIF_USD,US,2021,1995.353198
TT,TMG_CIF_USD,US,2022,2459.141683
TT,TMG_CIF_USD,US,2023,3876.141816
TT,TMG_CIF_USD,US,2024,2426.976819
TT,TMG_CIF_USD,W00,2015,12209.600277
TT,TMG_CIF_USD,W00,2016,10582.155258
TT,TMG_CIF_USD,W00,2017,8700.456782
TT,TMG_CIF_USD,W00,2018,6966.862806
TT,TMG_CIF_USD,W00,2019,6232.951083
TT,TMG_CIF_USD,W00,2020,4877.450578
TT,TMG_CIF_USD,W00,2021,5749.313753
TT,TMG_CIF_USD,W00,2022,6233.485696
TT,TMG_CIF_USD,W00,2023,8922.403065
TT,TMG_CIF_USD,W00,2024,10096.091249
TT,TXG_FOB_USD,CN,2015,101.047824
TT,TXG_FOB_USD,CN,2016,55.081116
TT,TXG_FOB_USD,CN,2017,117.290796
TT,TXG_FOB_USD,CN,2019,203.586458
TT,TXG_FOB_USD,CN,2020,154.104017
TT,TXG_FOB_USD,CN,2021,174.663914
TT,TXG_FOB_USD,CN,2022,251.600305
TT,TXG_FOB_USD,CN,2023,378.662664
TT,TXG_FOB_USD,CN,2024,199.458681
TT,TXG_FOB_USD,US,2015,4486.602547
TT,TXG_FOB_USD,US,2016,3169.918701
TT,TXG_FOB_USD,US,2017,3681.603143
TT,TXG_FOB_USD,US,2018,102.759971
TT,TXG_FOB_USD,US,2019,2738.790492
TT,TXG_FOB_USD,US,2020,2191.732267
TT,TXG_FOB_USD,US,2021,3522.887584
TT,TXG_FOB_USD,US,2022,5225.493938
TT,TXG_FOB_USD,US,2023,2653.947506
TT,TXG_FOB_USD,US,2024,3227.374363
TT,TXG_FOB_USD,W00,2015,15455.512948
TT,TXG_FOB_USD,W00,2016,10960.833638
TT,TXG_FOB_USD,W00,2017,12608.199216
TT,TXG_FOB_USD,W00,2018,7468.273558
TT,TXG_FOB_USD,W00,2019,7192.027223
TT,TXG_FOB_USD,W00,2020,5519.064875
TT,TXG_FOB_USD,W00,2021,8377.301961
TT,TXG_FOB_USD,W00,2022,13286.321238
TT,TXG_FOB_USD,W00,2023,7757.597831
TT,TXG_FOB_USD,W00,2024,11125.489929
TV,TMG_CIF_USD,CN,2015,0.474595
TV,TMG_CIF_USD,CN,2016,0.174064
TV,TMG_CIF_USD,CN,2017,0.567719
TV,TMG_CIF_USD,CN,2018,0.382895
TV,TMG_CIF_USD,CN,2019,0.672665
TV,TMG_CIF_USD,CN,2020,0.509941
TV,TMG_CIF_USD,CN,2021,1.436621
TV,TMG_CIF_USD,CN,2022,1.030005
TV,TMG_CIF_USD,CN,2023,1.296829
TV,TMG_CIF_USD,CN,2024,0.602217
TV,TMG_CIF_USD,US,2015,1.242232
TV,TMG_CIF_USD,US,2016,2.256266
TV,TMG_CIF_USD,US,2017,1.580808
TV,TMG_CIF_USD,US,2018,2.698369
TV,TMG_CIF_USD,US,2019,1.652738
TV,TMG_CIF_USD,US,2020,3.339691
TV,TMG_CIF_USD,US,2021,0.965062
TV,TMG_CIF_USD,US,2022,1.808984
TV,TMG_CIF_USD,US,2023,0.635322
TV,TMG_CIF_USD,US,2024,1.132606
TV,TMG_CIF_USD,W00,2015,42.312332
TV,TMG_CIF_USD,W00,2016,34.430881
TV,TMG_CIF_USD,W00,2017,43.197147
TV,TMG_CIF_USD,W00,2018,39.710702
TV,TMG_CIF_USD,W00,2019,40.867888
TV,TMG_CIF_USD,W00,2020,32.814316
TV,TMG_CIF_USD,W00,2021,73.970143
TV,TMG_CIF_USD,W00,2022,82.497719
TV,TMG_CIF_USD,W00,2023,72.547066
TV,TMG_CIF_USD,W00,2024,72.797083
TV,TXG_FOB_USD,CN,2015,0.938059
TV,TXG_FOB_USD,CN,2016,0.023585
TV,TXG_FOB_USD,CN,2017,0.006161
TV,TXG_FOB_USD,CN,2018,0.008906
TV,TXG_FOB_USD,CN,2019,0.024933
TV,TXG_FOB_USD,CN,2020,0.01085
TV,TXG_FOB_USD,CN,2021,0.035924
TV,TXG_FOB_USD,CN,2022,0.01067
TV,TXG_FOB_USD,CN,2023,0.000287
TV,TXG_FOB_USD,CN,2024,0.00096
TV,TXG_FOB_USD,US,2015,0.216054
TV,TXG_FOB_USD,US,2016,0.060888
TV,TXG_FOB_USD,US,2017,0.20788
TV,TXG_FOB_USD,US,2018,0.099033
TV,TXG_FOB_USD,US,2019,0.15527
TV,TXG_FOB_USD,US,2020,0.065713
TV,TXG_FOB_USD,US,2021,0.2976
TV,TXG_FOB_USD,US,2022,0.263205
TV,TXG_FOB_USD,US,2023,0.880947
TV,TXG_FOB_USD,US,2024,0.224447
TV,TXG_FOB_USD,W00,2015,2.498935
TV,TXG_FOB_USD,W00,2016,1.114378
TV,TXG_FOB_USD,W00,2017,1.201322
TV,TXG_FOB_USD,W00,2018,9.412709
TV,TXG_FOB_USD,W00,2019,8.342389
TV,TXG_FOB_USD,W00,2020,7.956599
TV,TXG_FOB_USD,W00,2021,31.694695
TV,TXG_FOB_USD,W00,2022,22.003776
TV,TXG_FOB_USD,W00,2023,8.233561
TV,TXG_FOB_USD,W00,2024,5.564132
TZ,TMG_CIF_USD,CN,2015,1853.932022
TZ,TMG_CIF_USD,CN,2016,1638.488109
TZ,TMG_CIF_USD,CN,2017,1002.779052
TZ,TMG_CIF_USD,CN,2018,1762.780938
TZ,TMG_CIF_USD,CN,2019,1987.663328
TZ,TMG_CIF_USD,CN,2020,2156.47923
TZ,TMG_CIF_USD,CN,2021,2696.194065
TZ,TMG_CIF_USD,CN,2022,3944.644224
TZ,TMG_CIF_USD,CN,2023,4158.672214
TZ,TMG_CIF_USD,CN,2024,4436.303721
TZ,TMG_CIF_USD,US,2015,321.53363
TZ,TMG_CIF_USD,US,2016,252.022651
TZ,TMG_CIF_USD,US,2017,146.42238
TZ,TMG_CIF_USD,US,2018,237.971039
TZ,TMG_CIF_USD,US,2019,320.572295
TZ,TMG_CIF_USD,US,2020,241.168427
TZ,TMG_CIF_USD,US,2021,261.355856
TZ,TMG_CIF_USD,US,2022,341.72354
TZ,TMG_CIF_USD,US,2023,378.376664
TZ,TMG_CIF_USD,US,2024,439.604063
TZ,TMG_CIF_USD,W00,2015,15026.954857
TZ,TMG_CIF_USD,W00,2016,8127.885898
TZ,TMG_CIF_USD,W00,2017,10001.222013
TZ,TMG_CIF_USD,W00,2018,8515.984237
TZ,TMG_CIF_USD,W00,2019,9053.863327
TZ,TMG_CIF_USD,W00,2020,8516.390483
TZ,TMG_CIF_USD,W00,2021,10833.862442
TZ,TMG_CIF_USD,W00,2022,15652.839804
TZ,TMG_CIF_USD,W00,2023,15117.300464
TZ,TMG_CIF_USD,W00,2024,14758.741734
TZ,TXG_FOB_USD,CN,2015,562.32243
TZ,TXG_FOB_USD,CN,2016,354.226346
TZ,TXG_FOB_USD,CN,2017,158.847952
TZ,TXG_FOB_USD,CN,2018,144.281538
TZ,TXG_FOB_USD,CN,2019,233.322382
TZ,TXG_FOB_USD,CN,2020,238.881143
TZ,TXG_FOB_USD,CN,2021,273.094563
TZ,TXG_FOB_USD,CN,2022,293.716367
TZ,TXG_FOB_USD,CN,2023,427.892624
TZ,TXG_FOB_USD,CN,2024,331.682031
TZ,TXG_FOB_USD,US,2015,50.773052
TZ,TXG_FOB_USD,US,2016,56.877269
TZ,TXG_FOB_USD,US,2017,50.554332
TZ,TXG_FOB_USD,US,2018,60.372178
TZ,TXG_FOB_USD,US,2019,48.646452
TZ,TXG_FOB_USD,US,2020,46.999956
TZ,TXG_FOB_USD,US,2021,39.076237
TZ,TXG_FOB_USD,US,2022,74.593766
TZ,TXG_FOB_USD,US,2023,97.834521
TZ,TXG_FOB_USD,US,2024,230.63092
TZ,TXG_FOB_USD,W00,2015,5938.070563
TZ,TXG_FOB_USD,W00,2016,4828.058778
TZ,TXG_FOB_USD,W00,2017,3853.44784
TZ,TXG_FOB_USD,W00,2018,3668.149099
TZ,TXG_FOB_USD,W00,2019,4760.919941
TZ,TXG_FOB_USD,W00,2020,6066.070728
TZ,TXG_FOB_USD,W00,2021,6390.862891
TZ,TXG_FOB_USD,W00,2022,6824.846118
TZ,TXG_FOB_USD,W00,2023,7274.328809
TZ,TXG_FOB_USD,W00,2024,11209.251657
U2,TMG_CIF_USD,CN,2015,277860.267766
U2,TMG_CIF_USD,CN,2016,279451.457866
U2,TMG_CIF_USD,CN,2017,307829.488077
U2,TMG_CIF_USD,CN,2018,336705.132584
U2,TMG_CIF_USD,CN,2019,335446.220004
U2,TMG_CIF_USD,CN,2020,359298.095165
U2,TMG_CIF_USD,CN,2021,454465.868285
U2,TMG_CIF_USD,CN,2022,539313.217081
U2,TMG_CIF_USD,CN,2023,460246.206084
U2,TMG_CIF_USD,CN,2024,453917.384485
U2,TMG_CIF_USD,US,2015,204356.599692
U2,TMG_CIF_USD,US,2016,201344.208819
U2,TMG_CIF_USD,US,2017,212559.340769
U2,TMG_CIF_USD,US,2018,233626.565025
U2,TMG_CIF_USD,US,2019,242251.985847
U2,TMG_CIF_USD,US,2020,210363.584545
U2,TMG_CIF_USD,US,2021,250697.090096
U2,TMG_CIF_USD,US,2022,343942.329112
U2,TMG_CIF_USD,US,2023,343442.395462
U2,TMG_CIF_USD,US,2024,327815.641144
U2,TMG_CIF_USD,W00,2015,3849149.295742
U2,TMG_CIF_USD,W00,2016,3847870.790771
U2,TMG_CIF_USD,W00,2017,4278503.599012
U2,TMG_CIF_USD,W00,2018,4753124.911065
U2,TMG_CIF_USD,W00,2019,4575471.917345
U2,TMG_CIF_USD,W00,2020,4218120.724407
U2,TMG_CIF_USD,W00,2021,5315251.223206
U2,TMG_CIF_USD,W00,2022,6163211.717414
U2,TMG_CIF_USD,W00,2023,5784812.884144
U2,TMG_CIF_USD,W00,2024,5597100.469402
U2,TXG_FOB_USD,CN,2015,145575.237971
U2,TXG_FOB_USD,CN,2016,153449.857264
U2,TXG_FOB_USD,CN,2017,182733.310051
U2,TXG_FOB_USD,CN,2018,201035.915036
U2,TXG_FOB_USD,CN,2019,200580.865141
U2,TXG_FOB_USD,CN,2020,207882.591659
U2,TXG_FOB_USD,CN,2021,238511.925201
U2,TXG_FOB_USD,CN,2022,219850.282797
U2,TXG_FOB_USD,CN,2023,218959.601482
U2,TXG_FOB_USD,CN,2024,206969.379367
U2,TXG_FOB_USD,US,2015,313395.893051
U2,TXG_FOB_USD,US,2016,311137.782303
U2,TXG_FOB_USD,US,2017,333262.021555
U2,TXG_FOB_USD,US,2018,377437.816288
U2,TXG_FOB_USD,US,2019,389247.680322
U2,TXG_FOB_USD,US,2020,361267.985753
U2,TXG_FOB_USD,US,2021,423661.357153
U2,TXG_FOB_USD,US,2022,479070.802454
U2,TXG_FOB_USD,US,2023,490301.478547
U2,TXG_FOB_USD,US,2024,521068.166918
U2,TXG_FOB_USD,W00,2015,4119480.213232
U2,TXG_FOB_USD,W00,2016,4148759.462086
U2,TXG_FOB_USD,W00,2017,4539835.899635
U2,TXG_FOB_USD,W00,2018,4961851.675404
U2,TXG_FOB_USD,W00,2019,4810711.950519
U2,TXG_FOB_USD,W00,2020,4495072.483495
U2,TXG_FOB_USD,W00,2021,5446828.198437
U2,TXG_FOB_USD,W00,2022,5856667.590821
U2,TXG_FOB_USD,W00,2023,5855946.728345
U2,TXG_FOB_USD,W00,2024,5797201.823147
UA,TMG_CIF_USD,CN,2015,3770.069686
UA,TMG_CIF_USD,CN,2016,4688.4788
UA,TMG_CIF_USD,CN,2017,5522.859914
UA,TMG_CIF_USD,CN,2018,7603.977716
UA,TMG_CIF_USD,CN,2019,9195.633964
UA,TMG_CIF_USD,CN,2020,8254.991661
UA,TMG_CIF_USD,CN,2021,10637.51387
UA,TMG_CIF_USD,CN,2022,8658.732091
UA,TMG_CIF_USD,CN,2023,10429.774994
UA,TMG_CIF_USD,CN,2024,17062.62529
UA,TMG_CIF_USD,US,2015,1483.225954
UA,TMG_CIF_USD,US,2016,1691.8879
UA,TMG_CIF_USD,US,2017,2479.986093
UA,TMG_CIF_USD,US,2018,2967.772027
UA,TMG_CIF_USD,US,2019,3045.359916
UA,TMG_CIF_USD,US,2020,2954.197809
UA,TMG_CIF_USD,US,2021,3409.986681
UA,TMG_CIF_USD,US,2022,2175.639327
UA,TMG_CIF_USD,US,2023,2863.120579
UA,TMG_CIF_USD,US,2024,4122.919171
UA,TMG_CIF_USD,W00,2015,37502.282947
UA,TMG_CIF_USD,W00,2016,39234.201196
UA,TMG_CIF_USD,W00,2017,48716.950159
UA,TMG_CIF_USD,W00,2018,57086.474317
UA,TMG_CIF_USD,W00,2019,60483.034066
UA,TMG_CIF_USD,W00,2020,56633.070424
UA,TMG_CIF_USD,W00,2021,69961.285877
UA,TMG_CIF_USD,W00,2022,55224.689447
UA,TMG_CIF_USD,W00,2023,63517.476732
UA,TMG_CIF_USD,W00,2024,88172.247961
UA,TXG_FOB_USD,CN,2015,2399.092397
UA,TXG_FOB_USD,CN,2016,1832.5136
UA,TXG_FOB_USD,CN,2017,1991.686544
UA,TXG_FOB_USD,CN,2018,2200.26793
UA,TXG_FOB_USD,CN,2019,3593.683746
UA,TXG_FOB_USD,CN,2020,7117.750669
UA,TXG_FOB_USD,CN,2021,7992.488808
UA,TXG_FOB_USD,CN,2022,2489.546653
UA,TXG_FOB_USD,CN,2023,2400.923733
UA,TXG_FOB_USD,CN,2024,2681.534348
UA,TXG_FOB_USD,US,2015,481.984968
UA,TXG_FOB_USD,US,2016,427.5026
UA,TXG_FOB_USD,US,2017,806.526295
UA,TXG_FOB_USD,US,2018,1113.19128
UA,TXG_FOB_USD,US,2019,984.82814
UA,TXG_FOB_USD,US,2020,988.389548
UA,TXG_FOB_USD,US,2021,1549.882822
UA,TXG_FOB_USD,US,2022,892.77441
UA,TXG_FOB_USD,US,2023,519.919632
UA,TXG_FOB_USD,US,2024,1080.394833
UA,TXG_FOB_USD,W00,2015,38134.807633
UA,TXG_FOB_USD,W00,2016,36288.474719
UA,TXG_FOB_USD,W00,2017,42339.359355
UA,TXG_FOB_USD,W00,2018,47182.315552
UA,TXG_FOB_USD,W00,2019,49886.456342
UA,TXG_FOB_USD,W00,2020,50203.173676
UA,TXG_FOB_USD,W00,2021,65826.467476
UA,TXG_FOB_USD,W00,2022,44443.200593
UA,TXG_FOB_USD,W00,2023,36051.944618
UA,TXG_FOB_USD,W00,2024,49808.732105
UG,TMG_CIF_USD,CN,2015,875.009999
UG,TMG_CIF_USD,CN,2016,886.220005
UG,TMG_CIF_USD,CN,2017,985.953617
UG,TMG_CIF_USD,CN,2018,1184.441651
UG,TMG_CIF_USD,CN,2019,1256.567841
UG,TMG_CIF_USD,CN,2020,1351.95166
UG,TMG_CIF_USD,CN,2021,1652.460105
UG,TMG_CIF_USD,CN,2022,1924.153
UG,TMG_CIF_USD,CN,2023,2266.8679
UG,TMG_CIF_USD,CN,2024,2425.435074
UG,TMG_CIF_USD,US,2015,89.339999
UG,TMG_CIF_USD,US,2016,76.88
UG,TMG_CIF_USD,US,2017,83.001438
UG,TMG_CIF_USD,US,2018,116.698996
UG,TMG_CIF_USD,US,2019,132.979372
UG,TMG_CIF_USD,US,2020,143.189582
UG,TMG_CIF_USD,US,2021,168.689299
UG,TMG_CIF_USD,US,2022,257.8274
UG,TMG_CIF_USD,US,2023,211.4471
UG,TMG_CIF_USD,US,2024,229.369955
UG,TMG_CIF_USD,W00,2015,5537.579983
UG,TMG_CIF_USD,W00,2016,4834.990025
UG,TMG_CIF_USD,W00,2017,5785.525847
UG,TMG_CIF_USD,W00,2018,6933.569541
UG,TMG_CIF_USD,W00,2019,7988.320814
UG,TMG_CIF_USD,W00,2020,8763.502711
UG,TMG_CIF_USD,W00,2021,9491.229899
UG,TMG_CIF_USD,W00,2022,9957.3614
UG,TMG_CIF_USD,W00,2023,11995.5293
UG,TMG_CIF_USD,W00,2024,12790.313154
UG,TXG_FOB_USD,CN,2015,57.72
UG,TXG_FOB_USD,CN,2016,27.06
UG,TXG_FOB_USD,CN,2017,30.119231
UG,TXG_FOB_USD,CN,2018,32.213135
UG,TXG_FOB_USD,CN,2019,40.62743
UG,TXG_FOB_USD,CN,2020,39.61357
UG,TXG_FOB_USD,CN,2021,37.7263
UG,TXG_FOB_USD,CN,2022,88.398
UG,TXG_FOB_USD,CN,2023,98.8783
UG,TXG_FOB_USD,CN,2024,95.180485
UG,TXG_FOB_USD,US,2015,32.98
UG,TXG_FOB_USD,US,2016,40.06
UG,TXG_FOB_USD,US,2017,75.062742
UG,TXG_FOB_USD,US,2018,43.734465
UG,TXG_FOB_USD,US,2019,47.435137
UG,TXG_FOB_USD,US,2020,58.391543
UG,TXG_FOB_USD,US,2021,76.9405
UG,TXG_FOB_USD,US,2022,91.7922
UG,TXG_FOB_USD,US,2023,86.3956
UG,TXG_FOB_USD,US,2024,178.686691
UG,TXG_FOB_USD,W00,2015,2394.339998
UG,TXG_FOB_USD,W00,2016,2598.249996
UG,TXG_FOB_USD,W00,2017,2907.295789
UG,TXG_FOB_USD,W00,2018,3093.883061
UG,TXG_FOB_USD,W00,2019,3568.68119
UG,TXG_FOB_USD,W00,2020,4153.611091
UG,TXG_FOB_USD,W00,2021,3972.854985
UG,TXG_FOB_USD,W00,2022,3531.8773
UG,TXG_FOB_USD,W00,2023,6194.7953
UG,TXG_FOB_USD,W00,2024,8986.569573
US,TMG_CIF_USD,CN,2015,481880.763487
US,TMG_CIF_USD,CN,2016,462813.00046
US,TMG_CIF_USD,CN,2017,505165.098057
US,TMG_CIF_USD,CN,2018,538514.158526
US,TMG_CIF_USD,CN,2019,449110.676707
US,TMG_CIF_USD,CN,2020,432548.018651
US,TMG_CIF_USD,CN,2021,504286.202159
US,TMG_CIF_USD,CN,2022,536307.087949
US,TMG_CIF_USD,CN,2023,427229.201376
US,TMG_CIF_USD,CN,2024,438947.386145
US,TMG_CIF_USD,W00,2015,2241276.242105
US,TMG_CIF_USD,W00,2016,2188916.530216
US,TMG_CIF_USD,W00,2017,2339591.330018
US,TMG_CIF_USD,W00,2018,2536145.273678
US,TMG_CIF_USD,W00,2019,2491699.567726
US,TMG_CIF_USD,W00,2020,2331477.180822
US,TMG_CIF_USD,W00,2021,2828874.700494
US,TMG_CIF_USD,W00,2022,3242529.859066
US,TMG_CIF_USD,W00,2023,3084110.149152
US,TMG_CIF_USD,W00,2024,3267388.705988
US,TXG_FOB_USD,CN,2015,116186.262295
US,TXG_FOB_USD,CN,2016,115775.122765
US,TXG_FOB_USD,CN,2017,129997.227243
US,TXG_FOB_USD,CN,2018,120281.213791
US,TXG_FOB_USD,CN,2019,106481.217316
US,TXG_FOB_USD,CN,2020,124581.510375
US,TXG_FOB_USD,CN,2021,151431.944117
US,TXG_FOB_USD,CN,2022,154012.073132
US,TXG_FOB_USD,CN,2023,147805.636446
US,TXG_FOB_USD,CN,2024,143545.739507
US,TXG_FOB_USD,W00,2015,1503337.029419
US,TXG_FOB_USD,W00,2016,1452427.666983
US,TXG_FOB_USD,W00,2017,1547195.40268
US,TXG_FOB_USD,W00,2018,1665786.886956
US,TXG_FOB_USD,W00,2019,1645940.338649
US,TXG_FOB_USD,W00,2020,1429995.404019
US,TXG_FOB_USD,W00,2021,1757821.567908
US,TXG_FOB_USD,W00,2022,2065156.971432
US,TXG_FOB_USD,W00,2023,2019551.635133
US,TXG_FOB_USD,W00,2024,2065411.250609
UY,TMG_CIF_USD,CN,2015,1747.405887
UY,TMG_CIF_USD,CN,2016,1532.146121
UY,TMG_CIF_USD,CN,2017,1693.815706
UY,TMG_CIF_USD,CN,2018,1536.456482
UY,TMG_CIF_USD,CN,2019,1913.061149
UY,TMG_CIF_USD,CN,2020,1440.479226
UY,TMG_CIF_USD,CN,2021,2448.876588
UY,TMG_CIF_USD,CN,2022,2482.661174
UY,TMG_CIF_USD,CN,2023,2384.160549
UY,TMG_CIF_USD,CN,2024,2770.858915
UY,TMG_CIF_USD,US,2015,850.034297
UY,TMG_CIF_USD,US,2016,560.743816
UY,TMG_CIF_USD,US,2017,920.864579
UY,TMG_CIF_USD,US,2018,526.022333
UY,TMG_CIF_USD,US,2019,446.607011
UY,TMG_CIF_USD,US,2020,862.889038
UY,TMG_CIF_USD,US,2021,520.441109
UY,TMG_CIF_USD,US,2022,906.527827
UY,TMG_CIF_USD,US,2023,1099.574154
UY,TMG_CIF_USD,US,2024,798.477333
UY,TMG_CIF_USD,W00,2015,9488.719102
UY,TMG_CIF_USD,W00,2016,8136.09354
UY,TMG_CIF_USD,W00,2017,8457.124866
UY,TMG_CIF_USD,W00,2018,8185.651902
UY,TMG_CIF_USD,W00,2019,7679.653813
UY,TMG_CIF_USD,W00,2020,7561.2816
UY,TMG_CIF_USD,W00,2021,9990.678568
UY,TMG_CIF_USD,W00,2022,11596.800452
UY,TMG_CIF_USD,W00,2023,12483.671343
UY,TMG_CIF_USD,W00,2024,12521.976641
UY,TXG_FOB_USD,CN,2015,1066.027788
UY,TXG_FOB_USD,CN,2016,869.745557
UY,TXG_FOB_USD,CN,2017,1488.285924
UY,TXG_FOB_USD,CN,2018,1498.996468
UY,TXG_FOB_USD,CN,2019,1911.628079
UY,TXG_FOB_USD,CN,2020,1390.401834
UY,TXG_FOB_USD,CN,2021,2594.017844
UY,TXG_FOB_USD,CN,2022,2404.239102
UY,TXG_FOB_USD,CN,2023,1552.992852
UY,TXG_FOB_USD,CN,2024,1400.050973
UY,TXG_FOB_USD,US,2015,525.01538
UY,TXG_FOB_USD,US,2016,446.106842
UY,TXG_FOB_USD,US,2017,455.03372
UY,TXG_FOB_USD,US,2018,453.904226
UY,TXG_FOB_USD,US,2019,446.881595
UY,TXG_FOB_USD,US,2020,517.980484
UY,TXG_FOB_USD,US,2021,539.59827
UY,TXG_FOB_USD,US,2022,696.00239
UY,TXG_FOB_USD,US,2023,744.295928
UY,TXG_FOB_USD,US,2024,960.684982
UY,TXG_FOB_USD,W00,2015,7673.394824
UY,TXG_FOB_USD,W00,2016,6993.769127
UY,TXG_FOB_USD,W00,2017,7883.610103
UY,TXG_FOB_USD,W00,2018,7497.903769
UY,TXG_FOB_USD,W00,2019,7677.379111
UY,TXG_FOB_USD,W00,2020,6862.752444
UY,TXG_FOB_USD,W00,2021,9525.63745
UY,TXG_FOB_USD,W00,2022,11180.655204
UY,TXG_FOB_USD,W00,2023,9216.358442
UY,TXG_FOB_USD,W00,2024,10228.507011
UZ,TMG_CIF_USD,CN,2015,4287.054222
UZ,TMG_CIF_USD,CN,2016,2222.979019
UZ,TMG_CIF_USD,CN,2017,2547.692473
UZ,TMG_CIF_USD,CN,2018,3525.398681
UZ,TMG_CIF_USD,CN,2019,4832.523652
UZ,TMG_CIF_USD,CN,2020,4510.894837
UZ,TMG_CIF_USD,CN,2021,4997.917419
UZ,TMG_CIF_USD,CN,2022,6619.806612
UZ,TMG_CIF_USD,CN,2023,11215.591072
UZ,TMG_CIF_USD,CN,2024,10318.560128
UZ,TMG_CIF_USD,US,2015,295.329469
UZ,TMG_CIF_USD,US,2016,235.351167
UZ,TMG_CIF_USD,US,2017,176.267834
UZ,TMG_CIF_USD,US,2018,360.149879
UZ,TMG_CIF_USD,US,2019,487.598473
UZ,TMG_CIF_USD,US,2020,217.428613
UZ,TMG_CIF_USD,US,2021,261.237082
UZ,TMG_CIF_USD,US,2022,329.667296
UZ,TMG_CIF_USD,US,2023,400.082188
UZ,TMG_CIF_USD,US,2024,438.98035
UZ,TMG_CIF_USD,W00,2015,22932.638934
UZ,TMG_CIF_USD,W00,2016,11328.406939
UZ,TMG_CIF_USD,W00,2017,12035.209176
UZ,TMG_CIF_USD,W00,2018,17312.259769
UZ,TMG_CIF_USD,W00,2019,21868.540615
UZ,TMG_CIF_USD,W00,2020,19955.143883
UZ,TMG_CIF_USD,W00,2021,23740.370284
UZ,TMG_CIF_USD,W00,2022,28172.927206
UZ,TMG_CIF_USD,W00,2023,36006.674299
UZ,TMG_CIF_USD,W00,2024,35237.900942
UZ,TXG_FOB_USD,CN,2015,1685.272519
UZ,TXG_FOB_USD,CN,2016,1796.317672
UZ,TXG_FOB_USD,CN,2017,1330.455456
UZ,TXG_FOB_USD,CN,2018,1727.299415
UZ,TXG_FOB_USD,CN,2019,1860.149354
UZ,TXG_FOB_USD,CN,2020,1205.284656
UZ,TXG_FOB_USD,CN,2021,1892.70308
UZ,TXG_FOB_USD,CN,2022,1549.077217
UZ,TXG_FOB_USD,CN,2023,1611.937112
UZ,TXG_FOB_USD,CN,2024,1190.12876
UZ,TXG_FOB_USD,US,2015,0.286059
UZ,TXG_FOB_USD,US,2016,45.371334
UZ,TXG_FOB_USD,US,2017,5.98008
UZ,TXG_FOB_USD,US,2018,4.381727
UZ,TXG_FOB_USD,US,2019,6.805754
UZ,TXG_FOB_USD,US,2020,6.842011
UZ,TXG_FOB_USD,US,2021,21.775048
UZ,TXG_FOB_USD,US,2022,17.638495
UZ,TXG_FOB_USD,US,2023,56.076461
UZ,TXG_FOB_USD,US,2024,156.89089
UZ,TXG_FOB_USD,W00,2015,4897.046051
UZ,TXG_FOB_USD,W00,2016,8974.004175
UZ,TXG_FOB_USD,W00,2017,10079.209986
UZ,TXG_FOB_USD,W00,2018,10920.699937
UZ,TXG_FOB_USD,W00,2019,14023.838907
UZ,TXG_FOB_USD,W00,2020,13124.230369
UZ,TXG_FOB_USD,W00,2021,14081.079835
UZ,TXG_FOB_USD,W00,2022,15349.649063
UZ,TXG_FOB_USD,W00,2023,19252.305341
UZ,TXG_FOB_USD,W00,2024,19784.671965
VA,TMG_CIF_USD,CN,2017,0.089037
VA,TMG_CIF_USD,CN,2018,0.006922
VA,TMG_CIF_USD,CN,2019,0.006391
VA,TMG_CIF_USD,CN,2020,0.769291
VA,TMG_CIF_USD,CN,2021,1.950371
VA,TMG_CIF_USD,CN,2022,0.079893
VA,TMG_CIF_USD,CN,2023,0.119417
VA,TMG_CIF_USD,CN,2024,0.010209
VA,TMG_CIF_USD,US,2016,0.0954
VA,TMG_CIF_USD,US,2017,1.215664
VA,TMG_CIF_USD,US,2018,0.19486
VA,TMG_CIF_USD,US,2019,0.762046
VA,TMG_CIF_USD,US,2020,0.333836
VA,TMG_CIF_USD,US,2021,0.364879
VA,TMG_CIF_USD,US,2022,0.05487
VA,TMG_CIF_USD,US,2023,0.952918
VA,TMG_CIF_USD,US,2024,1.042393
VA,TMG_CIF_USD,W00,2015,43.063
VA,TMG_CIF_USD,W00,2016,45.298321
VA,TMG_CIF_USD,W00,2017,65.92188
VA,TMG_CIF_USD,W00,2018,65.688022
VA,TMG_CIF_USD,W00,2019,33.782268
VA,TMG_CIF_USD,W00,2020,75.426009
VA,TMG_CIF_USD,W00,2021,87.326381
VA,TMG_CIF_USD,W00,2022,81.626869
VA,TMG_CIF_USD,W00,2023,40.250939
VA,TMG_CIF_USD,W00,2024,36.998084
VA,TXG_FOB_USD,CN,2016,0.021698
VA,TXG_FOB_USD,CN,2018,0.004405
VA,TXG_FOB_USD,CN,2019,0.030019
VA,TXG_FOB_USD,CN,2020,0.004499
VA,TXG_FOB_USD,CN,2021,0.000169
VA,TXG_FOB_USD,CN,2022,0.002961
VA,TXG_FOB_USD,CN,2023,0.002868
VA,TXG_FOB_USD,CN,2024,0.006273
VA,TXG_FOB_USD,US,2016,0.052314
VA,TXG_FOB_USD,US,2017,1.007161
VA,TXG_FOB_USD,US,2018,0.819686
VA,TXG_FOB_USD,US,2019,0.924185
VA,TXG_FOB_USD,US,2020,1.408518
VA,TXG_FOB_USD,US,2021,0.705616
VA,TXG_FOB_USD,US,2022,1.522118
VA,TXG_FOB_USD,US,2023,1.518306
VA,TXG_FOB_USD,US,2024,0.160943
VA,TXG_FOB_USD,W00,2015,16.585317
VA,TXG_FOB_USD,W00,2016,3.977517
VA,TXG_FOB_USD,W00,2017,4.257625
VA,TXG_FOB_USD,W00,2018,4.175255
VA,TXG_FOB_USD,W00,2019,6.03873
VA,TXG_FOB_USD,W00,2020,14.744284
VA,TXG_FOB_USD,W00,2021,13.996575
VA,TXG_FOB_USD,W00,2022,5.469617
VA,TXG_FOB_USD,W00,2023,8.94638
VA,TXG_FOB_USD,W00,2024,4.301547
VC,TMG_CIF_USD,CN,2015,18.180344
VC,TMG_CIF_USD,CN,2016,18.890682
VC,TMG_CIF_USD,CN,2017,19.179617
VC,TMG_CIF_USD,CN,2018,23.949138
VC,TMG_CIF_USD,CN,2019,20.876573
VC,TMG_CIF_USD,CN,2020,20.060252
VC,TMG_CIF_USD,CN,2021,24.398567
VC,TMG_CIF_USD,CN,2022,29.867667
VC,TMG_CIF_USD,CN,2023,33.63585
VC,TMG_CIF_USD,CN,2024,38.844467
VC,TMG_CIF_USD,US,2015,126.647873
VC,TMG_CIF_USD,US,2016,136.772544
VC,TMG_CIF_USD,US,2017,124.954311
VC,TMG_CIF_USD,US,2018,136.620515
VC,TMG_CIF_USD,US,2019,136.406717
VC,TMG_CIF_USD,US,2020,139.407237
VC,TMG_CIF_USD,US,2021,174.225624
VC,TMG_CIF_USD,US,2022,213.704763
VC,TMG_CIF_USD,US,2023,203.750436
VC,TMG_CIF_USD,US,2024,175.362493
VC,TMG_CIF_USD,W00,2015,460.319128
VC,TMG_CIF_USD,W00,2016,471.540132
VC,TMG_CIF_USD,W00,2017,454.906533
VC,TMG_CIF_USD,W00,2018,490.247732
VC,TMG_CIF_USD,W00,2019,471.503075
VC,TMG_CIF_USD,W00,2020,460.359823
VC,TMG_CIF_USD,W00,2021,546.636495
VC,TMG_CIF_USD,W00,2022,651.66066
VC,TMG_CIF_USD,W00,2023,660.277387
VC,TMG_CIF_USD,W00,2024,699.253293
VC,TXG_FOB_USD,CN,2015,0.000439
VC,TXG_FOB_USD,CN,2016,0.008756
VC,TXG_FOB_USD,CN,2017,1.3e-05
VC,TXG_FOB_USD,CN,2019,0.002298
VC,TXG_FOB_USD,US,2015,2.002166
VC,TXG_FOB_USD,US,2016,1.561414
VC,TXG_FOB_USD,US,2017,2.112416
VC,TXG_FOB_USD,US,2018,2.835171
VC,TXG_FOB_USD,US,2019,4.072792
VC,TXG_FOB_USD,US,2020,11.033192
VC,TXG_FOB_USD,US,2021,5.060109
VC,TXG_FOB_USD,US,2022,7.836448
VC,TXG_FOB_USD,US,2023,4.6055
VC,TXG_FOB_USD,US,2024,7.119826
VC,TXG_FOB_USD,W00,2015,54.706523
VC,TXG_FOB_USD,W00,2016,53.716674
VC,TXG_FOB_USD,W00,2017,125.975071
VC,TXG_FOB_USD,W00,2018,135.342488
VC,TXG_FOB_USD,W00,2019,119.261183
VC,TXG_FOB_USD,W00,2020,140.764251
VC,TXG_FOB_USD,W00,2021,58.367018
VC,TXG_FOB_USD,W00,2022,62.2239
VC,TXG_FOB_USD,W00,2023,57.68816
VC,TXG_FOB_USD,W00,2024,67.340197
VE,TMG_CIF_USD,CN,2015,6156.673599
VE,TMG_CIF_USD,CN,2016,2978.451349
VE,TMG_CIF_USD,CN,2017,2032.912459
VE,TMG_CIF_USD,CN,2018,1329.898093
VE,TMG_CIF_USD,CN,2019,1784.141792
VE,TMG_CIF_USD,CN,2020,1890.233097
VE,TMG_CIF_USD,CN,2021,2537.730627
VE,TMG_CIF_USD,CN,2022,3505.07728
VE,TMG_CIF_USD,CN,2023,4065.600569
VE,TMG_CIF_USD,CN,2024,5569.737591
VE,TMG_CIF_USD,US,2015,7386.0215
VE,TMG_CIF_USD,US,2016,4598.195678
VE,TMG_CIF_USD,US,2017,3530.371404
VE,TMG_CIF_USD,US,2018,5136.462765
VE,TMG_CIF_USD,US,2019,1096.063519
VE,TMG_CIF_USD,US,2020,948.47375
VE,TMG_CIF_USD,US,2021,1352.732188
VE,TMG_CIF_USD,US,2022,1836.189487
VE,TMG_CIF_USD,US,2023,2095.0491
VE,TMG_CIF_USD,US,2024,3544.162775
VE,TMG_CIF_USD,W00,2015,40115.122114
VE,TMG_CIF_USD,W00,2016,21175.131365
VE,TMG_CIF_USD,W00,2017,14314.772795
VE,TMG_CIF_USD,W00,2018,15568.636249
VE,TMG_CIF_USD,W00,2019,8144.587847
VE,TMG_CIF_USD,W00,2020,9456.640801
VE,TMG_CIF_USD,W00,2021,10479.371294
VE,TMG_CIF_USD,W00,2022,13674.1035
VE,TMG_CIF_USD,W00,2023,14324.346869
VE,TMG_CIF_USD,W00,2024,19332.779899
VE,TXG_FOB_USD,CN,2015,4791.026
VE,TXG_FOB_USD,CN,2016,3818.004468
VE,TXG_FOB_USD,CN,2017,5031.491204
VE,TXG_FOB_USD,CN,2018,5132.791755
VE,TXG_FOB_USD,CN,2019,3354.24801
VE,TXG_FOB_USD,CN,2020,326.00095
VE,TXG_FOB_USD,CN,2021,679.762943
VE,TXG_FOB_USD,CN,2022,584.136858
VE,TXG_FOB_USD,CN,2023,506.676767
VE,TXG_FOB_USD,CN,2024,1105.249667
VE,TXG_FOB_USD,US,2015,13174.313
VE,TXG_FOB_USD,US,2016,9499.860347
VE,TXG_FOB_USD,US,2017,10981.709689
VE,TXG_FOB_USD,US,2018,11868.488279
VE,TXG_FOB_USD,US,2019,1745.439205
VE,TXG_FOB_USD,US,2020,151.636593
VE,TXG_FOB_USD,US,2021,267.496099
VE,TXG_FOB_USD,US,2022,374.635422
VE,TXG_FOB_USD,US,2023,3261.202462
VE,TXG_FOB_USD,US,2024,5434.523721
VE,TXG_FOB_USD,W00,2015,34195.697529
VE,TXG_FOB_USD,W00,2016,24540.117519
VE,TXG_FOB_USD,W00,2017,30057.912653
VE,TXG_FOB_USD,W00,2018,32310.528271
VE,TXG_FOB_USD,W00,2019,15256.07958
VE,TXG_FOB_USD,W00,2020,4826.817308
VE,TXG_FOB_USD,W00,2021,2759.592022
VE,TXG_FOB_USD,W00,2022,4112.279761
VE,TXG_FOB_USD,W00,2023,7313.010849
VE,TXG_FOB_USD,W00,2024,13832.901061
VN,TMG_CIF_USD,CN,2015,49441.123236
VN,TMG_CIF_USD,CN,2016,50037.690972
VN,TMG_CIF_USD,CN,2017,58532.566129
VN,TMG_CIF_USD,CN,2018,65516.168366
VN,TMG_CIF_USD,CN,2019,75472.093517
VN,TMG_CIF_USD,CN,2020,84374.276687
VN,TMG_CIF_USD,CN,2021,109825.130146
VN,TMG_CIF_USD,CN,2022,117700.341516
VN,TMG_CIF_USD,CN,2023,111186.651265
VN,TMG_CIF_USD,CN,2024,143989.458697
VN,TMG_CIF_USD,US,2015,7792.507481
VN,TMG_CIF_USD,US,2016,8712.155926
VN,TMG_CIF_USD,US,2017,9342.939334
VN,TMG_CIF_USD,US,2018,12747.327254
VN,TMG_CIF_USD,US,2019,14433.656801
VN,TMG_CIF_USD,US,2020,13758.471674
VN,TMG_CIF_USD,US,2021,15020.633862
VN,TMG_CIF_USD,US,2022,14438.827458
VN,TMG_CIF_USD,US,2023,13814.243145
VN,TMG_CIF_USD,US,2024,14970.788975
VN,TMG_CIF_USD,W00,2015,171632.637581
VN,TMG_CIF_USD,W00,2016,182226.249821
VN,TMG_CIF_USD,W00,2017,220574.333138
VN,TMG_CIF_USD,W00,2018,232542.086432
VN,TMG_CIF_USD,W00,2019,249012.981156
VN,TMG_CIF_USD,W00,2020,258784.442782
VN,TMG_CIF_USD,W00,2021,324832.94621
VN,TMG_CIF_USD,W00,2022,350869.493139
VN,TMG_CIF_USD,W00,2023,318466.938556
VN,TMG_CIF_USD,W00,2024,365588.593032
VN,TXG_FOB_USD,CN,2015,16567.685859
VN,TXG_FOB_USD,CN,2016,21950.444542
VN,TXG_FOB_USD,CN,2017,35394.308576
VN,TXG_FOB_USD,CN,2018,41410.128553
VN,TXG_FOB_USD,CN,2019,41462.536991
VN,TXG_FOB_USD,CN,2020,49094.894832
VN,TXG_FOB_USD,CN,2021,56200.560938
VN,TXG_FOB_USD,CN,2022,58464.694184
VN,TXG_FOB_USD,CN,2023,61283.592028
VN,TXG_FOB_USD,CN,2024,61025.933626
VN,TXG_FOB_USD,US,2015,33475.028549
VN,TXG_FOB_USD,US,2016,38473.176751
VN,TXG_FOB_USD,US,2017,41549.71467
VN,TXG_FOB_USD,US,2018,47538.405242
VN,TXG_FOB_USD,US,2019,61332.425085
VN,TXG_FOB_USD,US,2020,77151.198116
VN,TXG_FOB_USD,US,2021,96390.158786
VN,TXG_FOB_USD,US,2022,109111.558634
VN,TXG_FOB_USD,US,2023,97019.660238
VN,TXG_FOB_USD,US,2024,119374.187665
VN,TXG_FOB_USD,W00,2015,193329.350291
VN,TXG_FOB_USD,W00,2016,213925.068303
VN,TXG_FOB_USD,W00,2017,254302.982422
VN,TXG_FOB_USD,W00,2018,239221.683219
VN,TXG_FOB_USD,W00,2019,259384.351525
VN,TXG_FOB_USD,W00,2020,277270.837492
VN,TXG_FOB_USD,W00,2021,330431.996952
VN,TXG_FOB_USD,W00,2022,364262.418391
VN,TXG_FOB_USD,W00,2023,345093.229089
VN,TXG_FOB_USD,W00,2024,392241.826013
VU,TMG_CIF_USD,CN,2015,48.363999
VU,TMG_CIF_USD,CN,2016,52.900001
VU,TMG_CIF_USD,CN,2017,52.499001
VU,TMG_CIF_USD,CN,2018,39.195
VU,TMG_CIF_USD,CN,2019,40.21
VU,TMG_CIF_USD,CN,2020,36.774
VU,TMG_CIF_USD,CN,2021,44.831
VU,TMG_CIF_USD,CN,2022,50.034099
VU,TMG_CIF_USD,CN,2023,56.259565
VU,TMG_CIF_USD,CN,2024,57.183572
VU,TMG_CIF_USD,US,2015,6.117999
VU,TMG_CIF_USD,US,2016,16.402
VU,TMG_CIF_USD,US,2017,6.017
VU,TMG_CIF_USD,US,2018,7.428
VU,TMG_CIF_USD,US,2019,5.629
VU,TMG_CIF_USD,US,2020,4.144
VU,TMG_CIF_USD,US,2021,5.01
VU,TMG_CIF_USD,US,2022,5.784441
VU,TMG_CIF_USD,US,2023,7.423047
VU,TMG_CIF_USD,US,2024,7.544962
VU,TMG_CIF_USD,W00,2015,401.155005
VU,TMG_CIF_USD,W00,2016,441.001005
VU,TMG_CIF_USD,W00,2017,396.385995
VU,TMG_CIF_USD,W00,2018,372.685
VU,TMG_CIF_USD,W00,2019,341.645
VU,TMG_CIF_USD,W00,2020,284.221
VU,TMG_CIF_USD,W00,2021,318.584
VU,TMG_CIF_USD,W00,2022,366.194301
VU,TMG_CIF_USD,W00,2023,427.6228
VU,TMG_CIF_USD,W00,2024,434.646078
VU,TXG_FOB_USD,CN,2015,4.084999
VU,TXG_FOB_USD,CN,2016,0.864999
VU,TXG_FOB_USD,CN,2017,3.515001
VU,TXG_FOB_USD,CN,2018,2.633
VU,TXG_FOB_USD,CN,2019,4.733
VU,TXG_FOB_USD,CN,2020,8.201
VU,TXG_FOB_USD,CN,2021,10.743
VU,TXG_FOB_USD,CN,2022,8.28294
VU,TXG_FOB_USD,CN,2023,10.817424
VU,TXG_FOB_USD,CN,2024,9.540496
VU,TXG_FOB_USD,US,2015,0.285
VU,TXG_FOB_USD,US,2016,2.027
VU,TXG_FOB_USD,US,2017,3.273999
VU,TXG_FOB_USD,US,2018,7.504
VU,TXG_FOB_USD,US,2019,3.916
VU,TXG_FOB_USD,US,2020,4.577
VU,TXG_FOB_USD,US,2021,4.566
VU,TXG_FOB_USD,US,2022,5.954886
VU,TXG_FOB_USD,US,2023,5.533135
VU,TXG_FOB_USD,US,2024,4.879983
VU,TXG_FOB_USD,W00,2015,37.636991
VU,TXG_FOB_USD,W00,2016,32.666989
VU,TXG_FOB_USD,W00,2017,59.175989
VU,TXG_FOB_USD,W00,2018,51.524005
VU,TXG_FOB_USD,W00,2019,46.68
VU,TXG_FOB_USD,W00,2020,38.874999
VU,TXG_FOB_USD,W00,2021,45.633
VU,TXG_FOB_USD,W00,2022,60.834582
VU,TXG_FOB_USD,W00,2023,62.825959
VU,TXG_FOB_USD,W00,2024,55.409753
W00,TMG_CIF_USD,CN,2015,2318463.843332
W00,TMG_CIF_USD,CN,2016,2250474.739945
W00,TMG_CIF_USD,CN,2017,2489229.104761
W00,TMG_CIF_USD,CN,2018,2694201.8562
W00,TMG_CIF_USD,CN,2019,2617822.960648
W00,TMG_CIF_USD,CN,2020,2575948.6205694
W00,TMG_CIF_USD,CN,2021,3248780.914994
W00,TMG_CIF_USD,CN,2022,3556472.95298789
W00,TMG_CIF_USD,CN,2023,3288826.31490665
W00,TMG_CIF_USD,CN,2024,3497130.45909621
W00,TMG_CIF_USD,US,2015,1452826.239512
W00,TMG_CIF_USD,US,2016,1392933.840125
W00,TMG_CIF_USD,US,2017,1499299.926787
W00,TMG_CIF_USD,US,2018,1633455.397582
W00,TMG_CIF_USD,US,2019,1594773.843577
W00,TMG_CIF_USD,US,2020,1380609.5245607
W00,TMG_CIF_USD,US,2021,1721533.10277
W00,TMG_CIF_USD,US,2022,2053032.79094421
W00,TMG_CIF_USD,US,2023,1969114.22032826
W00,TMG_CIF_USD,US,2024,1987228.36910061
W00,TMG_CIF_USD,W00,2015,16534577.042016
W00,TMG_CIF_USD,W00,2016,16180870.718018
W00,TMG_CIF_USD,W00,2017,17967636.078108
W00,TMG_CIF_USD,W00,2018,19790486.843417
W00,TMG_CIF_USD,W00,2019,19272904.892498
W00,TMG_CIF_USD,W00,2020,17658744.6113288
W00,TMG_CIF_USD,W00,2021,22414030.635266
W00,TMG_CIF_USD,W00,2022,25427711.8924279
W00,TMG_CIF_USD,W00,2023,24084501.1206401
W00,TMG_CIF_USD,W00,2024,24620380.159594
W00,TXG_FOB_USD,CN,2015,1439133.126321
W00,TXG_FOB_USD,CN,2016,1371351.676529
W00,TXG_FOB_USD,CN,2017,1657695.426931
W00,TXG_FOB_USD,CN,2018,1860403.34561169
W00,TXG_FOB_USD,CN,2019,1796584.582706
W00,TXG_FOB_USD,CN,2020,1794827.828835
W00,TXG_FOB_USD,CN,2021,2299039.408858
W00,TXG_FOB_USD,CN,2022,2308001.63191274
W00,TXG_FOB_USD,CN,2023,2201918.85995072
W00,TXG_FOB_USD,CN,2024,2224566.26764607
W00,TXG_FOB_USD,US,2015,2133628.651436
W00,TXG_FOB_USD,US,2016,2085723.405668
W00,TXG_FOB_USD,US,2017,2243374.595597
W00,TXG_FOB_USD,US,2018,2459937.210954
W00,TXG_FOB_USD,US,2019,2431672.682649
W00,TXG_FOB_USD,US,2020,2332690.17175
W00,TXG_FOB_USD,US,2021,2886112.665241
W00,TXG_FOB_USD,US,2022,3217760.20577263
W00,TXG_FOB_USD,US,2023,3109728.41879535
W00,TXG_FOB_USD,US,2024,3270857.58945223
W00,TXG_FOB_USD,W00,2015,16443332.833015
W00,TXG_FOB_USD,W00,2016,15996280.038889
W00,TXG_FOB_USD,W00,2017,17648997.841867
W00,TXG_FOB_USD,W00,2018,19368166.6333447
W00,TXG_FOB_USD,W00,2019,18842765.822997
W00,TXG_FOB_USD,W00,2020,17402487.868562
W00,TXG_FOB_USD,W00,2021,22094047.201206
W00,TXG_FOB_USD,W00,2022,24712397.4375116
W00,TXG_FOB_USD,W00,2023,23546207.5300006
W00,TXG_FOB_USD,W00,2024,24069126.1759338
WS,TMG_CIF_USD,CN,2015,40.580808
WS,TMG_CIF_USD,CN,2016,41.715625
WS,TMG_CIF_USD,CN,2017,31.893442
WS,TMG_CIF_USD,CN,2018,32.670537
WS,TMG_CIF_USD,CN,2019,48.230568
WS,TMG_CIF_USD,CN,2020,25.685616
WS,TMG_CIF_USD,CN,2021,32.371995
WS,TMG_CIF_USD,CN,2022,41.135796
WS,TMG_CIF_USD,CN,2023,47.450404
WS,TMG_CIF_USD,CN,2024,59.766597
WS,TMG_CIF_USD,US,2015,32.255303
WS,TMG_CIF_USD,US,2016,36.127387
WS,TMG_CIF_USD,US,2017,37.546383
WS,TMG_CIF_USD,US,2018,37.112777
WS,TMG_CIF_USD,US,2019,34.153421
WS,TMG_CIF_USD,US,2020,32.72279
WS,TMG_CIF_USD,US,2021,37.080069
WS,TMG_CIF_USD,US,2022,48.251978
WS,TMG_CIF_USD,US,2023,38.342854
WS,TMG_CIF_USD,US,2024,43.856537
WS,TMG_CIF_USD,W00,2015,333.793907
WS,TMG_CIF_USD,W00,2016,350.489718
WS,TMG_CIF_USD,W00,2017,351.210036
WS,TMG_CIF_USD,W00,2018,363.555009
WS,TMG_CIF_USD,W00,2019,389.005334
WS,TMG_CIF_USD,W00,2020,311.57035
WS,TMG_CIF_USD,W00,2021,367.887368
WS,TMG_CIF_USD,W00,2022,439.989271
WS,TMG_CIF_USD,W00,2023,468.075064
WS,TMG_CIF_USD,W00,2024,488.272767
WS,TXG_FOB_USD,US,2015,2.786546
WS,TXG_FOB_USD,US,2016,3.749674
WS,TXG_FOB_USD,US,2017,3.069857
WS,TXG_FOB_USD,US,2018,4.345542
WS,TXG_FOB_USD,US,2019,5.732557
WS,TXG_FOB_USD,US,2020,4.072637
WS,TXG_FOB_USD,US,2021,5.28274
WS,TXG_FOB_USD,US,2022,6.710144
WS,TXG_FOB_USD,US,2023,5.062642
WS,TXG_FOB_USD,US,2024,5.506545
WS,TXG_FOB_USD,W00,2015,52.797314
WS,TXG_FOB_USD,W00,2016,56.175415
WS,TXG_FOB_USD,W00,2017,41.981446
WS,TXG_FOB_USD,W00,2018,45.993443
WS,TXG_FOB_USD,W00,2019,49.062399
WS,TXG_FOB_USD,W00,2020,37.236526
WS,TXG_FOB_USD,W00,2021,29.079771
WS,TXG_FOB_USD,W00,2022,41.580145
WS,TXG_FOB_USD,W00,2023,42.45655
WS,TXG_FOB_USD,W00,2024,41.832619
X88,TMG_CIF_USD,CN,2015,6149.069754
X88,TMG_CIF_USD,CN,2016,5716.7727
X88,TMG_CIF_USD,CN,2017,5187.180656
X88,TMG_CIF_USD,CN,2018,3917.614202
X88,TMG_CIF_USD,CN,2019,3972.68783
X88,TMG_CIF_USD,CN,2020,1479.09572
X88,TMG_CIF_USD,CN,2021,1249.047549
X88,TMG_CIF_USD,CN,2022,2075.007421
X88,TMG_CIF_USD,CN,2023,3484.667029
X88,TMG_CIF_USD,CN,2024,2664.286014
X88,TMG_CIF_USD,US,2015,204.909862
X88,TMG_CIF_USD,US,2016,262.024268
X88,TMG_CIF_USD,US,2017,302.36967
X88,TMG_CIF_USD,US,2018,268.171946
X88,TMG_CIF_USD,US,2019,308.311051
X88,TMG_CIF_USD,US,2020,196.151311
X88,TMG_CIF_USD,US,2021,371.005036
X88,TMG_CIF_USD,US,2022,449.946199
X88,TMG_CIF_USD,US,2023,485.919457
X88,TMG_CIF_USD,US,2024,694.227488
X88,TMG_CIF_USD,W00,2015,16058.947955
X88,TMG_CIF_USD,W00,2016,14469.600455
X88,TMG_CIF_USD,W00,2017,14244.425236
X88,TMG_CIF_USD,W00,2018,14645.251903
X88,TMG_CIF_USD,W00,2019,13630.968549
X88,TMG_CIF_USD,W00,2020,8415.942211
X88,TMG_CIF_USD,W00,2021,9468.428786
X88,TMG_CIF_USD,W00,2022,8514.963856
X88,TMG_CIF_USD,W00,2023,9918.589245
X88,TMG_CIF_USD,W00,2024,9658.896574
X88,TXG_FOB_USD,CN,2015,2619.765866
X88,TXG_FOB_USD,CN,2016,2811.385852
X88,TXG_FOB_USD,CN,2017,1971.389049
X88,TXG_FOB_USD,CN,2018,636.173858
X88,TXG_FOB_USD,CN,2019,645.957101
X88,TXG_FOB_USD,CN,2020,424.425766
X88,TXG_FOB_USD,CN,2021,472.318713
X88,TXG_FOB_USD,CN,2022,302.302126
X88,TXG_FOB_USD,CN,2023,435.192277
X88,TXG_FOB_USD,CN,2024,490.120931
X88,TXG_FOB_USD,US,2015,0.007512
X88,TXG_FOB_USD,US,2016,0.007512
X88,TXG_FOB_USD,US,2019,0.041079
X88,TXG_FOB_USD,US,2020,0.033038
X88,TXG_FOB_USD,US,2021,0.725603
X88,TXG_FOB_USD,US,2022,0.029359
X88,TXG_FOB_USD,US,2023,0.001403
X88,TXG_FOB_USD,US,2024,0.055885
X88,TXG_FOB_USD,W00,2015,6149.577675
X88,TXG_FOB_USD,W00,2016,5679.360052
X88,TXG_FOB_USD,W00,2017,4236.907082
X88,TXG_FOB_USD,W00,2018,2973.25154
X88,TXG_FOB_USD,W00,2019,2491.028764
X88,TXG_FOB_USD,W00,2020,1903.531683
X88,TXG_FOB_USD,W00,2021,2155.819413
X88,TXG_FOB_USD,W00,2022,1197.062817
X88,TXG_FOB_USD,W00,2023,1242.015399
X88,TXG_FOB_USD,W00,2024,1187.296508
XK,TMG_CIF_USD,CN,2015,258.252893
XK,TMG_CIF_USD,CN,2016,285.98171
XK,TMG_CIF_USD,CN,2017,313.179926
XK,TMG_CIF_USD,CN,2018,366.932834
XK,TMG_CIF_USD,CN,2019,381.313779
XK,TMG_CIF_USD,CN,2020,372.313202
XK,TMG_CIF_USD,CN,2021,529.934313
XK,TMG_CIF_USD,CN,2022,575.868053
XK,TMG_CIF_USD,CN,2023,642.090683
XK,TMG_CIF_USD,CN,2024,818.031015
XK,TMG_CIF_USD,US,2015,41.611949
XK,TMG_CIF_USD,US,2016,61.636938
XK,TMG_CIF_USD,US,2017,40.403097
XK,TMG_CIF_USD,US,2018,41.979229
XK,TMG_CIF_USD,US,2019,51.679606
XK,TMG_CIF_USD,US,2020,68.08336
XK,TMG_CIF_USD,US,2021,109.56221
XK,TMG_CIF_USD,US,2022,75.49268
XK,TMG_CIF_USD,US,2023,93.12817
XK,TMG_CIF_USD,US,2024,115.057456
XK,TMG_CIF_USD,W00,2015,2918.015157
XK,TMG_CIF_USD,W00,2016,3088.06926
XK,TMG_CIF_USD,W00,2017,3456.642507
XK,TMG_CIF_USD,W00,2018,3942.134364
XK,TMG_CIF_USD,W00,2019,3910.400426
XK,TMG_CIF_USD,W00,2020,3780.742081
XK,TMG_CIF_USD,W00,2021,5491.501878
XK,TMG_CIF_USD,W00,2022,5924.073269
XK,TMG_CIF_USD,W00,2023,5877.570798
XK,TMG_CIF_USD,W00,2024,6848.277862
XK,TXG_FOB_USD,CN,2015,0.230035
XK,TXG_FOB_USD,CN,2016,12.569418
XK,TXG_FOB_USD,CN,2017,6.17171
XK,TXG_FOB_USD,CN,2018,1.591628
XK,TXG_FOB_USD,CN,2019,0.783287
XK,TXG_FOB_USD,CN,2020,4.452154
XK,TXG_FOB_USD,CN,2021,2.003238
XK,TXG_FOB_USD,CN,2022,0.922373
XK,TXG_FOB_USD,CN,2023,0.778418
XK,TXG_FOB_USD,CN,2024,0.884653
XK,TXG_FOB_USD,US,2015,0.502075
XK,TXG_FOB_USD,US,2016,2.001185
XK,TXG_FOB_USD,US,2017,2.721646
XK,TXG_FOB_USD,US,2018,2.734409
XK,TXG_FOB_USD,US,2019,3.537052
XK,TXG_FOB_USD,US,2020,27.540838
XK,TXG_FOB_USD,US,2021,144.061792
XK,TXG_FOB_USD,US,2022,145.455544
XK,TXG_FOB_USD,US,2023,114.921757
XK,TXG_FOB_USD,US,2024,42.878913
XK,TXG_FOB_USD,W00,2015,360.933064
XK,TXG_FOB_USD,W00,2016,342.485688
XK,TXG_FOB_USD,W00,2017,428.326279
XK,TXG_FOB_USD,W00,2018,425.769107
XK,TXG_FOB_USD,W00,2019,428.926633
XK,TXG_FOB_USD,W00,2020,544.264821
XK,TXG_FOB_USD,W00,2021,885.544653
XK,TXG_FOB_USD,W00,2022,967.840058
XK,TXG_FOB_USD,W00,2023,932.903365
XK,TXG_FOB_USD,W00,2024,1018.603793
XR29,TMG_CIF_USD,CN,2015,1586554.018606
XR29,TMG_CIF_USD,CN,2016,1537351.485108
XR29,TMG_CIF_USD,CN,2017,1668249.576094
XR29,TMG_CIF_USD,CN,2018,1798241.640619
XR29,TMG_CIF_USD,CN,2019,1692527.190624
XR29,TMG_CIF_USD,CN,2020,1694933.358688
XR29,TMG_CIF_USD,CN,2021,2075063.34434
XR29,TMG_CIF_USD,CN,2022,2207373.492253
XR29,TMG_CIF_USD,CN,2023,1913321.625058
XR29,TMG_CIF_USD,CN,2024,1951814.094021
XR29,TMG_CIF_USD,US,2015,772585.249494
XR29,TMG_CIF_USD,US,2016,754734.824667
XR29,TMG_CIF_USD,US,2017,799803.669712
XR29,TMG_CIF_USD,US,2018,876297.757614
XR29,TMG_CIF_USD,US,2019,884065.182814
XR29,TMG_CIF_USD,US,2020,757349.062155
XR29,TMG_CIF_USD,US,2021,908852.854074
XR29,TMG_CIF_USD,US,2022,1122893.786812
XR29,TMG_CIF_USD,US,2023,1087752.050167
XR29,TMG_CIF_USD,US,2024,1083620.755485
XR29,TMG_CIF_USD,W00,2015,10346581.857766
XR29,TMG_CIF_USD,W00,2016,10259572.168548
XR29,TMG_CIF_USD,W00,2017,11210854.059912
XR29,TMG_CIF_USD,W00,2018,12295150.044779
XR29,TMG_CIF_USD,W00,2019,11931792.811689
XR29,TMG_CIF_USD,W00,2020,10917379.579931
XR29,TMG_CIF_USD,W00,2021,13629527.637792
XR29,TMG_CIF_USD,W00,2022,15569107.189752
XR29,TMG_CIF_USD,W00,2023,14544951.737537
XR29,TMG_CIF_USD,W00,2024,14629778.784177
XR29,TXG_FOB_USD,CN,2015,1057181.947984
XR29,TXG_FOB_USD,CN,2016,1018759.883432
XR29,TXG_FOB_USD,CN,2017,1196110.887589
XR29,TXG_FOB_USD,CN,2018,1287171.02045
XR29,TXG_FOB_USD,CN,2019,1226655.648818
XR29,TXG_FOB_USD,CN,2020,1253027.806475
XR29,TXG_FOB_USD,CN,2021,1568607.616487
XR29,TXG_FOB_USD,CN,2022,1471062.314076
XR29,TXG_FOB_USD,CN,2023,1372389.923392
XR29,TXG_FOB_USD,CN,2024,1404914.786826
XR29,TXG_FOB_USD,US,2015,1079807.286266
XR29,TXG_FOB_USD,US,2016,1060273.461948
XR29,TXG_FOB_USD,US,2017,1113655.449078
XR29,TXG_FOB_USD,US,2018,1214246.422782
XR29,TXG_FOB_USD,US,2019,1242084.183747
XR29,TXG_FOB_USD,US,2020,1156650.860092
XR29,TXG_FOB_USD,US,2021,1383371.991159
XR29,TXG_FOB_USD,US,2022,1565920.779119
XR29,TXG_FOB_USD,US,2023,1565910.267069
XR29,TXG_FOB_USD,US,2024,1618057.294548
XR29,TXG_FOB_USD,W00,2015,9855271.653277
XR29,TXG_FOB_USD,W00,2016,9789654.311707
XR29,TXG_FOB_USD,W00,2017,10697450.344118
XR29,TXG_FOB_USD,W00,2018,11593045.592275
XR29,TXG_FOB_USD,W00,2019,11245724.097233
XR29,TXG_FOB_USD,W00,2020,10305219.557386
XR29,TXG_FOB_USD,W00,2021,12745135.801371
XR29,TXG_FOB_USD,W00,2022,13934498.263371
XR29,TXG_FOB_USD,W00,2023,13501464.886065
XR29,TXG_FOB_USD,W00,2024,13636701.807154
XR43,TMG_CIF_USD,CN,2015,725760.754972
XR43,TMG_CIF_USD,CN,2016,707406.482137
XR43,TMG_CIF_USD,CN,2017,815792.348011
XR43,TMG_CIF_USD,CN,2018,892042.601379
XR43,TMG_CIF_USD,CN,2019,921323.082194
XR43,TMG_CIF_USD,CN,2020,879536.1661614
XR43,TMG_CIF_USD,CN,2021,1172468.523105
XR43,TMG_CIF_USD,CN,2022,1347024.45331389
XR43,TMG_CIF_USD,CN,2023,1372020.02281965
XR43,TMG_CIF_USD,CN,2024,1542652.07906121
XR43,TMG_CIF_USD,US,2015,680036.080156
XR43,TMG_CIF_USD,US,2016,637936.99119
XR43,TMG_CIF_USD,US,2017,699193.887405
XR43,TMG_CIF_USD,US,2018,756889.468022
XR43,TMG_CIF_USD,US,2019,710400.349712
XR43,TMG_CIF_USD,US,2020,623064.3110947
XR43,TMG_CIF_USD,US,2021,812309.24366
XR43,TMG_CIF_USD,US,2022,929689.057933207
XR43,TMG_CIF_USD,US,2023,880876.25070426
XR43,TMG_CIF_USD,US,2024,902913.38612761
XR43,TMG_CIF_USD,W00,2015,6171936.236295
XR43,TMG_CIF_USD,W00,2016,5906828.949015
XR43,TMG_CIF_USD,W00,2017,6742537.59296
XR43,TMG_CIF_USD,W00,2018,7480691.546735
XR43,TMG_CIF_USD,W00,2019,7327481.11226
XR43,TMG_CIF_USD,W00,2020,6732949.0891868
XR43,TMG_CIF_USD,W00,2021,8775034.568688
XR43,TMG_CIF_USD,W00,2022,9850089.73881989
XR43,TMG_CIF_USD,W00,2023,9529630.79385814
XR43,TMG_CIF_USD,W00,2024,9980942.47884304
XR43,TXG_FOB_USD,CN,2015,379331.412471
XR43,TXG_FOB_USD,CN,2016,349780.407245
XR43,TXG_FOB_USD,CN,2017,459613.150293
XR43,TXG_FOB_USD,CN,2018,572596.151303688
XR43,TXG_FOB_USD,CN,2019,569282.976787
XR43,TXG_FOB_USD,CN,2020,541375.596594
XR43,TXG_FOB_USD,CN,2021,729959.473658
XR43,TXG_FOB_USD,CN,2022,836637.015710735
XR43,TXG_FOB_USD,CN,2023,829093.744281718
XR43,TXG_FOB_USD,CN,2024,819161.359889071
XR43,TXG_FOB_USD,US,2015,1053821.357658
XR43,TXG_FOB_USD,US,2016,1025449.936208
XR43,TXG_FOB_USD,US,2017,1129719.146519
XR43,TXG_FOB_USD,US,2018,1245690.788172
XR43,TXG_FOB_USD,US,2019,1189588.457823
XR43,TXG_FOB_USD,US,2020,1176039.27862
XR43,TXG_FOB_USD,US,2021,1502739.948479
XR43,TXG_FOB_USD,US,2022,1651839.39729463
XR43,TXG_FOB_USD,US,2023,1543818.15032335
XR43,TXG_FOB_USD,US,2024,1652800.23901923
XR43,TXG_FOB_USD,W00,2015,6581911.602063
XR43,TXG_FOB_USD,W00,2016,6200946.36713
XR43,TXG_FOB_USD,W00,2017,6947310.590667
XR43,TXG_FOB_USD,W00,2018,7772147.78952969
XR43,TXG_FOB_USD,W00,2019,7594550.697
XR43,TXG_FOB_USD,W00,2020,7095364.779493
XR43,TXG_FOB_USD,W00,2021,9346755.580422
XR43,TXG_FOB_USD,W00,2022,10776702.1113236
XR43,TXG_FOB_USD,W00,2023,10043500.6285366
XR43,TXG_FOB_USD,W00,2024,10431237.0722718
XS25,TMG_CIF_USD,CN,2015,252007.808804
XS25,TMG_CIF_USD,CN,2016,264579.169932
XS25,TMG_CIF_USD,CN,2017,302177.199505
XS25,TMG_CIF_USD,CN,2018,340925.859688
XS25,TMG_CIF_USD,CN,2019,351372.041167
XS25,TMG_CIF_USD,CN,2020,333237.454937
XS25,TMG_CIF_USD,CN,2021,452498.823414
XS25,TMG_CIF_USD,CN,2022,504131.467633
XS25,TMG_CIF_USD,CN,2023,483016.966631
XS25,TMG_CIF_USD,CN,2024,562230.700758
XS25,TMG_CIF_USD,US,2015,220000.158248
XS25,TMG_CIF_USD,US,2016,208557.260271
XS25,TMG_CIF_USD,US,2017,239763.149896
XS25,TMG_CIF_USD,US,2018,256250.03406
XS25,TMG_CIF_USD,US,2019,229809.290054
XS25,TMG_CIF_USD,US,2020,228014.019928
XS25,TMG_CIF_USD,US,2021,295090.104901
XS25,TMG_CIF_USD,US,2022,312509.988629
XS25,TMG_CIF_USD,US,2023,287824.776594
XS25,TMG_CIF_USD,US,2024,299668.371796
XS25,TMG_CIF_USD,W00,2015,2883513.156194
XS25,TMG_CIF_USD,W00,2016,2852585.767946
XS25,TMG_CIF_USD,W00,2017,3324025.839611
XS25,TMG_CIF_USD,W00,2018,3819848.41556
XS25,TMG_CIF_USD,W00,2019,3716659.728899
XS25,TMG_CIF_USD,W00,2020,3473391.812213
XS25,TMG_CIF_USD,W00,2021,4606301.162458
XS25,TMG_CIF_USD,W00,2022,5020798.990939
XS25,TMG_CIF_USD,W00,2023,4654282.700392
XS25,TMG_CIF_USD,W00,2024,4849389.534655
XS25,TXG_FOB_USD,CN,2015,109200.123468
XS25,TXG_FOB_USD,CN,2016,115214.083571
XS25,TXG_FOB_USD,CN,2017,152938.719564
XS25,TXG_FOB_USD,CN,2018,176610.65885
XS25,TXG_FOB_USD,CN,2019,179255.014147
XS25,TXG_FOB_USD,CN,2020,195053.393186
XS25,TXG_FOB_USD,CN,2021,249842.165078
XS25,TXG_FOB_USD,CN,2022,258806.619791
XS25,TXG_FOB_USD,CN,2023,257391.235345
XS25,TXG_FOB_USD,CN,2024,250952.527702
XS25,TXG_FOB_USD,US,2015,561943.025365
XS25,TXG_FOB_USD,US,2016,548179.992228
XS25,TXG_FOB_USD,US,2017,605658.768385
XS25,TXG_FOB_USD,US,2018,670599.305585
XS25,TXG_FOB_USD,US,2019,631609.21029
XS25,TXG_FOB_USD,US,2020,681083.448372
XS25,TXG_FOB_USD,US,2021,877759.462807
XS25,TXG_FOB_USD,US,2022,921456.908535
XS25,TXG_FOB_USD,US,2023,818321.128615
XS25,TXG_FOB_USD,US,2024,883603.553903
XS25,TXG_FOB_USD,W00,2015,3446632.199908
XS25,TXG_FOB_USD,W00,2016,3313953.018526
XS25,TXG_FOB_USD,W00,2017,3613390.500676
XS25,TXG_FOB_USD,W00,2018,3916329.192936
XS25,TXG_FOB_USD,W00,2019,3934743.900048
XS25,TXG_FOB_USD,W00,2020,3952844.858384
XS25,TXG_FOB_USD,W00,2021,5095338.756162
XS25,TXG_FOB_USD,W00,2022,5621509.455407
XS25,TXG_FOB_USD,W00,2023,5268579.680641
XS25,TXG_FOB_USD,W00,2024,5539225.682518
XS5,TMG_CIF_USD,CN,2015,134400.843089
XS5,TMG_CIF_USD,CN,2016,123345.394296
XS5,TMG_CIF_USD,CN,2017,160808.053954
XS5,TMG_CIF_USD,CN,2018,156482.80315
XS5,TMG_CIF_USD,CN,2019,170607.517151
XS5,TMG_CIF_USD,CN,2020,157410.9117544
XS5,TMG_CIF_USD,CN,2021,195759.048316
XS5,TMG_CIF_USD,CN,2022,235568.158298
XS5,TMG_CIF_USD,CN,2023,269842.298789
XS5,TMG_CIF_USD,CN,2024,296727.957915
XS5,TMG_CIF_USD,US,2015,73679.940366
XS5,TMG_CIF_USD,US,2016,69451.460521
XS5,TMG_CIF_USD,US,2017,70433.466686
XS5,TMG_CIF_USD,US,2018,71457.335204
XS5,TMG_CIF_USD,US,2019,68628.327605
XS5,TMG_CIF_USD,US,2020,56142.5920087
XS5,TMG_CIF_USD,US,2021,61235.074317
XS5,TMG_CIF_USD,US,2022,72919.683192
XS5,TMG_CIF_USD,US,2023,84143.581056
XS5,TMG_CIF_USD,US,2024,88680.690251
XS5,TMG_CIF_USD,W00,2015,968695.713114
XS5,TMG_CIF_USD,W00,2016,880819.231152
XS5,TMG_CIF_USD,W00,2017,980434.706294
XS5,TMG_CIF_USD,W00,2018,1004112.218927
XS5,TMG_CIF_USD,W00,2019,1015408.558153
XS5,TMG_CIF_USD,W00,2020,893114.5008378
XS5,TMG_CIF_USD,W00,2021,1093464.691753
XS5,TMG_CIF_USD,W00,2022,1287577.808699
XS5,TMG_CIF_USD,W00,2023,1394600.095571
XS5,TMG_CIF_USD,W00,2024,1550144.364466
XS5,TXG_FOB_USD,CN,2015,114284.063102
XS5,TXG_FOB_USD,CN,2016,85426.820256
XS5,TXG_FOB_USD,CN,2017,109583.02534
XS5,TXG_FOB_USD,CN,2018,139777.023318688
XS5,TXG_FOB_USD,CN,2019,138406.082079
XS5,TXG_FOB_USD,CN,2020,100429.797715
XS5,TXG_FOB_USD,CN,2021,153053.275132
XS5,TXG_FOB_USD,CN,2022,208679.815708
XS5,TXG_FOB_USD,CN,2023,184544.964491
XS5,TXG_FOB_USD,CN,2024,175825.852028
XS5,TXG_FOB_USD,US,2015,43398.861502
XS5,TXG_FOB_USD,US,2016,42021.342844
XS5,TXG_FOB_USD,US,2017,47703.899558
XS5,TXG_FOB_USD,US,2018,60225.610076
XS5,TXG_FOB_USD,US,2019,41211.92311
XS5,TXG_FOB_USD,US,2020,27678.000439
XS5,TXG_FOB_USD,US,2021,46053.782614
XS5,TXG_FOB_USD,US,2022,64551.506238
XS5,TXG_FOB_USD,US,2023,51794.307783
XS5,TXG_FOB_USD,US,2024,51072.247778
XS5,TXG_FOB_USD,W00,2015,942133.787628
XS5,TXG_FOB_USD,W00,2016,825214.095292
XS5,TXG_FOB_USD,W00,2017,973561.213658
XS5,TXG_FOB_USD,W00,2018,1191884.97456169
XS5,TXG_FOB_USD,W00,2019,1076386.088212
XS5,TXG_FOB_USD,W00,2020,795500.132147
XS5,TXG_FOB_USD,W00,2021,1185877.117524
XS5,TXG_FOB_USD,W00,2022,1651503.628883
XS5,TXG_FOB_USD,W00,2023,1455165.634472
XS5,TXG_FOB_USD,W00,2024,1437905.041748
YE,TMG_CIF_USD,CN,2015,286.289221
YE,TMG_CIF_USD,CN,2016,218.147414
YE,TMG_CIF_USD,CN,2017,174.614632
YE,TMG_CIF_USD,CN,2018,183.129644
YE,TMG_CIF_USD,CN,2019,489.292081
YE,TMG_CIF_USD,CN,2020,492.374496
YE,TMG_CIF_USD,CN,2021,403.113288
YE,TMG_CIF_USD,CN,2022,419.113784
YE,TMG_CIF_USD,CN,2023,397.407976
YE,TMG_CIF_USD,CN,2024,357.225046
YE,TMG_CIF_USD,US,2015,85.469719
YE,TMG_CIF_USD,US,2016,71.553731
YE,TMG_CIF_USD,US,2017,73.194867
YE,TMG_CIF_USD,US,2018,64.413176
YE,TMG_CIF_USD,US,2019,147.592662
YE,TMG_CIF_USD,US,2020,177.300187
YE,TMG_CIF_USD,US,2021,135.618072
YE,TMG_CIF_USD,US,2022,180.426164
YE,TMG_CIF_USD,US,2023,83.666473
YE,TMG_CIF_USD,US,2024,62.131396
YE,TMG_CIF_USD,W00,2015,3975.722674
YE,TMG_CIF_USD,W00,2016,3090.26151
YE,TMG_CIF_USD,W00,2017,2879.919465
YE,TMG_CIF_USD,W00,2018,3045.28018
YE,TMG_CIF_USD,W00,2019,4640.747459
YE,TMG_CIF_USD,W00,2020,4689.199107
YE,TMG_CIF_USD,W00,2021,5130.577101
YE,TMG_CIF_USD,W00,2022,5413.758232
YE,TMG_CIF_USD,W00,2023,4603.333608
YE,TMG_CIF_USD,W00,2024,4418.414385
YE,TXG_FOB_USD,CN,2015,2.271386
YE,TXG_FOB_USD,CN,2016,0.009633
YE,TXG_FOB_USD,CN,2017,0.026522
YE,TXG_FOB_USD,CN,2018,0.016255
YE,TXG_FOB_USD,CN,2019,0.111983
YE,TXG_FOB_USD,CN,2020,0.059573
YE,TXG_FOB_USD,CN,2021,0.050126
YE,TXG_FOB_USD,CN,2022,0.059068
YE,TXG_FOB_USD,CN,2023,0.001502
YE,TXG_FOB_USD,CN,2024,0.001766
YE,TXG_FOB_USD,US,2015,7.165066
YE,TXG_FOB_USD,W00,2015,395.435036
YE,TXG_FOB_USD,W00,2016,207.06873
YE,TXG_FOB_USD,W00,2017,198.792504
YE,TXG_FOB_USD,W00,2018,133.711418
YE,TXG_FOB_USD,W00,2019,134.818149
YE,TXG_FOB_USD,W00,2020,164.893943
YE,TXG_FOB_USD,W00,2021,77.477886
YE,TXG_FOB_USD,W00,2022,95.876242
YE,TXG_FOB_USD,W00,2023,66.909822
YE,TXG_FOB_USD,W00,2024,53.644106
ZA,TMG_CIF_USD,CN,2015,16607.09358
ZA,TMG_CIF_USD,CN,2016,14396.100486
ZA,TMG_CIF_USD,CN,2017,16138.241667
ZA,TMG_CIF_USD,CN,2018,18150.236855
ZA,TMG_CIF_USD,CN,2019,17266.660136
ZA,TMG_CIF_USD,CN,2020,15132.417598
ZA,TMG_CIF_USD,CN,2021,20322.622012
ZA,TMG_CIF_USD,CN,2022,23767.798657
ZA,TMG_CIF_USD,CN,2023,23256.916778
ZA,TMG_CIF_USD,CN,2024,23091.018571
ZA,TMG_CIF_USD,US,2015,6408.534185
ZA,TMG_CIF_USD,US,2016,5299.540346
ZA,TMG_CIF_USD,US,2017,5862.283938
ZA,TMG_CIF_USD,US,2018,5875.399144
ZA,TMG_CIF_USD,US,2019,6143.33006
ZA,TMG_CIF_USD,US,2020,4712.223156
ZA,TMG_CIF_USD,US,2021,6987.00881
ZA,TMG_CIF_USD,US,2022,8690.18411
ZA,TMG_CIF_USD,US,2023,9750.994316
ZA,TMG_CIF_USD,US,2024,6991.560977
ZA,TMG_CIF_USD,W00,2015,90546.250339
ZA,TMG_CIF_USD,W00,2016,79490.17921
ZA,TMG_CIF_USD,W00,2017,88097.625277
ZA,TMG_CIF_USD,W00,2018,98695.334325
ZA,TMG_CIF_USD,W00,2019,93374.002925
ZA,TMG_CIF_USD,W00,2020,72680.040442
ZA,TMG_CIF_USD,W00,2021,98438.587157
ZA,TMG_CIF_USD,W00,2022,117268.037202
ZA,TMG_CIF_USD,W00,2023,113227.287279
ZA,TMG_CIF_USD,W00,2024,106486.5591
ZA,TXG_FOB_USD,CN,2015,7468.802593
ZA,TXG_FOB_USD,CN,2016,6860.551358
ZA,TXG_FOB_USD,CN,2017,8576.999102
ZA,TXG_FOB_USD,CN,2018,8693.632043
ZA,TXG_FOB_USD,CN,2019,9642.929248
ZA,TXG_FOB_USD,CN,2020,9908.78114
ZA,TXG_FOB_USD,CN,2021,13823.458304
ZA,TXG_FOB_USD,CN,2022,11598.634065
ZA,TXG_FOB_USD,CN,2023,12388.432891
ZA,TXG_FOB_USD,CN,2024,12060.556727
ZA,TXG_FOB_USD,US,2015,6221.302747
ZA,TXG_FOB_USD,US,2016,5531.778994
ZA,TXG_FOB_USD,US,2017,6681.196386
ZA,TXG_FOB_USD,US,2018,6385.066228
ZA,TXG_FOB_USD,US,2019,6285.494954
ZA,TXG_FOB_USD,US,2020,7163.859387
ZA,TXG_FOB_USD,US,2021,11680.509917
ZA,TXG_FOB_USD,US,2022,10905.59358
ZA,TXG_FOB_USD,US,2023,8402.57674
ZA,TXG_FOB_USD,US,2024,8558.532303
ZA,TXG_FOB_USD,W00,2015,81484.096166
ZA,TXG_FOB_USD,W00,2016,74909.857341
ZA,TXG_FOB_USD,W00,2017,89417.323186
ZA,TXG_FOB_USD,W00,2018,94325.665267
ZA,TXG_FOB_USD,W00,2019,89963.750856
ZA,TXG_FOB_USD,W00,2020,85876.284015
ZA,TXG_FOB_USD,W00,2021,122354.020951
ZA,TXG_FOB_USD,W00,2022,123387.268699
ZA,TXG_FOB_USD,W00,2023,110526.077568
ZA,TXG_FOB_USD,W00,2024,111470.220307
ZM,TMG_CIF_USD,CN,2015,693.336577
ZM,TMG_CIF_USD,CN,2016,599.937901
ZM,TMG_CIF_USD,CN,2017,1120.690167
ZM,TMG_CIF_USD,CN,2018,1290.770019
ZM,TMG_CIF_USD,CN,2019,1020.871918
ZM,TMG_CIF_USD,CN,2020,896.339407
ZM,TMG_CIF_USD,CN,2021,900.643386
ZM,TMG_CIF_USD,CN,2022,1402.407942
ZM,TMG_CIF_USD,CN,2023,1677.095833
ZM,TMG_CIF_USD,CN,2024,1497.133814
ZM,TMG_CIF_USD,US,2015,141.501489
ZM,TMG_CIF_USD,US,2016,113.610876
ZM,TMG_CIF_USD,US,2017,108.580336
ZM,TMG_CIF_USD,US,2018,194.746561
ZM,TMG_CIF_USD,US,2019,186.484279
ZM,TMG_CIF_USD,US,2020,119.117552
ZM,TMG_CIF_USD,US,2021,220.574181
ZM,TMG_CIF_USD,US,2022,244.906353
ZM,TMG_CIF_USD,US,2023,254.034254
ZM,TMG_CIF_USD,US,2024,220.617103
ZM,TMG_CIF_USD,W00,2015,8481.871825
ZM,TMG_CIF_USD,W00,2016,7556.211384
ZM,TMG_CIF_USD,W00,2017,8774.069192
ZM,TMG_CIF_USD,W00,2018,9461.923257
ZM,TMG_CIF_USD,W00,2019,7224.05108
ZM,TMG_CIF_USD,W00,2020,5318.172329
ZM,TMG_CIF_USD,W00,2021,7095.814242
ZM,TMG_CIF_USD,W00,2022,9042.527571
ZM,TMG_CIF_USD,W00,2023,10128.010566
ZM,TMG_CIF_USD,W00,2024,10706.413426
ZM,TXG_FOB_USD,CN,2015,1017.802034
ZM,TXG_FOB_USD,CN,2016,1209.852722
ZM,TXG_FOB_USD,CN,2017,1329.797935
ZM,TXG_FOB_USD,CN,2018,1307.808648
ZM,TXG_FOB_USD,CN,2019,1502.725837
ZM,TXG_FOB_USD,CN,2020,1458.593226
ZM,TXG_FOB_USD,CN,2021,2059.710005
ZM,TXG_FOB_USD,CN,2022,2409.414409
ZM,TXG_FOB_USD,CN,2023,1862.874425
ZM,TXG_FOB_USD,CN,2024,2713.60309
ZM,TXG_FOB_USD,US,2015,2.362077
ZM,TXG_FOB_USD,US,2016,2.192118
ZM,TXG_FOB_USD,US,2017,4.005517
ZM,TXG_FOB_USD,US,2018,12.47056
ZM,TXG_FOB_USD,US,2019,5.028717
ZM,TXG_FOB_USD,US,2020,22.919835
ZM,TXG_FOB_USD,US,2021,40.96248
ZM,TXG_FOB_USD,US,2022,53.602936
ZM,TXG_FOB_USD,US,2023,56.232633
ZM,TXG_FOB_USD,US,2024,41.446842
ZM,TXG_FOB_USD,W00,2015,7039.254441
ZM,TXG_FOB_USD,W00,2016,6507.521475
ZM,TXG_FOB_USD,W00,2017,8157.558016
ZM,TXG_FOB_USD,W00,2018,9052.148021
ZM,TXG_FOB_USD,W00,2019,7047.068107
ZM,TXG_FOB_USD,W00,2020,7816.242421
ZM,TXG_FOB_USD,W00,2021,11141.094532
ZM,TXG_FOB_USD,W00,2022,11646.598892
ZM,TXG_FOB_USD,W00,2023,10438.14951
ZM,TXG_FOB_USD,W00,2024,12662.570507
ZW,TMG_CIF_USD,CN,2015,1079.259195
ZW,TMG_CIF_USD,CN,2016,1029.425691
ZW,TMG_CIF_USD,CN,2017,1113.132397
ZW,TMG_CIF_USD,CN,2018,1217.986741
ZW,TMG_CIF_USD,CN,2019,1012.168812
ZW,TMG_CIF_USD,CN,2020,1133.91264
ZW,TMG_CIF_USD,CN,2021,1471.562722
ZW,TMG_CIF_USD,CN,2022,1575.7603
ZW,TMG_CIF_USD,CN,2023,1694.766005
ZW,TMG_CIF_USD,CN,2024,1409.588992
ZW,TMG_CIF_USD,US,2015,19.356493
ZW,TMG_CIF_USD,US,2016,18.462731
ZW,TMG_CIF_USD,US,2017,19.964009
ZW,TMG_CIF_USD,US,2018,21.84457
ZW,TMG_CIF_USD,US,2019,18.15323
ZW,TMG_CIF_USD,US,2020,20.336703
ZW,TMG_CIF_USD,US,2021,26.39245
ZW,TMG_CIF_USD,US,2022,28.261234
ZW,TMG_CIF_USD,US,2023,30.395599
ZW,TMG_CIF_USD,US,2024,69.429933
ZW,TMG_CIF_USD,W00,2015,6683.131154
ZW,TMG_CIF_USD,W00,2016,6374.545583
ZW,TMG_CIF_USD,W00,2017,6892.885276
ZW,TMG_CIF_USD,W00,2018,7542.178162
ZW,TMG_CIF_USD,W00,2019,6267.685258
ZW,TMG_CIF_USD,W00,2020,7021.563438
ZW,TMG_CIF_USD,W00,2021,9112.404813
ZW,TMG_CIF_USD,W00,2022,9757.630822
ZW,TMG_CIF_USD,W00,2023,10494.55363
ZW,TMG_CIF_USD,W00,2024,10104.432513
ZW,TXG_FOB_USD,CN,2015,4.435848
ZW,TXG_FOB_USD,CN,2016,0.882504
ZW,TXG_FOB_USD,CN,2017,0.960132
ZW,TXG_FOB_USD,CN,2018,36.054132
ZW,TXG_FOB_USD,CN,2019,3.24744
ZW,TXG_FOB_USD,CN,2020,0.04233
ZW,TXG_FOB_USD,CN,2021,256.069093
ZW,TXG_FOB_USD,CN,2022,582.815278
ZW,TXG_FOB_USD,CN,2023,1298.240976
ZW,TXG_FOB_USD,CN,2024,1022.690026
ZW,TXG_FOB_USD,US,2015,2.31075
ZW,TXG_FOB_USD,US,2016,1.98722
ZW,TXG_FOB_USD,US,2017,1.685787
ZW,TXG_FOB_USD,US,2018,2.29505
ZW,TXG_FOB_USD,US,2019,2.37228
ZW,TXG_FOB_USD,US,2020,0.700104
ZW,TXG_FOB_USD,US,2021,9.271566
ZW,TXG_FOB_USD,US,2022,12.124087
ZW,TXG_FOB_USD,US,2023,25.666042
ZW,TXG_FOB_USD,US,2024,48.156292
ZW,TXG_FOB_USD,W00,2015,3503.412811
ZW,TXG_FOB_USD,W00,2016,3424.917361
ZW,TXG_FOB_USD,W00,2017,3036.210793
ZW,TXG_FOB_USD,W00,2018,3531.65848
ZW,TXG_FOB_USD,W00,2019,3642.985375
ZW,TXG_FOB_USD,W00,2020,4394.811685
ZW,TXG_FOB_USD,W00,2021,6036.187305
ZW,TXG_FOB_USD,W00,2022,6585.479341
ZW,TXG_FOB_USD,W00,2023,7225.142211
ZW,TXG_FOB_USD,W00,2024,7434.160459
